model,target_fps,optimization_mode,n_validation_recordings,mean_F1,median_F1,std_F1,mean_precision,mean_recall,mean_median_abs_timing_error_sec,median_median_abs_timing_error_sec,mean_signed_timing_error_sec,mean_timing_weighted_recall,median_timing_weighted_recall,smoothing_window_sec,derivative_weight,amplitude_weight,event_score_threshold,baseline_min_event_distance_sec,ar_model,method,optimize_b,optimize_pars,oasis_threshold_z,oasis_min_event_distance_sec
SimpleBaseline,100,spike_bins,14,0.362749962002096,0.368200575452412,0.14209665547051,0.395303401823008,0.514819081296479,0.0253571153124694,0.0200001011223534,-0.0051698320376714,0.336696100478663,0.332751659829225,0.1,0.5,0.5,0.6,0.05,,,NaN,NaN,NaN,NaN
SimpleBaseline,100,spike_bins,14,0.330834908746959,0.354162842533106,0.104812412778987,0.399647315365593,0.42383305470543,0.0242856781477106,0.0200001011223534,0.000207602006247076,0.282572060253671,0.264564285712192,0.1,0.5,0.5,0.6,0.1,,,NaN,NaN,NaN,NaN
SimpleBaseline,100,spike_bins,14,0.280767509768992,0.276980504571198,0.0718913153638212,0.404191015868839,0.315788768680024,0.0253570984616676,0.027500048023988,0.00188450698198892,0.213041696563326,0.194327272252322,0.1,0.5,0.5,0.6,0.2,,,NaN,NaN,NaN,NaN
SimpleBaseline,100,spike_bins,14,0.364867899341075,0.397150470350397,0.127935989384861,0.489415802985276,0.425419705265783,0.0228571222624754,0.0200001011223534,-0.00273414514212392,0.287100995500042,0.272171107801857,0.1,0.5,0.5,0.9,0.05,,,NaN,NaN,NaN,NaN
SimpleBaseline,100,spike_bins,14,0.328018874499488,0.360181554979191,0.0948152345369198,0.493286947644672,0.351826367029714,0.0228571222624754,0.0200001011223534,0.0014271926169142,0.239423355486514,0.223673497052318,0.1,0.5,0.5,0.9,0.1,,,NaN,NaN,NaN,NaN
SimpleBaseline,100,spike_bins,14,0.275692544221263,0.263664828806752,0.0792200034594956,0.496753165180972,0.267573937467312,0.0221428226871813,0.0200001895381071,0.00263784005442659,0.184108908401169,0.162740842415748,0.1,0.5,0.5,0.9,0.2,,,NaN,NaN,NaN,NaN
SimpleBaseline,100,spike_bins,14,0.342602889741463,0.336353551349165,0.117226287192099,0.575037994073735,0.339156437210088,0.021428553899628,0.0199999975286934,-0.000845685714808846,0.233392306003693,0.209745729046503,0.1,0.5,0.5,1.2,0.05,,,NaN,NaN,NaN,NaN
SimpleBaseline,100,spike_bins,14,0.305949361941137,0.31565506463255,0.0980039508155773,0.578985410806214,0.282016708341515,0.0207142693388917,0.0199999710678237,0.00243495840329583,0.195979327018872,0.180824061472767,0.1,0.5,0.5,1.2,0.1,,,NaN,NaN,NaN,NaN
SimpleBaseline,100,spike_bins,14,0.257279208093872,0.234283240475832,0.0918108883774469,0.586764313784935,0.219445381919597,0.0207142552475088,0.0199999846042432,0.00299900695251666,0.154204964561129,0.130203957020102,0.1,0.5,0.5,1.2,0.2,,,NaN,NaN,NaN,NaN
SimpleBaseline,100,spike_bins,14,0.306574385619463,0.319173517989848,0.117802216751208,0.641203875084896,0.260541344932648,0.0199999889795036,0.0199999581433735,0.0018426206976588,0.18556260486953,0.1664517404431,0.1,0.5,0.5,1.5,0.05,,,NaN,NaN,NaN,NaN
SimpleBaseline,100,spike_bins,14,0.267183972984914,0.282477930927675,0.104060476568758,0.644153429211143,0.212378853231669,0.0196428478527192,0.0199999485861322,0.00393152301676366,0.150501864426212,0.136150052003694,0.1,0.5,0.5,1.5,0.1,,,NaN,NaN,NaN,NaN
SimpleBaseline,100,spike_bins,14,0.223390709755637,0.231074481074481,0.0970178957586703,0.649322438916502,0.166473381313878,0.0192856903273844,0.0199999485861322,0.00385933977633266,0.120187268273787,0.107623642478128,0.1,0.5,0.5,1.5,0.2,,,NaN,NaN,NaN,NaN
SimpleBaseline,100,spike_bins,14,0.342652974423786,0.318308310275611,0.157318803965768,0.327392693746709,0.571969685409606,0.0257142496094201,0.0200001011223534,-0.008244902549387,0.370915600242721,0.385955634672249,0.1,0.7,0.3,0.6,0.05,,,NaN,NaN,NaN,NaN
SimpleBaseline,100,spike_bins,14,0.315280593791056,0.317296739710533,0.122290763897037,0.328130869960334,0.468171373226691,0.025357114462585,0.02499994870379,-0.00274586336827333,0.307577833347719,0.285999818072304,0.1,0.7,0.3,0.6,0.1,,,NaN,NaN,NaN,NaN
SimpleBaseline,100,spike_bins,14,0.266657691846124,0.279642628921208,0.07852804233017,0.325556175478611,0.338987824693612,0.0257142459038629,0.0299998423406738,-0.000834121082192522,0.225232149959183,0.202709918502427,0.1,0.7,0.3,0.6,0.2,,,NaN,NaN,NaN,NaN
SimpleBaseline,100,spike_bins,14,0.365923996758193,0.364382042767345,0.147626381342696,0.423513402089276,0.494972764721954,0.0242856965148247,0.0200001011223534,-0.00600284623421684,0.328093944314431,0.328797620175569,0.1,0.7,0.3,0.9,0.05,,,NaN,NaN,NaN,NaN
SimpleBaseline,100,spike_bins,14,0.329711681639739,0.351345415272805,0.112177913500156,0.418205951298042,0.407237622200237,0.0242856965148247,0.0200001011223534,-0.00193835311812369,0.27119866973925,0.255026417636096,0.1,0.7,0.3,0.9,0.1,,,NaN,NaN,NaN,NaN
SimpleBaseline,100,spike_bins,14,0.277658559594262,0.278955777140895,0.078047948454002,0.411123778025128,0.309024774746575,0.0242856734568071,0.02499994870379,-0.000849743126918153,0.208325443960529,0.188079841859342,0.1,0.7,0.3,0.9,0.2,,,NaN,NaN,NaN,NaN
SimpleBaseline,100,spike_bins,14,0.366950151173021,0.388566950851283,0.134070788633841,0.529822932570959,0.40481300517379,0.023571401630434,0.0200001011223534,-0.00412674930592245,0.276831174566047,0.270979385042495,0.1,0.7,0.3,1.2,0.05,,,NaN,NaN,NaN,NaN
SimpleBaseline,100,spike_bins,14,0.326286411397501,0.359213226103158,0.105921595190641,0.521962655740906,0.33407843637774,0.0235714117135735,0.0200000502768923,-0.000618297362547272,0.225593394350633,0.215865250292021,0.1,0.7,0.3,1.2,0.1,,,NaN,NaN,NaN,NaN
SimpleBaseline,100,spike_bins,14,0.275284862366799,0.268029525009482,0.0874418260261106,0.511542332333805,0.263045278937857,0.0232142544919381,0.02499994870379,-0.000497495242767062,0.179998714418614,0.165102670872107,0.1,0.7,0.3,1.2,0.2,,,NaN,NaN,NaN,NaN
SimpleBaseline,100,spike_bins,14,0.342815380839041,0.324512104743083,0.122642508500963,0.624615810826897,0.319071822410527,0.0214285525660395,0.0200000502768923,-0.00269768582105667,0.224328841454844,0.203466464730661,0.1,0.7,0.3,1.5,0.05,,,NaN,NaN,NaN,NaN
SimpleBaseline,100,spike_bins,14,0.305721992607417,0.314717886539841,0.105443434428488,0.622297870344961,0.268151424566078,0.0221428437766352,0.0199999975286934,-9.7484984643223e-05,0.184619879473801,0.181352790407308,0.1,0.7,0.3,1.5,0.1,,,NaN,NaN,NaN,NaN
SimpleBaseline,100,spike_bins,14,0.259062031428776,0.240904767906865,0.0966143783101854,0.611054348496011,0.216407068081445,0.0207142653306483,0.0199999615105824,-0.000627012578266203,0.15145702134155,0.130968985810002,0.1,0.7,0.3,1.5,0.2,,,NaN,NaN,NaN,NaN
SimpleBaseline,100,spike_bins,14,0.31119111026949,0.289164564764786,0.155280820596483,0.27199115871613,0.593227334611395,0.0278571066172121,0.0299998423406738,-0.0115895195657542,0.378333620594808,0.398822017226087,0.1,0.9,0.1,0.6,0.05,,,NaN,NaN,NaN,NaN
SimpleBaseline,100,spike_bins,14,0.293232379658134,0.289241243336975,0.125623518151017,0.277760840305217,0.485846292449508,0.0264285407882535,0.0299998423406738,-0.00524354709241789,0.318325210456707,0.30593531834113,0.1,0.9,0.1,0.6,0.1,,,NaN,NaN,NaN,NaN
SimpleBaseline,100,spike_bins,14,0.25426851443872,0.257930882820556,0.0809233115747472,0.284172565712776,0.348332577991258,0.0260713933460582,0.0299998423406738,-0.0020513105690783,0.229958005926078,0.207689197394604,0.1,0.9,0.1,0.6,0.2,,,NaN,NaN,NaN,NaN
SimpleBaseline,100,spike_bins,14,0.341363052936903,0.317202394285572,0.154963626709274,0.341622498005976,0.539253020654933,0.0249999730321012,0.0200001011223534,-0.00887629319724635,0.352450386835431,0.366543581219638,0.1,0.9,0.1,0.9,0.05,,,NaN,NaN,NaN,NaN
SimpleBaseline,100,spike_bins,14,0.313218561389553,0.317327011129238,0.121953271013005,0.339005211731325,0.445625850328442,0.0257142569101774,0.02499994870379,-0.0038402036565246,0.294125251388717,0.27367966717291,0.1,0.9,0.1,0.9,0.1,,,NaN,NaN,NaN,NaN
SimpleBaseline,100,spike_bins,14,0.265447150627931,0.272905819070018,0.0799861361150954,0.332946922508428,0.329802672423594,0.0260713933460582,0.0299998423406738,-0.00177980557062486,0.219555511440357,0.199245523969123,0.1,0.9,0.1,0.9,0.2,,,NaN,NaN,NaN,NaN
SimpleBaseline,100,spike_bins,14,0.356553046608658,0.346973125065132,0.146843527867454,0.430879513273237,0.464982904182654,0.0246428255899059,0.0200001011223534,-0.00729207747786311,0.310346464477674,0.309313233895477,0.1,0.9,0.1,1.2,0.05,,,NaN,NaN,NaN,NaN
SimpleBaseline,100,spike_bins,14,0.322531522228101,0.336890568078428,0.114132395911824,0.423486803465808,0.389538763417446,0.0249999730321012,0.0200001011223534,-0.00329459753852727,0.258619298426386,0.240716238836655,0.1,0.9,0.1,1.2,0.1,,,NaN,NaN,NaN,NaN
SimpleBaseline,100,spike_bins,14,0.274022897250079,0.277838770504211,0.0817639250598154,0.411110544938791,0.301678082354687,0.0257142508984658,0.0299998423406738,-0.00216537243929509,0.202711470572298,0.188369629081301,0.1,0.9,0.1,1.2,0.2,,,NaN,NaN,NaN,NaN
SimpleBaseline,100,spike_bins,14,0.35152089234715,0.354097378979242,0.133297184990166,0.525836811583305,0.382556886153007,0.023571401630434,0.0200001011223534,-0.00521554077116496,0.261290565559142,0.253537430489578,0.1,0.9,0.1,1.5,0.05,,,NaN,NaN,NaN,NaN
SimpleBaseline,100,spike_bins,14,0.314293073175656,0.335254452740317,0.108087692851355,0.514142812207282,0.320780157250782,0.0242856965148247,0.0200001011223534,-0.00269924446153607,0.216865185411247,0.204328387630131,0.1,0.9,0.1,1.5,0.1,,,NaN,NaN,NaN,NaN
SimpleBaseline,100,spike_bins,14,0.268617915962853,0.272537313432836,0.0883373732107744,0.49871021947521,0.260227199491208,0.0228571120443457,0.02499994870379,-0.00204600698973781,0.177630340378227,0.163007765196577,0.1,0.9,0.1,1.5,0.2,,,NaN,NaN,NaN,NaN
SimpleBaseline,100,spike_bins,14,0.401751643100039,0.415847880294001,0.163210128661285,0.512618362768534,0.498768415642824,0.0278571285561883,0.02499994870379,-0.00741062666841814,0.312555876832231,0.32586519996994,0.2,0.5,0.5,0.6,0.05,,,NaN,NaN,NaN,NaN
SimpleBaseline,100,spike_bins,14,0.363125986124831,0.379722344778043,0.122603278800079,0.523701722684115,0.403237047182422,0.0274999754525958,0.0274998498750868,0.000434341448125411,0.25652154137561,0.236055416264204,0.2,0.5,0.5,0.6,0.1,,,NaN,NaN,NaN,NaN
SimpleBaseline,100,spike_bins,14,0.298295627276404,0.293627514600909,0.0827923857491525,0.514991766750543,0.303644065848528,0.0257142502184274,0.0200001011223534,0.0032624820360533,0.194437127472005,0.174555761722968,0.2,0.5,0.5,0.6,0.2,,,NaN,NaN,NaN,NaN
SimpleBaseline,100,spike_bins,14,0.391045131588744,0.396758373205742,0.151815321397488,0.614305051237821,0.41596364549369,0.0242856947233248,0.0200000502768923,-0.00464801051013105,0.265059380925114,0.274883294116412,0.2,0.5,0.5,0.9,0.05,,,NaN,NaN,NaN,NaN
SimpleBaseline,100,spike_bins,14,0.347632964061841,0.350725206602907,0.118483573606744,0.62755469112871,0.333925854816962,0.0249999708504688,0.0200001011223534,0.00212951213469766,0.216335780652516,0.19744767946793,0.2,0.5,0.5,0.9,0.1,,,NaN,NaN,NaN,NaN
SimpleBaseline,100,spike_bins,14,0.286634776085524,0.257576511731582,0.100055961892129,0.622208258646783,0.255400231073332,0.0253571105344481,0.0200001011223534,0.00390073450595391,0.167650615288638,0.146115112606505,0.2,0.5,0.5,0.9,0.2,,,NaN,NaN,NaN,NaN
SimpleBaseline,100,spike_bins,14,0.362533035111505,0.345236960802999,0.138996242254118,0.697477491655109,0.336264378731715,0.023571418146006,0.0200000502768923,-0.00207685561596562,0.219647994298207,0.217023227666022,0.2,0.5,0.5,1.2,0.05,,,NaN,NaN,NaN,NaN
SimpleBaseline,100,spike_bins,14,0.318348140717898,0.322005974158292,0.115302706161993,0.708754944621206,0.268999065019294,0.0239285472811295,0.0200000502768923,0.00281352048093218,0.176855716514837,0.168848627323895,0.2,0.5,0.5,1.2,0.1,,,NaN,NaN,NaN,NaN
SimpleBaseline,100,spike_bins,14,0.262323251080746,0.267238069926766,0.109035585482281,0.704499676776072,0.207755670459044,0.0235714078223516,0.0200000502768923,0.00488011085674585,0.138987138457843,0.1198751101406,0.2,0.5,0.5,1.2,0.2,,,NaN,NaN,NaN,NaN
SimpleBaseline,100,spike_bins,14,0.320806995070966,0.324178675501976,0.146780131119812,0.763443599303936,0.254967533947403,0.0217857056650251,0.0199999846042432,0.00103487705323971,0.172121571268476,0.152882470990553,0.2,0.5,0.5,1.5,0.05,,,NaN,NaN,NaN,NaN
SimpleBaseline,100,spike_bins,14,0.273991967490671,0.278316191983122,0.123863877586836,0.774409739835432,0.198606123266038,0.0228571210791115,0.0199999846042432,0.00470835610886102,0.133738593674947,0.12514535729957,0.2,0.5,0.5,1.5,0.1,,,NaN,NaN,NaN,NaN
SimpleBaseline,100,spike_bins,14,0.227055235709272,0.221120408284375,0.119418183786725,0.772614857200648,0.156283334127832,0.0203571189776936,0.0199998993245007,0.00641556621431869,0.107351706524021,0.0904498847422338,0.2,0.5,0.5,1.5,0.2,,,NaN,NaN,NaN,NaN
SimpleBaseline,100,spike_bins,14,0.39129537598705,0.372370440488554,0.181687430444317,0.441007456823033,0.551421523070218,0.0292856886350612,0.0299998423406738,-0.0125104162038207,0.338955041458356,0.367896161737385,0.2,0.7,0.3,0.6,0.05,,,NaN,NaN,NaN,NaN
SimpleBaseline,100,spike_bins,14,0.356132184078926,0.352220992993396,0.137152331940189,0.446136561151968,0.448155592229735,0.0285713937506706,0.0299998423406738,-0.00436225071428562,0.279893355946505,0.268554481733182,0.2,0.7,0.3,0.6,0.1,,,NaN,NaN,NaN,NaN
SimpleBaseline,100,spike_bins,14,0.29117052546262,0.295261122467005,0.084667536753677,0.428521530683238,0.329234951104916,0.0278571051816909,0.02499994870379,-0.000774535708415833,0.206160559879751,0.183229808689999,0.2,0.7,0.3,0.6,0.2,,,NaN,NaN,NaN,NaN
SimpleBaseline,100,spike_bins,14,0.409083586168493,0.404900670336172,0.174101816301348,0.565839936029192,0.483474151912929,0.0274999690412339,0.02499994870379,-0.00868419211860163,0.302997253973249,0.321205573701374,0.2,0.7,0.3,0.9,0.05,,,NaN,NaN,NaN,NaN
SimpleBaseline,100,spike_bins,14,0.364348712272504,0.366827516734906,0.129842170042139,0.569732787250665,0.392033592131291,0.0274999669230526,0.02499994870379,-0.0021865015575684,0.245978986235746,0.2209833912121,0.2,0.7,0.3,0.9,0.1,,,NaN,NaN,NaN,NaN
SimpleBaseline,100,spike_bins,14,0.296946821707606,0.300191697577901,0.0911640786981441,0.550456730170464,0.295015668668002,0.0274999669230526,0.02499994870379,-0.000352078769978557,0.18857936853511,0.170282026024389,0.2,0.7,0.3,0.9,0.2,,,NaN,NaN,NaN,NaN
SimpleBaseline,100,spike_bins,14,0.395339013692964,0.391940137917543,0.156802058475832,0.673083885217763,0.401941508547936,0.0242856975139646,0.0200000502768923,-0.00606348993665517,0.258224294204209,0.253819430110214,0.2,0.7,0.3,1.2,0.05,,,NaN,NaN,NaN,NaN
SimpleBaseline,100,spike_bins,14,0.347220344617418,0.339439786122251,0.123704407610345,0.677641594936524,0.325099898858142,0.0257142586520197,0.0200000502768923,-0.000965938541909497,0.207450873799481,0.185266725998872,0.2,0.7,0.3,1.2,0.1,,,NaN,NaN,NaN,NaN
SimpleBaseline,100,spike_bins,14,0.287977215800392,0.260056035918105,0.106111896987129,0.66648158635244,0.25321957582093,0.0249999820747009,0.0200000502768923,8.78216707558286e-05,0.164381511070253,0.147787924358118,0.2,0.7,0.3,1.2,0.2,,,NaN,NaN,NaN,NaN
SimpleBaseline,100,spike_bins,14,0.362447020810922,0.367143247783117,0.144850666249008,0.753324607011785,0.320633933789448,0.0224999923288918,0.0200000502768923,-0.00493630260913824,0.21082317260691,0.201489746651778,0.2,0.7,0.3,1.5,0.05,,,NaN,NaN,NaN,NaN
SimpleBaseline,100,spike_bins,14,0.31437293618256,0.322846441947566,0.122129202958917,0.75593533893244,0.256968606789553,0.0242856947233248,0.0200000502768923,-0.000891537567760111,0.166850043094805,0.155799869211008,0.2,0.7,0.3,1.5,0.1,,,NaN,NaN,NaN,NaN
SimpleBaseline,100,spike_bins,14,0.264335492477787,0.273565205610174,0.117451055771067,0.74968226440192,0.206801301488057,0.022857119253372,0.0199999846042432,0.000901594387262409,0.136744245650749,0.116652559399768,0.2,0.7,0.3,1.5,0.2,,,NaN,NaN,NaN,NaN
SimpleBaseline,100,spike_bins,14,0.361837994381217,0.330649180034058,0.176632714135134,0.364219572673515,0.578275510274457,0.0292856776287467,0.0299999162331211,-0.0147298317039191,0.353553466992931,0.390050407114987,0.2,0.9,0.1,0.6,0.05,,,NaN,NaN,NaN,NaN
SimpleBaseline,100,spike_bins,14,0.33337398829055,0.321657140003437,0.133993899966241,0.367596843229925,0.47118065933642,0.0285713937506706,0.0299998423406738,-0.00666773759312577,0.290212523849517,0.298440950068011,0.2,0.9,0.1,0.6,0.1,,,NaN,NaN,NaN,NaN
SimpleBaseline,100,spike_bins,14,0.278058876694587,0.285812985365656,0.0821236465002301,0.35685006453804,0.341417087836042,0.0278571051816909,0.02499994870379,-0.0027506646977784,0.210355653709772,0.191485324693208,0.2,0.9,0.1,0.6,0.2,,,NaN,NaN,NaN,NaN
SimpleBaseline,100,spike_bins,14,0.390281566076999,0.368157133864652,0.184810342394292,0.474706834990845,0.52010597765306,0.0285713937506706,0.0299998423406738,-0.0120512783100557,0.32403523166618,0.34690784337937,0.2,0.9,0.1,0.9,0.05,,,NaN,NaN,NaN,NaN
SimpleBaseline,100,spike_bins,14,0.349460419891674,0.342023184836153,0.136862206264398,0.474598912356763,0.421079342890177,0.0285713937506706,0.0299998423406738,-0.00556407900760812,0.261498863992279,0.25400061616928,0.2,0.9,0.1,0.9,0.1,,,NaN,NaN,NaN,NaN
SimpleBaseline,100,spike_bins,14,0.287932922572899,0.28718737617416,0.0880560290805992,0.456459947638997,0.314374405576205,0.0278571051816909,0.02499994870379,-0.00308403269364732,0.196454649442285,0.178856796558834,0.2,0.9,0.1,0.9,0.2,,,NaN,NaN,NaN,NaN
SimpleBaseline,100,spike_bins,14,0.394896025616739,0.391410887962612,0.171488408849457,0.575864875154762,0.455138480657392,0.0257142585919774,0.0200000502768923,-0.00940615448631597,0.286703554902398,0.291537273025716,0.2,0.9,0.1,1.2,0.05,,,NaN,NaN,NaN,NaN
SimpleBaseline,100,spike_bins,14,0.349384117576478,0.354703900099081,0.129223522836929,0.57630352273811,0.369742123397615,0.0271428216200946,0.0200001011223534,-0.00424651368700108,0.230890429051059,0.204502742160631,0.2,0.9,0.1,1.2,0.1,,,NaN,NaN,NaN,NaN
SimpleBaseline,100,spike_bins,14,0.289119101345097,0.295310708629065,0.095169572901747,0.557557103720445,0.285329048863798,0.0271428216200946,0.0200001011223534,-0.00233273083463499,0.180440598515869,0.162187324860394,0.2,0.9,0.1,1.2,0.2,,,NaN,NaN,NaN,NaN
SimpleBaseline,100,spike_bins,14,0.379368117734263,0.375583290126657,0.151813259062139,0.668498406280696,0.384590380089075,0.0246428397943327,0.0200000502768923,-0.0072384540430103,0.248446387818721,0.230724123893557,0.2,0.9,0.1,1.5,0.05,,,NaN,NaN,NaN,NaN
SimpleBaseline,100,spike_bins,14,0.332645854418554,0.331545412429927,0.120284014588255,0.669189947069591,0.312315115935286,0.0257142586520197,0.0200000502768923,-0.00325768297274243,0.198863123408808,0.172885237251925,0.2,0.9,0.1,1.5,0.1,,,NaN,NaN,NaN,NaN
SimpleBaseline,100,spike_bins,14,0.279818653891319,0.254030409064537,0.104590276792038,0.656264816448325,0.249305573934106,0.0257142586520197,0.0200000502768923,-0.00173903856202217,0.159756067415497,0.142727333728585,0.2,0.9,0.1,1.5,0.2,,,NaN,NaN,NaN,NaN
SimpleBaseline,100,spike_bins,14,0.424157195181489,0.443996470654452,0.170059446278739,0.554145440000076,0.508529739613906,0.0285714031146629,0.0299999962930401,-0.00855196838672011,0.313403273681173,0.302836263407046,0.3,0.5,0.5,0.6,0.05,,,NaN,NaN,NaN,NaN
SimpleBaseline,100,spike_bins,14,0.379342765460744,0.412085155761849,0.126239324101263,0.567767610889001,0.41309475919185,0.0278571079897574,0.0299999702602875,-0.0011721105783677,0.255120949549552,0.237492693480078,0.3,0.5,0.5,0.6,0.1,,,NaN,NaN,NaN,NaN
SimpleBaseline,100,spike_bins,14,0.294991119501383,0.291995638117917,0.0867453404186279,0.566759538420941,0.279860296766785,0.0278570941245485,0.0299998423406738,0.00206199486973619,0.170981213835873,0.14542825382561,0.3,0.5,0.5,0.6,0.2,,,NaN,NaN,NaN,NaN
SimpleBaseline,100,spike_bins,14,0.40582789107666,0.420589438758945,0.158325242682854,0.649673805292472,0.418273911991335,0.0257142594155576,0.0200000502768923,-0.00591120096532657,0.265679722702481,0.258260459201773,0.3,0.5,0.5,0.9,0.05,,,NaN,NaN,NaN,NaN
SimpleBaseline,100,spike_bins,14,0.358698043164846,0.354620099577424,0.125998763790623,0.667018013822359,0.337581550088424,0.0253571066443108,0.0200000502768923,0.000227624213113177,0.213095162079168,0.197866632393556,0.3,0.5,0.5,0.9,0.1,,,NaN,NaN,NaN,NaN
SimpleBaseline,100,spike_bins,14,0.275658847473142,0.24547434273044,0.0976954674468688,0.666748798281922,0.230551785869013,0.0267856814278288,0.027500048023988,0.00307914193942914,0.145041978171029,0.124025242694963,0.3,0.5,0.5,0.9,0.2,,,NaN,NaN,NaN,NaN
SimpleBaseline,100,spike_bins,14,0.368432966552069,0.392463618104075,0.147718341494503,0.720197668885734,0.332851233408203,0.0239285432001013,0.0200000502768923,-0.00289712812161003,0.21763753716247,0.215252805540721,0.3,0.5,0.5,1.2,0.05,,,NaN,NaN,NaN,NaN
SimpleBaseline,100,spike_bins,14,0.318113033405561,0.324742276400351,0.122907638434806,0.735074718238983,0.262103688290198,0.0239285455062557,0.0200000502768923,0.00207736436217319,0.170127125129119,0.168292007773574,0.3,0.5,0.5,1.2,0.1,,,NaN,NaN,NaN,NaN
SimpleBaseline,100,spike_bins,14,0.242610807713552,0.249288028763844,0.103388770657057,0.739346270611779,0.182279261468489,0.0249999645350578,0.0200001895381071,0.00371939215278598,0.11865224457145,0.106084305000071,0.3,0.5,0.5,1.2,0.2,,,NaN,NaN,NaN,NaN
SimpleBaseline,100,spike_bins,14,0.321582824764827,0.328364288041707,0.155412086109068,0.774836466414313,0.255525230848235,0.0224999939899001,0.0199999975286934,-0.000289726358425041,0.169236395007197,0.153223425718919,0.3,0.5,0.5,1.5,0.05,,,NaN,NaN,NaN,NaN
SimpleBaseline,100,spike_bins,14,0.271052798295729,0.287982378854626,0.131905794384936,0.786749912364224,0.197353327348476,0.0207142800805982,0.0199999975286934,0.00368822867010904,0.130796225090829,0.12469730987556,0.3,0.5,0.5,1.5,0.1,,,NaN,NaN,NaN,NaN
SimpleBaseline,100,spike_bins,14,0.207464186906772,0.20020452665614,0.116930004487481,0.795471046093295,0.140788692338927,0.0214285539223661,0.0199999846042432,0.00471674323738718,0.0931999332334994,0.076527113251342,0.3,0.5,0.5,1.5,0.2,,,NaN,NaN,NaN,NaN
SimpleBaseline,100,spike_bins,14,0.419467373401721,0.432019417754254,0.191380871772228,0.49203918001338,0.562345896533539,0.0317856673019247,0.0300000754153385,-0.0124235005463622,0.340622459258184,0.356226045127818,0.3,0.7,0.3,0.6,0.05,,,NaN,NaN,NaN,NaN
SimpleBaseline,100,spike_bins,14,0.377122481676222,0.404141571378239,0.140388862480254,0.500271383107889,0.460304582715726,0.0307142277020434,0.0299999982656465,-0.00471990250355305,0.282444888488822,0.264766149242676,0.3,0.7,0.3,0.6,0.1,,,NaN,NaN,NaN,NaN
SimpleBaseline,100,spike_bins,14,0.292007558607578,0.305784291639611,0.0838901518357884,0.487409326338875,0.309593524835273,0.0314285133252764,0.0300000754153385,-0.00121381755964169,0.184994857165653,0.167259964696586,0.3,0.7,0.3,0.6,0.2,,,NaN,NaN,NaN,NaN
SimpleBaseline,100,spike_bins,14,0.424584244631466,0.432383459633447,0.173401588782973,0.602573266471012,0.485821341292224,0.0292856868973318,0.0300000754153385,-0.00929043345677187,0.299826411656896,0.288640666192606,0.3,0.7,0.3,0.9,0.05,,,NaN,NaN,NaN,NaN
SimpleBaseline,100,spike_bins,14,0.376419028379094,0.410063247070738,0.129976725118843,0.613521829484966,0.395545753022726,0.0278571068966838,0.0299999982656465,-0.00310069283899871,0.246251351620319,0.217503285521879,0.3,0.7,0.3,0.9,0.1,,,NaN,NaN,NaN,NaN
SimpleBaseline,100,spike_bins,14,0.288304497684609,0.279642330533122,0.0915924223381887,0.60202903416756,0.270430011478728,0.0292856763526048,0.0300000754153385,-0.000518684352933001,0.164252941095849,0.142368272527822,0.3,0.7,0.3,0.9,0.2,,,NaN,NaN,NaN,NaN
SimpleBaseline,100,spike_bins,14,0.404605193230292,0.397898190988177,0.162490141682251,0.693631441347048,0.40169019968777,0.0264285439762938,0.0200000502768923,-0.00724824366499116,0.253060689959116,0.229140671897247,0.3,0.7,0.3,1.2,0.05,,,NaN,NaN,NaN,NaN
SimpleBaseline,100,spike_bins,14,0.354089503367323,0.331442281674534,0.135075419664624,0.703854529361536,0.322848799312924,0.0242856796359821,0.0200000502768923,-0.00208399410856199,0.204487633911129,0.177542910109791,0.3,0.7,0.3,1.2,0.1,,,NaN,NaN,NaN,NaN
SimpleBaseline,100,spike_bins,14,0.271748251416333,0.231158382635565,0.109348145139756,0.697053492719733,0.226487734605713,0.0285713927910085,0.0299999962930401,-0.000372409382708034,0.140738870725243,0.118387823231604,0.3,0.7,0.3,1.2,0.2,,,NaN,NaN,NaN,NaN
SimpleBaseline,100,spike_bins,14,0.370428931474267,0.361320180574387,0.159628695419373,0.771491071252028,0.319971107640261,0.0242856906422966,0.0200000502768923,-0.00487432557838176,0.206393267705777,0.188911262257662,0.3,0.7,0.3,1.5,0.05,,,NaN,NaN,NaN,NaN
SimpleBaseline,100,spike_bins,14,0.317981246113201,0.31946812260371,0.13638055562613,0.779819480815991,0.252445189311899,0.0242856796359821,0.0200000502768923,-0.000904360530389783,0.162898721051614,0.151163260809016,0.3,0.7,0.3,1.5,0.1,,,NaN,NaN,NaN,NaN
SimpleBaseline,100,spike_bins,14,0.245902348580721,0.245448244493058,0.117908405763059,0.776808112541531,0.182933027442655,0.0257142438292609,0.0225002004425514,-0.000222395347532647,0.116530054634833,0.101033652175093,0.3,0.7,0.3,1.5,0.2,,,NaN,NaN,NaN,NaN
SimpleBaseline,100,spike_bins,14,0.392824025509045,0.378574762877049,0.194663821932305,0.415377618693345,0.587658122141062,0.0335713741415547,0.0300000754153385,-0.0148092159982363,0.351720382765862,0.380147203866514,0.3,0.9,0.1,0.6,0.05,,,NaN,NaN,NaN,NaN
SimpleBaseline,100,spike_bins,14,0.358081143248036,0.357179086628056,0.147145084068165,0.422302862734712,0.481070745114228,0.0321428026798452,0.0300000754153385,-0.00645127233020029,0.293605062529596,0.284407056683128,0.3,0.9,0.1,0.6,0.1,,,NaN,NaN,NaN,NaN
SimpleBaseline,100,spike_bins,14,0.281928977997921,0.278631361011224,0.0861260064595847,0.412727953983954,0.320326530632657,0.0335713666539281,0.0300000754153385,-0.00402513065220777,0.190926386909875,0.18215913928143,0.3,0.9,0.1,0.6,0.2,,,NaN,NaN,NaN,NaN
SimpleBaseline,100,spike_bins,14,0.409463159430129,0.425749082879461,0.184012667245133,0.516980752814309,0.521959385089095,0.0314285378368891,0.0300000754153385,-0.01261258049237,0.317636923965774,0.321611393860881,0.3,0.9,0.1,0.9,0.05,,,NaN,NaN,NaN,NaN
SimpleBaseline,100,spike_bins,14,0.365057753534124,0.384135339773006,0.133979983593179,0.523231724709372,0.426272208156115,0.0299999580573136,0.0299999982656465,-0.00544766019991085,0.261999020406642,0.243763722810881,0.3,0.9,0.1,0.9,0.1,,,NaN,NaN,NaN,NaN
SimpleBaseline,100,spike_bins,14,0.281440834743512,0.291970838766074,0.0826766205211637,0.509757993507424,0.289738675515907,0.0321428034078934,0.0300000754153385,-0.0035171421406388,0.174594563297066,0.159082918805349,0.3,0.9,0.1,0.9,0.2,,,NaN,NaN,NaN,NaN
SimpleBaseline,100,spike_bins,14,0.406020189656841,0.419207302945583,0.165770318986147,0.609284294967808,0.453625270396273,0.0303571068672838,0.027499999488661,-0.00980208982773454,0.280615827780824,0.253031190934581,0.3,0.9,0.1,1.2,0.05,,,NaN,NaN,NaN,NaN
SimpleBaseline,100,spike_bins,14,0.356376326793995,0.378912228121359,0.125821747727505,0.614403032263905,0.365976233725158,0.0299999543835188,0.0299999962930401,-0.00397483853193324,0.228601969336656,0.200656465066214,0.3,0.9,0.1,1.2,0.1,,,NaN,NaN,NaN,NaN
SimpleBaseline,100,spike_bins,14,0.273612361175207,0.261135756567026,0.0882816241731015,0.600287783579665,0.25505363818968,0.0299999543835188,0.0299999962930401,-0.00274855278594946,0.155235399479829,0.135746468667751,0.3,0.9,0.1,1.2,0.2,,,NaN,NaN,NaN,NaN
SimpleBaseline,100,spike_bins,14,0.3866379596244,0.35678585348171,0.157654308856096,0.69378402842313,0.382842248996328,0.0260713973397473,0.0200000502768923,-0.0088069604838298,0.239681696064239,0.202046150995389,0.3,0.9,0.1,1.5,0.05,,,NaN,NaN,NaN,NaN
SimpleBaseline,100,spike_bins,14,0.335861940311463,0.297433081993425,0.130790973577211,0.698469004747499,0.30684891545254,0.0267856727842312,0.0249999947592372,-0.00412534423926776,0.193729095552687,0.163763703160873,0.3,0.9,0.1,1.5,0.1,,,NaN,NaN,NaN,NaN
SimpleBaseline,100,spike_bins,14,0.259978979706681,0.221626132570339,0.10363687421671,0.687321365525472,0.220657088209476,0.0278571029612394,0.0299999356197965,-0.00397778094396002,0.137058263592105,0.112784573242208,0.3,0.9,0.1,1.5,0.2,,,NaN,NaN,NaN,NaN
OASIS,100,spike_bins,14,0.325952684600012,0.347725369064385,0.125813855801617,0.43117455285385,0.507172875959728,0.0264285296682511,0.0200001011223534,-0.00881917829009513,0.316249496231625,0.271938980043649,NaN,NaN,NaN,NaN,NaN,ar1,foopsi,1,1,0.75,0.05
OASIS,100,spike_bins,14,0.285473289720932,0.295308562441973,0.0933979994427423,0.427807714685902,0.417471810719634,0.0260713875081404,0.0225000451785336,-0.0015769380992793,0.264868034668219,0.219061693600859,NaN,NaN,NaN,NaN,NaN,ar1,foopsi,1,1,0.75,0.1
OASIS,100,spike_bins,14,0.254510941442698,0.270750306973137,0.079202212145343,0.42033743213221,0.348305168920577,0.0271428144695023,0.0249998680194464,0.000759434851404799,0.217228880422649,0.200879848000063,NaN,NaN,NaN,NaN,NaN,ar1,foopsi,1,1,0.75,0.15
OASIS,100,spike_bins,14,0.231916164327917,0.252670098593945,0.066967808550612,0.413621875483276,0.29479415299032,0.0257142350243754,0.0249998680194464,0.00193846004252104,0.185095863058424,0.165735571427879,NaN,NaN,NaN,NaN,NaN,ar1,foopsi,1,1,0.75,0.2
OASIS,100,spike_bins,14,0.324019375556339,0.340469500058541,0.122845541627037,0.437327049976378,0.497751998152379,0.0264285296682511,0.0200001011223534,-0.00798407033459285,0.311757179428835,0.264526327459227,NaN,NaN,NaN,NaN,NaN,ar1,foopsi,1,1,1,0.05
OASIS,100,spike_bins,14,0.283610306387922,0.292574680081108,0.0920818151267436,0.432612922559637,0.409782135429334,0.026428529908766,0.0249998680194464,-0.00139009220361464,0.260002440056503,0.214409424091834,NaN,NaN,NaN,NaN,NaN,ar1,foopsi,1,1,1,0.1
OASIS,100,spike_bins,14,0.253718560624016,0.269227981809287,0.0787956042283825,0.42487816798162,0.34429189407537,0.0271428144695023,0.0249998680194464,0.000882551599444458,0.215027111361112,0.19895318273548,NaN,NaN,NaN,NaN,NaN,ar1,foopsi,1,1,1,0.15
OASIS,100,spike_bins,14,0.230846745127198,0.250461057700517,0.0672102177230723,0.417749975200182,0.291600550356792,0.0257142350243754,0.0249998680194464,0.00214303869581485,0.183422716105131,0.16359036677414,NaN,NaN,NaN,NaN,NaN,ar1,foopsi,1,1,1,0.2
OASIS,100,spike_bins,14,0.323686260544959,0.331957905864373,0.119070859227283,0.448195372832897,0.487981007122411,0.0264285296682511,0.0200001011223534,-0.0071569332418872,0.307809407876339,0.259256782568671,NaN,NaN,NaN,NaN,NaN,ar1,foopsi,1,1,1.25,0.05
OASIS,100,spike_bins,14,0.283092099177754,0.289134253538778,0.0902869090424303,0.442868896606611,0.402106297010608,0.0260713875081404,0.0225000451785336,-0.000876639316479408,0.254893386472257,0.209924897641693,NaN,NaN,NaN,NaN,NaN,ar1,foopsi,1,1,1.25,0.1
OASIS,100,spike_bins,14,0.252950883153121,0.270929059199838,0.0777417462211145,0.434249136010815,0.338525858342237,0.0271428144695023,0.0249998680194464,0.00115615467672831,0.21164242956579,0.195289803767131,NaN,NaN,NaN,NaN,NaN,ar1,foopsi,1,1,1.25,0.15
OASIS,100,spike_bins,14,0.23035499060923,0.254475255878866,0.0672174618448073,0.428021115295481,0.287003985156535,0.0257142350243754,0.0249998680194464,0.00232743452117925,0.181224936348384,0.16342656811296,NaN,NaN,NaN,NaN,NaN,ar1,foopsi,1,1,1.25,0.2
OASIS,100,spike_bins,14,0.322046234837363,0.323513383115032,0.115185059551156,0.456134468256542,0.472707688844615,0.0253571031684768,0.0200001011223534,-0.0058964701871999,0.299021251371981,0.251662515890768,NaN,NaN,NaN,NaN,NaN,ar1,foopsi,1,1,1.5,0.05
OASIS,100,spike_bins,14,0.282173861554792,0.286575629095314,0.0883943391360233,0.45092155506083,0.392069148040536,0.0257142451075148,0.0200001011223534,-0.000475237611603654,0.248860780658414,0.204359324832576,NaN,NaN,NaN,NaN,NaN,ar1,foopsi,1,1,1.5,0.1
OASIS,100,spike_bins,14,0.252332148081911,0.274260771341538,0.0773859432956148,0.442370159580737,0.329636751953462,0.026428529908766,0.0249998680194464,0.00131552190555002,0.206940475394045,0.190524647364152,NaN,NaN,NaN,NaN,NaN,ar1,foopsi,1,1,1.5,0.15
OASIS,100,spike_bins,14,0.230260665868242,0.256569977840527,0.0669706463745977,0.435868934974081,0.28113113861278,0.0257142350243754,0.0249998680194464,0.00238414258022464,0.178203754623683,0.161962713507946,NaN,NaN,NaN,NaN,NaN,ar1,foopsi,1,1,1.5,0.2
OASIS,100,spike_bins,14,0.318335437207349,0.317926906960259,0.107289936441838,0.477364531275473,0.433843078625525,0.0249999612294387,0.0200001011223534,-0.00342785126273433,0.27753205599412,0.233418336658177,NaN,NaN,NaN,NaN,NaN,ar1,foopsi,1,1,2,0.05
OASIS,100,spike_bins,14,0.280098072834573,0.292521544385196,0.0829858299107101,0.473088973627902,0.362775914143434,0.0257142451075148,0.0200001011223534,0.00105771425838669,0.231656542822587,0.184493054102081,NaN,NaN,NaN,NaN,NaN,ar1,foopsi,1,1,2,0.1
OASIS,100,spike_bins,14,0.251695425174681,0.282558894695162,0.0740475658292412,0.467041928918384,0.308443445258748,0.026428529908766,0.0249998680194464,0.0025641309603851,0.19545355665297,0.175584477851288,NaN,NaN,NaN,NaN,NaN,ar1,foopsi,1,1,2,0.15
OASIS,100,spike_bins,14,0.229694878300628,0.258158797638714,0.0645017493318364,0.461652638847503,0.265608837201645,0.0257142350243754,0.0249998680194464,0.00322311050177681,0.169015094693817,0.151912567686909,NaN,NaN,NaN,NaN,NaN,ar1,foopsi,1,1,2,0.2
OASIS,100,spike_bins,14,0.313324036048892,0.312113898428757,0.102768677420039,0.497605205455669,0.386585473956422,0.0249999612294387,0.0200001011223534,-0.0015628445082398,0.250115031707036,0.216106487027332,NaN,NaN,NaN,NaN,NaN,ar1,foopsi,1,1,2.5,0.05
OASIS,100,spike_bins,14,0.276082056853661,0.293411734714917,0.080383756623189,0.493087020657738,0.325244239208705,0.0257142533914894,0.0200001011223534,0.00208806213633358,0.209615891012408,0.171622136668273,NaN,NaN,NaN,NaN,NaN,ar1,foopsi,1,1,2.5,0.1
OASIS,100,spike_bins,14,0.247646949400296,0.279622373897334,0.0737339744684424,0.485931875943369,0.276738928824935,0.0253571059492941,0.0200001011223534,0.00357424779853728,0.177917217064373,0.159462907482583,NaN,NaN,NaN,NaN,NaN,ar1,foopsi,1,1,2.5,0.15
OASIS,100,spike_bins,14,0.22591745220605,0.249842044319558,0.0645850767719532,0.480680099547102,0.239973863480369,0.0249999585070988,0.0200001011223534,0.00430687361189759,0.154525659220393,0.140387049158017,NaN,NaN,NaN,NaN,NaN,ar1,foopsi,1,1,2.5,0.2
SimpleBaseline,50,spike_bins,14,0.373751712246049,0.383941173971402,0.128726634304851,0.421762091760812,0.503402183308949,0.0242856834496407,0.0199999710678237,-0.00309083836609485,0.333393667772526,0.320634705149034,0.1,0.5,0.5,0.6,0.05,,,NaN,NaN,NaN,NaN
SimpleBaseline,50,spike_bins,14,0.349962908069159,0.37290541114493,0.102570074171511,0.424750617353354,0.439192206676607,0.0242856834496407,0.0199999710678237,0.000876017925134872,0.291359235821297,0.289250000465483,0.1,0.5,0.5,0.6,0.1,,,NaN,NaN,NaN,NaN
SimpleBaseline,50,spike_bins,14,0.297746723803055,0.307152331288821,0.0738501801347039,0.428312816507092,0.332610847674144,0.0228571302950031,0.0199999710678237,0.00364270844889429,0.222116547272969,0.200992388884061,0.1,0.5,0.5,0.6,0.2,,,NaN,NaN,NaN,NaN
SimpleBaseline,50,spike_bins,14,0.37284205263205,0.391312614439362,0.113789254992532,0.515840184497851,0.417293082594267,0.0235713885652501,0.0199999710678237,-0.00097299321167328,0.28407649008887,0.261561034064754,0.1,0.5,0.5,0.9,0.05,,,NaN,NaN,NaN,NaN
SimpleBaseline,50,spike_bins,14,0.34536847085253,0.362431104018274,0.0893253197026645,0.518648032692093,0.364092793035463,0.0242856834496407,0.0199999710678237,0.00251018808956736,0.247909672417816,0.243960698146143,0.1,0.5,0.5,0.9,0.1,,,NaN,NaN,NaN,NaN
SimpleBaseline,50,spike_bins,14,0.294036636359358,0.280747126436782,0.0807217541185607,0.523580457213333,0.283502757500515,0.0214285631718105,0.0199999581433735,0.00376045660042033,0.193051657964598,0.174098558612347,0.1,0.5,0.5,0.9,0.2,,,NaN,NaN,NaN,NaN
SimpleBaseline,50,spike_bins,14,0.348893492198171,0.349171555006689,0.110399359377471,0.599768731691962,0.331975969739645,0.0192857152528667,0.0199999581433735,0.000735480522042927,0.229721520757927,0.201084861032381,0.1,0.5,0.5,1.2,0.05,,,NaN,NaN,NaN,NaN
SimpleBaseline,50,spike_bins,14,0.320485320901881,0.320819699117105,0.0941010071038578,0.60240020029065,0.290913404902447,0.0200000101372574,0.0199999581433735,0.00329008554003087,0.200679922852898,0.18284115983258,0.1,0.5,0.5,1.2,0.1,,,NaN,NaN,NaN,NaN
SimpleBaseline,50,spike_bins,14,0.272000313547468,0.260127340491614,0.0937293121610659,0.607775642797386,0.229338456804016,0.0185714203684761,0.0199999581433735,0.00396124334799991,0.159801265659917,0.148660542388053,0.1,0.5,0.5,1.2,0.2,,,NaN,NaN,NaN,NaN
SimpleBaseline,50,spike_bins,14,0.305774256642732,0.300230080767794,0.115248724440189,0.666417491630961,0.249319341349895,0.0185714203684761,0.0199999581433735,0.00208741714058285,0.178787804296019,0.159310234903146,0.1,0.5,0.5,1.5,0.05,,,NaN,NaN,NaN,NaN
SimpleBaseline,50,spike_bins,14,0.278607619912249,0.297196011700832,0.10384087965563,0.67041565005549,0.216903517344195,0.0200000101372574,0.0199999581433735,0.00412272324590324,0.154666381183951,0.143562181683233,0.1,0.5,0.5,1.5,0.1,,,NaN,NaN,NaN,NaN
SimpleBaseline,50,spike_bins,14,0.235521393611101,0.244208409826034,0.100619012538139,0.676349671545551,0.173471034243906,0.0192857152528667,0.0199999581433735,0.00478149220203534,0.124646449649077,0.122053368973129,0.1,0.5,0.5,1.5,0.2,,,NaN,NaN,NaN,NaN
SimpleBaseline,50,spike_bins,14,0.359783119258926,0.341825358373504,0.145974972681969,0.357945848853517,0.557791682605252,0.0271428132898896,0.0200000502768923,-0.00597572528653461,0.363436583971904,0.350500155949167,0.1,0.7,0.3,0.6,0.05,,,NaN,NaN,NaN,NaN
SimpleBaseline,50,spike_bins,14,0.338594682901421,0.341119198714474,0.122661556567413,0.35683122238525,0.487292163406486,0.0264285287291534,0.0200000502768923,-0.00165442577327458,0.318732133833379,0.308869032622345,0.1,0.7,0.3,0.6,0.1,,,NaN,NaN,NaN,NaN
SimpleBaseline,50,spike_bins,14,0.286313327916105,0.307715715063585,0.0794734705391975,0.350831135990262,0.361209930296752,0.0285713815270717,0.0200001011223534,0.00069323095997392,0.235521603555127,0.209442369527902,0.1,0.7,0.3,0.6,0.2,,,NaN,NaN,NaN,NaN
SimpleBaseline,50,spike_bins,14,0.376863145821334,0.386435816713927,0.132601126664232,0.45926107515335,0.476942531482176,0.0271428132898896,0.0200000502768923,-0.00399558331183803,0.319186770488369,0.303833151414323,0.1,0.7,0.3,0.9,0.05,,,NaN,NaN,NaN,NaN
SimpleBaseline,50,spike_bins,14,0.348806209017479,0.360053152664184,0.10425274885119,0.454541813639639,0.41918396153963,0.0264285287291534,0.0200000502768923,-0.000392654754353712,0.279937880691133,0.277549931687864,0.1,0.7,0.3,0.9,0.1,,,NaN,NaN,NaN,NaN
SimpleBaseline,50,spike_bins,14,0.295182996999725,0.30451965058293,0.0770226946464319,0.444560792574862,0.324156322357838,0.0257142441684171,0.0199999975286934,0.00101706980421287,0.214920902219506,0.19052705279116,0.1,0.7,0.3,0.9,0.2,,,NaN,NaN,NaN,NaN
SimpleBaseline,50,spike_bins,14,0.374341998404238,0.378984686750459,0.123055685811678,0.563927168715072,0.391172649335291,0.0249999653709458,0.0200000502768923,-0.00218431102087763,0.266652417995766,0.241607739889617,0.1,0.7,0.3,1.2,0.05,,,NaN,NaN,NaN,NaN
SimpleBaseline,50,spike_bins,14,0.34203606228096,0.354788338636717,0.0981650761793092,0.558185068646178,0.34141269603971,0.0228571173319175,0.0200000502768923,0.000572492707664154,0.232750443916051,0.22979408947544,0.1,0.7,0.3,1.2,0.1,,,NaN,NaN,NaN,NaN
SimpleBaseline,50,spike_bins,14,0.292277449015283,0.264005499678687,0.0886499671860245,0.547793025100986,0.275467879267609,0.0221428430948357,0.0199999975286934,0.000900324657109143,0.186910978566032,0.168894017596143,0.1,0.7,0.3,1.2,0.2,,,NaN,NaN,NaN,NaN
SimpleBaseline,50,spike_bins,14,0.344569431064268,0.347278559092031,0.121616275128238,0.659226936817503,0.303699356113058,0.0200000101372574,0.0199999581433735,-0.000797728539320971,0.212565106893048,0.195182789952397,0.1,0.7,0.3,1.5,0.05,,,NaN,NaN,NaN,NaN
SimpleBaseline,50,spike_bins,14,0.316247012890085,0.324698994602918,0.105516726316144,0.657364873818855,0.26739942119433,0.0185714203684761,0.0199999581433735,0.00128769290885308,0.188396903914683,0.181010574459615,0.1,0.7,0.3,1.5,0.1,,,NaN,NaN,NaN,NaN
SimpleBaseline,50,spike_bins,14,0.271387885252765,0.264484052639348,0.101759243959896,0.646039234532502,0.220429657731545,0.0185714203684761,0.0199999581433735,0.00155078694952908,0.155020501609048,0.143237863685586,0.1,0.7,0.3,1.5,0.2,,,NaN,NaN,NaN,NaN
SimpleBaseline,50,spike_bins,14,0.332122480852863,0.315285758739487,0.146289764528789,0.30025357615567,0.583659747711423,0.0285713828923919,0.0200001011223534,-0.00917665583888219,0.375501109680541,0.365529416338374,0.1,0.9,0.1,0.6,0.05,,,NaN,NaN,NaN,NaN
SimpleBaseline,50,spike_bins,14,0.314486303077249,0.315059167801662,0.125206201633869,0.299157966569295,0.508480291617919,0.0285713828923919,0.0200001011223534,-0.00421106054855987,0.331684497186632,0.316702993089779,0.1,0.9,0.1,0.6,0.1,,,NaN,NaN,NaN,NaN
SimpleBaseline,50,spike_bins,14,0.272200841230269,0.288345702497494,0.0816207677703559,0.301621777318615,0.371533014819713,0.0285713815270717,0.0200001011223534,-0.000744094472933092,0.24312338990988,0.216309376403715,0.1,0.9,0.1,0.6,0.2,,,NaN,NaN,NaN,NaN
SimpleBaseline,50,spike_bins,14,0.359791011228875,0.343466532281971,0.144477336668605,0.380873050988105,0.522189111222486,0.0271428132898896,0.0200000502768923,-0.00663558385451275,0.345793944988441,0.326205313515511,0.1,0.9,0.1,0.9,0.05,,,NaN,NaN,NaN,NaN
SimpleBaseline,50,spike_bins,14,0.334513916062787,0.343597730559573,0.118893068674668,0.374270435636659,0.455066962954846,0.0257142441684171,0.0199999975286934,-0.00265891299629272,0.301878738390143,0.294597230095276,0.1,0.9,0.1,0.9,0.1,,,NaN,NaN,NaN,NaN
SimpleBaseline,50,spike_bins,14,0.285287060123439,0.300226373647108,0.0810701607913476,0.365509605743624,0.347267167203788,0.0285713815270717,0.0200001011223534,-0.000515191182574233,0.230809426713367,0.206021801892948,0.1,0.9,0.1,0.9,0.2,,,NaN,NaN,NaN,NaN
SimpleBaseline,50,spike_bins,14,0.368077278299226,0.37299151318342,0.132297366610184,0.475039606118205,0.447361890130239,0.0271428132898896,0.0200000502768923,-0.00493439439726997,0.301276392330997,0.284133675655625,0.1,0.9,0.1,1.2,0.05,,,NaN,NaN,NaN,NaN
SimpleBaseline,50,spike_bins,14,0.339003062820815,0.345892509050404,0.10598716527122,0.466578580294326,0.392032274016904,0.0257142441684171,0.0199999975286934,-0.00187867054569433,0.263999474847001,0.2624487264416,0.1,0.9,0.1,1.2,0.1,,,NaN,NaN,NaN,NaN
SimpleBaseline,50,spike_bins,14,0.290496944646171,0.296899506529685,0.0812145037918846,0.452314694432564,0.312354812854531,0.0242856910137795,0.0199999975286934,-0.00057455714110355,0.210255144818954,0.186374128390021,0.1,0.9,0.1,1.2,0.2,,,NaN,NaN,NaN,NaN
SimpleBaseline,50,spike_bins,14,0.353751610336057,0.355254608206765,0.119534971300509,0.567121052348959,0.362047327220249,0.0257142441684171,0.0199999975286934,-0.00307799024954634,0.247458887009416,0.229715626039081,0.1,0.9,0.1,1.5,0.05,,,NaN,NaN,NaN,NaN
SimpleBaseline,50,spike_bins,14,0.323332100415138,0.336133452381376,0.0979444492577604,0.557641085681976,0.316229028356472,0.023571377822317,0.0199999975286934,-0.000947355828201622,0.217670453579404,0.212474051759404,0.1,0.9,0.1,1.5,0.1,,,NaN,NaN,NaN,NaN
SimpleBaseline,50,spike_bins,14,0.281615662364611,0.258175196473069,0.0892142102085083,0.544926703372318,0.264081176033169,0.0228571012449982,0.0199999975286934,-0.000435201110266441,0.181355400991742,0.158418947753776,0.1,0.9,0.1,1.5,0.2,,,NaN,NaN,NaN,NaN
SimpleBaseline,50,spike_bins,14,0.403659415879842,0.4040371067204,0.145348082286826,0.538030678030542,0.472359535227308,0.025714246166697,0.0199999975286934,-0.00341518254488904,0.303534847147688,0.293101422310961,0.2,0.5,0.5,0.6,0.05,,,NaN,NaN,NaN,NaN
SimpleBaseline,50,spike_bins,14,0.371527839645662,0.39247175635571,0.112610637026665,0.551234371378773,0.396602561921554,0.0257142260004181,0.0200000502768923,0.002309488086472,0.25301539733392,0.248685033951885,0.2,0.5,0.5,0.6,0.1,,,NaN,NaN,NaN,NaN
SimpleBaseline,50,spike_bins,14,0.317712629018248,0.315538176548686,0.0832410978728636,0.546504548338366,0.320080152974138,0.0278570933053756,0.0200000271832316,0.0062812178279627,0.204064665822381,0.186851806563064,0.2,0.5,0.5,0.6,0.2,,,NaN,NaN,NaN,NaN
SimpleBaseline,50,spike_bins,14,0.389470201238256,0.375209795544706,0.136391650100396,0.638397799146378,0.393627684071261,0.0242856892900323,0.0199999975286934,-0.001379571113013,0.258200061292472,0.246634657136879,0.2,0.5,0.5,0.9,0.05,,,NaN,NaN,NaN,NaN
SimpleBaseline,50,spike_bins,14,0.350885859371964,0.349298375184638,0.10799735759021,0.649691279067283,0.325773482774555,0.022857099521251,0.0199999975286934,0.00298852614486034,0.211468913384886,0.19907411278621,0.2,0.5,0.5,0.9,0.1,,,NaN,NaN,NaN,NaN
SimpleBaseline,50,spike_bins,14,0.303884599354428,0.265145043271552,0.100385251621181,0.649106324715051,0.270549467961831,0.0264285325865992,0.0199999615105824,0.00648830970983382,0.175488135546063,0.149475657406495,0.2,0.5,0.5,0.9,0.2,,,NaN,NaN,NaN,NaN
SimpleBaseline,50,spike_bins,14,0.358045076697567,0.363943713450292,0.132116835159204,0.716514800787898,0.316738842245014,0.0242856931321439,0.0199999975286934,0.00108926264938155,0.211628295195018,0.195805151875141,0.2,0.5,0.5,1.2,0.05,,,NaN,NaN,NaN,NaN
SimpleBaseline,50,spike_bins,14,0.318891720091245,0.335000329012305,0.112554998820902,0.726305378992013,0.261018982109521,0.0228571033633626,0.0199999975286934,0.00504717707893665,0.172280258072796,0.163610985457667,0.2,0.5,0.5,1.2,0.1,,,NaN,NaN,NaN,NaN
SimpleBaseline,50,spike_bins,14,0.277088104708662,0.284171491197979,0.114725052006877,0.727941313823455,0.21713368904912,0.0221428230039744,0.0199999975286934,0.0083670552214238,0.143999365410834,0.123908737061476,0.2,0.5,0.5,1.2,0.2,,,NaN,NaN,NaN,NaN
SimpleBaseline,50,spike_bins,14,0.312964842313912,0.301837987066573,0.146382224587233,0.77570814745617,0.238804533964123,0.0207142897993742,0.0199999615105824,0.00325451102347159,0.164311710952804,0.143487394953335,0.2,0.5,0.5,1.5,0.05,,,NaN,NaN,NaN,NaN
SimpleBaseline,50,spike_bins,14,0.270948286934181,0.266693056765102,0.121210098947961,0.783395420054492,0.191060022130951,0.019999983908669,0.0199999615105824,0.00695858442346204,0.130020731934422,0.118462760968161,0.2,0.5,0.5,1.5,0.1,,,NaN,NaN,NaN,NaN
SimpleBaseline,50,spike_bins,14,0.238437127655776,0.225964537111289,0.126524768356976,0.790301545691721,0.162817973265394,0.019999983908669,0.0199999615105824,0.00936275015913504,0.11108911623388,0.101308457063771,0.2,0.5,0.5,1.5,0.2,,,NaN,NaN,NaN,NaN
SimpleBaseline,50,spike_bins,14,0.401812210152653,0.394701986754967,0.165845171302555,0.477760980602995,0.526497428104449,0.0271428190682938,0.0200000271832316,-0.00665319079333088,0.33402111007077,0.329321353508518,0.2,0.7,0.3,0.6,0.05,,,NaN,NaN,NaN,NaN
SimpleBaseline,50,spike_bins,14,0.367964829187127,0.371451775882747,0.12801480590973,0.482783597433748,0.439179202023384,0.025714246166697,0.0199999975286934,-0.00114399255862503,0.274492503139933,0.256710512109604,0.2,0.7,0.3,0.6,0.1,,,NaN,NaN,NaN,NaN
SimpleBaseline,50,spike_bins,14,0.312018335391607,0.324386489096176,0.0855761973089555,0.469508718507222,0.348120134339307,0.0271428190682938,0.0200000271832316,0.00314646440210675,0.219679347043879,0.19849892323837,0.2,0.7,0.3,0.6,0.2,,,NaN,NaN,NaN,NaN
SimpleBaseline,50,spike_bins,14,0.411037185728299,0.400681012467269,0.151951076183665,0.595068138039562,0.455550455337035,0.025714246166697,0.0199999975286934,-0.00369224337606452,0.293214299655938,0.274556967365264,0.2,0.7,0.3,0.9,0.05,,,NaN,NaN,NaN,NaN
SimpleBaseline,50,spike_bins,14,0.370292110588129,0.386011342155009,0.116733709753231,0.600309058431303,0.377849344269733,0.025714246166697,0.0199999975286934,0.00112441154666981,0.24073202576555,0.225695495812992,0.2,0.7,0.3,0.9,0.1,,,NaN,NaN,NaN,NaN
SimpleBaseline,50,spike_bins,14,0.316490545325749,0.306271876271876,0.0929300488536963,0.589384018913561,0.308764689885683,0.025714246166697,0.0199999975286934,0.004120124203772,0.199462692603879,0.181377961745315,0.2,0.7,0.3,0.9,0.2,,,NaN,NaN,NaN,NaN
SimpleBaseline,50,spike_bins,14,0.391385828437215,0.361415765383104,0.14224558188514,0.694282258402002,0.377274245072285,0.0228571324133675,0.0199999615105824,-0.00226453951968625,0.246889444972461,0.228986179367527,0.2,0.7,0.3,1.2,0.05,,,NaN,NaN,NaN,NaN
SimpleBaseline,50,spike_bins,14,0.347664211120294,0.32639610480092,0.115056700038923,0.698684874814542,0.311107466821724,0.0228571324133675,0.0199999615105824,0.00238524140370047,0.20158348243931,0.189237073243791,0.2,0.7,0.3,1.2,0.1,,,NaN,NaN,NaN,NaN
SimpleBaseline,50,spike_bins,14,0.305254808555817,0.276462200493978,0.110085517784556,0.695517661952461,0.264346033059378,0.0228571324133675,0.0199999615105824,0.00457777144945654,0.173425570908587,0.153959384770184,0.2,0.7,0.3,1.2,0.2,,,NaN,NaN,NaN,NaN
SimpleBaseline,50,spike_bins,14,0.363309437896468,0.388234467770391,0.150563247418777,0.775322840604701,0.307018535913855,0.0221428485352913,0.0199999615105824,-0.000374625429841079,0.205902509096916,0.192616303187787,0.2,0.7,0.3,1.5,0.05,,,NaN,NaN,NaN,NaN
SimpleBaseline,50,spike_bins,14,0.320098039430819,0.334645182154357,0.127953115975352,0.778877158065741,0.253187200727674,0.0228571324133675,0.0199999615105824,0.00332724693581,0.16627131518602,0.151754670996798,0.2,0.7,0.3,1.5,0.1,,,NaN,NaN,NaN,NaN
SimpleBaseline,50,spike_bins,14,0.282263809579144,0.285650148614822,0.132026787795218,0.776998115254668,0.217971460406235,0.0228571324133675,0.0199999615105824,0.00519431313305815,0.144783552302134,0.121150964524652,0.2,0.7,0.3,1.5,0.2,,,NaN,NaN,NaN,NaN
SimpleBaseline,50,spike_bins,14,0.382109961916613,0.361265405012229,0.172013720193302,0.40689628441955,0.557799610452865,0.0271428190682938,0.0200000271832316,-0.00973787714827972,0.349398754508239,0.353799365411791,0.2,0.9,0.1,0.6,0.05,,,NaN,NaN,NaN,NaN
SimpleBaseline,50,spike_bins,14,0.354720342628276,0.359804365034491,0.136147878035778,0.411567663876215,0.467275680455589,0.0271428190682938,0.0200000271832316,-0.00424129570483878,0.289640328868607,0.27527782060101,0.2,0.9,0.1,0.6,0.1,,,NaN,NaN,NaN,NaN
SimpleBaseline,50,spike_bins,14,0.301050629436433,0.313445263445263,0.0870233669318421,0.39795412756596,0.364026782043559,0.0271428190682938,0.0200000271832316,0.000748767149340528,0.227426939929974,0.202997492098777,0.2,0.9,0.1,0.6,0.2,,,NaN,NaN,NaN,NaN
SimpleBaseline,50,spike_bins,14,0.39636283351941,0.391632489993146,0.162478166858787,0.51052784654645,0.493980674365592,0.025714246166697,0.0199999975286934,-0.00728955796607723,0.314248552204075,0.29690522339094,0.2,0.9,0.1,0.9,0.05,,,NaN,NaN,NaN,NaN
SimpleBaseline,50,spike_bins,14,0.359647721217574,0.35769621605766,0.12277732057793,0.513185721641163,0.412066484321599,0.025714246166697,0.0199999975286934,-0.00249537470408933,0.258122956001448,0.237367629795683,0.2,0.9,0.1,0.9,0.1,,,NaN,NaN,NaN,NaN
SimpleBaseline,50,spike_bins,14,0.306854201449164,0.30929703345487,0.0873923612785435,0.49917825810278,0.332831610515134,0.0271428190682938,0.0200000271832316,0.000908797723026915,0.209919663610903,0.189743490855837,0.2,0.9,0.1,0.9,0.2,,,NaN,NaN,NaN,NaN
SimpleBaseline,50,spike_bins,14,0.395366725984845,0.395270630582589,0.146270077331182,0.604938182572214,0.429773912779908,0.025714246166697,0.0199999975286934,-0.00513694677129511,0.276405010858913,0.248299548939952,0.2,0.9,0.1,1.2,0.05,,,NaN,NaN,NaN,NaN
SimpleBaseline,50,spike_bins,14,0.354366542447527,0.355753628760344,0.112071801620055,0.605492965637711,0.358814855631393,0.025714246166697,0.0199999975286934,-0.000765487760158142,0.229012722869254,0.206522357701785,0.2,0.9,0.1,1.2,0.1,,,NaN,NaN,NaN,NaN
SimpleBaseline,50,spike_bins,14,0.306027622480382,0.28622356530448,0.0939552607514316,0.592753522798762,0.297874747170414,0.025714246166697,0.0199999975286934,0.00163066524251882,0.190386515999775,0.176300587890211,0.2,0.9,0.1,1.2,0.2,,,NaN,NaN,NaN,NaN
SimpleBaseline,50,spike_bins,14,0.379676922927671,0.343924017291334,0.140153819748869,0.698321348270592,0.361640398507113,0.0228571324133675,0.0199999615105824,-0.00301668216904616,0.237657312816891,0.207448326665692,0.2,0.9,0.1,1.5,0.05,,,NaN,NaN,NaN,NaN
SimpleBaseline,50,spike_bins,14,0.33778486561513,0.307111075155732,0.114433652481858,0.698998847994531,0.302139699792415,0.0228571324133675,0.0199999615105824,0.000718003588461633,0.196337339801064,0.175187544021058,0.2,0.9,0.1,1.5,0.1,,,NaN,NaN,NaN,NaN
SimpleBaseline,50,spike_bins,14,0.296330110637917,0.280732524090114,0.109140032547005,0.690816488001746,0.258225244417286,0.0228571324133675,0.0199999615105824,0.00193256457602599,0.168001069102299,0.14797042266239,0.2,0.9,0.1,1.5,0.2,,,NaN,NaN,NaN,NaN
SimpleBaseline,50,spike_bins,14,0.429994114327715,0.451133301258305,0.150726957053061,0.581787489499848,0.493162825376498,0.0285713934551236,0.0200000502768923,-0.00735488896669066,0.300430680324437,0.289415796377363,0.3,0.5,0.5,0.6,0.05,,,NaN,NaN,NaN,NaN
SimpleBaseline,50,spike_bins,14,0.391783801400516,0.414851499090656,0.116792686313843,0.601844931447329,0.412053550326377,0.0285713728078148,0.0200000502768923,-0.000577644521386383,0.249704156717824,0.246408026678592,0.3,0.5,0.5,0.6,0.1,,,NaN,NaN,NaN,NaN
SimpleBaseline,50,spike_bins,14,0.312239434587881,0.303717123897136,0.0852757222396034,0.601239566672356,0.290763195869538,0.0292856586294033,0.0200001895381071,0.00393088482404719,0.176402234734439,0.154358079404888,0.3,0.5,0.5,0.6,0.2,,,NaN,NaN,NaN,NaN
SimpleBaseline,50,spike_bins,14,0.408018774684492,0.40042168727184,0.143390214105676,0.671074080228868,0.405334089134364,0.0271428404205705,0.0200000502768923,-0.00490952668719564,0.253685587004878,0.245458244511377,0.3,0.5,0.5,0.9,0.05,,,NaN,NaN,NaN,NaN
SimpleBaseline,50,spike_bins,14,0.368495023766999,0.361450401738652,0.118159697033115,0.693993427211822,0.336244818545338,0.0271428197732617,0.0200000502768923,0.000654398593111553,0.208908656438359,0.209484237300753,0.3,0.5,0.5,0.9,0.1,,,NaN,NaN,NaN,NaN
SimpleBaseline,50,spike_bins,14,0.291318187863589,0.276743169398907,0.100454009904068,0.695943219473685,0.2404901768642,0.0257142420873374,0.0200000502768923,0.00390878996027202,0.150423541242318,0.131603462313751,0.3,0.5,0.5,0.9,0.2,,,NaN,NaN,NaN,NaN
SimpleBaseline,50,spike_bins,14,0.368930809044823,0.363716992932295,0.143800691452431,0.739418565460054,0.323780192559637,0.0242856931321439,0.0199999975286934,-0.00234703659622764,0.207991589499984,0.197469109739265,0.3,0.5,0.5,1.2,0.05,,,NaN,NaN,NaN,NaN
SimpleBaseline,50,spike_bins,14,0.327499049282336,0.34295719908709,0.124428259046719,0.760180275148373,0.264207029339481,0.0242856724848351,0.0199999975286934,0.00271098639201425,0.168067291688926,0.169247707082382,0.3,0.5,0.5,1.2,0.1,,,NaN,NaN,NaN,NaN
SimpleBaseline,50,spike_bins,14,0.256371411118965,0.262051390953493,0.111949230588792,0.765740112874217,0.19093824887427,0.0257142420873374,0.0200000502768923,0.00493268871126384,0.122567245019438,0.104924448520486,0.3,0.5,0.5,1.2,0.2,,,NaN,NaN,NaN,NaN
SimpleBaseline,50,spike_bins,14,0.315479115636253,0.331701184410772,0.156620145380461,0.793106368619487,0.245161880109189,0.0242856931321439,0.0199999975286934,0.000266219032287948,0.159502870564394,0.143327497038355,0.3,0.5,0.5,1.5,0.05,,,NaN,NaN,NaN,NaN
SimpleBaseline,50,spike_bins,14,0.275838615524208,0.290009395552772,0.139893171007145,0.810710124208565,0.196946765549967,0.0235713982477532,0.0199999975286934,0.00500027559546022,0.128356052352971,0.120763891417,0.3,0.5,0.5,1.5,0.1,,,NaN,NaN,NaN,NaN
SimpleBaseline,50,spike_bins,14,0.21602216769188,0.198345385369317,0.127327333500089,0.82014218952984,0.143510524133651,0.0221428272053225,0.0199999615105824,0.00695695843393527,0.0935447880266225,0.0716801463389509,0.3,0.5,0.5,1.5,0.2,,,NaN,NaN,NaN,NaN
SimpleBaseline,50,spike_bins,14,0.43094019155945,0.449727891156463,0.171174828714788,0.524968247391186,0.548926446626047,0.0314285397145554,0.0299998603740462,-0.0109334074374808,0.328736475873364,0.312837830219115,0.3,0.7,0.3,0.6,0.05,,,NaN,NaN,NaN,NaN
SimpleBaseline,50,spike_bins,14,0.392885043582723,0.419295265031054,0.127848451846053,0.540027083022552,0.461207439819213,0.0314285354781928,0.0299998900285844,-0.00372150561336326,0.276233124337008,0.26949408740029,0.3,0.7,0.3,0.6,0.1,,,NaN,NaN,NaN,NaN
SimpleBaseline,50,spike_bins,14,0.30920297690407,0.321660972287354,0.0791841294993211,0.529500173867793,0.321097831095553,0.0328571050806952,0.0399997897875651,0.000609854042595632,0.187151847053914,0.168267205118736,0.3,0.7,0.3,0.6,0.2,,,NaN,NaN,NaN,NaN
SimpleBaseline,50,spike_bins,14,0.427820685788109,0.433104940497656,0.152902618545843,0.62699305637802,0.467115474371567,0.0285713934551236,0.0200000502768923,-0.00765252371336639,0.286104607711126,0.262719612479984,0.3,0.7,0.3,0.9,0.05,,,NaN,NaN,NaN,NaN
SimpleBaseline,50,spike_bins,14,0.386639138497354,0.39528312195655,0.117332838237603,0.64325566146848,0.391786708430749,0.0299999625765961,0.0200000502768923,-0.00149311130470786,0.238158676414406,0.228710128378778,0.3,0.7,0.3,0.9,0.1,,,NaN,NaN,NaN,NaN
SimpleBaseline,50,spike_bins,14,0.304373993848699,0.275790239861322,0.0899600666521368,0.636211449382193,0.279332589447155,0.0328571050806952,0.0399997897875651,0.00155747707283837,0.165464950925302,0.142849760614408,0.3,0.7,0.3,0.9,0.2,,,NaN,NaN,NaN,NaN
SimpleBaseline,50,spike_bins,14,0.409792727918152,0.37533034737438,0.151298491429519,0.717343801917478,0.386642666608798,0.0271428404205705,0.0200000502768923,-0.00601845591442788,0.241428062074367,0.217507016501327,0.3,0.7,0.3,1.2,0.05,,,NaN,NaN,NaN,NaN
SimpleBaseline,50,spike_bins,14,0.366643210354555,0.366376131411331,0.128034334772715,0.733649295084068,0.321547407222391,0.0285714095420429,0.0200000502768923,-0.0011593917537771,0.19820706278392,0.188021715362953,0.3,0.7,0.3,1.2,0.1,,,NaN,NaN,NaN,NaN
SimpleBaseline,50,spike_bins,14,0.287555095869943,0.26480245286317,0.112079668184441,0.729395510022862,0.232755673107986,0.0285713989793113,0.0200001011223534,0.00103140901171826,0.140137372673253,0.122782950528269,0.3,0.7,0.3,1.2,0.2,,,NaN,NaN,NaN,NaN
SimpleBaseline,50,spike_bins,14,0.367437034728266,0.388953683503944,0.162524909420182,0.788602412067729,0.308036887607437,0.0242856931321439,0.0199999975286934,-0.00382091438076216,0.196794186193313,0.18567056107944,0.3,0.7,0.3,1.5,0.05,,,NaN,NaN,NaN,NaN
SimpleBaseline,50,spike_bins,14,0.325282182385067,0.341116678596994,0.143244872636278,0.801929313439883,0.253796598980009,0.0242856931321439,0.0199999975286934,0.000406256986480422,0.159887141106149,0.158837381990057,0.3,0.7,0.3,1.5,0.1,,,NaN,NaN,NaN,NaN
SimpleBaseline,50,spike_bins,14,0.254086801949692,0.251455408410501,0.126881912315531,0.797777377365535,0.185782470356529,0.0257142627346462,0.0200000502768923,0.0016564959051336,0.114476315515184,0.100034631715051,0.3,0.7,0.3,1.5,0.2,,,NaN,NaN,NaN,NaN
SimpleBaseline,50,spike_bins,14,0.408921393370426,0.39414516222174,0.182088176579308,0.453760293090959,0.575525646086442,0.0328571126161522,0.0399997897875651,-0.0131056879421599,0.342586597528621,0.336506775706941,0.3,0.9,0.1,0.6,0.05,,,NaN,NaN,NaN,NaN
SimpleBaseline,50,spike_bins,14,0.37558295575387,0.384752656451947,0.139953939548303,0.46469871783594,0.48214366522653,0.0328571050806952,0.0399997897875651,-0.00553207502211853,0.288491908687576,0.280107664329593,0.3,0.9,0.1,0.6,0.1,,,NaN,NaN,NaN,NaN
SimpleBaseline,50,spike_bins,14,0.297881449061735,0.294155737534314,0.083333395514621,0.452729609863509,0.331940375336963,0.0349999494141663,0.0399998883108281,-0.00163091200425226,0.19186571509258,0.175983385654388,0.3,0.9,0.1,0.6,0.2,,,NaN,NaN,NaN,NaN
SimpleBaseline,50,spike_bins,14,0.41543917557598,0.437865900664753,0.158944206207526,0.548537366638204,0.505839965444779,0.0299999625765961,0.0200000502768923,-0.010965412877689,0.307721201261787,0.268698353764842,0.3,0.9,0.1,0.9,0.05,,,NaN,NaN,NaN,NaN
SimpleBaseline,50,spike_bins,14,0.374110455603344,0.401391474716176,0.117327922212838,0.560108786992116,0.420830391197456,0.0285713934551236,0.0200000502768923,-0.00418627829297957,0.254804717150318,0.232979134393786,0.3,0.9,0.1,0.9,0.1,,,NaN,NaN,NaN,NaN
SimpleBaseline,50,spike_bins,14,0.293495067099724,0.303626107977438,0.0770743179621398,0.546805308635499,0.295883428966895,0.0328571050806952,0.0399997897875651,-0.00166028415142012,0.173195753215213,0.152558662682558,0.3,0.9,0.1,0.9,0.2,,,NaN,NaN,NaN,NaN
SimpleBaseline,50,spike_bins,14,0.409690939832845,0.391143856044552,0.148832184343434,0.639174303025515,0.436451679680459,0.0285713934551236,0.0200000502768923,-0.00837546576700894,0.271022476445102,0.232050333290155,0.3,0.9,0.1,1.2,0.05,,,NaN,NaN,NaN,NaN
SimpleBaseline,50,spike_bins,14,0.3651800654899,0.355082587974146,0.114694597005183,0.648211326708942,0.360915580175252,0.0285713934551236,0.0200000502768923,-0.00294110099241989,0.221168525947905,0.203813086064965,0.3,0.9,0.1,1.2,0.1,,,NaN,NaN,NaN,NaN
SimpleBaseline,50,spike_bins,14,0.288390347265336,0.244228916490553,0.0887741463419806,0.638012927478834,0.262578836030367,0.0328571050806952,0.0399997897875651,-0.000998191059872303,0.155945829028759,0.132885524407732,0.3,0.9,0.1,1.2,0.2,,,NaN,NaN,NaN,NaN
SimpleBaseline,50,spike_bins,14,0.392331914514133,0.372161839694458,0.155743023341012,0.722201053649465,0.366423209791416,0.0285713934551236,0.0200000502768923,-0.00752840193288345,0.230701372113478,0.192938844702807,0.3,0.9,0.1,1.5,0.05,,,NaN,NaN,NaN,NaN
SimpleBaseline,50,spike_bins,14,0.346942670674553,0.327814088598402,0.129779884076831,0.730951781196946,0.30100642337637,0.027857098570733,0.0200000502768923,-0.00342678389890951,0.186845120554533,0.168757777684448,0.3,0.9,0.1,1.5,0.1,,,NaN,NaN,NaN,NaN
SimpleBaseline,50,spike_bins,14,0.274190140687009,0.253496687744655,0.110099446679628,0.721798758554254,0.222705828524259,0.0299999625765961,0.0200000502768923,-0.00204228974473016,0.133782231234795,0.113931486518813,0.3,0.9,0.1,1.5,0.2,,,NaN,NaN,NaN,NaN
OASIS,50,spike_bins,14,0.27611563564787,0.278116552287517,0.124600531956827,0.478922965155658,0.409255735527994,0.025714260135252,0.0200000502768923,-0.00477558062266477,0.252262612344967,0.226870652149603,NaN,NaN,NaN,NaN,NaN,ar1,foopsi,1,1,0.75,0.05
OASIS,50,spike_bins,14,0.247298419994908,0.250775818311647,0.114584218936571,0.47687489729846,0.352739345108162,0.0257142440483326,0.0200000502768923,0.00206300813210378,0.221358209608127,0.200663412950571,NaN,NaN,NaN,NaN,NaN,ar1,foopsi,1,1,0.75,0.1
OASIS,50,spike_bins,14,0.229580146736183,0.24541667910782,0.106421242494627,0.479099335631587,0.310629779843916,0.027142813650835,0.0200001011223534,0.0038340131022213,0.198991037485545,0.174815115997374,NaN,NaN,NaN,NaN,NaN,ar1,foopsi,1,1,0.75,0.15
OASIS,50,spike_bins,14,0.213848761603935,0.226897734901415,0.100355798146418,0.475859568404867,0.267577115317399,0.0242856934930893,0.0199999941614845,0.00409414233611388,0.171846757878294,0.159339480089022,NaN,NaN,NaN,NaN,NaN,ar1,foopsi,1,1,0.75,0.2
OASIS,50,spike_bins,14,0.278645830183016,0.288529159288698,0.123976321199496,0.492744425560147,0.398386075384532,0.025714260135252,0.0200000502768923,-0.0037960332188627,0.247101264730272,0.22107678119914,NaN,NaN,NaN,NaN,NaN,ar1,foopsi,1,1,1,0.05
OASIS,50,spike_bins,14,0.248952536335055,0.259336278377902,0.113716300582102,0.490756442004577,0.343417458704201,0.0271428131698051,0.0200001011223534,0.00242462129007215,0.215783334274636,0.195202321274688,NaN,NaN,NaN,NaN,NaN,ar1,foopsi,1,1,1,0.1
OASIS,50,spike_bins,14,0.231349183224296,0.25821649329112,0.106946663926901,0.493550710559587,0.305305716231297,0.027142813650835,0.0200001011223534,0.0040409666038212,0.195683325142674,0.169382715589724,NaN,NaN,NaN,NaN,NaN,ar1,foopsi,1,1,1,0.15
OASIS,50,spike_bins,14,0.214714606084599,0.23534042140223,0.100264530880849,0.488971221064105,0.26389642918506,0.0249999770546855,0.0200000502768923,0.0040230199705069,0.169638367415383,0.153545549383671,NaN,NaN,NaN,NaN,NaN,ar1,foopsi,1,1,1,0.2
OASIS,50,spike_bins,14,0.28052542159675,0.298524951750758,0.123247392841897,0.508473042948349,0.384280025477846,0.0242856910137795,0.0199999975286934,-0.00268512364043018,0.241624646664714,0.216399814799858,NaN,NaN,NaN,NaN,NaN,ar1,foopsi,1,1,1.25,0.05
OASIS,50,spike_bins,14,0.250274093109647,0.267497563727753,0.113221194386725,0.50595869724278,0.330503579663547,0.0242856910137795,0.0199999975286934,0.00291993543501195,0.209539745022966,0.191694593567057,NaN,NaN,NaN,NaN,NaN,ar1,foopsi,1,1,1.25,0.1
OASIS,50,spike_bins,14,0.232516497084909,0.264248061159716,0.107804239608966,0.505305372989335,0.295778458375158,0.0257142606162818,0.0200000502768923,0.00397911153219344,0.190895735408953,0.167105773515677,NaN,NaN,NaN,NaN,NaN,ar1,foopsi,1,1,1.25,0.15
OASIS,50,spike_bins,14,0.215362269978943,0.241854605406414,0.100834652237706,0.500498832310564,0.257260721401181,0.0242856934930893,0.0199999941614845,0.00426228283781923,0.166475025107068,0.148210821503867,NaN,NaN,NaN,NaN,NaN,ar1,foopsi,1,1,1.25,0.2
OASIS,50,spike_bins,14,0.281935542665251,0.308871602537389,0.123204899478693,0.525525865700211,0.366295831104956,0.0242856910137795,0.0199999975286934,-0.00216219025274787,0.231791687236897,0.206729024192528,NaN,NaN,NaN,NaN,NaN,ar1,foopsi,1,1,1.5,0.05
OASIS,50,spike_bins,14,0.251516942365899,0.267767592657383,0.113672468268053,0.523314652516452,0.315149753958925,0.0242856910137795,0.0199999975286934,0.00338647151400313,0.201031628047346,0.182219784372895,NaN,NaN,NaN,NaN,NaN,ar1,foopsi,1,1,1.5,0.1
OASIS,50,spike_bins,14,0.233583384581121,0.263497269231546,0.109034511540202,0.521704984864287,0.283872014537737,0.0257142606162818,0.0200000502768923,0.00438730658093386,0.184118913737797,0.160790012461705,NaN,NaN,NaN,NaN,NaN,ar1,foopsi,1,1,1.5,0.15
OASIS,50,spike_bins,14,0.216528996074257,0.240424519619794,0.101297408924235,0.517160091033771,0.248716963960973,0.0242856934930893,0.0199999941614845,0.00470631768326193,0.161636112304048,0.145398260047073,NaN,NaN,NaN,NaN,NaN,ar1,foopsi,1,1,1.5,0.2
OASIS,50,spike_bins,14,0.283419710621424,0.316134639696587,0.125443723821412,0.5595491724383,0.324706947856253,0.0242856910137795,0.0199999975286934,-0.000347301633915876,0.207306377549001,0.184923534704521,NaN,NaN,NaN,NaN,NaN,ar1,foopsi,1,1,2,0.05
OASIS,50,spike_bins,14,0.251453197588414,0.271176963936259,0.115496040183605,0.555438651142033,0.278148647217667,0.0242856910137795,0.0199999975286934,0.00437077805967399,0.179785794525547,0.163124344836166,NaN,NaN,NaN,NaN,NaN,ar1,foopsi,1,1,2,0.1
OASIS,50,spike_bins,14,0.234565967161476,0.251096875344496,0.111981138416745,0.553383431838369,0.253280606215582,0.0257142606162818,0.0200000502768923,0.00519188415010604,0.165471759487037,0.145375532085067,NaN,NaN,NaN,NaN,NaN,ar1,foopsi,1,1,2,0.15
OASIS,50,spike_bins,14,0.218119122535684,0.238908839262335,0.104306579237496,0.549355716462719,0.225026239562587,0.0242856934930893,0.0199999941614845,0.00556184079126846,0.146485174249192,0.132727957232436,NaN,NaN,NaN,NaN,NaN,ar1,foopsi,1,1,2,0.2
OASIS,50,spike_bins,14,0.272802244577965,0.282964782964783,0.128350336597655,0.590478292576403,0.272981687322403,0.0242856910137795,0.0199999975286934,0.00129887054705093,0.179257905807185,0.148032396068866,NaN,NaN,NaN,NaN,NaN,ar1,foopsi,1,1,2.5,0.05
OASIS,50,spike_bins,14,0.242062053073422,0.243936540133295,0.115686222214871,0.586472707801344,0.233140524299885,0.0242856910137795,0.0199999975286934,0.0051035338526918,0.153978413808422,0.139767978232304,NaN,NaN,NaN,NaN,NaN,ar1,foopsi,1,1,2.5,0.1
OASIS,50,spike_bins,14,0.226695502108137,0.225282434825964,0.112949914529064,0.584700572498836,0.213732540218611,0.0257142606162818,0.0200000502768923,0.0058813092148514,0.143043022152168,0.12596339964982,NaN,NaN,NaN,NaN,NaN,ar1,foopsi,1,1,2.5,0.15
OASIS,50,spike_bins,14,0.210013016338715,0.21684896939169,0.103722007288579,0.579849547380501,0.190383041258087,0.0242856934930893,0.0199999941614845,0.00631217450886861,0.127181730161282,0.115875374945843,NaN,NaN,NaN,NaN,NaN,ar1,foopsi,1,1,2.5,0.2
SimpleBaseline,20,spike_bins,14,0.384834579702206,0.386562865481096,0.104096498926483,0.481411726080647,0.456265913031884,0.024999942535156,0.0249998125785864,0.0118617611589856,0.292813631779967,0.267954385806086,0.1,0.5,0.5,0.6,0.05,,,NaN,NaN,NaN,NaN
SimpleBaseline,20,spike_bins,14,0.377710022195806,0.385780175165518,0.0962846984926427,0.483494068410595,0.443822952906482,0.0285714169571091,0.0499997372344563,0.0134083041545822,0.280547583307589,0.262358994405839,0.1,0.5,0.5,0.6,0.1,,,NaN,NaN,NaN,NaN
SimpleBaseline,20,spike_bins,14,0.330738720326461,0.344488041590343,0.0857816379440954,0.486127702365117,0.355517319565498,0.0321428363474899,0.0499998603885351,0.0173313695365958,0.223756560500256,0.213324044472108,0.1,0.5,0.5,0.6,0.2,,,NaN,NaN,NaN,NaN
SimpleBaseline,20,spike_bins,14,0.377217078466099,0.377294851670602,0.0890437352618867,0.571927731170501,0.377946619246341,0.0214285231447752,0,0.0152307609292598,0.253329795149033,0.226469177687001,0.1,0.5,0.5,0.9,0.05,,,NaN,NaN,NaN,NaN
SimpleBaseline,20,spike_bins,14,0.370205651062952,0.373779900245143,0.087033075995878,0.574835685741006,0.36846207197734,0.0214285231447752,0,0.0165983417596016,0.242126269834007,0.214971181583493,0.1,0.5,0.5,0.9,0.1,,,NaN,NaN,NaN,NaN
SimpleBaseline,20,spike_bins,14,0.323087189892135,0.331306185727989,0.0946087104034304,0.574011754157144,0.300990467395691,0.0249999975667284,0.0249998125785864,0.0171397872967027,0.197132994928264,0.17522708883981,0.1,0.5,0.5,0.9,0.2,,,NaN,NaN,NaN,NaN
SimpleBaseline,20,spike_bins,14,0.343451566775449,0.3201557705924,0.0995276468936898,0.645048602416934,0.295123943345516,0.0178571053367938,0,0.0160544575544276,0.201668103254877,0.188239390183048,0.1,0.5,0.5,1.2,0.05,,,NaN,NaN,NaN,NaN
SimpleBaseline,20,spike_bins,14,0.337900733501355,0.321463700911713,0.100222721487292,0.648136931585138,0.289125304341758,0.0178571053367938,0,0.0168729052085234,0.194593449872611,0.17720742600379,0.1,0.5,0.5,1.2,0.1,,,NaN,NaN,NaN,NaN
SimpleBaseline,20,spike_bins,14,0.294368227150152,0.27300898667493,0.107017535856259,0.649294066008772,0.237710871245514,0.0196428425477704,0,0.0170983639639775,0.159398383076271,0.135223894615877,0.1,0.5,0.5,1.2,0.2,,,NaN,NaN,NaN,NaN
SimpleBaseline,20,spike_bins,14,0.29995644532019,0.327432758237437,0.113344795592459,0.706332092518931,0.222816784367475,0.0178571053367938,0,0.0175402273804002,0.15702403313829,0.149256435726877,0.1,0.5,0.5,1.5,0.05,,,NaN,NaN,NaN,NaN
SimpleBaseline,20,spike_bins,14,0.295190308414146,0.316034824416074,0.114720390521885,0.709561650976305,0.21836475723784,0.0178571053367938,0,0.0182514340634106,0.151709811031187,0.142629102183839,0.1,0.5,0.5,1.5,0.1,,,NaN,NaN,NaN,NaN
SimpleBaseline,20,spike_bins,14,0.256518807621711,0.262516962444707,0.109527128806331,0.707816236959256,0.180608405974303,0.0178571053367938,0,0.0181312059834755,0.124959645055097,0.111812773837738,0.1,0.5,0.5,1.5,0.2,,,NaN,NaN,NaN,NaN
SimpleBaseline,20,spike_bins,14,0.384979752323089,0.397145976756675,0.124354096823509,0.438908749943088,0.504557704185585,0.0303570991365133,0.0499997372344563,0.00839021489940691,0.320449910711876,0.298778772478656,0.1,0.7,0.3,0.6,0.05,,,NaN,NaN,NaN,NaN
SimpleBaseline,20,spike_bins,14,0.376766835348662,0.390126742882052,0.115467403423032,0.438569241417813,0.490238050707832,0.0321428363474899,0.0499998603885351,0.00972800163135363,0.308940273205422,0.294173148153443,0.1,0.7,0.3,0.6,0.1,,,NaN,NaN,NaN,NaN
SimpleBaseline,20,spike_bins,14,0.327449193794902,0.346342150580294,0.0898745975554174,0.431235542540043,0.388875254739654,0.0321428363474899,0.0499998603885351,0.0133187618917453,0.2433495376262,0.233787781705407,0.1,0.7,0.3,0.6,0.2,,,NaN,NaN,NaN,NaN
SimpleBaseline,20,spike_bins,14,0.386727383686038,0.394217085064114,0.0955613428747867,0.534093750764008,0.425441263860265,0.024999942535156,0.0249998125785864,0.0117161131318275,0.2786000663682,0.258698996979715,0.1,0.7,0.3,0.9,0.05,,,NaN,NaN,NaN,NaN
SimpleBaseline,20,spike_bins,14,0.378438059987518,0.384080121789534,0.0904521066652367,0.534064230479066,0.414649740172786,0.0285714169571091,0.0499997372344563,0.0127718787772638,0.267306828656416,0.250716195966977,0.1,0.7,0.3,0.9,0.1,,,NaN,NaN,NaN,NaN
SimpleBaseline,20,spike_bins,14,0.331484519155653,0.342907947592606,0.0851923591856326,0.527035588385508,0.342169252657569,0.0303571266522995,0.0499997372344563,0.0142987398678148,0.218784721691335,0.204610872184559,0.1,0.7,0.3,0.9,0.2,,,NaN,NaN,NaN,NaN
SimpleBaseline,20,spike_bins,14,0.374110498536167,0.355710217810321,0.0966503992103875,0.632598051677194,0.347139957592678,0.0214285231447752,0,0.0141334104592858,0.235935111962413,0.223244077285476,0.1,0.7,0.3,1.2,0.05,,,NaN,NaN,NaN,NaN
SimpleBaseline,20,spike_bins,14,0.367616894396463,0.354009055030096,0.0960323545137004,0.633180720695369,0.340125266541909,0.0214285231447752,0,0.0149041717948908,0.227792216996138,0.213156606915114,0.1,0.7,0.3,1.2,0.1,,,NaN,NaN,NaN,NaN
SimpleBaseline,20,spike_bins,14,0.324845793342263,0.304985711962456,0.0990043691160038,0.623751670108045,0.287816742435165,0.0249999975667284,0.0249998125785864,0.0153068552855828,0.190868509468037,0.172138320314613,0.1,0.7,0.3,1.2,0.2,,,NaN,NaN,NaN,NaN
SimpleBaseline,20,spike_bins,14,0.341331604106618,0.338651059085842,0.12465505159219,0.713889177896222,0.269710789054779,0.0214285231447752,0,0.0145554713224666,0.188844337488636,0.181555421191442,0.1,0.7,0.3,1.5,0.05,,,NaN,NaN,NaN,NaN
SimpleBaseline,20,spike_bins,14,0.336334533452147,0.33025171624714,0.124411721335795,0.71575261746093,0.265178291467556,0.0214285231447752,0,0.0150266956600239,0.183859710586295,0.175712231921633,0.1,0.7,0.3,1.5,0.1,,,NaN,NaN,NaN,NaN
SimpleBaseline,20,spike_bins,14,0.296531333584887,0.284745651027939,0.11799307058913,0.705422060967129,0.225283207356361,0.0214285231447752,0,0.0154667978910632,0.15487164490031,0.135557458135969,0.1,0.7,0.3,1.5,0.2,,,NaN,NaN,NaN,NaN
SimpleBaseline,20,spike_bins,14,0.372175648609627,0.396017011902212,0.137101338654876,0.385184832660467,0.536242632021347,0.0357142189338728,0.0499998603885351,0.00526052223237891,0.335709458019165,0.319607301632844,0.1,0.9,0.1,0.6,0.05,,,NaN,NaN,NaN,NaN
SimpleBaseline,20,spike_bins,14,0.363790251147649,0.390485933913468,0.127334019581469,0.383086328401487,0.520387327451578,0.0357142189338728,0.0499998603885351,0.00687775016596332,0.324213380812789,0.307946738394017,0.1,0.9,0.1,0.6,0.1,,,NaN,NaN,NaN,NaN
SimpleBaseline,20,spike_bins,14,0.319240004809475,0.355112572185953,0.093244161798538,0.377132607574855,0.410981636114028,0.0321428363474899,0.0499998603885351,0.011533903684162,0.256961888634764,0.239991748160402,0.1,0.9,0.1,0.6,0.2,,,NaN,NaN,NaN,NaN
SimpleBaseline,20,spike_bins,14,0.382550602907822,0.387086166782974,0.11367549409473,0.478365084619526,0.46560158692909,0.0321428363474899,0.0499998603885351,0.00870680269176971,0.299556150566683,0.287186200403524,0.1,0.9,0.1,0.9,0.05,,,NaN,NaN,NaN,NaN
SimpleBaseline,20,spike_bins,14,0.374549423261933,0.387418022669214,0.106588757924837,0.477358535543918,0.454376524560882,0.0321428363474899,0.0499998603885351,0.00968371552390062,0.291136035379443,0.271487626478525,0.1,0.9,0.1,0.9,0.1,,,NaN,NaN,NaN,NaN
SimpleBaseline,20,spike_bins,14,0.330448099863838,0.333770890318831,0.0884555681688263,0.468011807506037,0.375424427735452,0.0321428363474899,0.0499998603885351,0.0126662765322182,0.238286625028894,0.22078280407197,0.1,0.9,0.1,0.9,0.2,,,NaN,NaN,NaN,NaN
SimpleBaseline,20,spike_bins,14,0.377125525458806,0.38214363007066,0.0920632799775731,0.562461956523018,0.393353825276347,0.024999942535156,0.0249998125785864,0.010376871244538,0.259964284168343,0.243782301229618,0.1,0.9,0.1,1.2,0.05,,,NaN,NaN,NaN,NaN
SimpleBaseline,20,spike_bins,14,0.370349428957481,0.375766005384609,0.0891720201656359,0.562559828057759,0.385834804986703,0.0285714169571091,0.0499997372344563,0.0110434775173388,0.252431359306499,0.235807269077394,0.1,0.9,0.1,1.2,0.1,,,NaN,NaN,NaN,NaN
SimpleBaseline,20,spike_bins,14,0.328623461228107,0.328460038986355,0.0862969538738119,0.552589673604458,0.327837229897904,0.0285714169571091,0.0499997372344563,0.012719953758888,0.213562715255823,0.20118789092696,0.1,0.9,0.1,1.2,0.2,,,NaN,NaN,NaN,NaN
SimpleBaseline,20,spike_bins,14,0.354988184082686,0.356482947946363,0.0999425448708018,0.64242649908201,0.31554302281384,0.0214285231447752,0,0.0130488271919183,0.217125418923068,0.209595342088182,0.1,0.9,0.1,1.5,0.05,,,NaN,NaN,NaN,NaN
SimpleBaseline,20,spike_bins,14,0.349430618175498,0.359232125898793,0.0995852333278457,0.643200659723135,0.310218961576099,0.0214285231447752,0,0.0135629217139092,0.210985957733636,0.200013812231952,0.1,0.9,0.1,1.5,0.1,,,NaN,NaN,NaN,NaN
SimpleBaseline,20,spike_bins,14,0.313599408834283,0.30295087469889,0.0990980382067132,0.634323317921194,0.269755713505732,0.024999942535156,0.0249998125785864,0.0140718259791673,0.182128351337824,0.161562600550928,0.1,0.9,0.1,1.5,0.2,,,NaN,NaN,NaN,NaN
SimpleBaseline,20,spike_bins,14,0.40201943384316,0.409866564799122,0.0981612460121116,0.594783025052042,0.412299954683372,0.021428579758747,0,0.00939249045510841,0.263247694300733,0.247342222945074,0.2,0.5,0.5,0.6,0.05,,,NaN,NaN,NaN,NaN
SimpleBaseline,20,spike_bins,14,0.378538878601667,0.39533275713051,0.0932532812421176,0.606755657424736,0.376196184013031,0.021428579758747,0,0.0142508080387711,0.239653049717206,0.225008850452403,0.2,0.5,0.5,0.6,0.1,,,NaN,NaN,NaN,NaN
SimpleBaseline,20,spike_bins,14,0.349104085682338,0.3688947489108,0.0991066895368541,0.602417955997587,0.337133221619856,0.0249999991491277,0.0249998125785864,0.0181600687683568,0.212840619520536,0.198640798679342,0.2,0.5,0.5,0.6,0.2,,,NaN,NaN,NaN,NaN
SimpleBaseline,20,spike_bins,14,0.377020828988533,0.353272784215471,0.0979911511593065,0.678564232610501,0.335425916395441,0.021428579758747,0,0.0113108482890826,0.221780353772344,0.204191794351439,0.2,0.5,0.5,0.9,0.05,,,NaN,NaN,NaN,NaN
SimpleBaseline,20,spike_bins,14,0.356067528141073,0.33400747958703,0.103959448902168,0.690324625856558,0.309603737789799,0.021428579758747,0,0.0152739432021834,0.203503912837851,0.179333377574794,0.2,0.5,0.5,0.9,0.1,,,NaN,NaN,NaN,NaN
SimpleBaseline,20,spike_bins,14,0.32956479037197,0.323908838617442,0.112844207725877,0.687634629692828,0.279290551877996,0.021428579758747,0,0.0183200563756108,0.181551708805935,0.163089942252795,0.2,0.5,0.5,0.9,0.2,,,NaN,NaN,NaN,NaN
SimpleBaseline,20,spike_bins,14,0.347089299676588,0.358739502236969,0.117666008160266,0.752721310280005,0.270743765955943,0.021428579758747,0,0.0124727321238096,0.181128838224556,0.172113962080202,0.2,0.5,0.5,1.2,0.05,,,NaN,NaN,NaN,NaN
SimpleBaseline,20,spike_bins,14,0.328448646596968,0.324151492629754,0.129244510146511,0.764927347867671,0.250344131646583,0.021428579758747,0,0.015882020983288,0.166712707761759,0.154664022808316,0.2,0.5,0.5,1.2,0.1,,,NaN,NaN,NaN,NaN
SimpleBaseline,20,spike_bins,14,0.304316138791145,0.292438995200354,0.131425107911651,0.761053689772762,0.226950601649841,0.021428579758747,0,0.0185396864831805,0.150827570976094,0.134489096439275,0.2,0.5,0.5,1.2,0.2,,,NaN,NaN,NaN,NaN
SimpleBaseline,20,spike_bins,14,0.292523885132185,0.300312595383692,0.14112033719141,0.805896141743333,0.202305732311794,0.0178571053367938,0,0.0147348534811915,0.142389689810377,0.136507589521195,0.2,0.5,0.5,1.5,0.05,,,NaN,NaN,NaN,NaN
SimpleBaseline,20,spike_bins,14,0.273253742310534,0.2665379926859,0.142779975321498,0.813717227380617,0.185514569301698,0.0178571053367938,0,0.0177143740066938,0.129491652392601,0.125619776580974,0.2,0.5,0.5,1.5,0.1,,,NaN,NaN,NaN,NaN
SimpleBaseline,20,spike_bins,14,0.25299696524816,0.238510482468186,0.13843722604879,0.812226916471237,0.168170147983145,0.0178571053367938,0,0.0195237875344909,0.117206258360723,0.107731414970464,0.2,0.5,0.5,1.5,0.2,,,NaN,NaN,NaN,NaN
SimpleBaseline,20,spike_bins,14,0.406888147635391,0.421307699052265,0.111604393515617,0.548738727171291,0.455658750434941,0.0249999975667284,0.0249998125785864,0.00700902174840851,0.294369819075126,0.291631280196703,0.2,0.7,0.3,0.6,0.05,,,NaN,NaN,NaN,NaN
SimpleBaseline,20,spike_bins,14,0.381025901260853,0.387097858346863,0.0983120625026707,0.556456700078145,0.412647728574027,0.0249999975667284,0.0249998125785864,0.0106449646854746,0.264512479788692,0.24535381691396,0.2,0.7,0.3,0.6,0.1,,,NaN,NaN,NaN,NaN
SimpleBaseline,20,spike_bins,14,0.351862866273288,0.359956634840693,0.095097445358674,0.551114691393055,0.372104855812997,0.0267857080531184,0.0374997749065214,0.0146725733403386,0.236305150544644,0.223795470948223,0.2,0.7,0.3,0.6,0.2,,,NaN,NaN,NaN,NaN
SimpleBaseline,20,spike_bins,14,0.399426450648478,0.395635354469767,0.101316909478558,0.65006872457366,0.383987030645641,0.021428579758747,0,0.0082950723828759,0.252964789527485,0.223939240114017,0.2,0.7,0.3,0.9,0.05,,,NaN,NaN,NaN,NaN
SimpleBaseline,20,spike_bins,14,0.376745565536919,0.377874517059368,0.104287953205572,0.658781602588907,0.353707750788771,0.021428579758747,0,0.0113874385324314,0.231438692579863,0.209003551256761,0.2,0.7,0.3,0.9,0.1,,,NaN,NaN,NaN,NaN
SimpleBaseline,20,spike_bins,14,0.350176959762307,0.35136712287562,0.110192108618873,0.653138263342129,0.32290567678301,0.021428579758747,0,0.0149494808552009,0.209562669529269,0.196864607200976,0.2,0.7,0.3,0.9,0.2,,,NaN,NaN,NaN,NaN
SimpleBaseline,20,spike_bins,14,0.375324371334412,0.368540990828628,0.117262766508578,0.736782847510813,0.311710511377811,0.021428579758747,0,0.0110225795025122,0.210348882329449,0.188128909762278,0.2,0.7,0.3,1.2,0.05,,,NaN,NaN,NaN,NaN
SimpleBaseline,20,spike_bins,14,0.354835874478746,0.329385731987963,0.124956860888873,0.744232590324561,0.287800368610304,0.021428579758747,0,0.0136500522546943,0.193444637127241,0.170246108137957,0.2,0.7,0.3,1.2,0.1,,,NaN,NaN,NaN,NaN
SimpleBaseline,20,spike_bins,14,0.330871003026457,0.306058765695308,0.129934801160719,0.738206082954958,0.263854670031136,0.021428579758747,0,0.0162256636307907,0.177577095627945,0.157582795360367,0.2,0.7,0.3,1.2,0.2,,,NaN,NaN,NaN,NaN
SimpleBaseline,20,spike_bins,14,0.338197261818126,0.340166916536848,0.14893841159114,0.808306882104088,0.247409680858679,0.021428579758747,0,0.0113595494687783,0.17195474216378,0.155817478006756,0.2,0.7,0.3,1.5,0.05,,,NaN,NaN,NaN,NaN
SimpleBaseline,20,spike_bins,14,0.31988596917915,0.317378948316321,0.152097432280158,0.819264435570319,0.228600415542878,0.021428579758747,0,0.0136407150850848,0.15638035927555,0.139599289564291,0.2,0.7,0.3,1.5,0.1,,,NaN,NaN,NaN,NaN
SimpleBaseline,20,spike_bins,14,0.300173639976174,0.278183998108683,0.150410801875032,0.814539764142291,0.21187576960438,0.0178571053367938,0,0.0160391348017906,0.145909260768483,0.123870339530741,0.2,0.7,0.3,1.5,0.2,,,NaN,NaN,NaN,NaN
SimpleBaseline,20,spike_bins,14,0.392026318711247,0.414177478219142,0.12495641654298,0.485425937640347,0.479143075399844,0.0249999623451299,0.0249996781046804,0.00398632250406661,0.308913972298022,0.300224416501443,0.2,0.9,0.1,0.6,0.05,,,NaN,NaN,NaN,NaN
SimpleBaseline,20,spike_bins,14,0.368308178444162,0.399077473572621,0.105722063283536,0.493241329857122,0.435997160950591,0.0267856904423192,0.0374996516309266,0.00855152623271726,0.280694438505442,0.261479267310684,0.2,0.9,0.1,0.6,0.1,,,NaN,NaN,NaN,NaN
SimpleBaseline,20,spike_bins,14,0.3399351647589,0.344915419016138,0.0960283790802596,0.488411419649974,0.390028985755889,0.0303571098326999,0.0499997483112516,0.0124805835905994,0.248106820893816,0.232450138633461,0.2,0.9,0.1,0.6,0.2,,,NaN,NaN,NaN,NaN
SimpleBaseline,20,spike_bins,14,0.39678586597451,0.400900470971404,0.0968019692292481,0.581904117245066,0.421899219991996,0.021428579758747,0,0.0062423079105761,0.277916228764318,0.259227337558482,0.2,0.9,0.1,0.9,0.05,,,NaN,NaN,NaN,NaN
SimpleBaseline,20,spike_bins,14,0.373490148809399,0.384904711931072,0.0914816379868611,0.587918857737719,0.38707999139084,0.021428579758747,0,0.00952046187767356,0.253425954889337,0.231648198121576,0.2,0.9,0.1,0.9,0.1,,,NaN,NaN,NaN,NaN
SimpleBaseline,20,spike_bins,14,0.347104705806014,0.343967613247409,0.0931391200858329,0.582492720673832,0.350909869659748,0.0249999991491277,0.0249998125785864,0.0127501201161721,0.227285858927879,0.21581879777313,0.2,0.9,0.1,0.9,0.2,,,NaN,NaN,NaN,NaN
SimpleBaseline,20,spike_bins,14,0.380856180619563,0.365652445522361,0.104813960057098,0.669173313518033,0.351675417354936,0.021428579758747,0,0.00782494749771239,0.237378495315819,0.218177037818487,0.2,0.9,0.1,1.2,0.05,,,NaN,NaN,NaN,NaN
SimpleBaseline,20,spike_bins,14,0.361686726489878,0.359553038065227,0.109308640265751,0.675993653798644,0.328212172825553,0.021428579758747,0,0.0108709204702471,0.219212624729948,0.19513595181538,0.2,0.9,0.1,1.2,0.1,,,NaN,NaN,NaN,NaN
SimpleBaseline,20,spike_bins,14,0.338854076117666,0.335337522268766,0.111837540348111,0.670449454707218,0.301454158083901,0.021428579758747,0,0.0132025832852782,0.201546825278071,0.183203619676356,0.2,0.9,0.1,1.2,0.2,,,NaN,NaN,NaN,NaN
SimpleBaseline,20,spike_bins,14,0.356317772711814,0.359577843691798,0.128643030827798,0.743721088528582,0.287905706606214,0.021428579758747,0,0.00905040619092802,0.197178538809966,0.180847988910812,0.2,0.9,0.1,1.5,0.05,,,NaN,NaN,NaN,NaN
SimpleBaseline,20,spike_bins,14,0.339171926574313,0.34774389451422,0.135482568434347,0.751586509021823,0.269522924588733,0.021428579758747,0,0.0116710402510298,0.183293057169947,0.162589558186472,0.2,0.9,0.1,1.5,0.1,,,NaN,NaN,NaN,NaN
SimpleBaseline,20,spike_bins,14,0.31877645746752,0.319815474942336,0.135654917360095,0.745664939063414,0.250067563398418,0.0196428425477704,0,0.0136289157391134,0.170355404232447,0.149795270828328,0.2,0.9,0.1,1.5,0.2,,,NaN,NaN,NaN,NaN
SimpleBaseline,20,spike_bins,14,0.410116162873,0.449041573013396,0.102225952585655,0.628826574519212,0.413890153295191,0.0321428448196064,0.0499997372344563,0.00365505685444074,0.255973780864282,0.228962446686508,0.3,0.5,0.5,0.6,0.05,,,NaN,NaN,NaN,NaN
SimpleBaseline,20,spike_bins,14,0.392190085056531,0.411021789866906,0.100467881398362,0.645858239594085,0.386745891865031,0.0321428448196064,0.0499997372344563,0.00760637751290055,0.235163903268558,0.217421344702031,0.3,0.5,0.5,0.6,0.1,,,NaN,NaN,NaN,NaN
SimpleBaseline,20,spike_bins,14,0.330153374638516,0.348351485739857,0.0988770156171786,0.65209651999017,0.294672806650606,0.0249999735578603,0.0249998125785864,0.0118193461700891,0.183084607437246,0.170549911424715,0.3,0.5,0.5,0.6,0.2,,,NaN,NaN,NaN,NaN
SimpleBaseline,20,spike_bins,14,0.386786767820305,0.401293394976513,0.112521421977359,0.711207897025392,0.337476966839909,0.0285714479798135,0.0499997372344563,0.00543281491265961,0.212250250152945,0.196179100174787,0.3,0.5,0.5,0.9,0.05,,,NaN,NaN,NaN,NaN
SimpleBaseline,20,spike_bins,14,0.369525869950531,0.371209779883933,0.125207931379855,0.729390184511825,0.314328970553611,0.0285714479798135,0.0499997372344563,0.00874795679973131,0.196418743686336,0.167914187295343,0.3,0.5,0.5,0.9,0.1,,,NaN,NaN,NaN,NaN
SimpleBaseline,20,spike_bins,14,0.31223361094232,0.297767760659483,0.118615247628646,0.734916894208009,0.245544339049288,0.0214285557498788,0,0.0120201456911954,0.158735891914408,0.139480612184996,0.3,0.5,0.5,0.9,0.2,,,NaN,NaN,NaN,NaN
SimpleBaseline,20,spike_bins,14,0.342808973933964,0.353130434782609,0.13501053528773,0.783695446854751,0.25916089815851,0.025000030171832,0.0249998125785864,0.00609465245646941,0.166214709039727,0.164315761976045,0.3,0.5,0.5,1.2,0.05,,,NaN,NaN,NaN,NaN
SimpleBaseline,20,spike_bins,14,0.327399588225347,0.32284074681335,0.152169604224693,0.803953599286835,0.241338402757075,0.0178571475047552,0,0.00943313558666812,0.154056302134087,0.141037491952051,0.3,0.5,0.5,1.2,0.1,,,NaN,NaN,NaN,NaN
SimpleBaseline,20,spike_bins,14,0.268854174599326,0.250360031018057,0.128288557910625,0.805894883008887,0.184855766058849,0.014285673082802,0,0.0117217039542103,0.123642350627764,0.114707919566777,0.3,0.5,0.5,1.2,0.2,,,NaN,NaN,NaN,NaN
SimpleBaseline,20,spike_bins,14,0.281949347516272,0.276134443553468,0.153492629824971,0.833357584858315,0.190766725055713,0.0178571475047552,0,0.00750278444192469,0.125218669519969,0.122450627828098,0.3,0.5,0.5,1.5,0.05,,,NaN,NaN,NaN,NaN
SimpleBaseline,20,spike_bins,14,0.265539348454564,0.247111262205602,0.160837762384026,0.847710517206099,0.17622163021761,0.0178571475047552,0,0.00976565997629491,0.115878201056089,0.108772963726036,0.3,0.5,0.5,1.5,0.1,,,NaN,NaN,NaN,NaN
SimpleBaseline,20,spike_bins,14,0.217108896835199,0.196308479897613,0.127198430538667,0.849995258203405,0.135643037261452,0.014285673082802,0,0.0112211823090293,0.0933208315469875,0.08730650057266,0.3,0.5,0.5,1.5,0.2,,,NaN,NaN,NaN,NaN
SimpleBaseline,20,spike_bins,14,0.425046426790167,0.441779739503705,0.108787497161445,0.590795665639961,0.465822123018403,0.0285714479798135,0.0499997372344563,-5.6551277499271e-05,0.282701498782055,0.267454176415256,0.3,0.7,0.3,0.6,0.05,,,NaN,NaN,NaN,NaN
SimpleBaseline,20,spike_bins,14,0.404782370192221,0.428518971300115,0.0989028522459701,0.604942916028721,0.435504122153677,0.03035714639971,0.0499997372344563,0.00451712976387577,0.260193227495354,0.24513163737346,0.3,0.7,0.3,0.6,0.1,,,NaN,NaN,NaN,NaN
SimpleBaseline,20,spike_bins,14,0.342403654992832,0.356926326980763,0.0869895199838505,0.607358829109278,0.335177651460984,0.0285714479798135,0.0499997372344563,0.00920125470695868,0.201122330514763,0.187587349307685,0.3,0.7,0.3,0.6,0.2,,,NaN,NaN,NaN,NaN
SimpleBaseline,20,spike_bins,14,0.413491994235579,0.414133190617516,0.108442971301601,0.685353194033068,0.391061515999855,0.0285714479798135,0.0499997372344563,0.00156938435368331,0.243592698838995,0.218717418785997,0.3,0.7,0.3,0.9,0.05,,,NaN,NaN,NaN,NaN
SimpleBaseline,20,spike_bins,14,0.396629466920214,0.430761606083749,0.116699224706247,0.70333430998717,0.367319647964395,0.0285714479798135,0.0499997372344563,0.00560494171962799,0.224996267821932,0.203125636671796,0.3,0.7,0.3,0.9,0.1,,,NaN,NaN,NaN,NaN
SimpleBaseline,20,spike_bins,14,0.335596945427583,0.35824731412,0.112851632795581,0.707195193923779,0.287901403227945,0.0249999735578603,0.0249998125785864,0.00944366464370298,0.17760898149559,0.160761895633603,0.3,0.7,0.3,0.9,0.2,,,NaN,NaN,NaN,NaN
SimpleBaseline,20,spike_bins,14,0.38723650465484,0.386367033733619,0.141915264004563,0.774219398610884,0.319062111194367,0.0285714479798135,0.0499997372344563,0.00242693356804649,0.20172231899781,0.179258913661381,0.3,0.7,0.3,1.2,0.05,,,NaN,NaN,NaN,NaN
SimpleBaseline,20,spike_bins,14,0.372428175601054,0.370561738208797,0.157647580652582,0.792875905056543,0.300818745723916,0.0285714479798135,0.0499997372344563,0.00624907030682104,0.18853564075284,0.165088752640254,0.3,0.7,0.3,1.2,0.1,,,NaN,NaN,NaN,NaN
SimpleBaseline,20,spike_bins,14,0.314343093429007,0.305213341346154,0.141724366486526,0.791582049016998,0.238943162726486,0.0196428142407845,0,0.00888770792246911,0.151930882642986,0.134203061662804,0.3,0.7,0.3,1.2,0.2,,,NaN,NaN,NaN,NaN
SimpleBaseline,20,spike_bins,14,0.337488019757159,0.350227917754964,0.167686466272241,0.840069876169126,0.243402403589917,0.0214285816152884,0.012499962327935,0.00439952075873221,0.15823581306143,0.144649621322468,0.3,0.7,0.3,1.5,0.05,,,NaN,NaN,NaN,NaN
SimpleBaseline,20,spike_bins,14,0.323376422263496,0.323408216140919,0.177219095247149,0.860859537210909,0.229052503419995,0.0232143068218309,0.012499962327935,0.00783561099473254,0.148935848661434,0.126131574455792,0.3,0.7,0.3,1.5,0.1,,,NaN,NaN,NaN,NaN
SimpleBaseline,20,spike_bins,14,0.274908775759332,0.256678008878473,0.155525373002441,0.863778533103901,0.185033583492335,0.0160713892097979,0,0.00928089646743601,0.122519661578276,0.104710563633543,0.3,0.7,0.3,1.5,0.2,,,NaN,NaN,NaN,NaN
SimpleBaseline,20,spike_bins,14,0.410195784586781,0.427589067300937,0.118350507864774,0.532211868584036,0.491018028966069,0.0321428448196064,0.0499997372344563,-0.00288962635759058,0.297511498058115,0.293487154819156,0.3,0.9,0.1,0.6,0.05,,,NaN,NaN,NaN,NaN
SimpleBaseline,20,spike_bins,14,0.390425484906768,0.385890084377416,0.101169504783821,0.546210512738151,0.457254862697591,0.0321428448196064,0.0499997372344563,0.00215484155414594,0.273817878304383,0.266624845530501,0.3,0.9,0.1,0.6,0.1,,,NaN,NaN,NaN,NaN
SimpleBaseline,20,spike_bins,14,0.332622850569475,0.351784560723514,0.0824637127033096,0.547064013213698,0.350584742992204,0.0285714479798135,0.0499997372344563,0.00602868351554295,0.210078555907485,0.201788446244444,0.3,0.9,0.1,0.6,0.2,,,NaN,NaN,NaN,NaN
SimpleBaseline,20,spike_bins,14,0.411590793934779,0.42904277224765,0.0995032876069225,0.620888127302512,0.427842741646647,0.0285714479798135,0.0499997372344563,-0.00123025034494626,0.262410429182937,0.243261567797281,0.3,0.9,0.1,0.9,0.05,,,NaN,NaN,NaN,NaN
SimpleBaseline,20,spike_bins,14,0.392877967508251,0.406510190332684,0.098098466425183,0.633105948911837,0.401019648934627,0.0285714479798135,0.0499997372344563,0.00281448924820952,0.243091214579143,0.229622197215661,0.3,0.9,0.1,0.9,0.1,,,NaN,NaN,NaN,NaN
SimpleBaseline,20,spike_bins,14,0.334687419475219,0.35766462979621,0.0926087063385582,0.633165449376292,0.315286137968507,0.0285714479798135,0.0499997372344563,0.00582950472243128,0.191666874645687,0.179257894476782,0.3,0.9,0.1,0.9,0.2,,,NaN,NaN,NaN,NaN
SimpleBaseline,20,spike_bins,14,0.3986157946268,0.425898144492696,0.120558560928042,0.711866636812879,0.363988477376044,0.0285714479798135,0.0499997372344563,-8.51524011024333e-05,0.225225356568733,0.209829263458824,0.3,0.9,0.1,1.2,0.05,,,NaN,NaN,NaN,NaN
SimpleBaseline,20,spike_bins,14,0.382772630007729,0.401640765974798,0.129960796428952,0.726555668169285,0.342074390488357,0.0285714479798135,0.0499997372344563,0.00354016998674634,0.209923703347919,0.194791581569428,0.3,0.9,0.1,1.2,0.1,,,NaN,NaN,NaN,NaN
SimpleBaseline,20,spike_bins,14,0.327282764549936,0.337445650910275,0.123311065131893,0.726933475098535,0.275919527649378,0.0249999975667284,0.0249998125785864,0.00581040442909256,0.171100792461868,0.153879155548062,0.3,0.9,0.1,1.2,0.2,,,NaN,NaN,NaN,NaN
SimpleBaseline,20,spike_bins,14,0.365965862054012,0.381095213245552,0.151487264668142,0.781220189745553,0.293432090026609,0.0250000157258216,0.0249998125785864,0.00162266450560663,0.1858732499457,0.16953981571626,0.3,0.9,0.1,1.5,0.05,,,NaN,NaN,NaN,NaN
SimpleBaseline,20,spike_bins,14,0.352536908860986,0.360288436775689,0.161166905701936,0.799971871774948,0.276934276729109,0.0267857318528175,0.0374998254675577,0.00469147111316003,0.174849264532339,0.160964120085075,0.3,0.9,0.1,1.5,0.1,,,NaN,NaN,NaN,NaN
SimpleBaseline,20,spike_bins,14,0.303464502726095,0.311934566329124,0.145768337328491,0.798225659345911,0.227362216136278,0.0249999975667284,0.0249998125785864,0.00559401614397224,0.145162594588956,0.126702425285372,0.3,0.9,0.1,1.5,0.2,,,NaN,NaN,NaN,NaN
OASIS,20,spike_bins,14,0.333967926475361,0.36242965500367,0.134782994803375,0.552663144101425,0.409592049363997,0.0249999478991195,0.0249996781046804,0.000514144795289729,0.265307687499999,0.2757012496614,NaN,NaN,NaN,NaN,NaN,ar1,foopsi,1,1,0.75,0.05
OASIS,20,spike_bins,14,0.31632130702006,0.339249473613377,0.130766275034044,0.554626002731153,0.385493999256175,0.0214285250954383,0,0.004349430373648,0.254937476048826,0.269168111793237,NaN,NaN,NaN,NaN,NaN,ar1,foopsi,1,1,0.75,0.1
OASIS,20,spike_bins,14,0.295782246095881,0.314465408805031,0.125689685637854,0.551647006879875,0.351641290077633,0.0249999573494301,0.0249996781046804,0.00582042136548611,0.235506697438273,0.247296980737865,NaN,NaN,NaN,NaN,NaN,ar1,foopsi,1,1,0.75,0.15
OASIS,20,spike_bins,14,0.281241142481857,0.305141990625862,0.121708365760066,0.552675077118308,0.317468171830516,0.0232142201384535,0.0125001604768362,0.00562827497209217,0.213974721383195,0.232825462398624,NaN,NaN,NaN,NaN,NaN,ar1,foopsi,1,1,0.75,0.2
OASIS,20,spike_bins,14,0.336697558332892,0.376300877944602,0.135091455499809,0.579520328792263,0.390791437943696,0.023214256605928,0.0124998390523402,0.000923364693337342,0.2590557571307,0.258801720763817,NaN,NaN,NaN,NaN,NaN,ar1,foopsi,1,1,1,0.05
OASIS,20,spike_bins,14,0.31943258765876,0.348471023984823,0.132927524830909,0.582456473291855,0.368337173737936,0.0160714052980788,0,0.00418268588561698,0.247274053561522,0.255563840285877,NaN,NaN,NaN,NaN,NaN,ar1,foopsi,1,1,1,0.1
OASIS,20,spike_bins,14,0.29978030896073,0.330788531940274,0.128947922762593,0.580469363010133,0.338431525630035,0.0196428375520706,0,0.00547935558706182,0.229109879574149,0.239090723380968,NaN,NaN,NaN,NaN,NaN,ar1,foopsi,1,1,1,0.15
OASIS,20,spike_bins,14,0.283567754285451,0.309059068534646,0.125353973913889,0.579600928285661,0.306560664305713,0.017857100341094,0,0.00517565958269917,0.208917880809148,0.225271963365242,NaN,NaN,NaN,NaN,NaN,ar1,foopsi,1,1,1,0.2
OASIS,20,spike_bins,14,0.339654268639798,0.372709799231784,0.138013918264965,0.609074845265616,0.368472360560785,0.0214285653127366,0,0.00228566331968273,0.246633755859992,0.238113768834364,NaN,NaN,NaN,NaN,NaN,ar1,foopsi,1,1,1.25,0.05
OASIS,20,spike_bins,14,0.323339575886809,0.354369154856848,0.136781978971733,0.611067133469342,0.348566285250001,0.01964282810176,0,0.00498552600404836,0.236457674104195,0.235539585160881,NaN,NaN,NaN,NaN,NaN,ar1,foopsi,1,1,1.25,0.1
OASIS,20,spike_bins,14,0.304508913674014,0.34827220333261,0.132716046772619,0.609298048030398,0.322969931117026,0.0196428375520706,0,0.00596349363916385,0.22005991375043,0.225631247982473,NaN,NaN,NaN,NaN,NaN,ar1,foopsi,1,1,1.25,0.15
OASIS,20,spike_bins,14,0.287747534717269,0.322253174329922,0.129032671367488,0.60786892265354,0.293941113997101,0.0142856680871022,0,0.00564266127646038,0.201462459158602,0.212791604440577,NaN,NaN,NaN,NaN,NaN,ar1,foopsi,1,1,1.25,0.2
OASIS,20,spike_bins,14,0.340145023909356,0.347581035071526,0.136953532774584,0.639613515043757,0.345421479098951,0.0214285653127366,0,0.00315727690698717,0.235011003958362,0.220723918289635,NaN,NaN,NaN,NaN,NaN,ar1,foopsi,1,1,1.5,0.05
OASIS,20,spike_bins,14,0.324373302682453,0.35237473478048,0.137582960495662,0.642414807274979,0.327532151883399,0.0160714052980788,0,0.00556949148977008,0.224563006527322,0.212683742588176,NaN,NaN,NaN,NaN,NaN,ar1,foopsi,1,1,1.5,0.1
OASIS,20,spike_bins,14,0.30537937127177,0.345159727565473,0.134423218117142,0.637237089032126,0.304066775242658,0.0196428375520706,0,0.00641789120602957,0.209144382143572,0.205279522706391,NaN,NaN,NaN,NaN,NaN,ar1,foopsi,1,1,1.5,0.15
OASIS,20,spike_bins,14,0.288901561610145,0.328135287002588,0.130863627287168,0.635105344860642,0.277952744187011,0.0142856680871022,0,0.00553983339415656,0.192369357570871,0.194175476253514,NaN,NaN,NaN,NaN,NaN,ar1,foopsi,1,1,1.5,0.2
OASIS,20,spike_bins,14,0.332352728581351,0.35743671769813,0.143125552877332,0.704042038216742,0.295265700312754,0.0214285653127366,0,0.00466136940391554,0.205853244519317,0.183603704743478,NaN,NaN,NaN,NaN,NaN,ar1,foopsi,1,1,2,0.05
OASIS,20,spike_bins,14,0.317280600147781,0.331429366766058,0.145724054339362,0.705420656940348,0.280458340744476,0.01964282810176,0,0.00642410686636602,0.195842011255587,0.171660694009975,NaN,NaN,NaN,NaN,NaN,ar1,foopsi,1,1,2,0.1
OASIS,20,spike_bins,14,0.299075841148079,0.306449107253822,0.142880773078257,0.699012753789934,0.260464489707754,0.0142856680871022,0,0.00683080888520197,0.18255631549608,0.157802067353099,NaN,NaN,NaN,NaN,NaN,ar1,foopsi,1,1,2,0.15
OASIS,20,spike_bins,14,0.284023120018282,0.292453034486492,0.138049887942621,0.697063632674358,0.241228693254462,0.0142856680871022,0,0.00588984043815357,0.169900719967859,0.147707743555578,NaN,NaN,NaN,NaN,NaN,ar1,foopsi,1,1,2,0.2
OASIS,20,spike_bins,14,0.310696692217807,0.300603937559319,0.15642163219479,0.762571934716913,0.240238550068486,0.0160714052980788,0,0.0059079036401285,0.173087112464081,0.152220920477305,NaN,NaN,NaN,NaN,NaN,ar1,foopsi,1,1,2.5,0.05
OASIS,20,spike_bins,14,0.29666026321494,0.294082825007078,0.158596179522666,0.764470675161449,0.228234012193959,0.0142856680871022,0,0.00731834314315059,0.164311482183633,0.139252930680453,NaN,NaN,NaN,NaN,NaN,ar1,foopsi,1,1,2.5,0.1
OASIS,20,spike_bins,14,0.28097505173046,0.291377768454523,0.154552688393249,0.758999109189382,0.213983381962659,0.0142856680871022,0,0.00754917847236657,0.153711187062256,0.128592475387823,NaN,NaN,NaN,NaN,NaN,ar1,foopsi,1,1,2.5,0.15
OASIS,20,spike_bins,14,0.267431717339956,0.285222221283808,0.149559737466432,0.756693466824256,0.200405109347934,0.0142856680871022,0,0.00680328733931962,0.144074005855358,0.119494247252598,NaN,NaN,NaN,NaN,NaN,ar1,foopsi,1,1,2.5,0.2
SimpleBaseline,10,spike_bins,14,0.418906338881364,0.435273279783172,0.111086636197673,0.568639479385284,0.458555728316327,0,0,0.0147860045387239,0.308030853598197,0.317755949582409,0.1,0.5,0.5,0.6,0.05,,,NaN,NaN,NaN,NaN
SimpleBaseline,10,spike_bins,14,0.418906338881364,0.435273279783172,0.111086636197673,0.568639479385284,0.458555728316327,0,0,0.0147860045387239,0.308030853598197,0.317755949582409,0.1,0.5,0.5,0.6,0.1,,,NaN,NaN,NaN,NaN
SimpleBaseline,10,spike_bins,14,0.380167013562817,0.405758891645988,0.10823194426758,0.566954844947093,0.394399006316139,0.00714284895184805,0,0.016444657826383,0.265048390936057,0.287191526612031,0.1,0.5,0.5,0.6,0.2,,,NaN,NaN,NaN,NaN
SimpleBaseline,10,spike_bins,14,0.40493185049498,0.442634179543624,0.104597521694172,0.654871289225063,0.378925907329141,0,0,0.0155224103024036,0.264584974375216,0.256156363666638,0.1,0.5,0.5,0.9,0.05,,,NaN,NaN,NaN,NaN
SimpleBaseline,10,spike_bins,14,0.40493185049498,0.442634179543624,0.104597521694172,0.654871289225063,0.378925907329141,0,0,0.0155224103024036,0.264584974375216,0.256156363666638,0.1,0.5,0.5,0.9,0.1,,,NaN,NaN,NaN,NaN
SimpleBaseline,10,spike_bins,14,0.370112475757312,0.385225156391767,0.111192368471732,0.65345987046116,0.333234090571712,0,0,0.0159806555202528,0.233104821615222,0.240886699998227,0.1,0.5,0.5,0.9,0.2,,,NaN,NaN,NaN,NaN
SimpleBaseline,10,spike_bins,14,0.373125787534798,0.386790190082149,0.122045230195505,0.727585238144632,0.301731051891546,0,0,0.0162421517571938,0.221460789995373,0.216300036126595,0.1,0.5,0.5,1.2,0.05,,,NaN,NaN,NaN,NaN
SimpleBaseline,10,spike_bins,14,0.373125787534798,0.386790190082149,0.122045230195505,0.727585238144632,0.301731051891546,0,0,0.0162421517571938,0.221460789995373,0.216300036126595,0.1,0.5,0.5,1.2,0.1,,,NaN,NaN,NaN,NaN
SimpleBaseline,10,spike_bins,14,0.342727840579371,0.351643387241587,0.125160699814576,0.725442695653655,0.269846797514509,0.00714284895184805,0,0.0158287290929831,0.198821791340442,0.191686605258064,0.1,0.5,0.5,1.2,0.2,,,NaN,NaN,NaN,NaN
SimpleBaseline,10,spike_bins,14,0.323819796582564,0.333552391383717,0.134541905756735,0.791386614397473,0.229516769741531,0.00714284895184805,0,0.0157646757910537,0.175472225113738,0.163781711462182,0.1,0.5,0.5,1.5,0.05,,,NaN,NaN,NaN,NaN
SimpleBaseline,10,spike_bins,14,0.323819796582564,0.333552391383717,0.134541905756735,0.791386614397473,0.229516769741531,0.00714284895184805,0,0.0157646757910537,0.175472225113738,0.163781711462182,0.1,0.5,0.5,1.5,0.1,,,NaN,NaN,NaN,NaN
SimpleBaseline,10,spike_bins,14,0.299499296026892,0.290157431892258,0.133326853292683,0.789522250312821,0.208381963159475,0.00714284895184805,0,0.0159282582915499,0.158482395543426,0.143094355994799,0.1,0.5,0.5,1.5,0.2,,,NaN,NaN,NaN,NaN
SimpleBaseline,10,spike_bins,14,0.420192669144636,0.419479964498208,0.11516616645947,0.529634988405684,0.496538118108198,0,0,0.0120452308466559,0.330450332686758,0.330966085802846,0.1,0.7,0.3,0.6,0.05,,,NaN,NaN,NaN,NaN
SimpleBaseline,10,spike_bins,14,0.420192669144636,0.419479964498208,0.11516616645947,0.529634988405684,0.496538118108198,0,0,0.0120452308466559,0.330450332686758,0.330966085802846,0.1,0.7,0.3,0.6,0.1,,,NaN,NaN,NaN,NaN
SimpleBaseline,10,spike_bins,14,0.381998353701278,0.370892063735254,0.102987344615725,0.525550766734299,0.429421433003474,0.00714284895184805,0,0.0151050559091621,0.284601846936511,0.30628978717941,0.1,0.7,0.3,0.6,0.2,,,NaN,NaN,NaN,NaN
SimpleBaseline,10,spike_bins,14,0.415159831196265,0.44941354266435,0.107456233862442,0.622633499667649,0.413336111711975,0,0,0.0134269634232172,0.288107695555396,0.280841564878877,0.1,0.7,0.3,0.9,0.05,,,NaN,NaN,NaN,NaN
SimpleBaseline,10,spike_bins,14,0.415159831196265,0.44941354266435,0.107456233862442,0.622633499667649,0.413336111711975,0,0,0.0134269634232172,0.288107695555396,0.280841564878877,0.1,0.7,0.3,0.9,0.1,,,NaN,NaN,NaN,NaN
SimpleBaseline,10,spike_bins,14,0.380404830185805,0.410263922021137,0.108996601164661,0.617165245504215,0.366004530155299,0.00357142447592402,0,0.0152006588329857,0.254056118192654,0.261201647896228,0.1,0.7,0.3,0.9,0.2,,,NaN,NaN,NaN,NaN
SimpleBaseline,10,spike_bins,14,0.39714724277308,0.404971136996186,0.117549932672564,0.714568791505112,0.337578171608662,0,0,0.0149138032350037,0.244609010840447,0.221628711095207,0.1,0.7,0.3,1.2,0.05,,,NaN,NaN,NaN,NaN
SimpleBaseline,10,spike_bins,14,0.39714724277308,0.404971136996186,0.117549932672564,0.714568791505112,0.337578171608662,0,0,0.0149138032350037,0.244609010840447,0.221628711095207,0.1,0.7,0.3,1.2,0.1,,,NaN,NaN,NaN,NaN
SimpleBaseline,10,spike_bins,14,0.368512378343764,0.381648874502639,0.119378854036423,0.709974139628223,0.306555846574339,0.00357142447592402,0,0.0156418397865608,0.22212356191529,0.205372514117267,0.1,0.7,0.3,1.2,0.2,,,NaN,NaN,NaN,NaN
SimpleBaseline,10,spike_bins,14,0.355932445022252,0.34897582092704,0.141193688882552,0.797283727024373,0.259456240350429,0,0,0.0150657059057241,0.200194299800575,0.176290781218149,0.1,0.7,0.3,1.5,0.05,,,NaN,NaN,NaN,NaN
SimpleBaseline,10,spike_bins,14,0.355932445022252,0.34897582092704,0.141193688882552,0.797283727024373,0.259456240350429,0,0,0.0150657059057241,0.200194299800575,0.176290781218149,0.1,0.7,0.3,1.5,0.1,,,NaN,NaN,NaN,NaN
SimpleBaseline,10,spike_bins,14,0.334409621718665,0.333442665966938,0.136976007305739,0.791934918134833,0.240205199258785,0.00714284895184805,0,0.0155151865009643,0.183920007440874,0.164390816219953,0.1,0.7,0.3,1.5,0.2,,,NaN,NaN,NaN,NaN
SimpleBaseline,10,spike_bins,14,0.414427692369727,0.426043222847056,0.125162764266503,0.482670389735829,0.528164088943062,0,0,0.00974866351990026,0.34816984655417,0.347062167734274,0.1,0.9,0.1,0.6,0.05,,,NaN,NaN,NaN,NaN
SimpleBaseline,10,spike_bins,14,0.414427692369727,0.426043222847056,0.125162764266503,0.482670389735829,0.528164088943062,0,0,0.00974866351990026,0.34816984655417,0.347062167734274,0.1,0.9,0.1,0.6,0.1,,,NaN,NaN,NaN,NaN
SimpleBaseline,10,spike_bins,14,0.379004967155215,0.380623299986169,0.109384045419516,0.479271584168556,0.453395100980269,0.00714284895184805,0,0.0129189314112584,0.295746212210543,0.319348422325465,0.1,0.9,0.1,0.6,0.2,,,NaN,NaN,NaN,NaN
SimpleBaseline,10,spike_bins,14,0.41099139821093,0.4170639721056,0.100920920559945,0.565474091320707,0.448916940653388,0,0,0.0114908174992716,0.30573626014736,0.304242132235387,0.1,0.9,0.1,0.9,0.05,,,NaN,NaN,NaN,NaN
SimpleBaseline,10,spike_bins,14,0.41099139821093,0.4170639721056,0.100920920559945,0.565474091320707,0.448916940653388,0,0,0.0114908174992716,0.30573626014736,0.304242132235387,0.1,0.9,0.1,0.9,0.1,,,NaN,NaN,NaN,NaN
SimpleBaseline,10,spike_bins,14,0.37789621325888,0.378508771929825,0.0977983804747467,0.560189257361766,0.397405564026997,0.00714284895184805,0,0.0136377676030177,0.268615989751268,0.280523318592816,0.1,0.9,0.1,0.9,0.2,,,NaN,NaN,NaN,NaN
SimpleBaseline,10,spike_bins,14,0.401716166482047,0.418952560969988,0.105531837428911,0.659732402586044,0.369052114483011,0,0,0.0129345971052592,0.261614751933561,0.248400348853422,0.1,0.9,0.1,1.2,0.05,,,NaN,NaN,NaN,NaN
SimpleBaseline,10,spike_bins,14,0.401716166482047,0.418952560969988,0.105531837428911,0.659732402586044,0.369052114483011,0,0,0.0129345971052592,0.261614751933561,0.248400348853422,0.1,0.9,0.1,1.2,0.1,,,NaN,NaN,NaN,NaN
SimpleBaseline,10,spike_bins,14,0.37230596446332,0.385932036121142,0.106781047086693,0.652580433442942,0.333259620953701,0.00714284895184805,0,0.0150911461706117,0.234688733227307,0.226675616441065,0.1,0.9,0.1,1.2,0.2,,,NaN,NaN,NaN,NaN
SimpleBaseline,10,spike_bins,14,0.371920798039465,0.370420475819566,0.122800745967818,0.735576612305833,0.292938565936116,0,0,0.0139700006988507,0.219822421466763,0.199163294837658,0.1,0.9,0.1,1.5,0.05,,,NaN,NaN,NaN,NaN
SimpleBaseline,10,spike_bins,14,0.371920798039465,0.370420475819566,0.122800745967818,0.735576612305833,0.292938565936116,0,0,0.0139700006988507,0.219822421466763,0.199163294837658,0.1,0.9,0.1,1.5,0.1,,,NaN,NaN,NaN,NaN
SimpleBaseline,10,spike_bins,14,0.348097410541001,0.331495303232398,0.120363980120767,0.729305298587194,0.269503204636676,0.00714284895184805,0,0.0151952901550792,0.200402285775978,0.177253189328104,0.1,0.9,0.1,1.5,0.2,,,NaN,NaN,NaN,NaN
SimpleBaseline,10,spike_bins,14,0.389691495420727,0.403585561817964,0.121448677500141,0.639025335323648,0.368997179264985,0.0285713626610759,0,0.03122851696063,0.206961016677291,0.2079900386352,0.2,0.5,0.5,0.6,0.05,,,NaN,NaN,NaN,NaN
SimpleBaseline,10,spike_bins,14,0.389691495420727,0.403585561817964,0.121448677500141,0.639025335323648,0.368997179264985,0.0285713626610759,0,0.03122851696063,0.206961016677291,0.2079900386352,0.2,0.5,0.5,0.6,0.1,,,NaN,NaN,NaN,NaN
SimpleBaseline,10,spike_bins,14,0.379824696620824,0.387179656103828,0.122172413932629,0.637654830223223,0.356465994774103,0.0285713626610759,0,0.0313847366952198,0.200070712800136,0.199937159614579,0.2,0.5,0.5,0.6,0.2,,,NaN,NaN,NaN,NaN
SimpleBaseline,10,spike_bins,14,0.372167539603919,0.40365234323606,0.138014902860144,0.720301979813132,0.306631961792002,0.0285713626610759,0,0.0311517034135468,0.175637228854554,0.181818181818182,0.2,0.5,0.5,0.9,0.05,,,NaN,NaN,NaN,NaN
SimpleBaseline,10,spike_bins,14,0.372167539603919,0.40365234323606,0.138014902860144,0.720301979813132,0.306631961792002,0.0285713626610759,0,0.0311517034135468,0.175637228854554,0.181818181818182,0.2,0.5,0.5,0.9,0.1,,,NaN,NaN,NaN,NaN
SimpleBaseline,10,spike_bins,14,0.363375831627662,0.388647840187179,0.139384206209393,0.716942042677374,0.298156265803247,0.0285713626610759,0,0.0311590016413627,0.171452041676932,0.175964716287297,0.2,0.5,0.5,0.9,0.2,,,NaN,NaN,NaN,NaN
SimpleBaseline,10,spike_bins,14,0.335345147127163,0.340232736243553,0.141945885868171,0.783978902455897,0.244606077259241,0.0214285590671941,0,0.0302041498175535,0.14570892875648,0.150687848515848,0.2,0.5,0.5,1.2,0.05,,,NaN,NaN,NaN,NaN
SimpleBaseline,10,spike_bins,14,0.335345147127163,0.340232736243553,0.141945885868171,0.783978902455897,0.244606077259241,0.0214285590671941,0,0.0302041498175535,0.14570892875648,0.150687848515848,0.2,0.5,0.5,1.2,0.1,,,NaN,NaN,NaN,NaN
SimpleBaseline,10,spike_bins,14,0.327229463950661,0.328456290491657,0.142235603677737,0.780390623779927,0.237838249701882,0.0214285590671941,0,0.0301104028494961,0.142667601525402,0.144652347755981,0.2,0.5,0.5,1.2,0.2,,,NaN,NaN,NaN,NaN
SimpleBaseline,10,spike_bins,14,0.282689816820984,0.269198638026404,0.145034962201909,0.845018171291162,0.185469758125931,0.0142856945592105,0,0.0299214416154849,0.115287597057877,0.113252313183102,0.2,0.5,0.5,1.5,0.05,,,NaN,NaN,NaN,NaN
SimpleBaseline,10,spike_bins,14,0.282689816820984,0.269198638026404,0.145034962201909,0.845018171291162,0.185469758125931,0.0142856945592105,0,0.0299214416154849,0.115287597057877,0.113252313183102,0.2,0.5,0.5,1.5,0.1,,,NaN,NaN,NaN,NaN
SimpleBaseline,10,spike_bins,14,0.274900492455241,0.258255140234836,0.143511606354263,0.841466859435436,0.179577291694675,0.0142856945592105,0,0.0297626047627991,0.112724749100367,0.108594258433415,0.2,0.5,0.5,1.5,0.2,,,NaN,NaN,NaN,NaN
SimpleBaseline,10,spike_bins,14,0.401646706963259,0.411449512757156,0.112640462697194,0.605687601948693,0.407525525570566,0.0214285590671941,0,0.0299677328518932,0.230401012367911,0.239980449657869,0.2,0.7,0.3,0.6,0.05,,,NaN,NaN,NaN,NaN
SimpleBaseline,10,spike_bins,14,0.401646706963259,0.411449512757156,0.112640462697194,0.605687601948693,0.407525525570566,0.0214285590671941,0,0.0299677328518932,0.230401012367911,0.239980449657869,0.2,0.7,0.3,0.6,0.1,,,NaN,NaN,NaN,NaN
SimpleBaseline,10,spike_bins,14,0.38948382711723,0.395131874298541,0.111014360097853,0.602592988432628,0.392744095004862,0.0250000334891473,0,0.0306337856525276,0.219491110645202,0.229728157147512,0.2,0.7,0.3,0.6,0.2,,,NaN,NaN,NaN,NaN
SimpleBaseline,10,spike_bins,14,0.39842885103092,0.455638788986694,0.13523912072543,0.698958636339837,0.351945270226183,0.0214285590671941,0,0.0301544016507685,0.204079718904384,0.214530093562352,0.2,0.7,0.3,0.9,0.05,,,NaN,NaN,NaN,NaN
SimpleBaseline,10,spike_bins,14,0.39842885103092,0.455638788986694,0.13523912072543,0.698958636339837,0.351945270226183,0.0214285590671941,0,0.0301544016507685,0.204079718904384,0.214530093562352,0.2,0.7,0.3,0.9,0.1,,,NaN,NaN,NaN,NaN
SimpleBaseline,10,spike_bins,14,0.388391786309851,0.437084221053089,0.134584938307906,0.695317592367572,0.341629745193669,0.0214285590671941,0,0.0306839495428867,0.196003960891139,0.205010938881907,0.2,0.7,0.3,0.9,0.2,,,NaN,NaN,NaN,NaN
SimpleBaseline,10,spike_bins,14,0.366882831990015,0.363955268717173,0.151981561470157,0.778992255888124,0.282464475628765,0.0214285590671941,0,0.0295685671053132,0.170613585432632,0.176876192749228,0.2,0.7,0.3,1.2,0.05,,,NaN,NaN,NaN,NaN
SimpleBaseline,10,spike_bins,14,0.366882831990015,0.363955268717173,0.151981561470157,0.778992255888124,0.282464475628765,0.0214285590671941,0,0.0295685671053132,0.170613585432632,0.176876192749228,0.2,0.7,0.3,1.2,0.1,,,NaN,NaN,NaN,NaN
SimpleBaseline,10,spike_bins,14,0.357845842863902,0.360442917143948,0.151260119362571,0.7756116755775,0.274469411514314,0.0214285590671941,0,0.0302098107115611,0.164048534186617,0.168377612476454,0.2,0.7,0.3,1.2,0.2,,,NaN,NaN,NaN,NaN
SimpleBaseline,10,spike_bins,14,0.326211997096019,0.305126620248332,0.164371742168937,0.84103540678526,0.226056310049246,0.0142856945592105,0,0.0297980256155154,0.138448982122396,0.130896473283873,0.2,0.7,0.3,1.5,0.05,,,NaN,NaN,NaN,NaN
SimpleBaseline,10,spike_bins,14,0.326211997096019,0.305126620248332,0.164371742168937,0.84103540678526,0.226056310049246,0.0142856945592105,0,0.0297980256155154,0.138448982122396,0.130896473283873,0.2,0.7,0.3,1.5,0.1,,,NaN,NaN,NaN,NaN
SimpleBaseline,10,spike_bins,14,0.318665059044345,0.294883780849145,0.163193085191047,0.837802510062168,0.220008026757548,0.0178571268132023,0,0.0304639844540457,0.133404351458166,0.128014628903469,0.2,0.7,0.3,1.5,0.2,,,NaN,NaN,NaN,NaN
SimpleBaseline,10,spike_bins,14,0.389679371071473,0.389281168906299,0.110671703703776,0.546035018732069,0.435389704251997,0.0214285590671941,0,0.0260398840918972,0.250691386326635,0.261043615882326,0.2,0.9,0.1,0.6,0.05,,,NaN,NaN,NaN,NaN
SimpleBaseline,10,spike_bins,14,0.389679371071473,0.389281168906299,0.110671703703776,0.546035018732069,0.435389704251997,0.0214285590671941,0,0.0260398840918972,0.250691386326635,0.261043615882326,0.2,0.9,0.1,0.6,0.1,,,NaN,NaN,NaN,NaN
SimpleBaseline,10,spike_bins,14,0.377857387906325,0.371428571428571,0.107520003226027,0.543291493236989,0.41856285348296,0.0214285590671941,0,0.0271982367742422,0.238890600650707,0.24785877205232,0.2,0.9,0.1,0.6,0.2,,,NaN,NaN,NaN,NaN
SimpleBaseline,10,spike_bins,14,0.398489047093099,0.414456419430644,0.121322038688291,0.644829750738523,0.384643514533214,0.0214285590671941,0,0.0275546123214321,0.225862634405231,0.234860121956896,0.2,0.9,0.1,0.9,0.05,,,NaN,NaN,NaN,NaN
SimpleBaseline,10,spike_bins,14,0.398489047093099,0.414456419430644,0.121322038688291,0.644829750738523,0.384643514533214,0.0214285590671941,0,0.0275546123214321,0.225862634405231,0.234860121956896,0.2,0.9,0.1,0.9,0.1,,,NaN,NaN,NaN,NaN
SimpleBaseline,10,spike_bins,14,0.387120161035146,0.403799654576857,0.120706313295135,0.640606870588455,0.372026926676484,0.0214285590671941,0,0.0277896055488931,0.217349432348167,0.223874691616627,0.2,0.9,0.1,0.9,0.2,,,NaN,NaN,NaN,NaN
SimpleBaseline,10,spike_bins,14,0.38819407472217,0.414461861881194,0.142966936335455,0.728003506152512,0.324918971854065,0.0214285590671941,0,0.0288095736903213,0.19904920083364,0.210201089233347,0.2,0.9,0.1,1.2,0.05,,,NaN,NaN,NaN,NaN
SimpleBaseline,10,spike_bins,14,0.38819407472217,0.414461861881194,0.142966936335455,0.728003506152512,0.324918971854065,0.0214285590671941,0,0.0288095736903213,0.19904920083364,0.210201089233347,0.2,0.9,0.1,1.2,0.1,,,NaN,NaN,NaN,NaN
SimpleBaseline,10,spike_bins,14,0.378284837637134,0.403473193886045,0.142738287828826,0.723215037175597,0.315662004104077,0.0214285590671941,0,0.0291641597966722,0.192164598933387,0.19994879672299,0.2,0.9,0.1,1.2,0.2,,,NaN,NaN,NaN,NaN
SimpleBaseline,10,spike_bins,14,0.358554311276222,0.356365069131027,0.161932829499528,0.800711128162708,0.269018737102371,0.0142856945592105,0,0.0287946360688622,0.166491298580605,0.162346054655431,0.2,0.9,0.1,1.5,0.05,,,NaN,NaN,NaN,NaN
SimpleBaseline,10,spike_bins,14,0.358554311276222,0.356365069131027,0.161932829499528,0.800711128162708,0.269018737102371,0.0142856945592105,0,0.0287946360688622,0.166491298580605,0.162346054655431,0.2,0.9,0.1,1.5,0.1,,,NaN,NaN,NaN,NaN
SimpleBaseline,10,spike_bins,14,0.349195923451988,0.345514024381677,0.162076477200531,0.795601782363391,0.261240588226714,0.0142856945592105,0,0.0291987030926603,0.160688447671846,0.158621595042386,0.2,0.9,0.1,1.5,0.2,,,NaN,NaN,NaN,NaN
SimpleBaseline,10,spike_bins,14,0.40089498568148,0.418792960679171,0.128694310164103,0.714020026285608,0.359534697855285,0.0214285425717221,0,0.0163756409887808,0.221059924259749,0.230752716592998,0.3,0.5,0.5,0.6,0.05,,,NaN,NaN,NaN,NaN
SimpleBaseline,10,spike_bins,14,0.40089498568148,0.418792960679171,0.128694310164103,0.714020026285608,0.359534697855285,0.0214285425717221,0,0.0163756409887808,0.221059924259749,0.230752716592998,0.3,0.5,0.5,0.6,0.1,,,NaN,NaN,NaN,NaN
SimpleBaseline,10,spike_bins,14,0.38147138083559,0.403126510878324,0.133515532929872,0.722055920844314,0.333760051370787,0.0214285425717221,0,0.0176212142132387,0.206378215799389,0.223844552849334,0.3,0.5,0.5,0.6,0.2,,,NaN,NaN,NaN,NaN
SimpleBaseline,10,spike_bins,14,0.377925193719759,0.363447492773098,0.149299250339134,0.802396402133888,0.295443269659384,0.0142856945592105,0,0.0167763813244135,0.188289225571067,0.185357843575483,0.3,0.5,0.5,0.9,0.05,,,NaN,NaN,NaN,NaN
SimpleBaseline,10,spike_bins,14,0.377925193719759,0.363447492773098,0.149299250339134,0.802396402133888,0.295443269659384,0.0142856945592105,0,0.0167763813244135,0.188289225571067,0.185357843575483,0.3,0.5,0.5,0.9,0.1,,,NaN,NaN,NaN,NaN
SimpleBaseline,10,spike_bins,14,0.36026582292303,0.354984187547425,0.155239912752301,0.808383520980404,0.276688885675534,0.0142856945592105,0,0.0175167773096129,0.178076270286334,0.174089944761217,0.3,0.5,0.5,0.9,0.2,,,NaN,NaN,NaN,NaN
SimpleBaseline,10,spike_bins,14,0.322389633288248,0.298631621731473,0.15079626914188,0.864939684338267,0.224094449656753,0.0142856945592105,0,0.0162660578413291,0.148947993295174,0.150155405036994,0.3,0.5,0.5,1.2,0.05,,,NaN,NaN,NaN,NaN
SimpleBaseline,10,spike_bins,14,0.322389633288248,0.298631621731473,0.15079626914188,0.864939684338267,0.224094449656753,0.0142856945592105,0,0.0162660578413291,0.148947993295174,0.150155405036994,0.3,0.5,0.5,1.2,0.1,,,NaN,NaN,NaN,NaN
SimpleBaseline,10,spike_bins,14,0.308808944333187,0.29209756355552,0.153728722853852,0.871148282024018,0.212218673880536,0.0142856945592105,0,0.0169330035184498,0.142618751297909,0.141317571076044,0.3,0.5,0.5,1.2,0.2,,,NaN,NaN,NaN,NaN
SimpleBaseline,10,spike_bins,14,0.258697104633721,0.224493193745172,0.14495945627892,0.897954100923254,0.164898943827556,0.0142856945592105,0,0.0156717784008189,0.113537264082335,0.108873927258227,0.3,0.5,0.5,1.5,0.05,,,NaN,NaN,NaN,NaN
SimpleBaseline,10,spike_bins,14,0.258697104633721,0.224493193745172,0.14495945627892,0.897954100923254,0.164898943827556,0.0142856945592105,0,0.0156717784008189,0.113537264082335,0.108873927258227,0.3,0.5,0.5,1.5,0.1,,,NaN,NaN,NaN,NaN
SimpleBaseline,10,spike_bins,14,0.249438554154547,0.217219288516612,0.1464733341404,0.903923054622627,0.158041676791875,0.0142856945592105,0,0.0163806538127361,0.10947360779932,0.106565619892795,0.3,0.5,0.5,1.5,0.2,,,NaN,NaN,NaN,NaN
SimpleBaseline,10,spike_bins,14,0.410751928609036,0.452285200708562,0.118965138645837,0.674129710273985,0.393420716390525,0.0142856945592105,0,0.011614164244654,0.243969727013685,0.255430304873131,0.3,0.7,0.3,0.6,0.05,,,NaN,NaN,NaN,NaN
SimpleBaseline,10,spike_bins,14,0.410751928609036,0.452285200708562,0.118965138645837,0.674129710273985,0.393420716390525,0.0142856945592105,0,0.011614164244654,0.243969727013685,0.255430304873131,0.3,0.7,0.3,0.6,0.1,,,NaN,NaN,NaN,NaN
SimpleBaseline,10,spike_bins,14,0.391290745039198,0.415702625405701,0.121528619807133,0.679811856326128,0.364802992299439,0.0142856945592105,0,0.0147602306132289,0.228479057358409,0.244187591361122,0.3,0.7,0.3,0.6,0.2,,,NaN,NaN,NaN,NaN
SimpleBaseline,10,spike_bins,14,0.405030278998504,0.420330193167761,0.14646926626251,0.779967819902753,0.337759595621869,0.0142856945592105,0,0.0115603017699778,0.214119307974592,0.218893694047693,0.3,0.7,0.3,0.9,0.05,,,NaN,NaN,NaN,NaN
SimpleBaseline,10,spike_bins,14,0.405030278998504,0.420330193167761,0.14646926626251,0.779967819902753,0.337759595621869,0.0142856945592105,0,0.0115603017699778,0.214119307974592,0.218893694047693,0.3,0.7,0.3,0.9,0.1,,,NaN,NaN,NaN,NaN
SimpleBaseline,10,spike_bins,14,0.387639731241547,0.40036616026233,0.1516212593926,0.784668527974253,0.318053047242091,0.0142856945592105,0,0.0135330386575942,0.203553759957418,0.205797353448658,0.3,0.7,0.3,0.9,0.2,,,NaN,NaN,NaN,NaN
SimpleBaseline,10,spike_bins,14,0.361459603876922,0.345687083819992,0.170519360067332,0.85783868937162,0.26741286795639,0.0142856945592105,0,0.0115400361068406,0.176300630854412,0.175207102322691,0.3,0.7,0.3,1.2,0.05,,,NaN,NaN,NaN,NaN
SimpleBaseline,10,spike_bins,14,0.361459603876922,0.345687083819992,0.170519360067332,0.85783868937162,0.26741286795639,0.0142856945592105,0,0.0115400361068406,0.176300630854412,0.175207102322691,0.3,0.7,0.3,1.2,0.1,,,NaN,NaN,NaN,NaN
SimpleBaseline,10,spike_bins,14,0.349834542418667,0.33375988251481,0.172085020371331,0.861476285267412,0.255673326354859,0.00714284560736243,0,0.0133884792909431,0.170553542852308,0.168114809631428,0.3,0.7,0.3,1.2,0.2,,,NaN,NaN,NaN,NaN
SimpleBaseline,10,spike_bins,14,0.301000242260306,0.278820629503223,0.163275403569551,0.902414709203192,0.201068768120125,0.00714284560736243,0,0.0114755347468482,0.139647209364042,0.140541192490662,0.3,0.7,0.3,1.5,0.05,,,NaN,NaN,NaN,NaN
SimpleBaseline,10,spike_bins,14,0.301000242260306,0.278820629503223,0.163275403569551,0.902414709203192,0.201068768120125,0.00714284560736243,0,0.0114755347468482,0.139647209364042,0.140541192490662,0.3,0.7,0.3,1.5,0.1,,,NaN,NaN,NaN,NaN
SimpleBaseline,10,spike_bins,14,0.291942687526352,0.270377336151563,0.163109567718232,0.904374764783445,0.193723455614904,0.00714284560736243,0,0.0114827163910532,0.135962533002215,0.140541192490662,0.3,0.7,0.3,1.5,0.2,,,NaN,NaN,NaN,NaN
SimpleBaseline,10,spike_bins,14,0.402343861019723,0.409320895541555,0.105927408491834,0.620369066420821,0.415696317883656,0.0214285425717221,0,0.00928846411715748,0.256181753534804,0.259160465628861,0.3,0.9,0.1,0.6,0.05,,,NaN,NaN,NaN,NaN
SimpleBaseline,10,spike_bins,14,0.402343861019723,0.409320895541555,0.105927408491834,0.620369066420821,0.415696317883656,0.0214285425717221,0,0.00928846411715748,0.256181753534804,0.259160465628861,0.3,0.9,0.1,0.6,0.1,,,NaN,NaN,NaN,NaN
SimpleBaseline,10,spike_bins,14,0.382878672731883,0.386933388364498,0.105907363216161,0.626256740832042,0.383163749207269,0.0214285425717221,0,0.0120949528934596,0.239318427369435,0.253295351554562,0.3,0.9,0.1,0.6,0.2,,,NaN,NaN,NaN,NaN
SimpleBaseline,10,spike_bins,14,0.402650561259952,0.448862542755078,0.127977822343279,0.711696449017472,0.363706244756267,0.0142856945592105,0,0.00901886517982488,0.229517129348947,0.229668008002405,0.3,0.9,0.1,0.9,0.05,,,NaN,NaN,NaN,NaN
SimpleBaseline,10,spike_bins,14,0.402650561259952,0.448862542755078,0.127977822343279,0.711696449017472,0.363706244756267,0.0142856945592105,0,0.00901886517982488,0.229517129348947,0.229668008002405,0.3,0.9,0.1,0.9,0.1,,,NaN,NaN,NaN,NaN
SimpleBaseline,10,spike_bins,14,0.385537266778777,0.414308378031276,0.130870190762835,0.716559623408889,0.341004592997315,0.0214285425717221,0,0.0109374941265055,0.217125676647219,0.224536043193021,0.3,0.9,0.1,0.9,0.2,,,NaN,NaN,NaN,NaN
SimpleBaseline,10,spike_bins,14,0.38496995322523,0.39604828870481,0.155275055009946,0.805531914179095,0.310179892554285,0.0142856945592105,0,0.00930301374778418,0.199663485095145,0.199597465663286,0.3,0.9,0.1,1.2,0.05,,,NaN,NaN,NaN,NaN
SimpleBaseline,10,spike_bins,14,0.38496995322523,0.39604828870481,0.155275055009946,0.805531914179095,0.310179892554285,0.0142856945592105,0,0.00930301374778418,0.199663485095145,0.199597465663286,0.3,0.9,0.1,1.2,0.1,,,NaN,NaN,NaN,NaN
SimpleBaseline,10,spike_bins,14,0.36991647158251,0.382159624413146,0.159004028015646,0.807772622868412,0.294159234804587,0.0178571185654663,0,0.010623632177856,0.190551379522978,0.191555209567609,0.3,0.9,0.1,1.2,0.2,,,NaN,NaN,NaN,NaN
SimpleBaseline,10,spike_bins,14,0.339729480645291,0.332879696251052,0.163348059678708,0.863002028890414,0.243739752137931,0.00714284560736243,0,0.00919235785634362,0.164962958365039,0.15540062682237,0.3,0.9,0.1,1.5,0.05,,,NaN,NaN,NaN,NaN
SimpleBaseline,10,spike_bins,14,0.339729480645291,0.332879696251052,0.163348059678708,0.863002028890414,0.243739752137931,0.00714284560736243,0,0.00919235785634362,0.164962958365039,0.15540062682237,0.3,0.9,0.1,1.5,0.1,,,NaN,NaN,NaN,NaN
SimpleBaseline,10,spike_bins,14,0.329042144216697,0.303369495265239,0.164912002503637,0.867307787862484,0.233876664715364,0.00714284560736243,0,0.00937813017574129,0.160076723689975,0.153934351162546,0.3,0.9,0.1,1.5,0.2,,,NaN,NaN,NaN,NaN
OASIS,10,spike_bins,14,0.393796738517671,0.450233766233766,0.159179223628022,0.653308228797634,0.409491945842626,0,0,0.0139836176047704,0.277372107842263,0.304929031706801,NaN,NaN,NaN,NaN,NaN,ar1,foopsi,1,1,0.75,0.05
OASIS,10,spike_bins,14,0.393796738517671,0.450233766233766,0.159179223628022,0.653308228797634,0.409491945842626,0,0,0.0139836176047704,0.277372107842263,0.304929031706801,NaN,NaN,NaN,NaN,NaN,ar1,foopsi,1,1,0.75,0.1
OASIS,10,spike_bins,14,0.370357018689862,0.406664255575648,0.161733250780646,0.648286797480266,0.374944358821622,0.00714284895184805,0,0.0158673796481056,0.255899151379663,0.293383612848949,NaN,NaN,NaN,NaN,NaN,ar1,foopsi,1,1,0.75,0.15
OASIS,10,spike_bins,14,0.356558662213182,0.373090440369375,0.156015916344961,0.64550683130159,0.355300786431426,0.00714284895184805,0,0.0157743696608248,0.241676116939653,0.268088503236808,NaN,NaN,NaN,NaN,NaN,ar1,foopsi,1,1,0.75,0.2
OASIS,10,spike_bins,14,0.391784915927941,0.434628694969165,0.162167653535723,0.684275768138495,0.384799308155476,0,0,0.0142801146376633,0.264387475478553,0.287391528007638,NaN,NaN,NaN,NaN,NaN,ar1,foopsi,1,1,1,0.05
OASIS,10,spike_bins,14,0.391784915927941,0.434628694969165,0.162167653535723,0.684275768138495,0.384799308155476,0,0,0.0142801146376633,0.264387475478553,0.287391528007638,NaN,NaN,NaN,NaN,NaN,ar1,foopsi,1,1,1,0.1
OASIS,10,spike_bins,14,0.369291805733931,0.394404852008386,0.165913468294193,0.678117680231416,0.354600567279387,0.00714284895184805,0,0.0163396556273974,0.244944254881573,0.278510430421212,NaN,NaN,NaN,NaN,NaN,ar1,foopsi,1,1,1,0.15
OASIS,10,spike_bins,14,0.356465458899071,0.36796343272203,0.160698994745567,0.674892914703702,0.337186940719978,0.00714284895184805,0,0.0160201303690667,0.231899744696532,0.25490166144988,NaN,NaN,NaN,NaN,NaN,ar1,foopsi,1,1,1,0.2
OASIS,10,spike_bins,14,0.390449090538266,0.429528985507246,0.1673407878086,0.719937300674194,0.358559859972132,0,0,0.0144346440919943,0.249459053418655,0.264615320104111,NaN,NaN,NaN,NaN,NaN,ar1,foopsi,1,1,1.25,0.05
OASIS,10,spike_bins,14,0.390449090538266,0.429528985507246,0.1673407878086,0.719937300674194,0.358559859972132,0,0,0.0144346440919943,0.249459053418655,0.264615320104111,NaN,NaN,NaN,NaN,NaN,ar1,foopsi,1,1,1.25,0.1
OASIS,10,spike_bins,14,0.371127036747522,0.404475253580713,0.170543374684609,0.714946557210696,0.335189306899284,0.00714284895184805,0,0.016125945672823,0.234175677190915,0.258398555224114,NaN,NaN,NaN,NaN,NaN,ar1,foopsi,1,1,1.25,0.15
OASIS,10,spike_bins,14,0.358202016068014,0.363030034110763,0.165076505991532,0.711383502761132,0.318985642449271,0.00714284895184805,0,0.0159033707755798,0.221564159391835,0.235632956573187,NaN,NaN,NaN,NaN,NaN,ar1,foopsi,1,1,1.25,0.2
OASIS,10,spike_bins,14,0.380681606265212,0.414159486564109,0.172532115173617,0.754723731980794,0.326633536158002,0,0,0.0147214774867277,0.231906520377053,0.246144707746055,NaN,NaN,NaN,NaN,NaN,ar1,foopsi,1,1,1.5,0.05
OASIS,10,spike_bins,14,0.380681606265212,0.414159486564109,0.172532115173617,0.754723731980794,0.326633536158002,0,0,0.0147214774867277,0.231906520377053,0.246144707746055,NaN,NaN,NaN,NaN,NaN,ar1,foopsi,1,1,1.5,0.1
OASIS,10,spike_bins,14,0.363433043501232,0.373714153024498,0.175261055938076,0.749427508164415,0.308292277308791,0.00714284895184805,0,0.0160228509717236,0.219889114033935,0.242592264137484,NaN,NaN,NaN,NaN,NaN,ar1,foopsi,1,1,1.5,0.15
OASIS,10,spike_bins,14,0.350443099052974,0.373714153024498,0.16820514956609,0.746251310491267,0.292731073196143,0.00714284895184805,0,0.0158060391889039,0.207816985040576,0.220669835806961,NaN,NaN,NaN,NaN,NaN,ar1,foopsi,1,1,1.5,0.2
OASIS,10,spike_bins,14,0.34460933803541,0.344667500015548,0.169750410644284,0.808927807532046,0.258483763396313,0,0,0.01531027497645,0.192495621524971,0.178859642683028,NaN,NaN,NaN,NaN,NaN,ar1,foopsi,1,1,2,0.05
OASIS,10,spike_bins,14,0.34460933803541,0.344667500015548,0.169750410644284,0.808927807532046,0.258483763396313,0,0,0.01531027497645,0.192495621524971,0.178859642683028,NaN,NaN,NaN,NaN,NaN,ar1,foopsi,1,1,2,0.1
OASIS,10,spike_bins,14,0.331062426742905,0.320639665685722,0.171785288947051,0.804031084581968,0.246389647480906,0.00714284895184805,0,0.016089399403604,0.183795091034435,0.176478679724863,NaN,NaN,NaN,NaN,NaN,ar1,foopsi,1,1,2,0.15
OASIS,10,spike_bins,14,0.319540146061537,0.316402478274863,0.164287636931736,0.80011209469712,0.234701691647811,0.00714284895184805,0,0.0157198730869813,0.174923974572897,0.168414163595831,NaN,NaN,NaN,NaN,NaN,ar1,foopsi,1,1,2,0.2
OASIS,10,spike_bins,14,0.294865214610671,0.279152915291529,0.165786017180051,0.849448023981605,0.201069212095023,0.00714284895184805,0,0.0147946784509274,0.155390273006234,0.134071813634149,NaN,NaN,NaN,NaN,NaN,ar1,foopsi,1,1,2.5,0.05
OASIS,10,spike_bins,14,0.294865214610671,0.279152915291529,0.165786017180051,0.849448023981605,0.201069212095023,0.00714284895184805,0,0.0147946784509274,0.155390273006234,0.134071813634149,NaN,NaN,NaN,NaN,NaN,ar1,foopsi,1,1,2.5,0.1
OASIS,10,spike_bins,14,0.28601732464131,0.267855112020926,0.167473789233584,0.845834156590872,0.194408902972556,0.00714284895184805,0,0.0151275679631339,0.150062028380205,0.133476575538911,NaN,NaN,NaN,NaN,NaN,ar1,foopsi,1,1,2.5,0.15
OASIS,10,spike_bins,14,0.27481681185197,0.255726786512319,0.157733383243383,0.840795836308649,0.183979728474555,0.00714284895184805,0,0.0145343015502763,0.142449693253761,0.126878335069703,NaN,NaN,NaN,NaN,NaN,ar1,foopsi,1,1,2.5,0.2
