model,target_fps,optimization_mode,n_validation_recordings,mean_F1,median_F1,std_F1,mean_precision,mean_recall,mean_median_abs_timing_error_sec,median_median_abs_timing_error_sec,mean_signed_timing_error_sec,mean_timing_weighted_recall,median_timing_weighted_recall,smoothing_window_sec,derivative_weight,amplitude_weight,event_score_threshold,baseline_min_event_distance_sec,ar_model,method,optimize_b,optimize_pars,oasis_threshold_z,oasis_min_event_distance_sec,mlspike_use_autocalibration,mlspike_a,mlspike_tau,mlspike_sigma,mlspike_saturation,mlspike_drift_parameter,mlspike_amin,mlspike_amax,mlspike_taumin,mlspike_taumax
SimpleBaseline,10,spike_bins,14,0.41432757781343,0.42005983905358,0.118179005410659,0.507263510347043,0.503994706671446,0,0,0.0145642017601359,0.332881908840014,0.341012013034919,0.1,0.5,0.5,0.4,0.03,,,NaN,NaN,NaN,NaN,NaN,NaN,NaN,NaN,NaN,NaN,NaN,NaN,NaN,NaN
SimpleBaseline,10,spike_bins,14,0.41432757781343,0.42005983905358,0.118179005410659,0.507263510347043,0.503994706671446,0,0,0.0145642017601359,0.332881908840014,0.341012013034919,0.1,0.5,0.5,0.4,0.05,,,NaN,NaN,NaN,NaN,NaN,NaN,NaN,NaN,NaN,NaN,NaN,NaN,NaN,NaN
SimpleBaseline,10,spike_bins,14,0.41432757781343,0.42005983905358,0.118179005410659,0.507263510347043,0.503994706671446,0,0,0.0145642017601359,0.332881908840014,0.341012013034919,0.1,0.5,0.5,0.4,0.08,,,NaN,NaN,NaN,NaN,NaN,NaN,NaN,NaN,NaN,NaN,NaN,NaN,NaN,NaN
SimpleBaseline,10,spike_bins,14,0.41432757781343,0.42005983905358,0.118179005410659,0.507263510347043,0.503994706671446,0,0,0.0145642017601359,0.332881908840014,0.341012013034919,0.1,0.5,0.5,0.4,0.1,,,NaN,NaN,NaN,NaN,NaN,NaN,NaN,NaN,NaN,NaN,NaN,NaN,NaN,NaN
SimpleBaseline,10,spike_bins,14,0.385392733581232,0.380392782162694,0.116614499996409,0.507191360988527,0.450676221434696,0.00714284895184805,0,0.0167986954610815,0.297880605244395,0.31821176638389,0.1,0.5,0.5,0.4,0.15,,,NaN,NaN,NaN,NaN,NaN,NaN,NaN,NaN,NaN,NaN,NaN,NaN,NaN,NaN
SimpleBaseline,10,spike_bins,14,0.417561551040931,0.419385206532181,0.114998911996787,0.537921759043935,0.48232017594497,0,0,0.0146993343380979,0.32045197468634,0.330632831136554,0.1,0.5,0.5,0.5,0.03,,,NaN,NaN,NaN,NaN,NaN,NaN,NaN,NaN,NaN,NaN,NaN,NaN,NaN,NaN
SimpleBaseline,10,spike_bins,14,0.417561551040931,0.419385206532181,0.114998911996787,0.537921759043935,0.48232017594497,0,0,0.0146993343380979,0.32045197468634,0.330632831136554,0.1,0.5,0.5,0.5,0.05,,,NaN,NaN,NaN,NaN,NaN,NaN,NaN,NaN,NaN,NaN,NaN,NaN,NaN,NaN
SimpleBaseline,10,spike_bins,14,0.417561551040931,0.419385206532181,0.114998911996787,0.537921759043935,0.48232017594497,0,0,0.0146993343380979,0.32045197468634,0.330632831136554,0.1,0.5,0.5,0.5,0.08,,,NaN,NaN,NaN,NaN,NaN,NaN,NaN,NaN,NaN,NaN,NaN,NaN,NaN,NaN
SimpleBaseline,10,spike_bins,14,0.417561551040931,0.419385206532181,0.114998911996787,0.537921759043935,0.48232017594497,0,0,0.0146993343380979,0.32045197468634,0.330632831136554,0.1,0.5,0.5,0.5,0.1,,,NaN,NaN,NaN,NaN,NaN,NaN,NaN,NaN,NaN,NaN,NaN,NaN,NaN,NaN
SimpleBaseline,10,spike_bins,14,0.388604377813406,0.4026305266457,0.117373034851918,0.53643058109892,0.433372083407434,0.00714284895184805,0,0.0166487358799262,0.288193324892661,0.306033111346474,0.1,0.5,0.5,0.5,0.15,,,NaN,NaN,NaN,NaN,NaN,NaN,NaN,NaN,NaN,NaN,NaN,NaN,NaN,NaN
SimpleBaseline,10,spike_bins,14,0.418906338881364,0.435273279783172,0.111086636197673,0.568639479385284,0.458555728316327,0,0,0.0147860045387239,0.308030853598197,0.317755949582409,0.1,0.5,0.5,0.6,0.03,,,NaN,NaN,NaN,NaN,NaN,NaN,NaN,NaN,NaN,NaN,NaN,NaN,NaN,NaN
SimpleBaseline,10,spike_bins,14,0.418906338881364,0.435273279783172,0.111086636197673,0.568639479385284,0.458555728316327,0,0,0.0147860045387239,0.308030853598197,0.317755949582409,0.1,0.5,0.5,0.6,0.05,,,NaN,NaN,NaN,NaN,NaN,NaN,NaN,NaN,NaN,NaN,NaN,NaN,NaN,NaN
SimpleBaseline,10,spike_bins,14,0.418906338881364,0.435273279783172,0.111086636197673,0.568639479385284,0.458555728316327,0,0,0.0147860045387239,0.308030853598197,0.317755949582409,0.1,0.5,0.5,0.6,0.08,,,NaN,NaN,NaN,NaN,NaN,NaN,NaN,NaN,NaN,NaN,NaN,NaN,NaN,NaN
SimpleBaseline,10,spike_bins,14,0.418906338881364,0.435273279783172,0.111086636197673,0.568639479385284,0.458555728316327,0,0,0.0147860045387239,0.308030853598197,0.317755949582409,0.1,0.5,0.5,0.6,0.1,,,NaN,NaN,NaN,NaN,NaN,NaN,NaN,NaN,NaN,NaN,NaN,NaN,NaN,NaN
SimpleBaseline,10,spike_bins,14,0.389928859299771,0.426836015491569,0.11840631882319,0.565851949815683,0.413351819932446,0.00714284895184805,0,0.0164643303657321,0.278391904910164,0.293854375264389,0.1,0.5,0.5,0.6,0.15,,,NaN,NaN,NaN,NaN,NaN,NaN,NaN,NaN,NaN,NaN,NaN,NaN,NaN,NaN
SimpleBaseline,10,spike_bins,14,0.416986451792877,0.453944345550535,0.10993301037493,0.599022407102392,0.431810749235414,0,0,0.0155620560643292,0.294362791091652,0.300997302016914,0.1,0.5,0.5,0.7,0.03,,,NaN,NaN,NaN,NaN,NaN,NaN,NaN,NaN,NaN,NaN,NaN,NaN,NaN,NaN
SimpleBaseline,10,spike_bins,14,0.416986451792877,0.453944345550535,0.10993301037493,0.599022407102392,0.431810749235414,0,0,0.0155620560643292,0.294362791091652,0.300997302016914,0.1,0.5,0.5,0.7,0.05,,,NaN,NaN,NaN,NaN,NaN,NaN,NaN,NaN,NaN,NaN,NaN,NaN,NaN,NaN
SimpleBaseline,10,spike_bins,14,0.416986451792877,0.453944345550535,0.10993301037493,0.599022407102392,0.431810749235414,0,0,0.0155620560643292,0.294362791091652,0.300997302016914,0.1,0.5,0.5,0.7,0.08,,,NaN,NaN,NaN,NaN,NaN,NaN,NaN,NaN,NaN,NaN,NaN,NaN,NaN,NaN
SimpleBaseline,10,spike_bins,14,0.416986451792877,0.453944345550535,0.10993301037493,0.599022407102392,0.431810749235414,0,0,0.0155620560643292,0.294362791091652,0.300997302016914,0.1,0.5,0.5,0.7,0.1,,,NaN,NaN,NaN,NaN,NaN,NaN,NaN,NaN,NaN,NaN,NaN,NaN,NaN,NaN
SimpleBaseline,10,spike_bins,14,0.388822511574873,0.420786920852962,0.121579716332652,0.596360378041664,0.391466347469342,0.00714284895184805,0,0.0165244695639669,0.267847418021926,0.280494700355476,0.1,0.5,0.5,0.7,0.15,,,NaN,NaN,NaN,NaN,NaN,NaN,NaN,NaN,NaN,NaN,NaN,NaN,NaN,NaN
SimpleBaseline,10,spike_bins,14,0.412980949097874,0.445816479445176,0.108029798431531,0.628666137095721,0.406688614292884,0,0,0.0155077776533777,0.278358527251091,0.279011412963922,0.1,0.5,0.5,0.8,0.03,,,NaN,NaN,NaN,NaN,NaN,NaN,NaN,NaN,NaN,NaN,NaN,NaN,NaN,NaN
SimpleBaseline,10,spike_bins,14,0.412980949097874,0.445816479445176,0.108029798431531,0.628666137095721,0.406688614292884,0,0,0.0155077776533777,0.278358527251091,0.279011412963922,0.1,0.5,0.5,0.8,0.05,,,NaN,NaN,NaN,NaN,NaN,NaN,NaN,NaN,NaN,NaN,NaN,NaN,NaN,NaN
SimpleBaseline,10,spike_bins,14,0.412980949097874,0.445816479445176,0.108029798431531,0.628666137095721,0.406688614292884,0,0,0.0155077776533777,0.278358527251091,0.279011412963922,0.1,0.5,0.5,0.8,0.08,,,NaN,NaN,NaN,NaN,NaN,NaN,NaN,NaN,NaN,NaN,NaN,NaN,NaN,NaN
SimpleBaseline,10,spike_bins,14,0.412980949097874,0.445816479445176,0.108029798431531,0.628666137095721,0.406688614292884,0,0,0.0155077776533777,0.278358527251091,0.279011412963922,0.1,0.5,0.5,0.8,0.1,,,NaN,NaN,NaN,NaN,NaN,NaN,NaN,NaN,NaN,NaN,NaN,NaN,NaN,NaN
SimpleBaseline,10,spike_bins,14,0.385913237364214,0.410913324880458,0.121743117425628,0.626718322389719,0.370806032717861,0.00714284895184805,0,0.0163684577422706,0.254998949220108,0.261485028221704,0.1,0.5,0.5,0.8,0.15,,,NaN,NaN,NaN,NaN,NaN,NaN,NaN,NaN,NaN,NaN,NaN,NaN,NaN,NaN
SimpleBaseline,10,spike_bins,14,0.40493185049498,0.442634179543624,0.104597521694172,0.654871289225063,0.378925907329141,0,0,0.0155224103024036,0.264584974375216,0.256156363666638,0.1,0.5,0.5,0.9,0.03,,,NaN,NaN,NaN,NaN,NaN,NaN,NaN,NaN,NaN,NaN,NaN,NaN,NaN,NaN
SimpleBaseline,10,spike_bins,14,0.40493185049498,0.442634179543624,0.104597521694172,0.654871289225063,0.378925907329141,0,0,0.0155224103024036,0.264584974375216,0.256156363666638,0.1,0.5,0.5,0.9,0.05,,,NaN,NaN,NaN,NaN,NaN,NaN,NaN,NaN,NaN,NaN,NaN,NaN,NaN,NaN
SimpleBaseline,10,spike_bins,14,0.40493185049498,0.442634179543624,0.104597521694172,0.654871289225063,0.378925907329141,0,0,0.0155224103024036,0.264584974375216,0.256156363666638,0.1,0.5,0.5,0.9,0.08,,,NaN,NaN,NaN,NaN,NaN,NaN,NaN,NaN,NaN,NaN,NaN,NaN,NaN,NaN
SimpleBaseline,10,spike_bins,14,0.40493185049498,0.442634179543624,0.104597521694172,0.654871289225063,0.378925907329141,0,0,0.0155224103024036,0.264584974375216,0.256156363666638,0.1,0.5,0.5,0.9,0.1,,,NaN,NaN,NaN,NaN,NaN,NaN,NaN,NaN,NaN,NaN,NaN,NaN,NaN,NaN
SimpleBaseline,10,spike_bins,14,0.380303062123515,0.402636373379059,0.11765778769256,0.653903552131662,0.348001464378828,0,0,0.0161352039830768,0.244073905708119,0.241010980618407,0.1,0.5,0.5,0.9,0.15,,,NaN,NaN,NaN,NaN,NaN,NaN,NaN,NaN,NaN,NaN,NaN,NaN,NaN,NaN
SimpleBaseline,10,spike_bins,14,0.397118559567882,0.425671692074455,0.107031094328016,0.678170539116258,0.353053773029775,0,0,0.0163961154575932,0.250381815465255,0.246142463969881,0.1,0.5,0.5,1,0.03,,,NaN,NaN,NaN,NaN,NaN,NaN,NaN,NaN,NaN,NaN,NaN,NaN,NaN,NaN
SimpleBaseline,10,spike_bins,14,0.397118559567882,0.425671692074455,0.107031094328016,0.678170539116258,0.353053773029775,0,0,0.0163961154575932,0.250381815465255,0.246142463969881,0.1,0.5,0.5,1,0.05,,,NaN,NaN,NaN,NaN,NaN,NaN,NaN,NaN,NaN,NaN,NaN,NaN,NaN,NaN
SimpleBaseline,10,spike_bins,14,0.397118559567882,0.425671692074455,0.107031094328016,0.678170539116258,0.353053773029775,0,0,0.0163961154575932,0.250381815465255,0.246142463969881,0.1,0.5,0.5,1,0.08,,,NaN,NaN,NaN,NaN,NaN,NaN,NaN,NaN,NaN,NaN,NaN,NaN,NaN,NaN
SimpleBaseline,10,spike_bins,14,0.397118559567882,0.425671692074455,0.107031094328016,0.678170539116258,0.353053773029775,0,0,0.0163961154575932,0.250381815465255,0.246142463969881,0.1,0.5,0.5,1,0.1,,,NaN,NaN,NaN,NaN,NaN,NaN,NaN,NaN,NaN,NaN,NaN,NaN,NaN,NaN
SimpleBaseline,10,spike_bins,14,0.373538042827442,0.394879972882192,0.118538293720261,0.677493711617581,0.326060693426041,0.00714284895184805,0,0.0169086464517411,0.231892364490646,0.225065541215957,0.1,0.5,0.5,1,0.15,,,NaN,NaN,NaN,NaN,NaN,NaN,NaN,NaN,NaN,NaN,NaN,NaN,NaN,NaN
SimpleBaseline,10,spike_bins,14,0.384657351078827,0.4094335267925,0.112326935518596,0.703159614108384,0.326615325005644,0,0,0.0162629944285428,0.235110674559674,0.230944832029583,0.1,0.5,0.5,1.1,0.03,,,NaN,NaN,NaN,NaN,NaN,NaN,NaN,NaN,NaN,NaN,NaN,NaN,NaN,NaN
SimpleBaseline,10,spike_bins,14,0.384657351078827,0.4094335267925,0.112326935518596,0.703159614108384,0.326615325005644,0,0,0.0162629944285428,0.235110674559674,0.230944832029583,0.1,0.5,0.5,1.1,0.05,,,NaN,NaN,NaN,NaN,NaN,NaN,NaN,NaN,NaN,NaN,NaN,NaN,NaN,NaN
SimpleBaseline,10,spike_bins,14,0.384657351078827,0.4094335267925,0.112326935518596,0.703159614108384,0.326615325005644,0,0,0.0162629944285428,0.235110674559674,0.230944832029583,0.1,0.5,0.5,1.1,0.08,,,NaN,NaN,NaN,NaN,NaN,NaN,NaN,NaN,NaN,NaN,NaN,NaN,NaN,NaN
SimpleBaseline,10,spike_bins,14,0.384657351078827,0.4094335267925,0.112326935518596,0.703159614108384,0.326615325005644,0,0,0.0162629944285428,0.235110674559674,0.230944832029583,0.1,0.5,0.5,1.1,0.1,,,NaN,NaN,NaN,NaN,NaN,NaN,NaN,NaN,NaN,NaN,NaN,NaN,NaN,NaN
SimpleBaseline,10,spike_bins,14,0.362502952219329,0.371407739365486,0.123445311540324,0.701538073399873,0.302673957432456,0.00714284895184805,0,0.0162876964707598,0.218943365926438,0.207797646702215,0.1,0.5,0.5,1.1,0.15,,,NaN,NaN,NaN,NaN,NaN,NaN,NaN,NaN,NaN,NaN,NaN,NaN,NaN,NaN
SimpleBaseline,10,spike_bins,14,0.373125787534798,0.386790190082149,0.122045230195505,0.727585238144632,0.301731051891546,0,0,0.0162421517571938,0.221460789995373,0.216300036126595,0.1,0.5,0.5,1.2,0.03,,,NaN,NaN,NaN,NaN,NaN,NaN,NaN,NaN,NaN,NaN,NaN,NaN,NaN,NaN
SimpleBaseline,10,spike_bins,14,0.373125787534798,0.386790190082149,0.122045230195505,0.727585238144632,0.301731051891546,0,0,0.0162421517571938,0.221460789995373,0.216300036126595,0.1,0.5,0.5,1.2,0.05,,,NaN,NaN,NaN,NaN,NaN,NaN,NaN,NaN,NaN,NaN,NaN,NaN,NaN,NaN
SimpleBaseline,10,spike_bins,14,0.373125787534798,0.386790190082149,0.122045230195505,0.727585238144632,0.301731051891546,0,0,0.0162421517571938,0.221460789995373,0.216300036126595,0.1,0.5,0.5,1.2,0.08,,,NaN,NaN,NaN,NaN,NaN,NaN,NaN,NaN,NaN,NaN,NaN,NaN,NaN,NaN
SimpleBaseline,10,spike_bins,14,0.373125787534798,0.386790190082149,0.122045230195505,0.727585238144632,0.301731051891546,0,0,0.0162421517571938,0.221460789995373,0.216300036126595,0.1,0.5,0.5,1.2,0.1,,,NaN,NaN,NaN,NaN,NaN,NaN,NaN,NaN,NaN,NaN,NaN,NaN,NaN,NaN
SimpleBaseline,10,spike_bins,14,0.353676098820946,0.35331992456785,0.132046690129624,0.727160385007565,0.282056412828647,0.00714284895184805,0,0.0159513311210084,0.208010086663795,0.193902513515109,0.1,0.5,0.5,1.2,0.15,,,NaN,NaN,NaN,NaN,NaN,NaN,NaN,NaN,NaN,NaN,NaN,NaN,NaN,NaN
SimpleBaseline,10,spike_bins,14,0.358066871502342,0.360761028402963,0.121002640646783,0.749716348100657,0.277098869976988,0,0,0.0158180351981222,0.206752210506356,0.197885333239907,0.1,0.5,0.5,1.3,0.03,,,NaN,NaN,NaN,NaN,NaN,NaN,NaN,NaN,NaN,NaN,NaN,NaN,NaN,NaN
SimpleBaseline,10,spike_bins,14,0.358066871502342,0.360761028402963,0.121002640646783,0.749716348100657,0.277098869976988,0,0,0.0158180351981222,0.206752210506356,0.197885333239907,0.1,0.5,0.5,1.3,0.05,,,NaN,NaN,NaN,NaN,NaN,NaN,NaN,NaN,NaN,NaN,NaN,NaN,NaN,NaN
SimpleBaseline,10,spike_bins,14,0.358066871502342,0.360761028402963,0.121002640646783,0.749716348100657,0.277098869976988,0,0,0.0158180351981222,0.206752210506356,0.197885333239907,0.1,0.5,0.5,1.3,0.08,,,NaN,NaN,NaN,NaN,NaN,NaN,NaN,NaN,NaN,NaN,NaN,NaN,NaN,NaN
SimpleBaseline,10,spike_bins,14,0.358066871502342,0.360761028402963,0.121002640646783,0.749716348100657,0.277098869976988,0,0,0.0158180351981222,0.206752210506356,0.197885333239907,0.1,0.5,0.5,1.3,0.1,,,NaN,NaN,NaN,NaN,NaN,NaN,NaN,NaN,NaN,NaN,NaN,NaN,NaN,NaN
SimpleBaseline,10,spike_bins,14,0.339645767663297,0.337305551591266,0.130460261748659,0.749179809578834,0.259679322141043,0.00714284895184805,0,0.0156854454071202,0.194283632348352,0.177041857653923,0.1,0.5,0.5,1.3,0.15,,,NaN,NaN,NaN,NaN,NaN,NaN,NaN,NaN,NaN,NaN,NaN,NaN,NaN,NaN
SimpleBaseline,10,spike_bins,14,0.340829414368705,0.343620754012691,0.13060432249449,0.764135183655797,0.252812568212473,0.00357142447592402,0,0.0154943748149694,0.191882091770628,0.177240848075213,0.1,0.5,0.5,1.4,0.03,,,NaN,NaN,NaN,NaN,NaN,NaN,NaN,NaN,NaN,NaN,NaN,NaN,NaN,NaN
SimpleBaseline,10,spike_bins,14,0.340829414368705,0.343620754012691,0.13060432249449,0.764135183655797,0.252812568212473,0.00357142447592402,0,0.0154943748149694,0.191882091770628,0.177240848075213,0.1,0.5,0.5,1.4,0.05,,,NaN,NaN,NaN,NaN,NaN,NaN,NaN,NaN,NaN,NaN,NaN,NaN,NaN,NaN
SimpleBaseline,10,spike_bins,14,0.340829414368705,0.343620754012691,0.13060432249449,0.764135183655797,0.252812568212473,0.00357142447592402,0,0.0154943748149694,0.191882091770628,0.177240848075213,0.1,0.5,0.5,1.4,0.08,,,NaN,NaN,NaN,NaN,NaN,NaN,NaN,NaN,NaN,NaN,NaN,NaN,NaN,NaN
SimpleBaseline,10,spike_bins,14,0.340829414368705,0.343620754012691,0.13060432249449,0.764135183655797,0.252812568212473,0.00357142447592402,0,0.0154943748149694,0.191882091770628,0.177240848075213,0.1,0.5,0.5,1.4,0.1,,,NaN,NaN,NaN,NaN,NaN,NaN,NaN,NaN,NaN,NaN,NaN,NaN,NaN,NaN
SimpleBaseline,10,spike_bins,14,0.324676739378977,0.322368005391403,0.137938309914925,0.763526709459725,0.238431063669054,0.00714284895184805,0,0.0156068131429108,0.18065362021296,0.161390703982994,0.1,0.5,0.5,1.4,0.15,,,NaN,NaN,NaN,NaN,NaN,NaN,NaN,NaN,NaN,NaN,NaN,NaN,NaN,NaN
SimpleBaseline,10,spike_bins,14,0.414288760800413,0.42308093450146,0.123272174770456,0.485335337160673,0.524333328524637,0,0,0.0124052466781615,0.344301785673352,0.350281345241551,0.1,0.6,0.4,0.4,0.03,,,NaN,NaN,NaN,NaN,NaN,NaN,NaN,NaN,NaN,NaN,NaN,NaN,NaN,NaN
SimpleBaseline,10,spike_bins,14,0.414288760800413,0.42308093450146,0.123272174770456,0.485335337160673,0.524333328524637,0,0,0.0124052466781615,0.344301785673352,0.350281345241551,0.1,0.6,0.4,0.4,0.05,,,NaN,NaN,NaN,NaN,NaN,NaN,NaN,NaN,NaN,NaN,NaN,NaN,NaN,NaN
SimpleBaseline,10,spike_bins,14,0.414288760800413,0.42308093450146,0.123272174770456,0.485335337160673,0.524333328524637,0,0,0.0124052466781615,0.344301785673352,0.350281345241551,0.1,0.6,0.4,0.4,0.08,,,NaN,NaN,NaN,NaN,NaN,NaN,NaN,NaN,NaN,NaN,NaN,NaN,NaN,NaN
SimpleBaseline,10,spike_bins,14,0.414288760800413,0.42308093450146,0.123272174770456,0.485335337160673,0.524333328524637,0,0,0.0124052466781615,0.344301785673352,0.350281345241551,0.1,0.6,0.4,0.4,0.1,,,NaN,NaN,NaN,NaN,NaN,NaN,NaN,NaN,NaN,NaN,NaN,NaN,NaN,NaN
SimpleBaseline,10,spike_bins,14,0.385017880190937,0.364218647912553,0.117297378760353,0.483038270823374,0.468076673824498,0.00714284895184805,0,0.0152567153447265,0.308552855986513,0.330371367848432,0.1,0.6,0.4,0.4,0.15,,,NaN,NaN,NaN,NaN,NaN,NaN,NaN,NaN,NaN,NaN,NaN,NaN,NaN,NaN
SimpleBaseline,10,spike_bins,14,0.418473833418382,0.421662033283138,0.117625029043682,0.520427105914136,0.503346095921138,0,0,0.013128286773748,0.335086544476773,0.340457042449043,0.1,0.6,0.4,0.5,0.03,,,NaN,NaN,NaN,NaN,NaN,NaN,NaN,NaN,NaN,NaN,NaN,NaN,NaN,NaN
SimpleBaseline,10,spike_bins,14,0.418473833418382,0.421662033283138,0.117625029043682,0.520427105914136,0.503346095921138,0,0,0.013128286773748,0.335086544476773,0.340457042449043,0.1,0.6,0.4,0.5,0.05,,,NaN,NaN,NaN,NaN,NaN,NaN,NaN,NaN,NaN,NaN,NaN,NaN,NaN,NaN
SimpleBaseline,10,spike_bins,14,0.418473833418382,0.421662033283138,0.117625029043682,0.520427105914136,0.503346095921138,0,0,0.013128286773748,0.335086544476773,0.340457042449043,0.1,0.6,0.4,0.5,0.08,,,NaN,NaN,NaN,NaN,NaN,NaN,NaN,NaN,NaN,NaN,NaN,NaN,NaN,NaN
SimpleBaseline,10,spike_bins,14,0.418473833418382,0.421662033283138,0.117625029043682,0.520427105914136,0.503346095921138,0,0,0.013128286773748,0.335086544476773,0.340457042449043,0.1,0.6,0.4,0.5,0.1,,,NaN,NaN,NaN,NaN,NaN,NaN,NaN,NaN,NaN,NaN,NaN,NaN,NaN,NaN
SimpleBaseline,10,spike_bins,14,0.390038174517384,0.378540648832353,0.115813362721963,0.517572046315289,0.452920017870779,0,0,0.0154096812503682,0.302630046748358,0.320280759795639,0.1,0.6,0.4,0.5,0.15,,,NaN,NaN,NaN,NaN,NaN,NaN,NaN,NaN,NaN,NaN,NaN,NaN,NaN,NaN
SimpleBaseline,10,spike_bins,14,0.421657365608877,0.423720182585648,0.114141541394362,0.553080182073059,0.479946441096616,0,0,0.0132432378438317,0.320050981450483,0.325970617881268,0.1,0.6,0.4,0.6,0.03,,,NaN,NaN,NaN,NaN,NaN,NaN,NaN,NaN,NaN,NaN,NaN,NaN,NaN,NaN
SimpleBaseline,10,spike_bins,14,0.421657365608877,0.423720182585648,0.114141541394362,0.553080182073059,0.479946441096616,0,0,0.0132432378438317,0.320050981450483,0.325970617881268,0.1,0.6,0.4,0.6,0.05,,,NaN,NaN,NaN,NaN,NaN,NaN,NaN,NaN,NaN,NaN,NaN,NaN,NaN,NaN
SimpleBaseline,10,spike_bins,14,0.421657365608877,0.423720182585648,0.114141541394362,0.553080182073059,0.479946441096616,0,0,0.0132432378438317,0.320050981450483,0.325970617881268,0.1,0.6,0.4,0.6,0.08,,,NaN,NaN,NaN,NaN,NaN,NaN,NaN,NaN,NaN,NaN,NaN,NaN,NaN,NaN
SimpleBaseline,10,spike_bins,14,0.421657365608877,0.423720182585648,0.114141541394362,0.553080182073059,0.479946441096616,0,0,0.0132432378438317,0.320050981450483,0.325970617881268,0.1,0.6,0.4,0.6,0.1,,,NaN,NaN,NaN,NaN,NaN,NaN,NaN,NaN,NaN,NaN,NaN,NaN,NaN,NaN
SimpleBaseline,10,spike_bins,14,0.392424491004136,0.403182053704776,0.116850585018411,0.549689615176008,0.433576108959113,0.00714284895184805,0,0.0154659749644976,0.289888627096934,0.308111622683029,0.1,0.6,0.4,0.6,0.15,,,NaN,NaN,NaN,NaN,NaN,NaN,NaN,NaN,NaN,NaN,NaN,NaN,NaN,NaN
SimpleBaseline,10,spike_bins,14,0.418950517617317,0.43809469459187,0.10900283434796,0.579725685291377,0.450834753273449,0,0,0.0126775028813727,0.306868205133422,0.310262793440052,0.1,0.6,0.4,0.7,0.03,,,NaN,NaN,NaN,NaN,NaN,NaN,NaN,NaN,NaN,NaN,NaN,NaN,NaN,NaN
SimpleBaseline,10,spike_bins,14,0.418950517617317,0.43809469459187,0.10900283434796,0.579725685291377,0.450834753273449,0,0,0.0126775028813727,0.306868205133422,0.310262793440052,0.1,0.6,0.4,0.7,0.05,,,NaN,NaN,NaN,NaN,NaN,NaN,NaN,NaN,NaN,NaN,NaN,NaN,NaN,NaN
SimpleBaseline,10,spike_bins,14,0.418950517617317,0.43809469459187,0.10900283434796,0.579725685291377,0.450834753273449,0,0,0.0126775028813727,0.306868205133422,0.310262793440052,0.1,0.6,0.4,0.7,0.08,,,NaN,NaN,NaN,NaN,NaN,NaN,NaN,NaN,NaN,NaN,NaN,NaN,NaN,NaN
SimpleBaseline,10,spike_bins,14,0.418950517617317,0.43809469459187,0.10900283434796,0.579725685291377,0.450834753273449,0,0,0.0126775028813727,0.306868205133422,0.310262793440052,0.1,0.6,0.4,0.7,0.1,,,NaN,NaN,NaN,NaN,NaN,NaN,NaN,NaN,NaN,NaN,NaN,NaN,NaN,NaN
SimpleBaseline,10,spike_bins,14,0.39068135084465,0.427440244907571,0.118017700691939,0.576047063038744,0.409520325256741,0.00714284895184805,0,0.0146503969528796,0.279754982881174,0.290859099128873,0.1,0.6,0.4,0.7,0.15,,,NaN,NaN,NaN,NaN,NaN,NaN,NaN,NaN,NaN,NaN,NaN,NaN,NaN,NaN
SimpleBaseline,10,spike_bins,14,0.418442126179255,0.456673759129991,0.107040503522851,0.615081365158079,0.425147398838174,0,0,0.0135708767601659,0.295070749775304,0.29208760720571,0.1,0.6,0.4,0.8,0.03,,,NaN,NaN,NaN,NaN,NaN,NaN,NaN,NaN,NaN,NaN,NaN,NaN,NaN,NaN
SimpleBaseline,10,spike_bins,14,0.418442126179255,0.456673759129991,0.107040503522851,0.615081365158079,0.425147398838174,0,0,0.0135708767601659,0.295070749775304,0.29208760720571,0.1,0.6,0.4,0.8,0.05,,,NaN,NaN,NaN,NaN,NaN,NaN,NaN,NaN,NaN,NaN,NaN,NaN,NaN,NaN
SimpleBaseline,10,spike_bins,14,0.418442126179255,0.456673759129991,0.107040503522851,0.615081365158079,0.425147398838174,0,0,0.0135708767601659,0.295070749775304,0.29208760720571,0.1,0.6,0.4,0.8,0.08,,,NaN,NaN,NaN,NaN,NaN,NaN,NaN,NaN,NaN,NaN,NaN,NaN,NaN,NaN
SimpleBaseline,10,spike_bins,14,0.418442126179255,0.456673759129991,0.107040503522851,0.615081365158079,0.425147398838174,0,0,0.0135708767601659,0.295070749775304,0.29208760720571,0.1,0.6,0.4,0.8,0.1,,,NaN,NaN,NaN,NaN,NaN,NaN,NaN,NaN,NaN,NaN,NaN,NaN,NaN,NaN
SimpleBaseline,10,spike_bins,14,0.39220039588617,0.429409543944428,0.118036487415659,0.612460629974798,0.388588412545982,0.00714284895184805,0,0.0147800829381331,0.270998601411141,0.275980942330003,0.1,0.6,0.4,0.8,0.15,,,NaN,NaN,NaN,NaN,NaN,NaN,NaN,NaN,NaN,NaN,NaN,NaN,NaN,NaN
SimpleBaseline,10,spike_bins,14,0.415100380983691,0.466565854580598,0.106800735637085,0.64712668808837,0.399236136586883,0,0,0.0140575808165234,0.277639310276156,0.272007268228111,0.1,0.6,0.4,0.9,0.03,,,NaN,NaN,NaN,NaN,NaN,NaN,NaN,NaN,NaN,NaN,NaN,NaN,NaN,NaN
SimpleBaseline,10,spike_bins,14,0.415100380983691,0.466565854580598,0.106800735637085,0.64712668808837,0.399236136586883,0,0,0.0140575808165234,0.277639310276156,0.272007268228111,0.1,0.6,0.4,0.9,0.05,,,NaN,NaN,NaN,NaN,NaN,NaN,NaN,NaN,NaN,NaN,NaN,NaN,NaN,NaN
SimpleBaseline,10,spike_bins,14,0.415100380983691,0.466565854580598,0.106800735637085,0.64712668808837,0.399236136586883,0,0,0.0140575808165234,0.277639310276156,0.272007268228111,0.1,0.6,0.4,0.9,0.08,,,NaN,NaN,NaN,NaN,NaN,NaN,NaN,NaN,NaN,NaN,NaN,NaN,NaN,NaN
SimpleBaseline,10,spike_bins,14,0.415100380983691,0.466565854580598,0.106800735637085,0.64712668808837,0.399236136586883,0,0,0.0140575808165234,0.277639310276156,0.272007268228111,0.1,0.6,0.4,0.9,0.1,,,NaN,NaN,NaN,NaN,NaN,NaN,NaN,NaN,NaN,NaN,NaN,NaN,NaN,NaN
SimpleBaseline,10,spike_bins,14,0.389629346968225,0.423693476297797,0.1186102599815,0.644682748083595,0.366959356490434,0,0,0.0149766263553908,0.256524720443224,0.256892022650267,0.1,0.6,0.4,0.9,0.15,,,NaN,NaN,NaN,NaN,NaN,NaN,NaN,NaN,NaN,NaN,NaN,NaN,NaN,NaN
SimpleBaseline,10,spike_bins,14,0.408060780442438,0.4503367003367,0.109817848811719,0.674204761053256,0.37152979496692,0,0,0.0149390800472079,0.263577591850401,0.258411056238229,0.1,0.6,0.4,1,0.03,,,NaN,NaN,NaN,NaN,NaN,NaN,NaN,NaN,NaN,NaN,NaN,NaN,NaN,NaN
SimpleBaseline,10,spike_bins,14,0.408060780442438,0.4503367003367,0.109817848811719,0.674204761053256,0.37152979496692,0,0,0.0149390800472079,0.263577591850401,0.258411056238229,0.1,0.6,0.4,1,0.05,,,NaN,NaN,NaN,NaN,NaN,NaN,NaN,NaN,NaN,NaN,NaN,NaN,NaN,NaN
SimpleBaseline,10,spike_bins,14,0.408060780442438,0.4503367003367,0.109817848811719,0.674204761053256,0.37152979496692,0,0,0.0149390800472079,0.263577591850401,0.258411056238229,0.1,0.6,0.4,1,0.08,,,NaN,NaN,NaN,NaN,NaN,NaN,NaN,NaN,NaN,NaN,NaN,NaN,NaN,NaN
SimpleBaseline,10,spike_bins,14,0.408060780442438,0.4503367003367,0.109817848811719,0.674204761053256,0.37152979496692,0,0,0.0149390800472079,0.263577591850401,0.258411056238229,0.1,0.6,0.4,1,0.1,,,NaN,NaN,NaN,NaN,NaN,NaN,NaN,NaN,NaN,NaN,NaN,NaN,NaN,NaN
SimpleBaseline,10,spike_bins,14,0.383891255900866,0.406484539778748,0.119715034586461,0.671287559694936,0.343424536005381,0,0,0.0153822910624171,0.244629157580396,0.235363358822768,0.1,0.6,0.4,1,0.15,,,NaN,NaN,NaN,NaN,NaN,NaN,NaN,NaN,NaN,NaN,NaN,NaN,NaN,NaN
SimpleBaseline,10,spike_bins,14,0.400434647112321,0.415732975511573,0.112517021742573,0.70211239509177,0.347624105436224,0,0,0.0151633949975159,0.249339580881709,0.242254720747226,0.1,0.6,0.4,1.1,0.03,,,NaN,NaN,NaN,NaN,NaN,NaN,NaN,NaN,NaN,NaN,NaN,NaN,NaN,NaN
SimpleBaseline,10,spike_bins,14,0.400434647112321,0.415732975511573,0.112517021742573,0.70211239509177,0.347624105436224,0,0,0.0151633949975159,0.249339580881709,0.242254720747226,0.1,0.6,0.4,1.1,0.05,,,NaN,NaN,NaN,NaN,NaN,NaN,NaN,NaN,NaN,NaN,NaN,NaN,NaN,NaN
SimpleBaseline,10,spike_bins,14,0.400434647112321,0.415732975511573,0.112517021742573,0.70211239509177,0.347624105436224,0,0,0.0151633949975159,0.249339580881709,0.242254720747226,0.1,0.6,0.4,1.1,0.08,,,NaN,NaN,NaN,NaN,NaN,NaN,NaN,NaN,NaN,NaN,NaN,NaN,NaN,NaN
SimpleBaseline,10,spike_bins,14,0.400434647112321,0.415732975511573,0.112517021742573,0.70211239509177,0.347624105436224,0,0,0.0151633949975159,0.249339580881709,0.242254720747226,0.1,0.6,0.4,1.1,0.1,,,NaN,NaN,NaN,NaN,NaN,NaN,NaN,NaN,NaN,NaN,NaN,NaN,NaN,NaN
SimpleBaseline,10,spike_bins,14,0.379682272466938,0.392585895117541,0.122457855048582,0.702161128805266,0.324160142828523,0,0,0.0155682405231051,0.233808826060522,0.22319941537819,0.1,0.6,0.4,1.1,0.15,,,NaN,NaN,NaN,NaN,NaN,NaN,NaN,NaN,NaN,NaN,NaN,NaN,NaN,NaN
SimpleBaseline,10,spike_bins,14,0.388251051538409,0.38863287250384,0.1191087175988,0.727828459128835,0.320610068196065,0,0,0.0153680420541449,0.233562580049339,0.216082527011456,0.1,0.6,0.4,1.2,0.03,,,NaN,NaN,NaN,NaN,NaN,NaN,NaN,NaN,NaN,NaN,NaN,NaN,NaN,NaN
SimpleBaseline,10,spike_bins,14,0.388251051538409,0.38863287250384,0.1191087175988,0.727828459128835,0.320610068196065,0,0,0.0153680420541449,0.233562580049339,0.216082527011456,0.1,0.6,0.4,1.2,0.05,,,NaN,NaN,NaN,NaN,NaN,NaN,NaN,NaN,NaN,NaN,NaN,NaN,NaN,NaN
SimpleBaseline,10,spike_bins,14,0.388251051538409,0.38863287250384,0.1191087175988,0.727828459128835,0.320610068196065,0,0,0.0153680420541449,0.233562580049339,0.216082527011456,0.1,0.6,0.4,1.2,0.08,,,NaN,NaN,NaN,NaN,NaN,NaN,NaN,NaN,NaN,NaN,NaN,NaN,NaN,NaN
SimpleBaseline,10,spike_bins,14,0.388251051538409,0.38863287250384,0.1191087175988,0.727828459128835,0.320610068196065,0,0,0.0153680420541449,0.233562580049339,0.216082527011456,0.1,0.6,0.4,1.2,0.1,,,NaN,NaN,NaN,NaN,NaN,NaN,NaN,NaN,NaN,NaN,NaN,NaN,NaN,NaN
SimpleBaseline,10,spike_bins,14,0.369507577750874,0.358277943732249,0.127836642894931,0.727257960188549,0.301307941192005,0.00714284895184805,0,0.0157777907798722,0.220287038658355,0.209349142727805,0.1,0.6,0.4,1.2,0.15,,,NaN,NaN,NaN,NaN,NaN,NaN,NaN,NaN,NaN,NaN,NaN,NaN,NaN,NaN
SimpleBaseline,10,spike_bins,14,0.373539027042282,0.366275880981763,0.128264665288332,0.749496701972287,0.294575423111428,0,0,0.0154493411617311,0.22090294985365,0.202325851566367,0.1,0.6,0.4,1.3,0.03,,,NaN,NaN,NaN,NaN,NaN,NaN,NaN,NaN,NaN,NaN,NaN,NaN,NaN,NaN
SimpleBaseline,10,spike_bins,14,0.373539027042282,0.366275880981763,0.128264665288332,0.749496701972287,0.294575423111428,0,0,0.0154493411617311,0.22090294985365,0.202325851566367,0.1,0.6,0.4,1.3,0.05,,,NaN,NaN,NaN,NaN,NaN,NaN,NaN,NaN,NaN,NaN,NaN,NaN,NaN,NaN
SimpleBaseline,10,spike_bins,14,0.373539027042282,0.366275880981763,0.128264665288332,0.749496701972287,0.294575423111428,0,0,0.0154493411617311,0.22090294985365,0.202325851566367,0.1,0.6,0.4,1.3,0.08,,,NaN,NaN,NaN,NaN,NaN,NaN,NaN,NaN,NaN,NaN,NaN,NaN,NaN,NaN
SimpleBaseline,10,spike_bins,14,0.373539027042282,0.366275880981763,0.128264665288332,0.749496701972287,0.294575423111428,0,0,0.0154493411617311,0.22090294985365,0.202325851566367,0.1,0.6,0.4,1.3,0.1,,,NaN,NaN,NaN,NaN,NaN,NaN,NaN,NaN,NaN,NaN,NaN,NaN,NaN,NaN
SimpleBaseline,10,spike_bins,14,0.357021212218904,0.342517527448646,0.135318136514403,0.747985378002091,0.278580791352958,0.00714284895184805,0,0.0158260689441937,0.209142167225033,0.193767646029885,0.1,0.6,0.4,1.3,0.15,,,NaN,NaN,NaN,NaN,NaN,NaN,NaN,NaN,NaN,NaN,NaN,NaN,NaN,NaN
SimpleBaseline,10,spike_bins,14,0.357807134996411,0.347701817618106,0.135244537852944,0.774194539659946,0.267814905067546,0,0,0.0148042042733938,0.205332731247239,0.187113473469462,0.1,0.6,0.4,1.4,0.03,,,NaN,NaN,NaN,NaN,NaN,NaN,NaN,NaN,NaN,NaN,NaN,NaN,NaN,NaN
SimpleBaseline,10,spike_bins,14,0.357807134996411,0.347701817618106,0.135244537852944,0.774194539659946,0.267814905067546,0,0,0.0148042042733938,0.205332731247239,0.187113473469462,0.1,0.6,0.4,1.4,0.05,,,NaN,NaN,NaN,NaN,NaN,NaN,NaN,NaN,NaN,NaN,NaN,NaN,NaN,NaN
SimpleBaseline,10,spike_bins,14,0.357807134996411,0.347701817618106,0.135244537852944,0.774194539659946,0.267814905067546,0,0,0.0148042042733938,0.205332731247239,0.187113473469462,0.1,0.6,0.4,1.4,0.08,,,NaN,NaN,NaN,NaN,NaN,NaN,NaN,NaN,NaN,NaN,NaN,NaN,NaN,NaN
SimpleBaseline,10,spike_bins,14,0.357807134996411,0.347701817618106,0.135244537852944,0.774194539659946,0.267814905067546,0,0,0.0148042042733938,0.205332731247239,0.187113473469462,0.1,0.6,0.4,1.4,0.1,,,NaN,NaN,NaN,NaN,NaN,NaN,NaN,NaN,NaN,NaN,NaN,NaN,NaN,NaN
SimpleBaseline,10,spike_bins,14,0.343506117934484,0.329902975683027,0.141315340242731,0.77306677508917,0.25474067057233,0.00714284895184805,0,0.015256784263372,0.195030899196325,0.174145173757647,0.1,0.6,0.4,1.4,0.15,,,NaN,NaN,NaN,NaN,NaN,NaN,NaN,NaN,NaN,NaN,NaN,NaN,NaN,NaN
SimpleBaseline,10,spike_bins,14,0.411584669995865,0.429036490981729,0.129175733117432,0.46361012070969,0.542130236435568,0,0,0.0107101626236359,0.353623277525401,0.356608378774445,0.1,0.7,0.3,0.4,0.03,,,NaN,NaN,NaN,NaN,NaN,NaN,NaN,NaN,NaN,NaN,NaN,NaN,NaN,NaN
SimpleBaseline,10,spike_bins,14,0.411584669995865,0.429036490981729,0.129175733117432,0.46361012070969,0.542130236435568,0,0,0.0107101626236359,0.353623277525401,0.356608378774445,0.1,0.7,0.3,0.4,0.05,,,NaN,NaN,NaN,NaN,NaN,NaN,NaN,NaN,NaN,NaN,NaN,NaN,NaN,NaN
SimpleBaseline,10,spike_bins,14,0.411584669995865,0.429036490981729,0.129175733117432,0.46361012070969,0.542130236435568,0,0,0.0107101626236359,0.353623277525401,0.356608378774445,0.1,0.7,0.3,0.4,0.08,,,NaN,NaN,NaN,NaN,NaN,NaN,NaN,NaN,NaN,NaN,NaN,NaN,NaN,NaN
SimpleBaseline,10,spike_bins,14,0.411584669995865,0.429036490981729,0.129175733117432,0.46361012070969,0.542130236435568,0,0,0.0107101626236359,0.353623277525401,0.356608378774445,0.1,0.7,0.3,0.4,0.1,,,NaN,NaN,NaN,NaN,NaN,NaN,NaN,NaN,NaN,NaN,NaN,NaN,NaN,NaN
SimpleBaseline,10,spike_bins,14,0.381973879245571,0.379941247100241,0.11950081403137,0.461046319794414,0.481442662376439,0.00714284895184805,0,0.0137722721466984,0.313586968023279,0.329785786755473,0.1,0.7,0.3,0.4,0.15,,,NaN,NaN,NaN,NaN,NaN,NaN,NaN,NaN,NaN,NaN,NaN,NaN,NaN,NaN
SimpleBaseline,10,spike_bins,14,0.418175669347411,0.42399214530003,0.123514607018108,0.497961852804205,0.521366657198477,0,0,0.0116408281379731,0.343598905450854,0.34151186644685,0.1,0.7,0.3,0.5,0.03,,,NaN,NaN,NaN,NaN,NaN,NaN,NaN,NaN,NaN,NaN,NaN,NaN,NaN,NaN
SimpleBaseline,10,spike_bins,14,0.418175669347411,0.42399214530003,0.123514607018108,0.497961852804205,0.521366657198477,0,0,0.0116408281379731,0.343598905450854,0.34151186644685,0.1,0.7,0.3,0.5,0.05,,,NaN,NaN,NaN,NaN,NaN,NaN,NaN,NaN,NaN,NaN,NaN,NaN,NaN,NaN
SimpleBaseline,10,spike_bins,14,0.418175669347411,0.42399214530003,0.123514607018108,0.497961852804205,0.521366657198477,0,0,0.0116408281379731,0.343598905450854,0.34151186644685,0.1,0.7,0.3,0.5,0.08,,,NaN,NaN,NaN,NaN,NaN,NaN,NaN,NaN,NaN,NaN,NaN,NaN,NaN,NaN
SimpleBaseline,10,spike_bins,14,0.418175669347411,0.42399214530003,0.123514607018108,0.497961852804205,0.521366657198477,0,0,0.0116408281379731,0.343598905450854,0.34151186644685,0.1,0.7,0.3,0.5,0.1,,,NaN,NaN,NaN,NaN,NaN,NaN,NaN,NaN,NaN,NaN,NaN,NaN,NaN,NaN
SimpleBaseline,10,spike_bins,14,0.387063911923207,0.363936632668555,0.117411990254772,0.493121720379938,0.465205383178919,0.00714284895184805,0,0.0143861835813117,0.306197928751745,0.319685657204849,0.1,0.7,0.3,0.5,0.15,,,NaN,NaN,NaN,NaN,NaN,NaN,NaN,NaN,NaN,NaN,NaN,NaN,NaN,NaN
SimpleBaseline,10,spike_bins,14,0.420192669144636,0.419479964498208,0.11516616645947,0.529634988405684,0.496538118108198,0,0,0.0120452308466559,0.330450332686758,0.330966085802846,0.1,0.7,0.3,0.6,0.03,,,NaN,NaN,NaN,NaN,NaN,NaN,NaN,NaN,NaN,NaN,NaN,NaN,NaN,NaN
SimpleBaseline,10,spike_bins,14,0.420192669144636,0.419479964498208,0.11516616645947,0.529634988405684,0.496538118108198,0,0,0.0120452308466559,0.330450332686758,0.330966085802846,0.1,0.7,0.3,0.6,0.05,,,NaN,NaN,NaN,NaN,NaN,NaN,NaN,NaN,NaN,NaN,NaN,NaN,NaN,NaN
SimpleBaseline,10,spike_bins,14,0.420192669144636,0.419479964498208,0.11516616645947,0.529634988405684,0.496538118108198,0,0,0.0120452308466559,0.330450332686758,0.330966085802846,0.1,0.7,0.3,0.6,0.08,,,NaN,NaN,NaN,NaN,NaN,NaN,NaN,NaN,NaN,NaN,NaN,NaN,NaN,NaN
SimpleBaseline,10,spike_bins,14,0.420192669144636,0.419479964498208,0.11516616645947,0.529634988405684,0.496538118108198,0,0,0.0120452308466559,0.330450332686758,0.330966085802846,0.1,0.7,0.3,0.6,0.1,,,NaN,NaN,NaN,NaN,NaN,NaN,NaN,NaN,NaN,NaN,NaN,NaN,NaN,NaN
SimpleBaseline,10,spike_bins,14,0.390802139170361,0.377143688158884,0.113100897700396,0.524787557833519,0.448365177468803,0.00714284895184805,0,0.0144091218040335,0.298140772378867,0.312268875197703,0.1,0.7,0.3,0.6,0.15,,,NaN,NaN,NaN,NaN,NaN,NaN,NaN,NaN,NaN,NaN,NaN,NaN,NaN,NaN
SimpleBaseline,10,spike_bins,14,0.422141098620731,0.423648872120345,0.10842587568981,0.56155538790164,0.474235944421981,0,0,0.0126184841282645,0.319507419770667,0.31936559551106,0.1,0.7,0.3,0.7,0.03,,,NaN,NaN,NaN,NaN,NaN,NaN,NaN,NaN,NaN,NaN,NaN,NaN,NaN,NaN
SimpleBaseline,10,spike_bins,14,0.422141098620731,0.423648872120345,0.10842587568981,0.56155538790164,0.474235944421981,0,0,0.0126184841282645,0.319507419770667,0.31936559551106,0.1,0.7,0.3,0.7,0.05,,,NaN,NaN,NaN,NaN,NaN,NaN,NaN,NaN,NaN,NaN,NaN,NaN,NaN,NaN
SimpleBaseline,10,spike_bins,14,0.422141098620731,0.423648872120345,0.10842587568981,0.56155538790164,0.474235944421981,0,0,0.0126184841282645,0.319507419770667,0.31936559551106,0.1,0.7,0.3,0.7,0.08,,,NaN,NaN,NaN,NaN,NaN,NaN,NaN,NaN,NaN,NaN,NaN,NaN,NaN,NaN
SimpleBaseline,10,spike_bins,14,0.422141098620731,0.423648872120345,0.10842587568981,0.56155538790164,0.474235944421981,0,0,0.0126184841282645,0.319507419770667,0.31936559551106,0.1,0.7,0.3,0.7,0.1,,,NaN,NaN,NaN,NaN,NaN,NaN,NaN,NaN,NaN,NaN,NaN,NaN,NaN,NaN
SimpleBaseline,10,spike_bins,14,0.393607885577536,0.400109151008432,0.111358643339297,0.5569467031769,0.430823378712018,0.00714284895184805,0,0.0147060236710264,0.289913427856634,0.301523227865247,0.1,0.7,0.3,0.7,0.15,,,NaN,NaN,NaN,NaN,NaN,NaN,NaN,NaN,NaN,NaN,NaN,NaN,NaN,NaN
SimpleBaseline,10,spike_bins,14,0.420811165697453,0.441741737685877,0.104795573870014,0.593879226866114,0.445562574158989,0,0,0.0128737852958024,0.303795032192989,0.303973485488917,0.1,0.7,0.3,0.8,0.03,,,NaN,NaN,NaN,NaN,NaN,NaN,NaN,NaN,NaN,NaN,NaN,NaN,NaN,NaN
SimpleBaseline,10,spike_bins,14,0.420811165697453,0.441741737685877,0.104795573870014,0.593879226866114,0.445562574158989,0,0,0.0128737852958024,0.303795032192989,0.303973485488917,0.1,0.7,0.3,0.8,0.05,,,NaN,NaN,NaN,NaN,NaN,NaN,NaN,NaN,NaN,NaN,NaN,NaN,NaN,NaN
SimpleBaseline,10,spike_bins,14,0.420811165697453,0.441741737685877,0.104795573870014,0.593879226866114,0.445562574158989,0,0,0.0128737852958024,0.303795032192989,0.303973485488917,0.1,0.7,0.3,0.8,0.08,,,NaN,NaN,NaN,NaN,NaN,NaN,NaN,NaN,NaN,NaN,NaN,NaN,NaN,NaN
SimpleBaseline,10,spike_bins,14,0.420811165697453,0.441741737685877,0.104795573870014,0.593879226866114,0.445562574158989,0,0,0.0128737852958024,0.303795032192989,0.303973485488917,0.1,0.7,0.3,0.8,0.1,,,NaN,NaN,NaN,NaN,NaN,NaN,NaN,NaN,NaN,NaN,NaN,NaN,NaN,NaN
SimpleBaseline,10,spike_bins,14,0.39283952579702,0.427329463682807,0.112325498774834,0.588689896421774,0.407226343438134,0.00714284895184805,0,0.0143250199860648,0.277868711044968,0.287535592205399,0.1,0.7,0.3,0.8,0.15,,,NaN,NaN,NaN,NaN,NaN,NaN,NaN,NaN,NaN,NaN,NaN,NaN,NaN,NaN
SimpleBaseline,10,spike_bins,14,0.415159831196265,0.44941354266435,0.107456233862442,0.622633499667649,0.413336111711975,0,0,0.0134269634232172,0.288107695555396,0.280841564878877,0.1,0.7,0.3,0.9,0.03,,,NaN,NaN,NaN,NaN,NaN,NaN,NaN,NaN,NaN,NaN,NaN,NaN,NaN,NaN
SimpleBaseline,10,spike_bins,14,0.415159831196265,0.44941354266435,0.107456233862442,0.622633499667649,0.413336111711975,0,0,0.0134269634232172,0.288107695555396,0.280841564878877,0.1,0.7,0.3,0.9,0.05,,,NaN,NaN,NaN,NaN,NaN,NaN,NaN,NaN,NaN,NaN,NaN,NaN,NaN,NaN
SimpleBaseline,10,spike_bins,14,0.415159831196265,0.44941354266435,0.107456233862442,0.622633499667649,0.413336111711975,0,0,0.0134269634232172,0.288107695555396,0.280841564878877,0.1,0.7,0.3,0.9,0.08,,,NaN,NaN,NaN,NaN,NaN,NaN,NaN,NaN,NaN,NaN,NaN,NaN,NaN,NaN
SimpleBaseline,10,spike_bins,14,0.415159831196265,0.44941354266435,0.107456233862442,0.622633499667649,0.413336111711975,0,0,0.0134269634232172,0.288107695555396,0.280841564878877,0.1,0.7,0.3,0.9,0.1,,,NaN,NaN,NaN,NaN,NaN,NaN,NaN,NaN,NaN,NaN,NaN,NaN,NaN,NaN
SimpleBaseline,10,spike_bins,14,0.390183966962025,0.424502408603757,0.116167260486938,0.618387154425691,0.381073711850424,0.00357142447592402,0,0.0146672059280747,0.265222276197859,0.269719305478283,0.1,0.7,0.3,0.9,0.15,,,NaN,NaN,NaN,NaN,NaN,NaN,NaN,NaN,NaN,NaN,NaN,NaN,NaN,NaN
SimpleBaseline,10,spike_bins,14,0.412161656384132,0.452754951032633,0.109897212221059,0.653856860850224,0.389315739775733,0,0,0.0135552946427717,0.27478448552517,0.262658710474554,0.1,0.7,0.3,1,0.03,,,NaN,NaN,NaN,NaN,NaN,NaN,NaN,NaN,NaN,NaN,NaN,NaN,NaN,NaN
SimpleBaseline,10,spike_bins,14,0.412161656384132,0.452754951032633,0.109897212221059,0.653856860850224,0.389315739775733,0,0,0.0135552946427717,0.27478448552517,0.262658710474554,0.1,0.7,0.3,1,0.05,,,NaN,NaN,NaN,NaN,NaN,NaN,NaN,NaN,NaN,NaN,NaN,NaN,NaN,NaN
SimpleBaseline,10,spike_bins,14,0.412161656384132,0.452754951032633,0.109897212221059,0.653856860850224,0.389315739775733,0,0,0.0135552946427717,0.27478448552517,0.262658710474554,0.1,0.7,0.3,1,0.08,,,NaN,NaN,NaN,NaN,NaN,NaN,NaN,NaN,NaN,NaN,NaN,NaN,NaN,NaN
SimpleBaseline,10,spike_bins,14,0.412161656384132,0.452754951032633,0.109897212221059,0.653856860850224,0.389315739775733,0,0,0.0135552946427717,0.27478448552517,0.262658710474554,0.1,0.7,0.3,1,0.1,,,NaN,NaN,NaN,NaN,NaN,NaN,NaN,NaN,NaN,NaN,NaN,NaN,NaN,NaN
SimpleBaseline,10,spike_bins,14,0.389109879125471,0.416798799403944,0.11841690501002,0.649577764631584,0.361581799787025,0,0,0.0146840188527336,0.255493192438669,0.254092891068629,0.1,0.7,0.3,1,0.15,,,NaN,NaN,NaN,NaN,NaN,NaN,NaN,NaN,NaN,NaN,NaN,NaN,NaN,NaN
SimpleBaseline,10,spike_bins,14,0.405336487332176,0.423923621229032,0.110872056292993,0.687557883000719,0.360183873029698,0,0,0.014406696021149,0.258109444865042,0.23992468190515,0.1,0.7,0.3,1.1,0.03,,,NaN,NaN,NaN,NaN,NaN,NaN,NaN,NaN,NaN,NaN,NaN,NaN,NaN,NaN
SimpleBaseline,10,spike_bins,14,0.405336487332176,0.423923621229032,0.110872056292993,0.687557883000719,0.360183873029698,0,0,0.014406696021149,0.258109444865042,0.23992468190515,0.1,0.7,0.3,1.1,0.05,,,NaN,NaN,NaN,NaN,NaN,NaN,NaN,NaN,NaN,NaN,NaN,NaN,NaN,NaN
SimpleBaseline,10,spike_bins,14,0.405336487332176,0.423923621229032,0.110872056292993,0.687557883000719,0.360183873029698,0,0,0.014406696021149,0.258109444865042,0.23992468190515,0.1,0.7,0.3,1.1,0.08,,,NaN,NaN,NaN,NaN,NaN,NaN,NaN,NaN,NaN,NaN,NaN,NaN,NaN,NaN
SimpleBaseline,10,spike_bins,14,0.405336487332176,0.423923621229032,0.110872056292993,0.687557883000719,0.360183873029698,0,0,0.014406696021149,0.258109444865042,0.23992468190515,0.1,0.7,0.3,1.1,0.1,,,NaN,NaN,NaN,NaN,NaN,NaN,NaN,NaN,NaN,NaN,NaN,NaN,NaN,NaN
SimpleBaseline,10,spike_bins,14,0.384011675763314,0.402682226818048,0.119551219430014,0.684045446583069,0.337222649318568,0.00357142447592402,0,0.0152860329783303,0.241588718172519,0.233452280968261,0.1,0.7,0.3,1.1,0.15,,,NaN,NaN,NaN,NaN,NaN,NaN,NaN,NaN,NaN,NaN,NaN,NaN,NaN,NaN
SimpleBaseline,10,spike_bins,14,0.39714724277308,0.404971136996186,0.117549932672564,0.714568791505112,0.337578171608662,0,0,0.0149138032350037,0.244609010840447,0.221628711095207,0.1,0.7,0.3,1.2,0.03,,,NaN,NaN,NaN,NaN,NaN,NaN,NaN,NaN,NaN,NaN,NaN,NaN,NaN,NaN
SimpleBaseline,10,spike_bins,14,0.39714724277308,0.404971136996186,0.117549932672564,0.714568791505112,0.337578171608662,0,0,0.0149138032350037,0.244609010840447,0.221628711095207,0.1,0.7,0.3,1.2,0.05,,,NaN,NaN,NaN,NaN,NaN,NaN,NaN,NaN,NaN,NaN,NaN,NaN,NaN,NaN
SimpleBaseline,10,spike_bins,14,0.39714724277308,0.404971136996186,0.117549932672564,0.714568791505112,0.337578171608662,0,0,0.0149138032350037,0.244609010840447,0.221628711095207,0.1,0.7,0.3,1.2,0.08,,,NaN,NaN,NaN,NaN,NaN,NaN,NaN,NaN,NaN,NaN,NaN,NaN,NaN,NaN
SimpleBaseline,10,spike_bins,14,0.39714724277308,0.404971136996186,0.117549932672564,0.714568791505112,0.337578171608662,0,0,0.0149138032350037,0.244609010840447,0.221628711095207,0.1,0.7,0.3,1.2,0.1,,,NaN,NaN,NaN,NaN,NaN,NaN,NaN,NaN,NaN,NaN,NaN,NaN,NaN,NaN
SimpleBaseline,10,spike_bins,14,0.378694664966748,0.381648874502639,0.125465873953771,0.712632315766933,0.318423146995062,0.00357142447592402,0,0.015768328307793,0.230847426998255,0.216274267617995,0.1,0.7,0.3,1.2,0.15,,,NaN,NaN,NaN,NaN,NaN,NaN,NaN,NaN,NaN,NaN,NaN,NaN,NaN,NaN
SimpleBaseline,10,spike_bins,14,0.385681780270861,0.379932751614168,0.122771834725779,0.744162447866917,0.309405436079591,0,0,0.0151433729453209,0.229286173382925,0.205542977128932,0.1,0.7,0.3,1.3,0.03,,,NaN,NaN,NaN,NaN,NaN,NaN,NaN,NaN,NaN,NaN,NaN,NaN,NaN,NaN
SimpleBaseline,10,spike_bins,14,0.385681780270861,0.379932751614168,0.122771834725779,0.744162447866917,0.309405436079591,0,0,0.0151433729453209,0.229286173382925,0.205542977128932,0.1,0.7,0.3,1.3,0.05,,,NaN,NaN,NaN,NaN,NaN,NaN,NaN,NaN,NaN,NaN,NaN,NaN,NaN,NaN
SimpleBaseline,10,spike_bins,14,0.385681780270861,0.379932751614168,0.122771834725779,0.744162447866917,0.309405436079591,0,0,0.0151433729453209,0.229286173382925,0.205542977128932,0.1,0.7,0.3,1.3,0.08,,,NaN,NaN,NaN,NaN,NaN,NaN,NaN,NaN,NaN,NaN,NaN,NaN,NaN,NaN
SimpleBaseline,10,spike_bins,14,0.385681780270861,0.379932751614168,0.122771834725779,0.744162447866917,0.309405436079591,0,0,0.0151433729453209,0.229286173382925,0.205542977128932,0.1,0.7,0.3,1.3,0.1,,,NaN,NaN,NaN,NaN,NaN,NaN,NaN,NaN,NaN,NaN,NaN,NaN,NaN,NaN
SimpleBaseline,10,spike_bins,14,0.369266186306292,0.346249032274441,0.129832035428006,0.742225626005522,0.293960221259302,0.00714284895184805,0,0.0160045068852206,0.217418448065575,0.19980464858293,0.1,0.7,0.3,1.3,0.15,,,NaN,NaN,NaN,NaN,NaN,NaN,NaN,NaN,NaN,NaN,NaN,NaN,NaN,NaN
SimpleBaseline,10,spike_bins,14,0.368943324239417,0.350167115024048,0.132452054828103,0.769679078514308,0.282400940717994,0,0,0.0159108153312307,0.212893224255981,0.191820198836545,0.1,0.7,0.3,1.4,0.03,,,NaN,NaN,NaN,NaN,NaN,NaN,NaN,NaN,NaN,NaN,NaN,NaN,NaN,NaN
SimpleBaseline,10,spike_bins,14,0.368943324239417,0.350167115024048,0.132452054828103,0.769679078514308,0.282400940717994,0,0,0.0159108153312307,0.212893224255981,0.191820198836545,0.1,0.7,0.3,1.4,0.05,,,NaN,NaN,NaN,NaN,NaN,NaN,NaN,NaN,NaN,NaN,NaN,NaN,NaN,NaN
SimpleBaseline,10,spike_bins,14,0.368943324239417,0.350167115024048,0.132452054828103,0.769679078514308,0.282400940717994,0,0,0.0159108153312307,0.212893224255981,0.191820198836545,0.1,0.7,0.3,1.4,0.08,,,NaN,NaN,NaN,NaN,NaN,NaN,NaN,NaN,NaN,NaN,NaN,NaN,NaN,NaN
SimpleBaseline,10,spike_bins,14,0.368943324239417,0.350167115024048,0.132452054828103,0.769679078514308,0.282400940717994,0,0,0.0159108153312307,0.212893224255981,0.191820198836545,0.1,0.7,0.3,1.4,0.1,,,NaN,NaN,NaN,NaN,NaN,NaN,NaN,NaN,NaN,NaN,NaN,NaN,NaN,NaN
SimpleBaseline,10,spike_bins,14,0.355452619838098,0.333375709805916,0.137060486481287,0.767392770072773,0.270266227455291,0.00714284895184805,0,0.0164927402591865,0.203201159145776,0.184976441041938,0.1,0.7,0.3,1.4,0.15,,,NaN,NaN,NaN,NaN,NaN,NaN,NaN,NaN,NaN,NaN,NaN,NaN,NaN,NaN
SimpleBaseline,10,spike_bins,14,0.406326400668204,0.436800258890712,0.134938406916704,0.43914385566149,0.55549183715786,0,0,0.0090161495741397,0.360084742795136,0.360160788078009,0.1,0.8,0.2,0.4,0.03,,,NaN,NaN,NaN,NaN,NaN,NaN,NaN,NaN,NaN,NaN,NaN,NaN,NaN,NaN
SimpleBaseline,10,spike_bins,14,0.406326400668204,0.436800258890712,0.134938406916704,0.43914385566149,0.55549183715786,0,0,0.0090161495741397,0.360084742795136,0.360160788078009,0.1,0.8,0.2,0.4,0.05,,,NaN,NaN,NaN,NaN,NaN,NaN,NaN,NaN,NaN,NaN,NaN,NaN,NaN,NaN
SimpleBaseline,10,spike_bins,14,0.406326400668204,0.436800258890712,0.134938406916704,0.43914385566149,0.55549183715786,0,0,0.0090161495741397,0.360084742795136,0.360160788078009,0.1,0.8,0.2,0.4,0.08,,,NaN,NaN,NaN,NaN,NaN,NaN,NaN,NaN,NaN,NaN,NaN,NaN,NaN,NaN
SimpleBaseline,10,spike_bins,14,0.406326400668204,0.436800258890712,0.134938406916704,0.43914385566149,0.55549183715786,0,0,0.0090161495741397,0.360084742795136,0.360160788078009,0.1,0.8,0.2,0.4,0.1,,,NaN,NaN,NaN,NaN,NaN,NaN,NaN,NaN,NaN,NaN,NaN,NaN,NaN,NaN
SimpleBaseline,10,spike_bins,14,0.37836953435158,0.387715955406186,0.121500445749643,0.43774029371333,0.493109206275288,0.00714284895184805,0,0.0123307487406142,0.318683072950699,0.333640599225402,0.1,0.8,0.2,0.4,0.15,,,NaN,NaN,NaN,NaN,NaN,NaN,NaN,NaN,NaN,NaN,NaN,NaN,NaN,NaN
SimpleBaseline,10,spike_bins,14,0.413488190899384,0.427460774558322,0.12857036602348,0.474588224884091,0.535606185070762,0,0,0.010519833513791,0.350850336687623,0.352612514761707,0.1,0.8,0.2,0.5,0.03,,,NaN,NaN,NaN,NaN,NaN,NaN,NaN,NaN,NaN,NaN,NaN,NaN,NaN,NaN
SimpleBaseline,10,spike_bins,14,0.413488190899384,0.427460774558322,0.12857036602348,0.474588224884091,0.535606185070762,0,0,0.010519833513791,0.350850336687623,0.352612514761707,0.1,0.8,0.2,0.5,0.05,,,NaN,NaN,NaN,NaN,NaN,NaN,NaN,NaN,NaN,NaN,NaN,NaN,NaN,NaN
SimpleBaseline,10,spike_bins,14,0.413488190899384,0.427460774558322,0.12857036602348,0.474588224884091,0.535606185070762,0,0,0.010519833513791,0.350850336687623,0.352612514761707,0.1,0.8,0.2,0.5,0.08,,,NaN,NaN,NaN,NaN,NaN,NaN,NaN,NaN,NaN,NaN,NaN,NaN,NaN,NaN
SimpleBaseline,10,spike_bins,14,0.413488190899384,0.427460774558322,0.12857036602348,0.474588224884091,0.535606185070762,0,0,0.010519833513791,0.350850336687623,0.352612514761707,0.1,0.8,0.2,0.5,0.1,,,NaN,NaN,NaN,NaN,NaN,NaN,NaN,NaN,NaN,NaN,NaN,NaN,NaN,NaN
SimpleBaseline,10,spike_bins,14,0.385249476713103,0.382813051217783,0.120194820125082,0.471575765301954,0.478652980560914,0.0107142729581039,0,0.0131659267348619,0.312492426917903,0.327102439211995,0.1,0.8,0.2,0.5,0.15,,,NaN,NaN,NaN,NaN,NaN,NaN,NaN,NaN,NaN,NaN,NaN,NaN,NaN,NaN
SimpleBaseline,10,spike_bins,14,0.417594635385069,0.418366090812878,0.11911613827119,0.507668853583125,0.513430245094712,0,0,0.0108340534037244,0.340034538900285,0.339902186213192,0.1,0.8,0.2,0.6,0.03,,,NaN,NaN,NaN,NaN,NaN,NaN,NaN,NaN,NaN,NaN,NaN,NaN,NaN,NaN
SimpleBaseline,10,spike_bins,14,0.417594635385069,0.418366090812878,0.11911613827119,0.507668853583125,0.513430245094712,0,0,0.0108340534037244,0.340034538900285,0.339902186213192,0.1,0.8,0.2,0.6,0.05,,,NaN,NaN,NaN,NaN,NaN,NaN,NaN,NaN,NaN,NaN,NaN,NaN,NaN,NaN
SimpleBaseline,10,spike_bins,14,0.417594635385069,0.418366090812878,0.11911613827119,0.507668853583125,0.513430245094712,0,0,0.0108340534037244,0.340034538900285,0.339902186213192,0.1,0.8,0.2,0.6,0.08,,,NaN,NaN,NaN,NaN,NaN,NaN,NaN,NaN,NaN,NaN,NaN,NaN,NaN,NaN
SimpleBaseline,10,spike_bins,14,0.417594635385069,0.418366090812878,0.11911613827119,0.507668853583125,0.513430245094712,0,0,0.0108340534037244,0.340034538900285,0.339902186213192,0.1,0.8,0.2,0.6,0.1,,,NaN,NaN,NaN,NaN,NaN,NaN,NaN,NaN,NaN,NaN,NaN,NaN,NaN,NaN
SimpleBaseline,10,spike_bins,14,0.388227986379757,0.363762417538276,0.114320959934837,0.502642408662372,0.461993272594823,0.00714284895184805,0,0.0131321347045135,0.304916517013196,0.316643615074008,0.1,0.8,0.2,0.6,0.15,,,NaN,NaN,NaN,NaN,NaN,NaN,NaN,NaN,NaN,NaN,NaN,NaN,NaN,NaN
SimpleBaseline,10,spike_bins,14,0.419575304166631,0.411687101495515,0.110882398411565,0.537018183870222,0.490798433255554,0,0,0.0113172200802495,0.327245400443392,0.326137239496913,0.1,0.8,0.2,0.7,0.03,,,NaN,NaN,NaN,NaN,NaN,NaN,NaN,NaN,NaN,NaN,NaN,NaN,NaN,NaN
SimpleBaseline,10,spike_bins,14,0.419575304166631,0.411687101495515,0.110882398411565,0.537018183870222,0.490798433255554,0,0,0.0113172200802495,0.327245400443392,0.326137239496913,0.1,0.8,0.2,0.7,0.05,,,NaN,NaN,NaN,NaN,NaN,NaN,NaN,NaN,NaN,NaN,NaN,NaN,NaN,NaN
SimpleBaseline,10,spike_bins,14,0.419575304166631,0.411687101495515,0.110882398411565,0.537018183870222,0.490798433255554,0,0,0.0113172200802495,0.327245400443392,0.326137239496913,0.1,0.8,0.2,0.7,0.08,,,NaN,NaN,NaN,NaN,NaN,NaN,NaN,NaN,NaN,NaN,NaN,NaN,NaN,NaN
SimpleBaseline,10,spike_bins,14,0.419575304166631,0.411687101495515,0.110882398411565,0.537018183870222,0.490798433255554,0,0,0.0113172200802495,0.327245400443392,0.326137239496913,0.1,0.8,0.2,0.7,0.1,,,NaN,NaN,NaN,NaN,NaN,NaN,NaN,NaN,NaN,NaN,NaN,NaN,NaN,NaN
SimpleBaseline,10,spike_bins,14,0.391872264040318,0.377202331203689,0.109936449742581,0.531948812344457,0.445638705413701,0.00714284895184805,0,0.0132838072063677,0.29651933617898,0.306681644587004,0.1,0.8,0.2,0.7,0.15,,,NaN,NaN,NaN,NaN,NaN,NaN,NaN,NaN,NaN,NaN,NaN,NaN,NaN,NaN
SimpleBaseline,10,spike_bins,14,0.418477002154857,0.415818072431059,0.103193273278207,0.564979788814558,0.465250189326624,0,0,0.0122856512177748,0.313448165046022,0.310622486001913,0.1,0.8,0.2,0.8,0.03,,,NaN,NaN,NaN,NaN,NaN,NaN,NaN,NaN,NaN,NaN,NaN,NaN,NaN,NaN
SimpleBaseline,10,spike_bins,14,0.418477002154857,0.415818072431059,0.103193273278207,0.564979788814558,0.465250189326624,0,0,0.0122856512177748,0.313448165046022,0.310622486001913,0.1,0.8,0.2,0.8,0.05,,,NaN,NaN,NaN,NaN,NaN,NaN,NaN,NaN,NaN,NaN,NaN,NaN,NaN,NaN
SimpleBaseline,10,spike_bins,14,0.418477002154857,0.415818072431059,0.103193273278207,0.564979788814558,0.465250189326624,0,0,0.0122856512177748,0.313448165046022,0.310622486001913,0.1,0.8,0.2,0.8,0.08,,,NaN,NaN,NaN,NaN,NaN,NaN,NaN,NaN,NaN,NaN,NaN,NaN,NaN,NaN
SimpleBaseline,10,spike_bins,14,0.418477002154857,0.415818072431059,0.103193273278207,0.564979788814558,0.465250189326624,0,0,0.0122856512177748,0.313448165046022,0.310622486001913,0.1,0.8,0.2,0.8,0.1,,,NaN,NaN,NaN,NaN,NaN,NaN,NaN,NaN,NaN,NaN,NaN,NaN,NaN,NaN
SimpleBaseline,10,spike_bins,14,0.392163862545534,0.395014616946732,0.107745925672585,0.559529901464658,0.425586685126613,0.00714284895184805,0,0.0140656629294393,0.286918294508384,0.299042891262178,0.1,0.8,0.2,0.8,0.15,,,NaN,NaN,NaN,NaN,NaN,NaN,NaN,NaN,NaN,NaN,NaN,NaN,NaN,NaN
SimpleBaseline,10,spike_bins,14,0.415957161206288,0.434089834515366,0.101100003739187,0.595689312435342,0.435324124873531,0,0,0.0130133014577383,0.298310218566166,0.294579133878017,0.1,0.8,0.2,0.9,0.03,,,NaN,NaN,NaN,NaN,NaN,NaN,NaN,NaN,NaN,NaN,NaN,NaN,NaN,NaN
SimpleBaseline,10,spike_bins,14,0.415957161206288,0.434089834515366,0.101100003739187,0.595689312435342,0.435324124873531,0,0,0.0130133014577383,0.298310218566166,0.294579133878017,0.1,0.8,0.2,0.9,0.05,,,NaN,NaN,NaN,NaN,NaN,NaN,NaN,NaN,NaN,NaN,NaN,NaN,NaN,NaN
SimpleBaseline,10,spike_bins,14,0.415957161206288,0.434089834515366,0.101100003739187,0.595689312435342,0.435324124873531,0,0,0.0130133014577383,0.298310218566166,0.294579133878017,0.1,0.8,0.2,0.9,0.08,,,NaN,NaN,NaN,NaN,NaN,NaN,NaN,NaN,NaN,NaN,NaN,NaN,NaN,NaN
SimpleBaseline,10,spike_bins,14,0.415957161206288,0.434089834515366,0.101100003739187,0.595689312435342,0.435324124873531,0,0,0.0130133014577383,0.298310218566166,0.294579133878017,0.1,0.8,0.2,0.9,0.1,,,NaN,NaN,NaN,NaN,NaN,NaN,NaN,NaN,NaN,NaN,NaN,NaN,NaN,NaN
SimpleBaseline,10,spike_bins,14,0.391562394987716,0.421494968446188,0.108577307015115,0.590602055226787,0.402806861495844,0.00714284895184805,0,0.0144362675575209,0.276163221589747,0.28446000692988,0.1,0.8,0.2,0.9,0.15,,,NaN,NaN,NaN,NaN,NaN,NaN,NaN,NaN,NaN,NaN,NaN,NaN,NaN,NaN
SimpleBaseline,10,spike_bins,14,0.410151436664165,0.440909413350358,0.105212410880616,0.628807487719718,0.404235796381797,0,0,0.0128311915329695,0.280949036118972,0.277615260144526,0.1,0.8,0.2,1,0.03,,,NaN,NaN,NaN,NaN,NaN,NaN,NaN,NaN,NaN,NaN,NaN,NaN,NaN,NaN
SimpleBaseline,10,spike_bins,14,0.410151436664165,0.440909413350358,0.105212410880616,0.628807487719718,0.404235796381797,0,0,0.0128311915329695,0.280949036118972,0.277615260144526,0.1,0.8,0.2,1,0.05,,,NaN,NaN,NaN,NaN,NaN,NaN,NaN,NaN,NaN,NaN,NaN,NaN,NaN,NaN
SimpleBaseline,10,spike_bins,14,0.410151436664165,0.440909413350358,0.105212410880616,0.628807487719718,0.404235796381797,0,0,0.0128311915329695,0.280949036118972,0.277615260144526,0.1,0.8,0.2,1,0.08,,,NaN,NaN,NaN,NaN,NaN,NaN,NaN,NaN,NaN,NaN,NaN,NaN,NaN,NaN
SimpleBaseline,10,spike_bins,14,0.410151436664165,0.440909413350358,0.105212410880616,0.628807487719718,0.404235796381797,0,0,0.0128311915329695,0.280949036118972,0.277615260144526,0.1,0.8,0.2,1,0.1,,,NaN,NaN,NaN,NaN,NaN,NaN,NaN,NaN,NaN,NaN,NaN,NaN,NaN,NaN
SimpleBaseline,10,spike_bins,14,0.387613400479253,0.405833173169325,0.113550456850998,0.623472544884076,0.376232958829528,0.00714284895184805,0,0.0142216626385746,0.261679867539709,0.269281863347921,0.1,0.8,0.2,1,0.15,,,NaN,NaN,NaN,NaN,NaN,NaN,NaN,NaN,NaN,NaN,NaN,NaN,NaN,NaN
SimpleBaseline,10,spike_bins,14,0.406326405407529,0.42422913343966,0.107665888702704,0.658792193315678,0.377864869476503,0,0,0.0130301832467402,0.267642425953397,0.251475918263123,0.1,0.8,0.2,1.1,0.03,,,NaN,NaN,NaN,NaN,NaN,NaN,NaN,NaN,NaN,NaN,NaN,NaN,NaN,NaN
SimpleBaseline,10,spike_bins,14,0.406326405407529,0.42422913343966,0.107665888702704,0.658792193315678,0.377864869476503,0,0,0.0130301832467402,0.267642425953397,0.251475918263123,0.1,0.8,0.2,1.1,0.05,,,NaN,NaN,NaN,NaN,NaN,NaN,NaN,NaN,NaN,NaN,NaN,NaN,NaN,NaN
SimpleBaseline,10,spike_bins,14,0.406326405407529,0.42422913343966,0.107665888702704,0.658792193315678,0.377864869476503,0,0,0.0130301832467402,0.267642425953397,0.251475918263123,0.1,0.8,0.2,1.1,0.08,,,NaN,NaN,NaN,NaN,NaN,NaN,NaN,NaN,NaN,NaN,NaN,NaN,NaN,NaN
SimpleBaseline,10,spike_bins,14,0.406326405407529,0.42422913343966,0.107665888702704,0.658792193315678,0.377864869476503,0,0,0.0130301832467402,0.267642425953397,0.251475918263123,0.1,0.8,0.2,1.1,0.1,,,NaN,NaN,NaN,NaN,NaN,NaN,NaN,NaN,NaN,NaN,NaN,NaN,NaN,NaN
SimpleBaseline,10,spike_bins,14,0.386342236236381,0.399840571742716,0.114301971197835,0.654310665633683,0.354817785445194,0.00357142447592402,0,0.0144143608278815,0.251143523035178,0.244593303200485,0.1,0.8,0.2,1.1,0.15,,,NaN,NaN,NaN,NaN,NaN,NaN,NaN,NaN,NaN,NaN,NaN,NaN,NaN,NaN
SimpleBaseline,10,spike_bins,14,0.402034848656401,0.413920522271735,0.114882558137511,0.687982248045159,0.355640269542758,0,0,0.0136775420161908,0.254742687645288,0.236445067223028,0.1,0.8,0.2,1.2,0.03,,,NaN,NaN,NaN,NaN,NaN,NaN,NaN,NaN,NaN,NaN,NaN,NaN,NaN,NaN
SimpleBaseline,10,spike_bins,14,0.402034848656401,0.413920522271735,0.114882558137511,0.687982248045159,0.355640269542758,0,0,0.0136775420161908,0.254742687645288,0.236445067223028,0.1,0.8,0.2,1.2,0.05,,,NaN,NaN,NaN,NaN,NaN,NaN,NaN,NaN,NaN,NaN,NaN,NaN,NaN,NaN
SimpleBaseline,10,spike_bins,14,0.402034848656401,0.413920522271735,0.114882558137511,0.687982248045159,0.355640269542758,0,0,0.0136775420161908,0.254742687645288,0.236445067223028,0.1,0.8,0.2,1.2,0.08,,,NaN,NaN,NaN,NaN,NaN,NaN,NaN,NaN,NaN,NaN,NaN,NaN,NaN,NaN
SimpleBaseline,10,spike_bins,14,0.402034848656401,0.413920522271735,0.114882558137511,0.687982248045159,0.355640269542758,0,0,0.0136775420161908,0.254742687645288,0.236445067223028,0.1,0.8,0.2,1.2,0.1,,,NaN,NaN,NaN,NaN,NaN,NaN,NaN,NaN,NaN,NaN,NaN,NaN,NaN,NaN
SimpleBaseline,10,spike_bins,14,0.382959186239489,0.392025862068966,0.120670266160969,0.683509883625431,0.335007411520689,0.00357142447592402,0,0.0149677143514543,0.240070345075498,0.228966785875809,0.1,0.8,0.2,1.2,0.15,,,NaN,NaN,NaN,NaN,NaN,NaN,NaN,NaN,NaN,NaN,NaN,NaN,NaN,NaN
SimpleBaseline,10,spike_bins,14,0.393582151846614,0.400710177155047,0.117113056208073,0.721178724479435,0.327665387099754,0,0,0.0150525177981388,0.237852141246737,0.211788806830551,0.1,0.8,0.2,1.3,0.03,,,NaN,NaN,NaN,NaN,NaN,NaN,NaN,NaN,NaN,NaN,NaN,NaN,NaN,NaN
SimpleBaseline,10,spike_bins,14,0.393582151846614,0.400710177155047,0.117113056208073,0.721178724479435,0.327665387099754,0,0,0.0150525177981388,0.237852141246737,0.211788806830551,0.1,0.8,0.2,1.3,0.05,,,NaN,NaN,NaN,NaN,NaN,NaN,NaN,NaN,NaN,NaN,NaN,NaN,NaN,NaN
SimpleBaseline,10,spike_bins,14,0.393582151846614,0.400710177155047,0.117113056208073,0.721178724479435,0.327665387099754,0,0,0.0150525177981388,0.237852141246737,0.211788806830551,0.1,0.8,0.2,1.3,0.08,,,NaN,NaN,NaN,NaN,NaN,NaN,NaN,NaN,NaN,NaN,NaN,NaN,NaN,NaN
SimpleBaseline,10,spike_bins,14,0.393582151846614,0.400710177155047,0.117113056208073,0.721178724479435,0.327665387099754,0,0,0.0150525177981388,0.237852141246737,0.211788806830551,0.1,0.8,0.2,1.3,0.1,,,NaN,NaN,NaN,NaN,NaN,NaN,NaN,NaN,NaN,NaN,NaN,NaN,NaN,NaN
SimpleBaseline,10,spike_bins,14,0.376355187084525,0.371636237159574,0.123312542051844,0.717004256442127,0.310315611853051,0,0,0.0161399676772486,0.225382257553615,0.21001260789627,0.1,0.8,0.2,1.3,0.15,,,NaN,NaN,NaN,NaN,NaN,NaN,NaN,NaN,NaN,NaN,NaN,NaN,NaN,NaN
SimpleBaseline,10,spike_bins,14,0.378302905354224,0.365886039530514,0.123997520288397,0.745074037953863,0.299160801386881,0,0,0.0148952482020823,0.221337662650886,0.201692805798872,0.1,0.8,0.2,1.4,0.03,,,NaN,NaN,NaN,NaN,NaN,NaN,NaN,NaN,NaN,NaN,NaN,NaN,NaN,NaN
SimpleBaseline,10,spike_bins,14,0.378302905354224,0.365886039530514,0.123997520288397,0.745074037953863,0.299160801386881,0,0,0.0148952482020823,0.221337662650886,0.201692805798872,0.1,0.8,0.2,1.4,0.05,,,NaN,NaN,NaN,NaN,NaN,NaN,NaN,NaN,NaN,NaN,NaN,NaN,NaN,NaN
SimpleBaseline,10,spike_bins,14,0.378302905354224,0.365886039530514,0.123997520288397,0.745074037953863,0.299160801386881,0,0,0.0148952482020823,0.221337662650886,0.201692805798872,0.1,0.8,0.2,1.4,0.08,,,NaN,NaN,NaN,NaN,NaN,NaN,NaN,NaN,NaN,NaN,NaN,NaN,NaN,NaN
SimpleBaseline,10,spike_bins,14,0.378302905354224,0.365886039530514,0.123997520288397,0.745074037953863,0.299160801386881,0,0,0.0148952482020823,0.221337662650886,0.201692805798872,0.1,0.8,0.2,1.4,0.1,,,NaN,NaN,NaN,NaN,NaN,NaN,NaN,NaN,NaN,NaN,NaN,NaN,NaN,NaN
SimpleBaseline,10,spike_bins,14,0.363883642551746,0.33270082226439,0.129736667364951,0.741900893166999,0.285555355456263,0.00714284895184805,0,0.0158806960481746,0.211302485088713,0.195184411790281,0.1,0.8,0.2,1.4,0.15,,,NaN,NaN,NaN,NaN,NaN,NaN,NaN,NaN,NaN,NaN,NaN,NaN,NaN,NaN
SimpleBaseline,10,spike_bins,14,0.398362318685463,0.427407679502406,0.135596962941266,0.411426696839484,0.565131941373004,0,0,0.00745726517386491,0.365733780629601,0.366599234572583,0.1,0.9,0.1,0.4,0.03,,,NaN,NaN,NaN,NaN,NaN,NaN,NaN,NaN,NaN,NaN,NaN,NaN,NaN,NaN
SimpleBaseline,10,spike_bins,14,0.398362318685463,0.427407679502406,0.135596962941266,0.411426696839484,0.565131941373004,0,0,0.00745726517386491,0.365733780629601,0.366599234572583,0.1,0.9,0.1,0.4,0.05,,,NaN,NaN,NaN,NaN,NaN,NaN,NaN,NaN,NaN,NaN,NaN,NaN,NaN,NaN
SimpleBaseline,10,spike_bins,14,0.398362318685463,0.427407679502406,0.135596962941266,0.411426696839484,0.565131941373004,0,0,0.00745726517386491,0.365733780629601,0.366599234572583,0.1,0.9,0.1,0.4,0.08,,,NaN,NaN,NaN,NaN,NaN,NaN,NaN,NaN,NaN,NaN,NaN,NaN,NaN,NaN
SimpleBaseline,10,spike_bins,14,0.398362318685463,0.427407679502406,0.135596962941266,0.411426696839484,0.565131941373004,0,0,0.00745726517386491,0.365733780629601,0.366599234572583,0.1,0.9,0.1,0.4,0.1,,,NaN,NaN,NaN,NaN,NaN,NaN,NaN,NaN,NaN,NaN,NaN,NaN,NaN,NaN
SimpleBaseline,10,spike_bins,14,0.370864572418336,0.387103941696663,0.119191349983224,0.408840260166453,0.49860485840208,0.00714284895184805,0,0.0111007749333126,0.321559532074253,0.337504906750132,0.1,0.9,0.1,0.4,0.15,,,NaN,NaN,NaN,NaN,NaN,NaN,NaN,NaN,NaN,NaN,NaN,NaN,NaN,NaN
SimpleBaseline,10,spike_bins,14,0.407239859540376,0.433643214792283,0.131103754452775,0.44778059714553,0.547749118095823,0,0,0.00845047605270513,0.35734958673217,0.358329426229773,0.1,0.9,0.1,0.5,0.03,,,NaN,NaN,NaN,NaN,NaN,NaN,NaN,NaN,NaN,NaN,NaN,NaN,NaN,NaN
SimpleBaseline,10,spike_bins,14,0.407239859540376,0.433643214792283,0.131103754452775,0.44778059714553,0.547749118095823,0,0,0.00845047605270513,0.35734958673217,0.358329426229773,0.1,0.9,0.1,0.5,0.05,,,NaN,NaN,NaN,NaN,NaN,NaN,NaN,NaN,NaN,NaN,NaN,NaN,NaN,NaN
SimpleBaseline,10,spike_bins,14,0.407239859540376,0.433643214792283,0.131103754452775,0.44778059714553,0.547749118095823,0,0,0.00845047605270513,0.35734958673217,0.358329426229773,0.1,0.9,0.1,0.5,0.08,,,NaN,NaN,NaN,NaN,NaN,NaN,NaN,NaN,NaN,NaN,NaN,NaN,NaN,NaN
SimpleBaseline,10,spike_bins,14,0.407239859540376,0.433643214792283,0.131103754452775,0.44778059714553,0.547749118095823,0,0,0.00845047605270513,0.35734958673217,0.358329426229773,0.1,0.9,0.1,0.5,0.1,,,NaN,NaN,NaN,NaN,NaN,NaN,NaN,NaN,NaN,NaN,NaN,NaN,NaN,NaN
SimpleBaseline,10,spike_bins,14,0.378593653284024,0.386690313905504,0.118958036580425,0.444335601325507,0.486337711648535,0.00714284895184805,0,0.0117538526025642,0.315897267834801,0.329776230952635,0.1,0.9,0.1,0.5,0.15,,,NaN,NaN,NaN,NaN,NaN,NaN,NaN,NaN,NaN,NaN,NaN,NaN,NaN,NaN
SimpleBaseline,10,spike_bins,14,0.414427692369727,0.426043222847056,0.125162764266503,0.482670389735829,0.528164088943062,0,0,0.00974866351990026,0.34816984655417,0.347062167734274,0.1,0.9,0.1,0.6,0.03,,,NaN,NaN,NaN,NaN,NaN,NaN,NaN,NaN,NaN,NaN,NaN,NaN,NaN,NaN
SimpleBaseline,10,spike_bins,14,0.414427692369727,0.426043222847056,0.125162764266503,0.482670389735829,0.528164088943062,0,0,0.00974866351990026,0.34816984655417,0.347062167734274,0.1,0.9,0.1,0.6,0.05,,,NaN,NaN,NaN,NaN,NaN,NaN,NaN,NaN,NaN,NaN,NaN,NaN,NaN,NaN
SimpleBaseline,10,spike_bins,14,0.414427692369727,0.426043222847056,0.125162764266503,0.482670389735829,0.528164088943062,0,0,0.00974866351990026,0.34816984655417,0.347062167734274,0.1,0.9,0.1,0.6,0.08,,,NaN,NaN,NaN,NaN,NaN,NaN,NaN,NaN,NaN,NaN,NaN,NaN,NaN,NaN
SimpleBaseline,10,spike_bins,14,0.414427692369727,0.426043222847056,0.125162764266503,0.482670389735829,0.528164088943062,0,0,0.00974866351990026,0.34816984655417,0.347062167734274,0.1,0.9,0.1,0.6,0.1,,,NaN,NaN,NaN,NaN,NaN,NaN,NaN,NaN,NaN,NaN,NaN,NaN,NaN,NaN
SimpleBaseline,10,spike_bins,14,0.386545453397448,0.380623299986169,0.117118496610379,0.478900078414864,0.473900228370179,0.00714284895184805,0,0.0122228551736948,0.310813420278994,0.319383297205122,0.1,0.9,0.1,0.6,0.15,,,NaN,NaN,NaN,NaN,NaN,NaN,NaN,NaN,NaN,NaN,NaN,NaN,NaN,NaN
SimpleBaseline,10,spike_bins,14,0.414139373284404,0.416747057688597,0.115338253791787,0.511426316243723,0.503104479158385,0,0,0.0101847801208639,0.334115055319258,0.334906764031624,0.1,0.9,0.1,0.7,0.03,,,NaN,NaN,NaN,NaN,NaN,NaN,NaN,NaN,NaN,NaN,NaN,NaN,NaN,NaN
SimpleBaseline,10,spike_bins,14,0.414139373284404,0.416747057688597,0.115338253791787,0.511426316243723,0.503104479158385,0,0,0.0101847801208639,0.334115055319258,0.334906764031624,0.1,0.9,0.1,0.7,0.05,,,NaN,NaN,NaN,NaN,NaN,NaN,NaN,NaN,NaN,NaN,NaN,NaN,NaN,NaN
SimpleBaseline,10,spike_bins,14,0.414139373284404,0.416747057688597,0.115338253791787,0.511426316243723,0.503104479158385,0,0,0.0101847801208639,0.334115055319258,0.334906764031624,0.1,0.9,0.1,0.7,0.08,,,NaN,NaN,NaN,NaN,NaN,NaN,NaN,NaN,NaN,NaN,NaN,NaN,NaN,NaN
SimpleBaseline,10,spike_bins,14,0.414139373284404,0.416747057688597,0.115338253791787,0.511426316243723,0.503104479158385,0,0,0.0101847801208639,0.334115055319258,0.334906764031624,0.1,0.9,0.1,0.7,0.1,,,NaN,NaN,NaN,NaN,NaN,NaN,NaN,NaN,NaN,NaN,NaN,NaN,NaN,NaN
SimpleBaseline,10,spike_bins,14,0.386620058749078,0.360753276641127,0.112099170822108,0.506301153257858,0.455570835504836,0.00714284895184805,0,0.0123939868087344,0.301247826182499,0.309718513053823,0.1,0.9,0.1,0.7,0.15,,,NaN,NaN,NaN,NaN,NaN,NaN,NaN,NaN,NaN,NaN,NaN,NaN,NaN,NaN
SimpleBaseline,10,spike_bins,14,0.414993870628769,0.410071258431914,0.107352004138104,0.53748954406806,0.479857135867031,0,0,0.0104186344339089,0.320520304973053,0.321141783010338,0.1,0.9,0.1,0.8,0.03,,,NaN,NaN,NaN,NaN,NaN,NaN,NaN,NaN,NaN,NaN,NaN,NaN,NaN,NaN
SimpleBaseline,10,spike_bins,14,0.414993870628769,0.410071258431914,0.107352004138104,0.53748954406806,0.479857135867031,0,0,0.0104186344339089,0.320520304973053,0.321141783010338,0.1,0.9,0.1,0.8,0.05,,,NaN,NaN,NaN,NaN,NaN,NaN,NaN,NaN,NaN,NaN,NaN,NaN,NaN,NaN
SimpleBaseline,10,spike_bins,14,0.414993870628769,0.410071258431914,0.107352004138104,0.53748954406806,0.479857135867031,0,0,0.0104186344339089,0.320520304973053,0.321141783010338,0.1,0.9,0.1,0.8,0.08,,,NaN,NaN,NaN,NaN,NaN,NaN,NaN,NaN,NaN,NaN,NaN,NaN,NaN,NaN
SimpleBaseline,10,spike_bins,14,0.414993870628769,0.410071258431914,0.107352004138104,0.53748954406806,0.479857135867031,0,0,0.0104186344339089,0.320520304973053,0.321141783010338,0.1,0.9,0.1,0.8,0.1,,,NaN,NaN,NaN,NaN,NaN,NaN,NaN,NaN,NaN,NaN,NaN,NaN,NaN,NaN
SimpleBaseline,10,spike_bins,14,0.38778127508314,0.379060759394367,0.107836004149645,0.531798604848688,0.437674251791514,0.00714284895184805,0,0.0122971993004927,0.291734477255083,0.301523243731064,0.1,0.9,0.1,0.8,0.15,,,NaN,NaN,NaN,NaN,NaN,NaN,NaN,NaN,NaN,NaN,NaN,NaN,NaN,NaN
SimpleBaseline,10,spike_bins,14,0.41099139821093,0.4170639721056,0.100920920559945,0.565474091320707,0.448916940653388,0,0,0.0114908174992716,0.30573626014736,0.304242132235387,0.1,0.9,0.1,0.9,0.03,,,NaN,NaN,NaN,NaN,NaN,NaN,NaN,NaN,NaN,NaN,NaN,NaN,NaN,NaN
SimpleBaseline,10,spike_bins,14,0.41099139821093,0.4170639721056,0.100920920559945,0.565474091320707,0.448916940653388,0,0,0.0114908174992716,0.30573626014736,0.304242132235387,0.1,0.9,0.1,0.9,0.05,,,NaN,NaN,NaN,NaN,NaN,NaN,NaN,NaN,NaN,NaN,NaN,NaN,NaN,NaN
SimpleBaseline,10,spike_bins,14,0.41099139821093,0.4170639721056,0.100920920559945,0.565474091320707,0.448916940653388,0,0,0.0114908174992716,0.30573626014736,0.304242132235387,0.1,0.9,0.1,0.9,0.08,,,NaN,NaN,NaN,NaN,NaN,NaN,NaN,NaN,NaN,NaN,NaN,NaN,NaN,NaN
SimpleBaseline,10,spike_bins,14,0.41099139821093,0.4170639721056,0.100920920559945,0.565474091320707,0.448916940653388,0,0,0.0114908174992716,0.30573626014736,0.304242132235387,0.1,0.9,0.1,0.9,0.1,,,NaN,NaN,NaN,NaN,NaN,NaN,NaN,NaN,NaN,NaN,NaN,NaN,NaN,NaN
SimpleBaseline,10,spike_bins,14,0.387197367819513,0.393310313557253,0.104799666625311,0.560230610059556,0.415128962741301,0.00714284895184805,0,0.0131934915480845,0.281882919486775,0.29304129893141,0.1,0.9,0.1,0.9,0.15,,,NaN,NaN,NaN,NaN,NaN,NaN,NaN,NaN,NaN,NaN,NaN,NaN,NaN,NaN
SimpleBaseline,10,spike_bins,14,0.408804319113723,0.427883274842556,0.0974320169704708,0.591488156029464,0.422530686309289,0,0,0.0121541872802181,0.292480545799796,0.287634987004728,0.1,0.9,0.1,1,0.03,,,NaN,NaN,NaN,NaN,NaN,NaN,NaN,NaN,NaN,NaN,NaN,NaN,NaN,NaN
SimpleBaseline,10,spike_bins,14,0.408804319113723,0.427883274842556,0.0974320169704708,0.591488156029464,0.422530686309289,0,0,0.0121541872802181,0.292480545799796,0.287634987004728,0.1,0.9,0.1,1,0.05,,,NaN,NaN,NaN,NaN,NaN,NaN,NaN,NaN,NaN,NaN,NaN,NaN,NaN,NaN
SimpleBaseline,10,spike_bins,14,0.408804319113723,0.427883274842556,0.0974320169704708,0.591488156029464,0.422530686309289,0,0,0.0121541872802181,0.292480545799796,0.287634987004728,0.1,0.9,0.1,1,0.08,,,NaN,NaN,NaN,NaN,NaN,NaN,NaN,NaN,NaN,NaN,NaN,NaN,NaN,NaN
SimpleBaseline,10,spike_bins,14,0.408804319113723,0.427883274842556,0.0974320169704708,0.591488156029464,0.422530686309289,0,0,0.0121541872802181,0.292480545799796,0.287634987004728,0.1,0.9,0.1,1,0.1,,,NaN,NaN,NaN,NaN,NaN,NaN,NaN,NaN,NaN,NaN,NaN,NaN,NaN,NaN
SimpleBaseline,10,spike_bins,14,0.38614550984325,0.406805304611714,0.103987117271687,0.587172512609781,0.392860426821674,0.00714284895184805,0,0.0140189893146604,0.270929827839318,0.278706346824279,0.1,0.9,0.1,1,0.15,,,NaN,NaN,NaN,NaN,NaN,NaN,NaN,NaN,NaN,NaN,NaN,NaN,NaN,NaN
SimpleBaseline,10,spike_bins,14,0.405086886459631,0.424353794415471,0.0974742855546152,0.623038678556431,0.39739991025034,0,0,0.0120464904893054,0.278980606696187,0.265860039439793,0.1,0.9,0.1,1.1,0.03,,,NaN,NaN,NaN,NaN,NaN,NaN,NaN,NaN,NaN,NaN,NaN,NaN,NaN,NaN
SimpleBaseline,10,spike_bins,14,0.405086886459631,0.424353794415471,0.0974742855546152,0.623038678556431,0.39739991025034,0,0,0.0120464904893054,0.278980606696187,0.265860039439793,0.1,0.9,0.1,1.1,0.05,,,NaN,NaN,NaN,NaN,NaN,NaN,NaN,NaN,NaN,NaN,NaN,NaN,NaN,NaN
SimpleBaseline,10,spike_bins,14,0.405086886459631,0.424353794415471,0.0974742855546152,0.623038678556431,0.39739991025034,0,0,0.0120464904893054,0.278980606696187,0.265860039439793,0.1,0.9,0.1,1.1,0.08,,,NaN,NaN,NaN,NaN,NaN,NaN,NaN,NaN,NaN,NaN,NaN,NaN,NaN,NaN
SimpleBaseline,10,spike_bins,14,0.405086886459631,0.424353794415471,0.0974742855546152,0.623038678556431,0.39739991025034,0,0,0.0120464904893054,0.278980606696187,0.265860039439793,0.1,0.9,0.1,1.1,0.1,,,NaN,NaN,NaN,NaN,NaN,NaN,NaN,NaN,NaN,NaN,NaN,NaN,NaN,NaN
SimpleBaseline,10,spike_bins,14,0.384806633922037,0.398949309397071,0.105431598726374,0.61776366132667,0.373535584922134,0.00714284895184805,0,0.0139278006260571,0.261102594918728,0.258121891315639,0.1,0.9,0.1,1.1,0.15,,,NaN,NaN,NaN,NaN,NaN,NaN,NaN,NaN,NaN,NaN,NaN,NaN,NaN,NaN
SimpleBaseline,10,spike_bins,14,0.401716166482047,0.418952560969988,0.105531837428911,0.659732402586044,0.369052114483011,0,0,0.0129345971052592,0.261614751933561,0.248400348853422,0.1,0.9,0.1,1.2,0.03,,,NaN,NaN,NaN,NaN,NaN,NaN,NaN,NaN,NaN,NaN,NaN,NaN,NaN,NaN
SimpleBaseline,10,spike_bins,14,0.401716166482047,0.418952560969988,0.105531837428911,0.659732402586044,0.369052114483011,0,0,0.0129345971052592,0.261614751933561,0.248400348853422,0.1,0.9,0.1,1.2,0.05,,,NaN,NaN,NaN,NaN,NaN,NaN,NaN,NaN,NaN,NaN,NaN,NaN,NaN,NaN
SimpleBaseline,10,spike_bins,14,0.401716166482047,0.418952560969988,0.105531837428911,0.659732402586044,0.369052114483011,0,0,0.0129345971052592,0.261614751933561,0.248400348853422,0.1,0.9,0.1,1.2,0.08,,,NaN,NaN,NaN,NaN,NaN,NaN,NaN,NaN,NaN,NaN,NaN,NaN,NaN,NaN
SimpleBaseline,10,spike_bins,14,0.401716166482047,0.418952560969988,0.105531837428911,0.659732402586044,0.369052114483011,0,0,0.0129345971052592,0.261614751933561,0.248400348853422,0.1,0.9,0.1,1.2,0.1,,,NaN,NaN,NaN,NaN,NaN,NaN,NaN,NaN,NaN,NaN,NaN,NaN,NaN,NaN
SimpleBaseline,10,spike_bins,14,0.382914744066526,0.385932036121142,0.11290734153374,0.65448940858337,0.348062240022223,0.00714284895184805,0,0.0145512118836938,0.246017996103753,0.24185268220835,0.1,0.9,0.1,1.2,0.15,,,NaN,NaN,NaN,NaN,NaN,NaN,NaN,NaN,NaN,NaN,NaN,NaN,NaN,NaN
SimpleBaseline,10,spike_bins,14,0.394954470454064,0.409441831220203,0.111922438501294,0.68536472006892,0.345039187920496,0,0,0.0128092766644762,0.248531778830876,0.23236771910303,0.1,0.9,0.1,1.3,0.03,,,NaN,NaN,NaN,NaN,NaN,NaN,NaN,NaN,NaN,NaN,NaN,NaN,NaN,NaN
SimpleBaseline,10,spike_bins,14,0.394954470454064,0.409441831220203,0.111922438501294,0.68536472006892,0.345039187920496,0,0,0.0128092766644762,0.248531778830876,0.23236771910303,0.1,0.9,0.1,1.3,0.05,,,NaN,NaN,NaN,NaN,NaN,NaN,NaN,NaN,NaN,NaN,NaN,NaN,NaN,NaN
SimpleBaseline,10,spike_bins,14,0.394954470454064,0.409441831220203,0.111922438501294,0.68536472006892,0.345039187920496,0,0,0.0128092766644762,0.248531778830876,0.23236771910303,0.1,0.9,0.1,1.3,0.08,,,NaN,NaN,NaN,NaN,NaN,NaN,NaN,NaN,NaN,NaN,NaN,NaN,NaN,NaN
SimpleBaseline,10,spike_bins,14,0.394954470454064,0.409441831220203,0.111922438501294,0.68536472006892,0.345039187920496,0,0,0.0128092766644762,0.248531778830876,0.23236771910303,0.1,0.9,0.1,1.3,0.1,,,NaN,NaN,NaN,NaN,NaN,NaN,NaN,NaN,NaN,NaN,NaN,NaN,NaN,NaN
SimpleBaseline,10,spike_bins,14,0.378642147472308,0.379769240854858,0.1173747495872,0.681227550418887,0.327736636994287,0.00714284895184805,0,0.0143274213557382,0.235407864795981,0.229764981309468,0.1,0.9,0.1,1.3,0.15,,,NaN,NaN,NaN,NaN,NaN,NaN,NaN,NaN,NaN,NaN,NaN,NaN,NaN,NaN
SimpleBaseline,10,spike_bins,14,0.386148336520065,0.390256876214682,0.118379942289438,0.712808526606457,0.320282124050953,0,0,0.0131883139589903,0.234161291474598,0.219613249328378,0.1,0.9,0.1,1.4,0.03,,,NaN,NaN,NaN,NaN,NaN,NaN,NaN,NaN,NaN,NaN,NaN,NaN,NaN,NaN
SimpleBaseline,10,spike_bins,14,0.386148336520065,0.390256876214682,0.118379942289438,0.712808526606457,0.320282124050953,0,0,0.0131883139589903,0.234161291474598,0.219613249328378,0.1,0.9,0.1,1.4,0.05,,,NaN,NaN,NaN,NaN,NaN,NaN,NaN,NaN,NaN,NaN,NaN,NaN,NaN,NaN
SimpleBaseline,10,spike_bins,14,0.386148336520065,0.390256876214682,0.118379942289438,0.712808526606457,0.320282124050953,0,0,0.0131883139589903,0.234161291474598,0.219613249328378,0.1,0.9,0.1,1.4,0.08,,,NaN,NaN,NaN,NaN,NaN,NaN,NaN,NaN,NaN,NaN,NaN,NaN,NaN,NaN
SimpleBaseline,10,spike_bins,14,0.386148336520065,0.390256876214682,0.118379942289438,0.712808526606457,0.320282124050953,0,0,0.0131883139589903,0.234161291474598,0.219613249328378,0.1,0.9,0.1,1.4,0.1,,,NaN,NaN,NaN,NaN,NaN,NaN,NaN,NaN,NaN,NaN,NaN,NaN,NaN,NaN
SimpleBaseline,10,spike_bins,14,0.370871100005295,0.366432403352987,0.123836675655723,0.708676187436529,0.305198259508911,0.00714284895184805,0,0.0145654394898959,0.222861385240436,0.211564115356863,0.1,0.9,0.1,1.4,0.15,,,NaN,NaN,NaN,NaN,NaN,NaN,NaN,NaN,NaN,NaN,NaN,NaN,NaN,NaN
SimpleBaseline,10,spike_bins,14,0.385762342617958,0.40125353376331,0.130669657151245,0.544920325193925,0.42872298441545,0.0214284981530923,0,0.024104036179179,0.260362110867252,0.289707137236029,0.15,0.5,0.5,0.4,0.03,,,NaN,NaN,NaN,NaN,NaN,NaN,NaN,NaN,NaN,NaN,NaN,NaN,NaN,NaN
SimpleBaseline,10,spike_bins,14,0.385762342617958,0.40125353376331,0.130669657151245,0.544920325193925,0.42872298441545,0.0214284981530923,0,0.024104036179179,0.260362110867252,0.289707137236029,0.15,0.5,0.5,0.4,0.05,,,NaN,NaN,NaN,NaN,NaN,NaN,NaN,NaN,NaN,NaN,NaN,NaN,NaN,NaN
SimpleBaseline,10,spike_bins,14,0.385762342617958,0.40125353376331,0.130669657151245,0.544920325193925,0.42872298441545,0.0214284981530923,0,0.024104036179179,0.260362110867252,0.289707137236029,0.15,0.5,0.5,0.4,0.08,,,NaN,NaN,NaN,NaN,NaN,NaN,NaN,NaN,NaN,NaN,NaN,NaN,NaN,NaN
SimpleBaseline,10,spike_bins,14,0.385762342617958,0.40125353376331,0.130669657151245,0.544920325193925,0.42872298441545,0.0214284981530923,0,0.024104036179179,0.260362110867252,0.289707137236029,0.15,0.5,0.5,0.4,0.1,,,NaN,NaN,NaN,NaN,NaN,NaN,NaN,NaN,NaN,NaN,NaN,NaN,NaN,NaN
SimpleBaseline,10,spike_bins,14,0.378697952972551,0.400589970501475,0.131429484870638,0.54393365234822,0.418139028020253,0.0214284981530923,0,0.0244075212634749,0.254382723539824,0.278435579779195,0.15,0.5,0.5,0.4,0.15,,,NaN,NaN,NaN,NaN,NaN,NaN,NaN,NaN,NaN,NaN,NaN,NaN,NaN,NaN
SimpleBaseline,10,spike_bins,14,0.390390481859593,0.413395853307766,0.133192158281264,0.578310848960502,0.412264623029004,0.0214284981530923,0,0.0240965634550931,0.252499308143717,0.278709388436016,0.15,0.5,0.5,0.5,0.03,,,NaN,NaN,NaN,NaN,NaN,NaN,NaN,NaN,NaN,NaN,NaN,NaN,NaN,NaN
SimpleBaseline,10,spike_bins,14,0.390390481859593,0.413395853307766,0.133192158281264,0.578310848960502,0.412264623029004,0.0214284981530923,0,0.0240965634550931,0.252499308143717,0.278709388436016,0.15,0.5,0.5,0.5,0.05,,,NaN,NaN,NaN,NaN,NaN,NaN,NaN,NaN,NaN,NaN,NaN,NaN,NaN,NaN
SimpleBaseline,10,spike_bins,14,0.390390481859593,0.413395853307766,0.133192158281264,0.578310848960502,0.412264623029004,0.0214284981530923,0,0.0240965634550931,0.252499308143717,0.278709388436016,0.15,0.5,0.5,0.5,0.08,,,NaN,NaN,NaN,NaN,NaN,NaN,NaN,NaN,NaN,NaN,NaN,NaN,NaN,NaN
SimpleBaseline,10,spike_bins,14,0.390390481859593,0.413395853307766,0.133192158281264,0.578310848960502,0.412264623029004,0.0214284981530923,0,0.0240965634550931,0.252499308143717,0.278709388436016,0.15,0.5,0.5,0.5,0.1,,,NaN,NaN,NaN,NaN,NaN,NaN,NaN,NaN,NaN,NaN,NaN,NaN,NaN,NaN
SimpleBaseline,10,spike_bins,14,0.383474128149815,0.404502552759556,0.13463741326016,0.577676190184535,0.402979589561395,0.0214284981530923,0,0.024404920045404,0.246811472015981,0.268628330039663,0.15,0.5,0.5,0.5,0.15,,,NaN,NaN,NaN,NaN,NaN,NaN,NaN,NaN,NaN,NaN,NaN,NaN,NaN,NaN
SimpleBaseline,10,spike_bins,14,0.387769631164982,0.405330639147483,0.13451684445347,0.60683984703735,0.390217989571949,0.0214284981530923,0,0.0237135903927409,0.242277122362651,0.263563897184156,0.15,0.5,0.5,0.6,0.03,,,NaN,NaN,NaN,NaN,NaN,NaN,NaN,NaN,NaN,NaN,NaN,NaN,NaN,NaN
SimpleBaseline,10,spike_bins,14,0.387769631164982,0.405330639147483,0.13451684445347,0.60683984703735,0.390217989571949,0.0214284981530923,0,0.0237135903927409,0.242277122362651,0.263563897184156,0.15,0.5,0.5,0.6,0.05,,,NaN,NaN,NaN,NaN,NaN,NaN,NaN,NaN,NaN,NaN,NaN,NaN,NaN,NaN
SimpleBaseline,10,spike_bins,14,0.387769631164982,0.405330639147483,0.13451684445347,0.60683984703735,0.390217989571949,0.0214284981530923,0,0.0237135903927409,0.242277122362651,0.263563897184156,0.15,0.5,0.5,0.6,0.08,,,NaN,NaN,NaN,NaN,NaN,NaN,NaN,NaN,NaN,NaN,NaN,NaN,NaN,NaN
SimpleBaseline,10,spike_bins,14,0.387769631164982,0.405330639147483,0.13451684445347,0.60683984703735,0.390217989571949,0.0214284981530923,0,0.0237135903927409,0.242277122362651,0.263563897184156,0.15,0.5,0.5,0.6,0.1,,,NaN,NaN,NaN,NaN,NaN,NaN,NaN,NaN,NaN,NaN,NaN,NaN,NaN,NaN
SimpleBaseline,10,spike_bins,14,0.381361966469331,0.397828763678615,0.136578706296169,0.606145220692208,0.382478182246358,0.0214284981530923,0,0.0239909309482871,0.237380400094561,0.254966193073791,0.15,0.5,0.5,0.6,0.15,,,NaN,NaN,NaN,NaN,NaN,NaN,NaN,NaN,NaN,NaN,NaN,NaN,NaN,NaN
SimpleBaseline,10,spike_bins,14,0.384464934820567,0.397998271553033,0.136535230057219,0.636205018116798,0.365802603597721,0.0214284981530923,0,0.0240017249641894,0.23105173620346,0.248766429383485,0.15,0.5,0.5,0.7,0.03,,,NaN,NaN,NaN,NaN,NaN,NaN,NaN,NaN,NaN,NaN,NaN,NaN,NaN,NaN
SimpleBaseline,10,spike_bins,14,0.384464934820567,0.397998271553033,0.136535230057219,0.636205018116798,0.365802603597721,0.0214284981530923,0,0.0240017249641894,0.23105173620346,0.248766429383485,0.15,0.5,0.5,0.7,0.05,,,NaN,NaN,NaN,NaN,NaN,NaN,NaN,NaN,NaN,NaN,NaN,NaN,NaN,NaN
SimpleBaseline,10,spike_bins,14,0.384464934820567,0.397998271553033,0.136535230057219,0.636205018116798,0.365802603597721,0.0214284981530923,0,0.0240017249641894,0.23105173620346,0.248766429383485,0.15,0.5,0.5,0.7,0.08,,,NaN,NaN,NaN,NaN,NaN,NaN,NaN,NaN,NaN,NaN,NaN,NaN,NaN,NaN
SimpleBaseline,10,spike_bins,14,0.384464934820567,0.397998271553033,0.136535230057219,0.636205018116798,0.365802603597721,0.0214284981530923,0,0.0240017249641894,0.23105173620346,0.248766429383485,0.15,0.5,0.5,0.7,0.1,,,NaN,NaN,NaN,NaN,NaN,NaN,NaN,NaN,NaN,NaN,NaN,NaN,NaN,NaN
SimpleBaseline,10,spike_bins,14,0.37848391898281,0.392187996189266,0.139162037087874,0.634923761739763,0.359266796213151,0.0214284981530923,0,0.0242882636117696,0.226856234247293,0.243437805273909,0.15,0.5,0.5,0.7,0.15,,,NaN,NaN,NaN,NaN,NaN,NaN,NaN,NaN,NaN,NaN,NaN,NaN,NaN,NaN
SimpleBaseline,10,spike_bins,14,0.381165013758649,0.394463339838305,0.137506360584301,0.663881152987497,0.344433738458016,0.0214284981530923,0,0.0244541067141209,0.218302501320679,0.236071798877979,0.15,0.5,0.5,0.8,0.03,,,NaN,NaN,NaN,NaN,NaN,NaN,NaN,NaN,NaN,NaN,NaN,NaN,NaN,NaN
SimpleBaseline,10,spike_bins,14,0.381165013758649,0.394463339838305,0.137506360584301,0.663881152987497,0.344433738458016,0.0214284981530923,0,0.0244541067141209,0.218302501320679,0.236071798877979,0.15,0.5,0.5,0.8,0.05,,,NaN,NaN,NaN,NaN,NaN,NaN,NaN,NaN,NaN,NaN,NaN,NaN,NaN,NaN
SimpleBaseline,10,spike_bins,14,0.381165013758649,0.394463339838305,0.137506360584301,0.663881152987497,0.344433738458016,0.0214284981530923,0,0.0244541067141209,0.218302501320679,0.236071798877979,0.15,0.5,0.5,0.8,0.08,,,NaN,NaN,NaN,NaN,NaN,NaN,NaN,NaN,NaN,NaN,NaN,NaN,NaN,NaN
SimpleBaseline,10,spike_bins,14,0.381165013758649,0.394463339838305,0.137506360584301,0.663881152987497,0.344433738458016,0.0214284981530923,0,0.0244541067141209,0.218302501320679,0.236071798877979,0.15,0.5,0.5,0.8,0.1,,,NaN,NaN,NaN,NaN,NaN,NaN,NaN,NaN,NaN,NaN,NaN,NaN,NaN,NaN
SimpleBaseline,10,spike_bins,14,0.375180551039767,0.381618875515701,0.140445147695044,0.661929629473357,0.338584107813567,0.0214284981530923,0,0.024571461127186,0.214793176104633,0.230743179205132,0.15,0.5,0.5,0.8,0.15,,,NaN,NaN,NaN,NaN,NaN,NaN,NaN,NaN,NaN,NaN,NaN,NaN,NaN,NaN
SimpleBaseline,10,spike_bins,14,0.373774981859845,0.383513438625658,0.141305602589381,0.692408323126219,0.321422188320947,0.0214284981530923,0,0.0242619103680152,0.207620579950175,0.220355526174854,0.15,0.5,0.5,0.9,0.03,,,NaN,NaN,NaN,NaN,NaN,NaN,NaN,NaN,NaN,NaN,NaN,NaN,NaN,NaN
SimpleBaseline,10,spike_bins,14,0.373774981859845,0.383513438625658,0.141305602589381,0.692408323126219,0.321422188320947,0.0214284981530923,0,0.0242619103680152,0.207620579950175,0.220355526174854,0.15,0.5,0.5,0.9,0.05,,,NaN,NaN,NaN,NaN,NaN,NaN,NaN,NaN,NaN,NaN,NaN,NaN,NaN,NaN
SimpleBaseline,10,spike_bins,14,0.373774981859845,0.383513438625658,0.141305602589381,0.692408323126219,0.321422188320947,0.0214284981530923,0,0.0242619103680152,0.207620579950175,0.220355526174854,0.15,0.5,0.5,0.9,0.08,,,NaN,NaN,NaN,NaN,NaN,NaN,NaN,NaN,NaN,NaN,NaN,NaN,NaN,NaN
SimpleBaseline,10,spike_bins,14,0.373774981859845,0.383513438625658,0.141305602589381,0.692408323126219,0.321422188320947,0.0214284981530923,0,0.0242619103680152,0.207620579950175,0.220355526174854,0.15,0.5,0.5,0.9,0.1,,,NaN,NaN,NaN,NaN,NaN,NaN,NaN,NaN,NaN,NaN,NaN,NaN,NaN,NaN
SimpleBaseline,10,spike_bins,14,0.368545736224965,0.376770221102715,0.14447755875244,0.690089123768517,0.316854503354289,0.0214284981530923,0,0.0244007352313198,0.204873866648683,0.21502691793701,0.15,0.5,0.5,0.9,0.15,,,NaN,NaN,NaN,NaN,NaN,NaN,NaN,NaN,NaN,NaN,NaN,NaN,NaN,NaN
SimpleBaseline,10,spike_bins,14,0.364942918817614,0.373950881259742,0.143516544082511,0.719455850701693,0.298596889680025,0.0214284981530923,0,0.0249246664748119,0.194650778449002,0.200198779006033,0.15,0.5,0.5,1,0.03,,,NaN,NaN,NaN,NaN,NaN,NaN,NaN,NaN,NaN,NaN,NaN,NaN,NaN,NaN
SimpleBaseline,10,spike_bins,14,0.364942918817614,0.373950881259742,0.143516544082511,0.719455850701693,0.298596889680025,0.0214284981530923,0,0.0249246664748119,0.194650778449002,0.200198779006033,0.15,0.5,0.5,1,0.05,,,NaN,NaN,NaN,NaN,NaN,NaN,NaN,NaN,NaN,NaN,NaN,NaN,NaN,NaN
SimpleBaseline,10,spike_bins,14,0.364942918817614,0.373950881259742,0.143516544082511,0.719455850701693,0.298596889680025,0.0214284981530923,0,0.0249246664748119,0.194650778449002,0.200198779006033,0.15,0.5,0.5,1,0.08,,,NaN,NaN,NaN,NaN,NaN,NaN,NaN,NaN,NaN,NaN,NaN,NaN,NaN,NaN
SimpleBaseline,10,spike_bins,14,0.364942918817614,0.373950881259742,0.143516544082511,0.719455850701693,0.298596889680025,0.0214284981530923,0,0.0249246664748119,0.194650778449002,0.200198779006033,0.15,0.5,0.5,1,0.1,,,NaN,NaN,NaN,NaN,NaN,NaN,NaN,NaN,NaN,NaN,NaN,NaN,NaN,NaN
SimpleBaseline,10,spike_bins,14,0.359755879571739,0.365977691116302,0.14685554222228,0.716722714981447,0.294323401060329,0.0214284981530923,0,0.0250828680319911,0.192113228236382,0.195758270235329,0.15,0.5,0.5,1,0.15,,,NaN,NaN,NaN,NaN,NaN,NaN,NaN,NaN,NaN,NaN,NaN,NaN,NaN,NaN
SimpleBaseline,10,spike_bins,14,0.354659455897371,0.339873770755871,0.143109538015196,0.739507151643535,0.279867745291152,0.0214284981530923,0,0.0251840734709078,0.183421587411136,0.184707140601584,0.15,0.5,0.5,1.1,0.03,,,NaN,NaN,NaN,NaN,NaN,NaN,NaN,NaN,NaN,NaN,NaN,NaN,NaN,NaN
SimpleBaseline,10,spike_bins,14,0.354659455897371,0.339873770755871,0.143109538015196,0.739507151643535,0.279867745291152,0.0214284981530923,0,0.0251840734709078,0.183421587411136,0.184707140601584,0.15,0.5,0.5,1.1,0.05,,,NaN,NaN,NaN,NaN,NaN,NaN,NaN,NaN,NaN,NaN,NaN,NaN,NaN,NaN
SimpleBaseline,10,spike_bins,14,0.354659455897371,0.339873770755871,0.143109538015196,0.739507151643535,0.279867745291152,0.0214284981530923,0,0.0251840734709078,0.183421587411136,0.184707140601584,0.15,0.5,0.5,1.1,0.08,,,NaN,NaN,NaN,NaN,NaN,NaN,NaN,NaN,NaN,NaN,NaN,NaN,NaN,NaN
SimpleBaseline,10,spike_bins,14,0.354659455897371,0.339873770755871,0.143109538015196,0.739507151643535,0.279867745291152,0.0214284981530923,0,0.0251840734709078,0.183421587411136,0.184707140601584,0.15,0.5,0.5,1.1,0.1,,,NaN,NaN,NaN,NaN,NaN,NaN,NaN,NaN,NaN,NaN,NaN,NaN,NaN,NaN
SimpleBaseline,10,spike_bins,14,0.349756488936446,0.33264172582261,0.145959183271207,0.736666148428889,0.275980514636455,0.0214284981530923,0,0.0252276669249677,0.181211263361758,0.18115473129802,0.15,0.5,0.5,1.1,0.15,,,NaN,NaN,NaN,NaN,NaN,NaN,NaN,NaN,NaN,NaN,NaN,NaN,NaN,NaN
SimpleBaseline,10,spike_bins,14,0.34532088597458,0.344096762409242,0.145332038612542,0.760275004346453,0.262757021262026,0.0142856945592105,0,0.0244395217858261,0.174565705096441,0.171700129751623,0.15,0.5,0.5,1.2,0.03,,,NaN,NaN,NaN,NaN,NaN,NaN,NaN,NaN,NaN,NaN,NaN,NaN,NaN,NaN
SimpleBaseline,10,spike_bins,14,0.34532088597458,0.344096762409242,0.145332038612542,0.760275004346453,0.262757021262026,0.0142856945592105,0,0.0244395217858261,0.174565705096441,0.171700129751623,0.15,0.5,0.5,1.2,0.05,,,NaN,NaN,NaN,NaN,NaN,NaN,NaN,NaN,NaN,NaN,NaN,NaN,NaN,NaN
SimpleBaseline,10,spike_bins,14,0.34532088597458,0.344096762409242,0.145332038612542,0.760275004346453,0.262757021262026,0.0142856945592105,0,0.0244395217858261,0.174565705096441,0.171700129751623,0.15,0.5,0.5,1.2,0.08,,,NaN,NaN,NaN,NaN,NaN,NaN,NaN,NaN,NaN,NaN,NaN,NaN,NaN,NaN
SimpleBaseline,10,spike_bins,14,0.34532088597458,0.344096762409242,0.145332038612542,0.760275004346453,0.262757021262026,0.0142856945592105,0,0.0244395217858261,0.174565705096441,0.171700129751623,0.15,0.5,0.5,1.2,0.1,,,NaN,NaN,NaN,NaN,NaN,NaN,NaN,NaN,NaN,NaN,NaN,NaN,NaN,NaN
SimpleBaseline,10,spike_bins,14,0.341078196446834,0.34052383840134,0.148504799792694,0.758071098912883,0.259535846018019,0.0142856945592105,0,0.024590214372742,0.172721945935663,0.1690358199152,0.15,0.5,0.5,1.2,0.15,,,NaN,NaN,NaN,NaN,NaN,NaN,NaN,NaN,NaN,NaN,NaN,NaN,NaN,NaN
SimpleBaseline,10,spike_bins,14,0.326462538445416,0.336396694658872,0.144542229161281,0.775930827745324,0.239523986355943,0.0142856945592105,0,0.0239450428050706,0.162386283841871,0.155765610863822,0.15,0.5,0.5,1.3,0.03,,,NaN,NaN,NaN,NaN,NaN,NaN,NaN,NaN,NaN,NaN,NaN,NaN,NaN,NaN
SimpleBaseline,10,spike_bins,14,0.326462538445416,0.336396694658872,0.144542229161281,0.775930827745324,0.239523986355943,0.0142856945592105,0,0.0239450428050706,0.162386283841871,0.155765610863822,0.15,0.5,0.5,1.3,0.05,,,NaN,NaN,NaN,NaN,NaN,NaN,NaN,NaN,NaN,NaN,NaN,NaN,NaN,NaN
SimpleBaseline,10,spike_bins,14,0.326462538445416,0.336396694658872,0.144542229161281,0.775930827745324,0.239523986355943,0.0142856945592105,0,0.0239450428050706,0.162386283841871,0.155765610863822,0.15,0.5,0.5,1.3,0.08,,,NaN,NaN,NaN,NaN,NaN,NaN,NaN,NaN,NaN,NaN,NaN,NaN,NaN,NaN
SimpleBaseline,10,spike_bins,14,0.326462538445416,0.336396694658872,0.144542229161281,0.775930827745324,0.239523986355943,0.0142856945592105,0,0.0239450428050706,0.162386283841871,0.155765610863822,0.15,0.5,0.5,1.3,0.1,,,NaN,NaN,NaN,NaN,NaN,NaN,NaN,NaN,NaN,NaN,NaN,NaN,NaN,NaN
SimpleBaseline,10,spike_bins,14,0.322391737592008,0.33355694692904,0.147358548864496,0.773426159693997,0.236597007458899,0.0142856945592105,0,0.0240993478670439,0.160751687769966,0.153544192945753,0.15,0.5,0.5,1.3,0.15,,,NaN,NaN,NaN,NaN,NaN,NaN,NaN,NaN,NaN,NaN,NaN,NaN,NaN,NaN
SimpleBaseline,10,spike_bins,14,0.313661792275546,0.321690374572448,0.149105685822418,0.80151079276377,0.221111419849325,0.0142856945592105,0,0.023972347541419,0.150292176571384,0.137576785201717,0.15,0.5,0.5,1.4,0.03,,,NaN,NaN,NaN,NaN,NaN,NaN,NaN,NaN,NaN,NaN,NaN,NaN,NaN,NaN
SimpleBaseline,10,spike_bins,14,0.313661792275546,0.321690374572448,0.149105685822418,0.80151079276377,0.221111419849325,0.0142856945592105,0,0.023972347541419,0.150292176571384,0.137576785201717,0.15,0.5,0.5,1.4,0.05,,,NaN,NaN,NaN,NaN,NaN,NaN,NaN,NaN,NaN,NaN,NaN,NaN,NaN,NaN
SimpleBaseline,10,spike_bins,14,0.313661792275546,0.321690374572448,0.149105685822418,0.80151079276377,0.221111419849325,0.0142856945592105,0,0.023972347541419,0.150292176571384,0.137576785201717,0.15,0.5,0.5,1.4,0.08,,,NaN,NaN,NaN,NaN,NaN,NaN,NaN,NaN,NaN,NaN,NaN,NaN,NaN,NaN
SimpleBaseline,10,spike_bins,14,0.313661792275546,0.321690374572448,0.149105685822418,0.80151079276377,0.221111419849325,0.0142856945592105,0,0.023972347541419,0.150292176571384,0.137576785201717,0.15,0.5,0.5,1.4,0.1,,,NaN,NaN,NaN,NaN,NaN,NaN,NaN,NaN,NaN,NaN,NaN,NaN,NaN,NaN
SimpleBaseline,10,spike_bins,14,0.30964550523038,0.317828500704684,0.151779098055284,0.799104912105189,0.218266731933189,0.0142856945592105,0,0.024116302944943,0.148739871480387,0.134694940821314,0.15,0.5,0.5,1.4,0.15,,,NaN,NaN,NaN,NaN,NaN,NaN,NaN,NaN,NaN,NaN,NaN,NaN,NaN,NaN
SimpleBaseline,10,spike_bins,14,0.388693703516981,0.389761433428839,0.129146688712492,0.52962419560054,0.448059807343218,0.0214284981530923,0,0.022380063265361,0.275848534711666,0.310749117421367,0.15,0.6,0.4,0.4,0.03,,,NaN,NaN,NaN,NaN,NaN,NaN,NaN,NaN,NaN,NaN,NaN,NaN,NaN,NaN
SimpleBaseline,10,spike_bins,14,0.388693703516981,0.389761433428839,0.129146688712492,0.52962419560054,0.448059807343218,0.0214284981530923,0,0.022380063265361,0.275848534711666,0.310749117421367,0.15,0.6,0.4,0.4,0.05,,,NaN,NaN,NaN,NaN,NaN,NaN,NaN,NaN,NaN,NaN,NaN,NaN,NaN,NaN
SimpleBaseline,10,spike_bins,14,0.388693703516981,0.389761433428839,0.129146688712492,0.52962419560054,0.448059807343218,0.0214284981530923,0,0.022380063265361,0.275848534711666,0.310749117421367,0.15,0.6,0.4,0.4,0.08,,,NaN,NaN,NaN,NaN,NaN,NaN,NaN,NaN,NaN,NaN,NaN,NaN,NaN,NaN
SimpleBaseline,10,spike_bins,14,0.388693703516981,0.389761433428839,0.129146688712492,0.52962419560054,0.448059807343218,0.0214284981530923,0,0.022380063265361,0.275848534711666,0.310749117421367,0.15,0.6,0.4,0.4,0.1,,,NaN,NaN,NaN,NaN,NaN,NaN,NaN,NaN,NaN,NaN,NaN,NaN,NaN,NaN
SimpleBaseline,10,spike_bins,14,0.380528334875208,0.376258599124453,0.128344063749134,0.527812243664163,0.437039827445688,0.0214284981530923,0,0.0226116518107455,0.269143273441047,0.301554719982985,0.15,0.6,0.4,0.4,0.15,,,NaN,NaN,NaN,NaN,NaN,NaN,NaN,NaN,NaN,NaN,NaN,NaN,NaN,NaN
SimpleBaseline,10,spike_bins,14,0.393564190805799,0.411637907087857,0.128286616913791,0.562878775275209,0.432463541325414,0.0214284981530923,0,0.0225138202114206,0.26898291429091,0.299768939660627,0.15,0.6,0.4,0.5,0.03,,,NaN,NaN,NaN,NaN,NaN,NaN,NaN,NaN,NaN,NaN,NaN,NaN,NaN,NaN
SimpleBaseline,10,spike_bins,14,0.393564190805799,0.411637907087857,0.128286616913791,0.562878775275209,0.432463541325414,0.0214284981530923,0,0.0225138202114206,0.26898291429091,0.299768939660627,0.15,0.6,0.4,0.5,0.05,,,NaN,NaN,NaN,NaN,NaN,NaN,NaN,NaN,NaN,NaN,NaN,NaN,NaN,NaN
SimpleBaseline,10,spike_bins,14,0.393564190805799,0.411637907087857,0.128286616913791,0.562878775275209,0.432463541325414,0.0214284981530923,0,0.0225138202114206,0.26898291429091,0.299768939660627,0.15,0.6,0.4,0.5,0.08,,,NaN,NaN,NaN,NaN,NaN,NaN,NaN,NaN,NaN,NaN,NaN,NaN,NaN,NaN
SimpleBaseline,10,spike_bins,14,0.393564190805799,0.411637907087857,0.128286616913791,0.562878775275209,0.432463541325414,0.0214284981530923,0,0.0225138202114206,0.26898291429091,0.299768939660627,0.15,0.6,0.4,0.5,0.1,,,NaN,NaN,NaN,NaN,NaN,NaN,NaN,NaN,NaN,NaN,NaN,NaN,NaN,NaN
SimpleBaseline,10,spike_bins,14,0.385946913052109,0.399040675766203,0.128319713560992,0.561488543188359,0.422672646408989,0.0214284981530923,0,0.0229089437303872,0.262775048256055,0.287892634045728,0.15,0.6,0.4,0.5,0.15,,,NaN,NaN,NaN,NaN,NaN,NaN,NaN,NaN,NaN,NaN,NaN,NaN,NaN,NaN
SimpleBaseline,10,spike_bins,14,0.394281713262124,0.408669042775896,0.131777639797182,0.593116262327507,0.41247716103407,0.0142856945592105,0,0.0226808848617841,0.257467190166397,0.284633020077423,0.15,0.6,0.4,0.6,0.03,,,NaN,NaN,NaN,NaN,NaN,NaN,NaN,NaN,NaN,NaN,NaN,NaN,NaN,NaN
SimpleBaseline,10,spike_bins,14,0.394281713262124,0.408669042775896,0.131777639797182,0.593116262327507,0.41247716103407,0.0142856945592105,0,0.0226808848617841,0.257467190166397,0.284633020077423,0.15,0.6,0.4,0.6,0.05,,,NaN,NaN,NaN,NaN,NaN,NaN,NaN,NaN,NaN,NaN,NaN,NaN,NaN,NaN
SimpleBaseline,10,spike_bins,14,0.394281713262124,0.408669042775896,0.131777639797182,0.593116262327507,0.41247716103407,0.0142856945592105,0,0.0226808848617841,0.257467190166397,0.284633020077423,0.15,0.6,0.4,0.6,0.08,,,NaN,NaN,NaN,NaN,NaN,NaN,NaN,NaN,NaN,NaN,NaN,NaN,NaN,NaN
SimpleBaseline,10,spike_bins,14,0.394281713262124,0.408669042775896,0.131777639797182,0.593116262327507,0.41247716103407,0.0142856945592105,0,0.0226808848617841,0.257467190166397,0.284633020077423,0.15,0.6,0.4,0.6,0.1,,,NaN,NaN,NaN,NaN,NaN,NaN,NaN,NaN,NaN,NaN,NaN,NaN,NaN,NaN
SimpleBaseline,10,spike_bins,14,0.387251873100662,0.401437488404938,0.132078379978361,0.591639839548907,0.404330882358509,0.0178570963561514,0,0.0230300383467591,0.2521449152134,0.275824270797422,0.15,0.6,0.4,0.6,0.15,,,NaN,NaN,NaN,NaN,NaN,NaN,NaN,NaN,NaN,NaN,NaN,NaN,NaN,NaN
SimpleBaseline,10,spike_bins,14,0.392442834928848,0.404213876446001,0.134483669651154,0.621163369306662,0.389339283011592,0.0142856945592105,0,0.0224340188835361,0.246946680260752,0.272188882402837,0.15,0.6,0.4,0.7,0.03,,,NaN,NaN,NaN,NaN,NaN,NaN,NaN,NaN,NaN,NaN,NaN,NaN,NaN,NaN
SimpleBaseline,10,spike_bins,14,0.392442834928848,0.404213876446001,0.134483669651154,0.621163369306662,0.389339283011592,0.0142856945592105,0,0.0224340188835361,0.246946680260752,0.272188882402837,0.15,0.6,0.4,0.7,0.05,,,NaN,NaN,NaN,NaN,NaN,NaN,NaN,NaN,NaN,NaN,NaN,NaN,NaN,NaN
SimpleBaseline,10,spike_bins,14,0.392442834928848,0.404213876446001,0.134483669651154,0.621163369306662,0.389339283011592,0.0142856945592105,0,0.0224340188835361,0.246946680260752,0.272188882402837,0.15,0.6,0.4,0.7,0.08,,,NaN,NaN,NaN,NaN,NaN,NaN,NaN,NaN,NaN,NaN,NaN,NaN,NaN,NaN
SimpleBaseline,10,spike_bins,14,0.392442834928848,0.404213876446001,0.134483669651154,0.621163369306662,0.389339283011592,0.0142856945592105,0,0.0224340188835361,0.246946680260752,0.272188882402837,0.15,0.6,0.4,0.7,0.1,,,NaN,NaN,NaN,NaN,NaN,NaN,NaN,NaN,NaN,NaN,NaN,NaN,NaN,NaN
SimpleBaseline,10,spike_bins,14,0.385857574140247,0.396677148355001,0.135815082932881,0.619051721422201,0.382581352952771,0.0178570963561514,0,0.0227653572498887,0.242566072428393,0.267748339327126,0.15,0.6,0.4,0.7,0.15,,,NaN,NaN,NaN,NaN,NaN,NaN,NaN,NaN,NaN,NaN,NaN,NaN,NaN,NaN
SimpleBaseline,10,spike_bins,14,0.389807827570635,0.403767832714481,0.137686316296568,0.653303905618029,0.365045775109652,0.0142856945592105,0,0.022805893618211,0.237016672741675,0.264195784616436,0.15,0.6,0.4,0.8,0.03,,,NaN,NaN,NaN,NaN,NaN,NaN,NaN,NaN,NaN,NaN,NaN,NaN,NaN,NaN
SimpleBaseline,10,spike_bins,14,0.389807827570635,0.403767832714481,0.137686316296568,0.653303905618029,0.365045775109652,0.0142856945592105,0,0.022805893618211,0.237016672741675,0.264195784616436,0.15,0.6,0.4,0.8,0.05,,,NaN,NaN,NaN,NaN,NaN,NaN,NaN,NaN,NaN,NaN,NaN,NaN,NaN,NaN
SimpleBaseline,10,spike_bins,14,0.389807827570635,0.403767832714481,0.137686316296568,0.653303905618029,0.365045775109652,0.0142856945592105,0,0.022805893618211,0.237016672741675,0.264195784616436,0.15,0.6,0.4,0.8,0.08,,,NaN,NaN,NaN,NaN,NaN,NaN,NaN,NaN,NaN,NaN,NaN,NaN,NaN,NaN
SimpleBaseline,10,spike_bins,14,0.389807827570635,0.403767832714481,0.137686316296568,0.653303905618029,0.365045775109652,0.0142856945592105,0,0.022805893618211,0.237016672741675,0.264195784616436,0.15,0.6,0.4,0.8,0.1,,,NaN,NaN,NaN,NaN,NaN,NaN,NaN,NaN,NaN,NaN,NaN,NaN,NaN,NaN
SimpleBaseline,10,spike_bins,14,0.383969233921026,0.396926376379991,0.140299401303351,0.651210090643027,0.359668591234407,0.0142856945592105,0,0.0231927751408497,0.233472195003008,0.26064336387787,0.15,0.6,0.4,0.8,0.15,,,NaN,NaN,NaN,NaN,NaN,NaN,NaN,NaN,NaN,NaN,NaN,NaN,NaN,NaN
SimpleBaseline,10,spike_bins,14,0.386317146116586,0.397361349342481,0.141632942624298,0.683694642688025,0.344163782639326,0.0142856945592105,0,0.0236187960086844,0.224047114124586,0.250675154855248,0.15,0.6,0.4,0.9,0.03,,,NaN,NaN,NaN,NaN,NaN,NaN,NaN,NaN,NaN,NaN,NaN,NaN,NaN,NaN
SimpleBaseline,10,spike_bins,14,0.386317146116586,0.397361349342481,0.141632942624298,0.683694642688025,0.344163782639326,0.0142856945592105,0,0.0236187960086844,0.224047114124586,0.250675154855248,0.15,0.6,0.4,0.9,0.05,,,NaN,NaN,NaN,NaN,NaN,NaN,NaN,NaN,NaN,NaN,NaN,NaN,NaN,NaN
SimpleBaseline,10,spike_bins,14,0.386317146116586,0.397361349342481,0.141632942624298,0.683694642688025,0.344163782639326,0.0142856945592105,0,0.0236187960086844,0.224047114124586,0.250675154855248,0.15,0.6,0.4,0.9,0.08,,,NaN,NaN,NaN,NaN,NaN,NaN,NaN,NaN,NaN,NaN,NaN,NaN,NaN,NaN
SimpleBaseline,10,spike_bins,14,0.386317146116586,0.397361349342481,0.141632942624298,0.683694642688025,0.344163782639326,0.0142856945592105,0,0.0236187960086844,0.224047114124586,0.250675154855248,0.15,0.6,0.4,0.9,0.1,,,NaN,NaN,NaN,NaN,NaN,NaN,NaN,NaN,NaN,NaN,NaN,NaN,NaN,NaN
SimpleBaseline,10,spike_bins,14,0.381361151078293,0.387005182729648,0.144040253476238,0.681653170667572,0.339925874271036,0.0142856945592105,0,0.0239479574870454,0.221255227081211,0.248010833583822,0.15,0.6,0.4,0.9,0.15,,,NaN,NaN,NaN,NaN,NaN,NaN,NaN,NaN,NaN,NaN,NaN,NaN,NaN,NaN
SimpleBaseline,10,spike_bins,14,0.376876666108565,0.377919823232323,0.14348401101919,0.706755879327176,0.320384599233909,0.0142856945592105,0,0.0240055676815443,0.211548468294979,0.222041775335644,0.15,0.6,0.4,1,0.03,,,NaN,NaN,NaN,NaN,NaN,NaN,NaN,NaN,NaN,NaN,NaN,NaN,NaN,NaN
SimpleBaseline,10,spike_bins,14,0.376876666108565,0.377919823232323,0.14348401101919,0.706755879327176,0.320384599233909,0.0142856945592105,0,0.0240055676815443,0.211548468294979,0.222041775335644,0.15,0.6,0.4,1,0.05,,,NaN,NaN,NaN,NaN,NaN,NaN,NaN,NaN,NaN,NaN,NaN,NaN,NaN,NaN
SimpleBaseline,10,spike_bins,14,0.376876666108565,0.377919823232323,0.14348401101919,0.706755879327176,0.320384599233909,0.0142856945592105,0,0.0240055676815443,0.211548468294979,0.222041775335644,0.15,0.6,0.4,1,0.08,,,NaN,NaN,NaN,NaN,NaN,NaN,NaN,NaN,NaN,NaN,NaN,NaN,NaN,NaN
SimpleBaseline,10,spike_bins,14,0.376876666108565,0.377919823232323,0.14348401101919,0.706755879327176,0.320384599233909,0.0142856945592105,0,0.0240055676815443,0.211548468294979,0.222041775335644,0.15,0.6,0.4,1,0.1,,,NaN,NaN,NaN,NaN,NaN,NaN,NaN,NaN,NaN,NaN,NaN,NaN,NaN,NaN
SimpleBaseline,10,spike_bins,14,0.371725503230534,0.373071723918575,0.146251503999956,0.704163939953803,0.316231724879224,0.0142856945592105,0,0.0243491342686258,0.20875658200712,0.219377454064218,0.15,0.6,0.4,1,0.15,,,NaN,NaN,NaN,NaN,NaN,NaN,NaN,NaN,NaN,NaN,NaN,NaN,NaN,NaN
SimpleBaseline,10,spike_bins,14,0.366389028790848,0.372696309078323,0.146290539147363,0.729398448898781,0.297101938233659,0.0142856945592105,0,0.0236782071812775,0.198630395178739,0.206325525502524,0.15,0.6,0.4,1.1,0.03,,,NaN,NaN,NaN,NaN,NaN,NaN,NaN,NaN,NaN,NaN,NaN,NaN,NaN,NaN
SimpleBaseline,10,spike_bins,14,0.366389028790848,0.372696309078323,0.146290539147363,0.729398448898781,0.297101938233659,0.0142856945592105,0,0.0236782071812775,0.198630395178739,0.206325525502524,0.15,0.6,0.4,1.1,0.05,,,NaN,NaN,NaN,NaN,NaN,NaN,NaN,NaN,NaN,NaN,NaN,NaN,NaN,NaN
SimpleBaseline,10,spike_bins,14,0.366389028790848,0.372696309078323,0.146290539147363,0.729398448898781,0.297101938233659,0.0142856945592105,0,0.0236782071812775,0.198630395178739,0.206325525502524,0.15,0.6,0.4,1.1,0.08,,,NaN,NaN,NaN,NaN,NaN,NaN,NaN,NaN,NaN,NaN,NaN,NaN,NaN,NaN
SimpleBaseline,10,spike_bins,14,0.366389028790848,0.372696309078323,0.146290539147363,0.729398448898781,0.297101938233659,0.0142856945592105,0,0.0236782071812775,0.198630395178739,0.206325525502524,0.15,0.6,0.4,1.1,0.1,,,NaN,NaN,NaN,NaN,NaN,NaN,NaN,NaN,NaN,NaN,NaN,NaN,NaN,NaN
SimpleBaseline,10,spike_bins,14,0.361985023274287,0.36707645608044,0.149079321677398,0.727274190858337,0.293640304001337,0.0142856945592105,0,0.0240662841348234,0.196380003752197,0.204549303698238,0.15,0.6,0.4,1.1,0.15,,,NaN,NaN,NaN,NaN,NaN,NaN,NaN,NaN,NaN,NaN,NaN,NaN,NaN,NaN
SimpleBaseline,10,spike_bins,14,0.35753283827545,0.341416877284979,0.150104198589255,0.756660498922991,0.277902471362849,0.0142856945592105,0,0.0239810602378596,0.186710132499551,0.18981096588572,0.15,0.6,0.4,1.2,0.03,,,NaN,NaN,NaN,NaN,NaN,NaN,NaN,NaN,NaN,NaN,NaN,NaN,NaN,NaN
SimpleBaseline,10,spike_bins,14,0.35753283827545,0.341416877284979,0.150104198589255,0.756660498922991,0.277902471362849,0.0142856945592105,0,0.0239810602378596,0.186710132499551,0.18981096588572,0.15,0.6,0.4,1.2,0.05,,,NaN,NaN,NaN,NaN,NaN,NaN,NaN,NaN,NaN,NaN,NaN,NaN,NaN,NaN
SimpleBaseline,10,spike_bins,14,0.35753283827545,0.341416877284979,0.150104198589255,0.756660498922991,0.277902471362849,0.0142856945592105,0,0.0239810602378596,0.186710132499551,0.18981096588572,0.15,0.6,0.4,1.2,0.08,,,NaN,NaN,NaN,NaN,NaN,NaN,NaN,NaN,NaN,NaN,NaN,NaN,NaN,NaN
SimpleBaseline,10,spike_bins,14,0.35753283827545,0.341416877284979,0.150104198589255,0.756660498922991,0.277902471362849,0.0142856945592105,0,0.0239810602378596,0.186710132499551,0.18981096588572,0.15,0.6,0.4,1.2,0.1,,,NaN,NaN,NaN,NaN,NaN,NaN,NaN,NaN,NaN,NaN,NaN,NaN,NaN,NaN
SimpleBaseline,10,spike_bins,14,0.353652400381548,0.339171771650617,0.153095376295909,0.754483289001967,0.274971983637506,0.0142856945592105,0,0.0243881622274791,0.184864017861112,0.188034755516437,0.15,0.6,0.4,1.2,0.15,,,NaN,NaN,NaN,NaN,NaN,NaN,NaN,NaN,NaN,NaN,NaN,NaN,NaN,NaN
SimpleBaseline,10,spike_bins,14,0.350699332704946,0.343222958057395,0.155464009567898,0.787680617520312,0.261134186989289,0.0142856945592105,0,0.023573807944764,0.176923695348549,0.174307086665233,0.15,0.6,0.4,1.3,0.03,,,NaN,NaN,NaN,NaN,NaN,NaN,NaN,NaN,NaN,NaN,NaN,NaN,NaN,NaN
SimpleBaseline,10,spike_bins,14,0.350699332704946,0.343222958057395,0.155464009567898,0.787680617520312,0.261134186989289,0.0142856945592105,0,0.023573807944764,0.176923695348549,0.174307086665233,0.15,0.6,0.4,1.3,0.05,,,NaN,NaN,NaN,NaN,NaN,NaN,NaN,NaN,NaN,NaN,NaN,NaN,NaN,NaN
SimpleBaseline,10,spike_bins,14,0.350699332704946,0.343222958057395,0.155464009567898,0.787680617520312,0.261134186989289,0.0142856945592105,0,0.023573807944764,0.176923695348549,0.174307086665233,0.15,0.6,0.4,1.3,0.08,,,NaN,NaN,NaN,NaN,NaN,NaN,NaN,NaN,NaN,NaN,NaN,NaN,NaN,NaN
SimpleBaseline,10,spike_bins,14,0.350699332704946,0.343222958057395,0.155464009567898,0.787680617520312,0.261134186989289,0.0142856945592105,0,0.023573807944764,0.176923695348549,0.174307086665233,0.15,0.6,0.4,1.3,0.1,,,NaN,NaN,NaN,NaN,NaN,NaN,NaN,NaN,NaN,NaN,NaN,NaN,NaN,NaN
SimpleBaseline,10,spike_bins,14,0.347208952280007,0.340644672120702,0.158293072979373,0.786085617164472,0.258588224143081,0.0142856945592105,0,0.0241048762753204,0.175162615067154,0.17253087629595,0.15,0.6,0.4,1.3,0.15,,,NaN,NaN,NaN,NaN,NaN,NaN,NaN,NaN,NaN,NaN,NaN,NaN,NaN,NaN
SimpleBaseline,10,spike_bins,14,0.335311712568069,0.347157073492346,0.159981444536028,0.806776413924904,0.241265789756549,0.0142856945592105,0,0.0237836939289607,0.165812466046055,0.156961734764093,0.15,0.6,0.4,1.4,0.03,,,NaN,NaN,NaN,NaN,NaN,NaN,NaN,NaN,NaN,NaN,NaN,NaN,NaN,NaN
SimpleBaseline,10,spike_bins,14,0.335311712568069,0.347157073492346,0.159981444536028,0.806776413924904,0.241265789756549,0.0142856945592105,0,0.0237836939289607,0.165812466046055,0.156961734764093,0.15,0.6,0.4,1.4,0.05,,,NaN,NaN,NaN,NaN,NaN,NaN,NaN,NaN,NaN,NaN,NaN,NaN,NaN,NaN
SimpleBaseline,10,spike_bins,14,0.335311712568069,0.347157073492346,0.159981444536028,0.806776413924904,0.241265789756549,0.0142856945592105,0,0.0237836939289607,0.165812466046055,0.156961734764093,0.15,0.6,0.4,1.4,0.08,,,NaN,NaN,NaN,NaN,NaN,NaN,NaN,NaN,NaN,NaN,NaN,NaN,NaN,NaN
SimpleBaseline,10,spike_bins,14,0.335311712568069,0.347157073492346,0.159981444536028,0.806776413924904,0.241265789756549,0.0142856945592105,0,0.0237836939289607,0.165812466046055,0.156961734764093,0.15,0.6,0.4,1.4,0.1,,,NaN,NaN,NaN,NaN,NaN,NaN,NaN,NaN,NaN,NaN,NaN,NaN,NaN,NaN
SimpleBaseline,10,spike_bins,14,0.3318348051343,0.344865882807407,0.162912770815323,0.80504206607884,0.238846698262789,0.0142856945592105,0,0.02439644291883,0.164178257117108,0.15607362386195,0.15,0.6,0.4,1.4,0.15,,,NaN,NaN,NaN,NaN,NaN,NaN,NaN,NaN,NaN,NaN,NaN,NaN,NaN,NaN
SimpleBaseline,10,spike_bins,14,0.386488310425288,0.380958171964552,0.12706309148184,0.50266780396529,0.466199031580308,0.0142856945592105,0,0.0207752819120158,0.2844410197608,0.316006918365241,0.15,0.7,0.3,0.4,0.03,,,NaN,NaN,NaN,NaN,NaN,NaN,NaN,NaN,NaN,NaN,NaN,NaN,NaN,NaN
SimpleBaseline,10,spike_bins,14,0.386488310425288,0.380958171964552,0.12706309148184,0.50266780396529,0.466199031580308,0.0142856945592105,0,0.0207752819120158,0.2844410197608,0.316006918365241,0.15,0.7,0.3,0.4,0.05,,,NaN,NaN,NaN,NaN,NaN,NaN,NaN,NaN,NaN,NaN,NaN,NaN,NaN,NaN
SimpleBaseline,10,spike_bins,14,0.386488310425288,0.380958171964552,0.12706309148184,0.50266780396529,0.466199031580308,0.0142856945592105,0,0.0207752819120158,0.2844410197608,0.316006918365241,0.15,0.7,0.3,0.4,0.08,,,NaN,NaN,NaN,NaN,NaN,NaN,NaN,NaN,NaN,NaN,NaN,NaN,NaN,NaN
SimpleBaseline,10,spike_bins,14,0.386488310425288,0.380958171964552,0.12706309148184,0.50266780396529,0.466199031580308,0.0142856945592105,0,0.0207752819120158,0.2844410197608,0.316006918365241,0.15,0.7,0.3,0.4,0.1,,,NaN,NaN,NaN,NaN,NaN,NaN,NaN,NaN,NaN,NaN,NaN,NaN,NaN,NaN
SimpleBaseline,10,spike_bins,14,0.377901941775826,0.367162085534366,0.125139238805723,0.500684505285785,0.454123328981021,0.0178570963561514,0,0.0210602846330161,0.276561434878835,0.308385751087715,0.15,0.7,0.3,0.4,0.15,,,NaN,NaN,NaN,NaN,NaN,NaN,NaN,NaN,NaN,NaN,NaN,NaN,NaN,NaN
SimpleBaseline,10,spike_bins,14,0.390677849530053,0.395682646481637,0.128552069582901,0.537728722004977,0.446829571667814,0.0142856945592105,0,0.0210895877424218,0.276412595776138,0.306086538706914,0.15,0.7,0.3,0.5,0.03,,,NaN,NaN,NaN,NaN,NaN,NaN,NaN,NaN,NaN,NaN,NaN,NaN,NaN,NaN
SimpleBaseline,10,spike_bins,14,0.390677849530053,0.395682646481637,0.128552069582901,0.537728722004977,0.446829571667814,0.0142856945592105,0,0.0210895877424218,0.276412595776138,0.306086538706914,0.15,0.7,0.3,0.5,0.05,,,NaN,NaN,NaN,NaN,NaN,NaN,NaN,NaN,NaN,NaN,NaN,NaN,NaN,NaN
SimpleBaseline,10,spike_bins,14,0.390677849530053,0.395682646481637,0.128552069582901,0.537728722004977,0.446829571667814,0.0142856945592105,0,0.0210895877424218,0.276412595776138,0.306086538706914,0.15,0.7,0.3,0.5,0.08,,,NaN,NaN,NaN,NaN,NaN,NaN,NaN,NaN,NaN,NaN,NaN,NaN,NaN,NaN
SimpleBaseline,10,spike_bins,14,0.390677849530053,0.395682646481637,0.128552069582901,0.537728722004977,0.446829571667814,0.0142856945592105,0,0.0210895877424218,0.276412595776138,0.306086538706914,0.15,0.7,0.3,0.5,0.1,,,NaN,NaN,NaN,NaN,NaN,NaN,NaN,NaN,NaN,NaN,NaN,NaN,NaN,NaN
SimpleBaseline,10,spike_bins,14,0.382369313408105,0.380729802942582,0.127739640640105,0.535726858272137,0.436228604987801,0.0178570963561514,0,0.0213648910287033,0.269138224246093,0.299538903793477,0.15,0.7,0.3,0.5,0.15,,,NaN,NaN,NaN,NaN,NaN,NaN,NaN,NaN,NaN,NaN,NaN,NaN,NaN,NaN
SimpleBaseline,10,spike_bins,14,0.394102569905187,0.411449512757156,0.127382673549407,0.571163402115076,0.427528521313145,0.0142856945592105,0,0.0220387771609644,0.26731859900598,0.29666204994195,0.15,0.7,0.3,0.6,0.03,,,NaN,NaN,NaN,NaN,NaN,NaN,NaN,NaN,NaN,NaN,NaN,NaN,NaN,NaN
SimpleBaseline,10,spike_bins,14,0.394102569905187,0.411449512757156,0.127382673549407,0.571163402115076,0.427528521313145,0.0142856945592105,0,0.0220387771609644,0.26731859900598,0.29666204994195,0.15,0.7,0.3,0.6,0.05,,,NaN,NaN,NaN,NaN,NaN,NaN,NaN,NaN,NaN,NaN,NaN,NaN,NaN,NaN
SimpleBaseline,10,spike_bins,14,0.394102569905187,0.411449512757156,0.127382673549407,0.571163402115076,0.427528521313145,0.0142856945592105,0,0.0220387771609644,0.26731859900598,0.29666204994195,0.15,0.7,0.3,0.6,0.08,,,NaN,NaN,NaN,NaN,NaN,NaN,NaN,NaN,NaN,NaN,NaN,NaN,NaN,NaN
SimpleBaseline,10,spike_bins,14,0.394102569905187,0.411449512757156,0.127382673549407,0.571163402115076,0.427528521313145,0.0142856945592105,0,0.0220387771609644,0.26731859900598,0.29666204994195,0.15,0.7,0.3,0.6,0.1,,,NaN,NaN,NaN,NaN,NaN,NaN,NaN,NaN,NaN,NaN,NaN,NaN,NaN,NaN
SimpleBaseline,10,spike_bins,14,0.385151183731691,0.39010035765761,0.127015571401259,0.568473708140009,0.417492973575152,0.0142856945592105,0,0.0223408202039348,0.260377610387547,0.286647439143239,0.15,0.7,0.3,0.6,0.15,,,NaN,NaN,NaN,NaN,NaN,NaN,NaN,NaN,NaN,NaN,NaN,NaN,NaN,NaN
SimpleBaseline,10,spike_bins,14,0.397923754291345,0.403981173716071,0.132010311804669,0.605771926829131,0.411332390907788,0.0142856945592105,0,0.0225326479176221,0.259204906614984,0.289311660061187,0.15,0.7,0.3,0.7,0.03,,,NaN,NaN,NaN,NaN,NaN,NaN,NaN,NaN,NaN,NaN,NaN,NaN,NaN,NaN
SimpleBaseline,10,spike_bins,14,0.397923754291345,0.403981173716071,0.132010311804669,0.605771926829131,0.411332390907788,0.0142856945592105,0,0.0225326479176221,0.259204906614984,0.289311660061187,0.15,0.7,0.3,0.7,0.05,,,NaN,NaN,NaN,NaN,NaN,NaN,NaN,NaN,NaN,NaN,NaN,NaN,NaN,NaN
SimpleBaseline,10,spike_bins,14,0.397923754291345,0.403981173716071,0.132010311804669,0.605771926829131,0.411332390907788,0.0142856945592105,0,0.0225326479176221,0.259204906614984,0.289311660061187,0.15,0.7,0.3,0.7,0.08,,,NaN,NaN,NaN,NaN,NaN,NaN,NaN,NaN,NaN,NaN,NaN,NaN,NaN,NaN
SimpleBaseline,10,spike_bins,14,0.397923754291345,0.403981173716071,0.132010311804669,0.605771926829131,0.411332390907788,0.0142856945592105,0,0.0225326479176221,0.259204906614984,0.289311660061187,0.15,0.7,0.3,0.7,0.1,,,NaN,NaN,NaN,NaN,NaN,NaN,NaN,NaN,NaN,NaN,NaN,NaN,NaN,NaN
SimpleBaseline,10,spike_bins,14,0.3904499224528,0.396637361246319,0.131816278236476,0.603291994487867,0.403257424901468,0.0142856945592105,0,0.0227572025371076,0.253597976294415,0.282206818584055,0.15,0.7,0.3,0.7,0.15,,,NaN,NaN,NaN,NaN,NaN,NaN,NaN,NaN,NaN,NaN,NaN,NaN,NaN,NaN
SimpleBaseline,10,spike_bins,14,0.394517933672161,0.405756054832035,0.136762889258163,0.633684123909563,0.387033524418054,0.0142856945592105,0,0.0225083530962391,0.247372084861237,0.275824154572213,0.15,0.7,0.3,0.8,0.03,,,NaN,NaN,NaN,NaN,NaN,NaN,NaN,NaN,NaN,NaN,NaN,NaN,NaN,NaN
SimpleBaseline,10,spike_bins,14,0.394517933672161,0.405756054832035,0.136762889258163,0.633684123909563,0.387033524418054,0.0142856945592105,0,0.0225083530962391,0.247372084861237,0.275824154572213,0.15,0.7,0.3,0.8,0.05,,,NaN,NaN,NaN,NaN,NaN,NaN,NaN,NaN,NaN,NaN,NaN,NaN,NaN,NaN
SimpleBaseline,10,spike_bins,14,0.394517933672161,0.405756054832035,0.136762889258163,0.633684123909563,0.387033524418054,0.0142856945592105,0,0.0225083530962391,0.247372084861237,0.275824154572213,0.15,0.7,0.3,0.8,0.08,,,NaN,NaN,NaN,NaN,NaN,NaN,NaN,NaN,NaN,NaN,NaN,NaN,NaN,NaN
SimpleBaseline,10,spike_bins,14,0.394517933672161,0.405756054832035,0.136762889258163,0.633684123909563,0.387033524418054,0.0142856945592105,0,0.0225083530962391,0.247372084861237,0.275824154572213,0.15,0.7,0.3,0.8,0.1,,,NaN,NaN,NaN,NaN,NaN,NaN,NaN,NaN,NaN,NaN,NaN,NaN,NaN,NaN
SimpleBaseline,10,spike_bins,14,0.387561672610145,0.397858739150772,0.137362425413497,0.631308492216722,0.379908601904476,0.0142856945592105,0,0.0226839031903787,0.242461458595658,0.269607435432226,0.15,0.7,0.3,0.8,0.15,,,NaN,NaN,NaN,NaN,NaN,NaN,NaN,NaN,NaN,NaN,NaN,NaN,NaN,NaN
SimpleBaseline,10,spike_bins,14,0.390620647374049,0.403358547726236,0.141177541681948,0.662773665714281,0.362112286834358,0.0142856945592105,0,0.0232210056756628,0.235697183724389,0.265166851739595,0.15,0.7,0.3,0.9,0.03,,,NaN,NaN,NaN,NaN,NaN,NaN,NaN,NaN,NaN,NaN,NaN,NaN,NaN,NaN
SimpleBaseline,10,spike_bins,14,0.390620647374049,0.403358547726236,0.141177541681948,0.662773665714281,0.362112286834358,0.0142856945592105,0,0.0232210056756628,0.235697183724389,0.265166851739595,0.15,0.7,0.3,0.9,0.05,,,NaN,NaN,NaN,NaN,NaN,NaN,NaN,NaN,NaN,NaN,NaN,NaN,NaN,NaN
SimpleBaseline,10,spike_bins,14,0.390620647374049,0.403358547726236,0.141177541681948,0.662773665714281,0.362112286834358,0.0142856945592105,0,0.0232210056756628,0.235697183724389,0.265166851739595,0.15,0.7,0.3,0.9,0.08,,,NaN,NaN,NaN,NaN,NaN,NaN,NaN,NaN,NaN,NaN,NaN,NaN,NaN,NaN
SimpleBaseline,10,spike_bins,14,0.390620647374049,0.403358547726236,0.141177541681948,0.662773665714281,0.362112286834358,0.0142856945592105,0,0.0232210056756628,0.235697183724389,0.265166851739595,0.15,0.7,0.3,0.9,0.1,,,NaN,NaN,NaN,NaN,NaN,NaN,NaN,NaN,NaN,NaN,NaN,NaN,NaN,NaN
SimpleBaseline,10,spike_bins,14,0.384389365615428,0.391032021626757,0.142215193746335,0.660268681370014,0.356127033614865,0.0142856945592105,0,0.0234709933149646,0.231485604839718,0.259838232066748,0.15,0.7,0.3,0.9,0.15,,,NaN,NaN,NaN,NaN,NaN,NaN,NaN,NaN,NaN,NaN,NaN,NaN,NaN,NaN
SimpleBaseline,10,spike_bins,14,0.386715594524709,0.38169059048534,0.141938912939646,0.690347520493829,0.341817722964319,0.0142856945592105,0,0.0227143571311005,0.226016273695844,0.24698792380647,0.15,0.7,0.3,1,0.03,,,NaN,NaN,NaN,NaN,NaN,NaN,NaN,NaN,NaN,NaN,NaN,NaN,NaN,NaN
SimpleBaseline,10,spike_bins,14,0.386715594524709,0.38169059048534,0.141938912939646,0.690347520493829,0.341817722964319,0.0142856945592105,0,0.0227143571311005,0.226016273695844,0.24698792380647,0.15,0.7,0.3,1,0.05,,,NaN,NaN,NaN,NaN,NaN,NaN,NaN,NaN,NaN,NaN,NaN,NaN,NaN,NaN
SimpleBaseline,10,spike_bins,14,0.386715594524709,0.38169059048534,0.141938912939646,0.690347520493829,0.341817722964319,0.0142856945592105,0,0.0227143571311005,0.226016273695844,0.24698792380647,0.15,0.7,0.3,1,0.08,,,NaN,NaN,NaN,NaN,NaN,NaN,NaN,NaN,NaN,NaN,NaN,NaN,NaN,NaN
SimpleBaseline,10,spike_bins,14,0.386715594524709,0.38169059048534,0.141938912939646,0.690347520493829,0.341817722964319,0.0142856945592105,0,0.0227143571311005,0.226016273695844,0.24698792380647,0.15,0.7,0.3,1,0.1,,,NaN,NaN,NaN,NaN,NaN,NaN,NaN,NaN,NaN,NaN,NaN,NaN,NaN,NaN
SimpleBaseline,10,spike_bins,14,0.380899573953941,0.370105215549049,0.143290745865991,0.687746548558939,0.33664022331883,0.0142856945592105,0,0.0230138701633687,0.222199762117181,0.243435503067903,0.15,0.7,0.3,1,0.15,,,NaN,NaN,NaN,NaN,NaN,NaN,NaN,NaN,NaN,NaN,NaN,NaN,NaN,NaN
SimpleBaseline,10,spike_bins,14,0.381778332469847,0.395187058980162,0.146494574574741,0.722807895515198,0.320060952812623,0.0142856945592105,0,0.0237862844340669,0.21387022055833,0.225459328588986,0.15,0.7,0.3,1.1,0.03,,,NaN,NaN,NaN,NaN,NaN,NaN,NaN,NaN,NaN,NaN,NaN,NaN,NaN,NaN
SimpleBaseline,10,spike_bins,14,0.381778332469847,0.395187058980162,0.146494574574741,0.722807895515198,0.320060952812623,0.0142856945592105,0,0.0237862844340669,0.21387022055833,0.225459328588986,0.15,0.7,0.3,1.1,0.05,,,NaN,NaN,NaN,NaN,NaN,NaN,NaN,NaN,NaN,NaN,NaN,NaN,NaN,NaN
SimpleBaseline,10,spike_bins,14,0.381778332469847,0.395187058980162,0.146494574574741,0.722807895515198,0.320060952812623,0.0142856945592105,0,0.0237862844340669,0.21387022055833,0.225459328588986,0.15,0.7,0.3,1.1,0.08,,,NaN,NaN,NaN,NaN,NaN,NaN,NaN,NaN,NaN,NaN,NaN,NaN,NaN,NaN
SimpleBaseline,10,spike_bins,14,0.381778332469847,0.395187058980162,0.146494574574741,0.722807895515198,0.320060952812623,0.0142856945592105,0,0.0237862844340669,0.21387022055833,0.225459328588986,0.15,0.7,0.3,1.1,0.1,,,NaN,NaN,NaN,NaN,NaN,NaN,NaN,NaN,NaN,NaN,NaN,NaN,NaN,NaN
SimpleBaseline,10,spike_bins,14,0.37618447946516,0.390234357529406,0.147959349711914,0.720653377157283,0.31521910182956,0.0142856945592105,0,0.0240719299087877,0.210389357642092,0.22279500731756,0.15,0.7,0.3,1.1,0.15,,,NaN,NaN,NaN,NaN,NaN,NaN,NaN,NaN,NaN,NaN,NaN,NaN,NaN,NaN
SimpleBaseline,10,spike_bins,14,0.371527858205899,0.363955268717173,0.152908712601849,0.75142018031836,0.29750218269867,0.0142856945592105,0,0.0234241540588444,0.200233275012873,0.2011765309366,0.15,0.7,0.3,1.2,0.03,,,NaN,NaN,NaN,NaN,NaN,NaN,NaN,NaN,NaN,NaN,NaN,NaN,NaN,NaN
SimpleBaseline,10,spike_bins,14,0.371527858205899,0.363955268717173,0.152908712601849,0.75142018031836,0.29750218269867,0.0142856945592105,0,0.0234241540588444,0.200233275012873,0.2011765309366,0.15,0.7,0.3,1.2,0.05,,,NaN,NaN,NaN,NaN,NaN,NaN,NaN,NaN,NaN,NaN,NaN,NaN,NaN,NaN
SimpleBaseline,10,spike_bins,14,0.371527858205899,0.363955268717173,0.152908712601849,0.75142018031836,0.29750218269867,0.0142856945592105,0,0.0234241540588444,0.200233275012873,0.2011765309366,0.15,0.7,0.3,1.2,0.08,,,NaN,NaN,NaN,NaN,NaN,NaN,NaN,NaN,NaN,NaN,NaN,NaN,NaN,NaN
SimpleBaseline,10,spike_bins,14,0.371527858205899,0.363955268717173,0.152908712601849,0.75142018031836,0.29750218269867,0.0142856945592105,0,0.0234241540588444,0.200233275012873,0.2011765309366,0.15,0.7,0.3,1.2,0.1,,,NaN,NaN,NaN,NaN,NaN,NaN,NaN,NaN,NaN,NaN,NaN,NaN,NaN,NaN
SimpleBaseline,10,spike_bins,14,0.366297403540055,0.360795315212807,0.154464309199855,0.749338203705395,0.293146110834178,0.0142856945592105,0,0.02379929045405,0.196961576235284,0.199400320567317,0.15,0.7,0.3,1.2,0.15,,,NaN,NaN,NaN,NaN,NaN,NaN,NaN,NaN,NaN,NaN,NaN,NaN,NaN,NaN
SimpleBaseline,10,spike_bins,14,0.359703809477455,0.353003657737953,0.159179303890157,0.772179396667287,0.27653907891803,0.0142856945592105,0,0.0233422452582818,0.187489925820917,0.185595068543687,0.15,0.7,0.3,1.3,0.03,,,NaN,NaN,NaN,NaN,NaN,NaN,NaN,NaN,NaN,NaN,NaN,NaN,NaN,NaN
SimpleBaseline,10,spike_bins,14,0.359703809477455,0.353003657737953,0.159179303890157,0.772179396667287,0.27653907891803,0.0142856945592105,0,0.0233422452582818,0.187489925820917,0.185595068543687,0.15,0.7,0.3,1.3,0.05,,,NaN,NaN,NaN,NaN,NaN,NaN,NaN,NaN,NaN,NaN,NaN,NaN,NaN,NaN
SimpleBaseline,10,spike_bins,14,0.359703809477455,0.353003657737953,0.159179303890157,0.772179396667287,0.27653907891803,0.0142856945592105,0,0.0233422452582818,0.187489925820917,0.185595068543687,0.15,0.7,0.3,1.3,0.08,,,NaN,NaN,NaN,NaN,NaN,NaN,NaN,NaN,NaN,NaN,NaN,NaN,NaN,NaN
SimpleBaseline,10,spike_bins,14,0.359703809477455,0.353003657737953,0.159179303890157,0.772179396667287,0.27653907891803,0.0142856945592105,0,0.0233422452582818,0.187489925820917,0.185595068543687,0.15,0.7,0.3,1.3,0.1,,,NaN,NaN,NaN,NaN,NaN,NaN,NaN,NaN,NaN,NaN,NaN,NaN,NaN,NaN
SimpleBaseline,10,spike_bins,14,0.355278018239016,0.352125180780974,0.16134975535404,0.77054797491781,0.27306048738647,0.0178570963561514,0,0.0236704967185641,0.185095707376261,0.184706957641544,0.15,0.7,0.3,1.3,0.15,,,NaN,NaN,NaN,NaN,NaN,NaN,NaN,NaN,NaN,NaN,NaN,NaN,NaN,NaN
SimpleBaseline,10,spike_bins,14,0.347290160308871,0.342600433749871,0.163368156091959,0.794775167702094,0.256108706618518,0.0142856945592105,0,0.0236568314407207,0.173789973283563,0.170766895307703,0.15,0.7,0.3,1.4,0.03,,,NaN,NaN,NaN,NaN,NaN,NaN,NaN,NaN,NaN,NaN,NaN,NaN,NaN,NaN
SimpleBaseline,10,spike_bins,14,0.347290160308871,0.342600433749871,0.163368156091959,0.794775167702094,0.256108706618518,0.0142856945592105,0,0.0236568314407207,0.173789973283563,0.170766895307703,0.15,0.7,0.3,1.4,0.05,,,NaN,NaN,NaN,NaN,NaN,NaN,NaN,NaN,NaN,NaN,NaN,NaN,NaN,NaN
SimpleBaseline,10,spike_bins,14,0.347290160308871,0.342600433749871,0.163368156091959,0.794775167702094,0.256108706618518,0.0142856945592105,0,0.0236568314407207,0.173789973283563,0.170766895307703,0.15,0.7,0.3,1.4,0.08,,,NaN,NaN,NaN,NaN,NaN,NaN,NaN,NaN,NaN,NaN,NaN,NaN,NaN,NaN
SimpleBaseline,10,spike_bins,14,0.347290160308871,0.342600433749871,0.163368156091959,0.794775167702094,0.256108706618518,0.0142856945592105,0,0.0236568314407207,0.173789973283563,0.170766895307703,0.15,0.7,0.3,1.4,0.1,,,NaN,NaN,NaN,NaN,NaN,NaN,NaN,NaN,NaN,NaN,NaN,NaN,NaN,NaN
SimpleBaseline,10,spike_bins,14,0.343662093978917,0.342040420819491,0.165155478404282,0.793351857521893,0.253347357345713,0.0178570963561514,0,0.0241024259799988,0.171813506575572,0.1707668838727,0.15,0.7,0.3,1.4,0.15,,,NaN,NaN,NaN,NaN,NaN,NaN,NaN,NaN,NaN,NaN,NaN,NaN,NaN,NaN
SimpleBaseline,10,spike_bins,14,0.380537446850298,0.370481391873621,0.124736951443391,0.476657339391735,0.476510795770572,0.0142856945592105,0,0.0193411542048421,0.289816485002561,0.32414150969737,0.15,0.8,0.2,0.4,0.03,,,NaN,NaN,NaN,NaN,NaN,NaN,NaN,NaN,NaN,NaN,NaN,NaN,NaN,NaN
SimpleBaseline,10,spike_bins,14,0.380537446850298,0.370481391873621,0.124736951443391,0.476657339391735,0.476510795770572,0.0142856945592105,0,0.0193411542048421,0.289816485002561,0.32414150969737,0.15,0.8,0.2,0.4,0.05,,,NaN,NaN,NaN,NaN,NaN,NaN,NaN,NaN,NaN,NaN,NaN,NaN,NaN,NaN
SimpleBaseline,10,spike_bins,14,0.380537446850298,0.370481391873621,0.124736951443391,0.476657339391735,0.476510795770572,0.0142856945592105,0,0.0193411542048421,0.289816485002561,0.32414150969737,0.15,0.8,0.2,0.4,0.08,,,NaN,NaN,NaN,NaN,NaN,NaN,NaN,NaN,NaN,NaN,NaN,NaN,NaN,NaN
SimpleBaseline,10,spike_bins,14,0.380537446850298,0.370481391873621,0.124736951443391,0.476657339391735,0.476510795770572,0.0142856945592105,0,0.0193411542048421,0.289816485002561,0.32414150969737,0.15,0.8,0.2,0.4,0.1,,,NaN,NaN,NaN,NaN,NaN,NaN,NaN,NaN,NaN,NaN,NaN,NaN,NaN,NaN
SimpleBaseline,10,spike_bins,14,0.372081729221676,0.361198365251461,0.122533310861582,0.475054998455994,0.463556497653665,0.0142856945592105,0,0.0197649476766866,0.2816951856687,0.313450033430746,0.15,0.8,0.2,0.4,0.15,,,NaN,NaN,NaN,NaN,NaN,NaN,NaN,NaN,NaN,NaN,NaN,NaN,NaN,NaN
SimpleBaseline,10,spike_bins,14,0.386754581971987,0.381235410534862,0.125644378047633,0.510512185365392,0.461411572915411,0.0142856945592105,0,0.0196896834221208,0.283370805018717,0.31794112247934,0.15,0.8,0.2,0.5,0.03,,,NaN,NaN,NaN,NaN,NaN,NaN,NaN,NaN,NaN,NaN,NaN,NaN,NaN,NaN
SimpleBaseline,10,spike_bins,14,0.386754581971987,0.381235410534862,0.125644378047633,0.510512185365392,0.461411572915411,0.0142856945592105,0,0.0196896834221208,0.283370805018717,0.31794112247934,0.15,0.8,0.2,0.5,0.05,,,NaN,NaN,NaN,NaN,NaN,NaN,NaN,NaN,NaN,NaN,NaN,NaN,NaN,NaN
SimpleBaseline,10,spike_bins,14,0.386754581971987,0.381235410534862,0.125644378047633,0.510512185365392,0.461411572915411,0.0142856945592105,0,0.0196896834221208,0.283370805018717,0.31794112247934,0.15,0.8,0.2,0.5,0.08,,,NaN,NaN,NaN,NaN,NaN,NaN,NaN,NaN,NaN,NaN,NaN,NaN,NaN,NaN
SimpleBaseline,10,spike_bins,14,0.386754581971987,0.381235410534862,0.125644378047633,0.510512185365392,0.461411572915411,0.0142856945592105,0,0.0196896834221208,0.283370805018717,0.31794112247934,0.15,0.8,0.2,0.5,0.1,,,NaN,NaN,NaN,NaN,NaN,NaN,NaN,NaN,NaN,NaN,NaN,NaN,NaN,NaN
SimpleBaseline,10,spike_bins,14,0.378548901042999,0.367600737104876,0.124175633461879,0.508638283247506,0.450099428541967,0.0142856945592105,0,0.0200727962325063,0.276125747612236,0.307204693338185,0.15,0.8,0.2,0.5,0.15,,,NaN,NaN,NaN,NaN,NaN,NaN,NaN,NaN,NaN,NaN,NaN,NaN,NaN,NaN
SimpleBaseline,10,spike_bins,14,0.391455548192625,0.405886038045106,0.124737733542934,0.542836735498129,0.445086411802357,0.0142856945592105,0,0.0204366127750041,0.276262518273394,0.309459172391079,0.15,0.8,0.2,0.6,0.03,,,NaN,NaN,NaN,NaN,NaN,NaN,NaN,NaN,NaN,NaN,NaN,NaN,NaN,NaN
SimpleBaseline,10,spike_bins,14,0.391455548192625,0.405886038045106,0.124737733542934,0.542836735498129,0.445086411802357,0.0142856945592105,0,0.0204366127750041,0.276262518273394,0.309459172391079,0.15,0.8,0.2,0.6,0.05,,,NaN,NaN,NaN,NaN,NaN,NaN,NaN,NaN,NaN,NaN,NaN,NaN,NaN,NaN
SimpleBaseline,10,spike_bins,14,0.391455548192625,0.405886038045106,0.124737733542934,0.542836735498129,0.445086411802357,0.0142856945592105,0,0.0204366127750041,0.276262518273394,0.309459172391079,0.15,0.8,0.2,0.6,0.08,,,NaN,NaN,NaN,NaN,NaN,NaN,NaN,NaN,NaN,NaN,NaN,NaN,NaN,NaN
SimpleBaseline,10,spike_bins,14,0.391455548192625,0.405886038045106,0.124737733542934,0.542836735498129,0.445086411802357,0.0142856945592105,0,0.0204366127750041,0.276262518273394,0.309459172391079,0.15,0.8,0.2,0.6,0.1,,,NaN,NaN,NaN,NaN,NaN,NaN,NaN,NaN,NaN,NaN,NaN,NaN,NaN,NaN
SimpleBaseline,10,spike_bins,14,0.38280320519856,0.386501395429967,0.124277815442511,0.540206965304313,0.434647475598292,0.0142856945592105,0,0.0206671928990166,0.269390635939631,0.298295030258616,0.15,0.8,0.2,0.6,0.15,,,NaN,NaN,NaN,NaN,NaN,NaN,NaN,NaN,NaN,NaN,NaN,NaN,NaN,NaN
SimpleBaseline,10,spike_bins,14,0.392751528189004,0.40123780461598,0.128159406022453,0.576563022255611,0.424699719659407,0.0142856945592105,0,0.0211291838922136,0.265905614896566,0.297470559873863,0.15,0.8,0.2,0.7,0.03,,,NaN,NaN,NaN,NaN,NaN,NaN,NaN,NaN,NaN,NaN,NaN,NaN,NaN,NaN
SimpleBaseline,10,spike_bins,14,0.392751528189004,0.40123780461598,0.128159406022453,0.576563022255611,0.424699719659407,0.0142856945592105,0,0.0211291838922136,0.265905614896566,0.297470559873863,0.15,0.8,0.2,0.7,0.05,,,NaN,NaN,NaN,NaN,NaN,NaN,NaN,NaN,NaN,NaN,NaN,NaN,NaN,NaN
SimpleBaseline,10,spike_bins,14,0.392751528189004,0.40123780461598,0.128159406022453,0.576563022255611,0.424699719659407,0.0142856945592105,0,0.0211291838922136,0.265905614896566,0.297470559873863,0.15,0.8,0.2,0.7,0.08,,,NaN,NaN,NaN,NaN,NaN,NaN,NaN,NaN,NaN,NaN,NaN,NaN,NaN,NaN
SimpleBaseline,10,spike_bins,14,0.392751528189004,0.40123780461598,0.128159406022453,0.576563022255611,0.424699719659407,0.0142856945592105,0,0.0211291838922136,0.265905614896566,0.297470559873863,0.15,0.8,0.2,0.7,0.1,,,NaN,NaN,NaN,NaN,NaN,NaN,NaN,NaN,NaN,NaN,NaN,NaN,NaN,NaN
SimpleBaseline,10,spike_bins,14,0.384433917415734,0.377944401024706,0.12799662956533,0.573761351870076,0.415356148965926,0.0142856945592105,0,0.0213550000071541,0.259897062042978,0.290365706961728,0.15,0.8,0.2,0.7,0.15,,,NaN,NaN,NaN,NaN,NaN,NaN,NaN,NaN,NaN,NaN,NaN,NaN,NaN,NaN
SimpleBaseline,10,spike_bins,14,0.39491658195206,0.392914366489057,0.131011142017762,0.608822502929216,0.406667778070438,0.0142856945592105,0,0.0215409302837263,0.258695991170196,0.29391800891354,0.15,0.8,0.2,0.8,0.03,,,NaN,NaN,NaN,NaN,NaN,NaN,NaN,NaN,NaN,NaN,NaN,NaN,NaN,NaN
SimpleBaseline,10,spike_bins,14,0.39491658195206,0.392914366489057,0.131011142017762,0.608822502929216,0.406667778070438,0.0142856945592105,0,0.0215409302837263,0.258695991170196,0.29391800891354,0.15,0.8,0.2,0.8,0.05,,,NaN,NaN,NaN,NaN,NaN,NaN,NaN,NaN,NaN,NaN,NaN,NaN,NaN,NaN
SimpleBaseline,10,spike_bins,14,0.39491658195206,0.392914366489057,0.131011142017762,0.608822502929216,0.406667778070438,0.0142856945592105,0,0.0215409302837263,0.258695991170196,0.29391800891354,0.15,0.8,0.2,0.8,0.08,,,NaN,NaN,NaN,NaN,NaN,NaN,NaN,NaN,NaN,NaN,NaN,NaN,NaN,NaN
SimpleBaseline,10,spike_bins,14,0.39491658195206,0.392914366489057,0.131011142017762,0.608822502929216,0.406667778070438,0.0142856945592105,0,0.0215409302837263,0.258695991170196,0.29391800891354,0.15,0.8,0.2,0.8,0.1,,,NaN,NaN,NaN,NaN,NaN,NaN,NaN,NaN,NaN,NaN,NaN,NaN,NaN,NaN
SimpleBaseline,10,spike_bins,14,0.387346574799628,0.381532011914831,0.131222546450014,0.605797881515713,0.398610776649246,0.0142856945592105,0,0.0217300826795337,0.253514424757104,0.28681317887141,0.15,0.8,0.2,0.8,0.15,,,NaN,NaN,NaN,NaN,NaN,NaN,NaN,NaN,NaN,NaN,NaN,NaN,NaN,NaN
SimpleBaseline,10,spike_bins,14,0.394509550079669,0.407488237628252,0.134978314924507,0.639857950702316,0.38426582824155,0.0142856945592105,0,0.0219799235281767,0.249200008724225,0.281401568672541,0.15,0.8,0.2,0.9,0.03,,,NaN,NaN,NaN,NaN,NaN,NaN,NaN,NaN,NaN,NaN,NaN,NaN,NaN,NaN
SimpleBaseline,10,spike_bins,14,0.394509550079669,0.407488237628252,0.134978314924507,0.639857950702316,0.38426582824155,0.0142856945592105,0,0.0219799235281767,0.249200008724225,0.281401568672541,0.15,0.8,0.2,0.9,0.05,,,NaN,NaN,NaN,NaN,NaN,NaN,NaN,NaN,NaN,NaN,NaN,NaN,NaN,NaN
SimpleBaseline,10,spike_bins,14,0.394509550079669,0.407488237628252,0.134978314924507,0.639857950702316,0.38426582824155,0.0142856945592105,0,0.0219799235281767,0.249200008724225,0.281401568672541,0.15,0.8,0.2,0.9,0.08,,,NaN,NaN,NaN,NaN,NaN,NaN,NaN,NaN,NaN,NaN,NaN,NaN,NaN,NaN
SimpleBaseline,10,spike_bins,14,0.394509550079669,0.407488237628252,0.134978314924507,0.639857950702316,0.38426582824155,0.0142856945592105,0,0.0219799235281767,0.249200008724225,0.281401568672541,0.15,0.8,0.2,0.9,0.1,,,NaN,NaN,NaN,NaN,NaN,NaN,NaN,NaN,NaN,NaN,NaN,NaN,NaN,NaN
SimpleBaseline,10,spike_bins,14,0.386900443422234,0.390952516816997,0.135642103176527,0.636398629694832,0.376822836627296,0.0142856945592105,0,0.0222027541405596,0.244482706857025,0.275184838097551,0.15,0.8,0.2,0.9,0.15,,,NaN,NaN,NaN,NaN,NaN,NaN,NaN,NaN,NaN,NaN,NaN,NaN,NaN,NaN
SimpleBaseline,10,spike_bins,14,0.39060866344374,0.399101747701122,0.140318951342696,0.66359094146741,0.361264957047604,0.0142856945592105,0,0.0221518147602213,0.237179619062477,0.264278667790708,0.15,0.8,0.2,1,0.03,,,NaN,NaN,NaN,NaN,NaN,NaN,NaN,NaN,NaN,NaN,NaN,NaN,NaN,NaN
SimpleBaseline,10,spike_bins,14,0.39060866344374,0.399101747701122,0.140318951342696,0.66359094146741,0.361264957047604,0.0142856945592105,0,0.0221518147602213,0.237179619062477,0.264278667790708,0.15,0.8,0.2,1,0.05,,,NaN,NaN,NaN,NaN,NaN,NaN,NaN,NaN,NaN,NaN,NaN,NaN,NaN,NaN
SimpleBaseline,10,spike_bins,14,0.39060866344374,0.399101747701122,0.140318951342696,0.66359094146741,0.361264957047604,0.0142856945592105,0,0.0221518147602213,0.237179619062477,0.264278667790708,0.15,0.8,0.2,1,0.08,,,NaN,NaN,NaN,NaN,NaN,NaN,NaN,NaN,NaN,NaN,NaN,NaN,NaN,NaN
SimpleBaseline,10,spike_bins,14,0.39060866344374,0.399101747701122,0.140318951342696,0.66359094146741,0.361264957047604,0.0142856945592105,0,0.0221518147602213,0.237179619062477,0.264278667790708,0.15,0.8,0.2,1,0.1,,,NaN,NaN,NaN,NaN,NaN,NaN,NaN,NaN,NaN,NaN,NaN,NaN,NaN,NaN
SimpleBaseline,10,spike_bins,14,0.384493076201726,0.382596843945528,0.14166899149939,0.660727338126239,0.355514378135861,0.0142856945592105,0,0.0223519143785599,0.233089518739648,0.258950048117861,0.15,0.8,0.2,1,0.15,,,NaN,NaN,NaN,NaN,NaN,NaN,NaN,NaN,NaN,NaN,NaN,NaN,NaN,NaN
SimpleBaseline,10,spike_bins,14,0.385412705051539,0.380451127819549,0.144172546226456,0.694602849543064,0.338506056544433,0.0142856945592105,0,0.0230140425844599,0.224146940599616,0.237488381678335,0.15,0.8,0.2,1.1,0.03,,,NaN,NaN,NaN,NaN,NaN,NaN,NaN,NaN,NaN,NaN,NaN,NaN,NaN,NaN
SimpleBaseline,10,spike_bins,14,0.385412705051539,0.380451127819549,0.144172546226456,0.694602849543064,0.338506056544433,0.0142856945592105,0,0.0230140425844599,0.224146940599616,0.237488381678335,0.15,0.8,0.2,1.1,0.05,,,NaN,NaN,NaN,NaN,NaN,NaN,NaN,NaN,NaN,NaN,NaN,NaN,NaN,NaN
SimpleBaseline,10,spike_bins,14,0.385412705051539,0.380451127819549,0.144172546226456,0.694602849543064,0.338506056544433,0.0142856945592105,0,0.0230140425844599,0.224146940599616,0.237488381678335,0.15,0.8,0.2,1.1,0.08,,,NaN,NaN,NaN,NaN,NaN,NaN,NaN,NaN,NaN,NaN,NaN,NaN,NaN,NaN
SimpleBaseline,10,spike_bins,14,0.385412705051539,0.380451127819549,0.144172546226456,0.694602849543064,0.338506056544433,0.0142856945592105,0,0.0230140425844599,0.224146940599616,0.237488381678335,0.15,0.8,0.2,1.1,0.1,,,NaN,NaN,NaN,NaN,NaN,NaN,NaN,NaN,NaN,NaN,NaN,NaN,NaN,NaN
SimpleBaseline,10,spike_bins,14,0.379534612112992,0.375665233613,0.145335387820521,0.691428079444943,0.333300673651852,0.0142856945592105,0,0.0231910856183182,0.220602036295951,0.234824060406909,0.15,0.8,0.2,1.1,0.15,,,NaN,NaN,NaN,NaN,NaN,NaN,NaN,NaN,NaN,NaN,NaN,NaN,NaN,NaN
SimpleBaseline,10,spike_bins,14,0.380299130821783,0.383802177858439,0.150062094075753,0.725368236767793,0.317940591019324,0.0142856945592105,0,0.0226001473380808,0.213273463808359,0.221861921528672,0.15,0.8,0.2,1.2,0.03,,,NaN,NaN,NaN,NaN,NaN,NaN,NaN,NaN,NaN,NaN,NaN,NaN,NaN,NaN
SimpleBaseline,10,spike_bins,14,0.380299130821783,0.383802177858439,0.150062094075753,0.725368236767793,0.317940591019324,0.0142856945592105,0,0.0226001473380808,0.213273463808359,0.221861921528672,0.15,0.8,0.2,1.2,0.05,,,NaN,NaN,NaN,NaN,NaN,NaN,NaN,NaN,NaN,NaN,NaN,NaN,NaN,NaN
SimpleBaseline,10,spike_bins,14,0.380299130821783,0.383802177858439,0.150062094075753,0.725368236767793,0.317940591019324,0.0142856945592105,0,0.0226001473380808,0.213273463808359,0.221861921528672,0.15,0.8,0.2,1.2,0.08,,,NaN,NaN,NaN,NaN,NaN,NaN,NaN,NaN,NaN,NaN,NaN,NaN,NaN,NaN
SimpleBaseline,10,spike_bins,14,0.380299130821783,0.383802177858439,0.150062094075753,0.725368236767793,0.317940591019324,0.0142856945592105,0,0.0226001473380808,0.213273463808359,0.221861921528672,0.15,0.8,0.2,1.2,0.1,,,NaN,NaN,NaN,NaN,NaN,NaN,NaN,NaN,NaN,NaN,NaN,NaN,NaN,NaN
SimpleBaseline,10,spike_bins,14,0.374564850194383,0.380815544608648,0.151388071834183,0.722517704406005,0.313047982708854,0.0142856945592105,0,0.022810984108659,0.209914464367928,0.220085711159388,0.15,0.8,0.2,1.2,0.15,,,NaN,NaN,NaN,NaN,NaN,NaN,NaN,NaN,NaN,NaN,NaN,NaN,NaN,NaN
SimpleBaseline,10,spike_bins,14,0.370032524485434,0.365361732508329,0.152665049044602,0.753536334247891,0.294378121265503,0.0142856945592105,0,0.0229493362395903,0.198312902380857,0.201131556049854,0.15,0.8,0.2,1.3,0.03,,,NaN,NaN,NaN,NaN,NaN,NaN,NaN,NaN,NaN,NaN,NaN,NaN,NaN,NaN
SimpleBaseline,10,spike_bins,14,0.370032524485434,0.365361732508329,0.152665049044602,0.753536334247891,0.294378121265503,0.0142856945592105,0,0.0229493362395903,0.198312902380857,0.201131556049854,0.15,0.8,0.2,1.3,0.05,,,NaN,NaN,NaN,NaN,NaN,NaN,NaN,NaN,NaN,NaN,NaN,NaN,NaN,NaN
SimpleBaseline,10,spike_bins,14,0.370032524485434,0.365361732508329,0.152665049044602,0.753536334247891,0.294378121265503,0.0142856945592105,0,0.0229493362395903,0.198312902380857,0.201131556049854,0.15,0.8,0.2,1.3,0.08,,,NaN,NaN,NaN,NaN,NaN,NaN,NaN,NaN,NaN,NaN,NaN,NaN,NaN,NaN
SimpleBaseline,10,spike_bins,14,0.370032524485434,0.365361732508329,0.152665049044602,0.753536334247891,0.294378121265503,0.0142856945592105,0,0.0229493362395903,0.198312902380857,0.201131556049854,0.15,0.8,0.2,1.3,0.1,,,NaN,NaN,NaN,NaN,NaN,NaN,NaN,NaN,NaN,NaN,NaN,NaN,NaN,NaN
SimpleBaseline,10,spike_bins,14,0.364570231222523,0.364130651132549,0.154567661789195,0.750388037188281,0.29000182293296,0.0142856945592105,0,0.0231208997837916,0.195470212918352,0.200243445147712,0.15,0.8,0.2,1.3,0.15,,,NaN,NaN,NaN,NaN,NaN,NaN,NaN,NaN,NaN,NaN,NaN,NaN,NaN,NaN
SimpleBaseline,10,spike_bins,14,0.362300236513355,0.371514223122663,0.161341203432503,0.779621575261979,0.276594971235281,0.0142856945592105,0,0.0227570612065868,0.18817436358142,0.190743868714569,0.15,0.8,0.2,1.4,0.03,,,NaN,NaN,NaN,NaN,NaN,NaN,NaN,NaN,NaN,NaN,NaN,NaN,NaN,NaN
SimpleBaseline,10,spike_bins,14,0.362300236513355,0.371514223122663,0.161341203432503,0.779621575261979,0.276594971235281,0.0142856945592105,0,0.0227570612065868,0.18817436358142,0.190743868714569,0.15,0.8,0.2,1.4,0.05,,,NaN,NaN,NaN,NaN,NaN,NaN,NaN,NaN,NaN,NaN,NaN,NaN,NaN,NaN
SimpleBaseline,10,spike_bins,14,0.362300236513355,0.371514223122663,0.161341203432503,0.779621575261979,0.276594971235281,0.0142856945592105,0,0.0227570612065868,0.18817436358142,0.190743868714569,0.15,0.8,0.2,1.4,0.08,,,NaN,NaN,NaN,NaN,NaN,NaN,NaN,NaN,NaN,NaN,NaN,NaN,NaN,NaN
SimpleBaseline,10,spike_bins,14,0.362300236513355,0.371514223122663,0.161341203432503,0.779621575261979,0.276594971235281,0.0142856945592105,0,0.0227570612065868,0.18817436358142,0.190743868714569,0.15,0.8,0.2,1.4,0.1,,,NaN,NaN,NaN,NaN,NaN,NaN,NaN,NaN,NaN,NaN,NaN,NaN,NaN,NaN
SimpleBaseline,10,spike_bins,14,0.357458778895481,0.370705005605751,0.163806245087227,0.776619638496211,0.272946888246718,0.0142856945592105,0,0.022916045220864,0.185783274482973,0.190743868714569,0.15,0.8,0.2,1.4,0.15,,,NaN,NaN,NaN,NaN,NaN,NaN,NaN,NaN,NaN,NaN,NaN,NaN,NaN,NaN
SimpleBaseline,10,spike_bins,14,0.375011641278635,0.371558255566848,0.12098579226711,0.450800701710226,0.486116903855849,0.0142856945592105,0,0.0185211072903529,0.295671069483655,0.327712954134617,0.15,0.9,0.1,0.4,0.03,,,NaN,NaN,NaN,NaN,NaN,NaN,NaN,NaN,NaN,NaN,NaN,NaN,NaN,NaN
SimpleBaseline,10,spike_bins,14,0.375011641278635,0.371558255566848,0.12098579226711,0.450800701710226,0.486116903855849,0.0142856945592105,0,0.0185211072903529,0.295671069483655,0.327712954134617,0.15,0.9,0.1,0.4,0.05,,,NaN,NaN,NaN,NaN,NaN,NaN,NaN,NaN,NaN,NaN,NaN,NaN,NaN,NaN
SimpleBaseline,10,spike_bins,14,0.375011641278635,0.371558255566848,0.12098579226711,0.450800701710226,0.486116903855849,0.0142856945592105,0,0.0185211072903529,0.295671069483655,0.327712954134617,0.15,0.9,0.1,0.4,0.08,,,NaN,NaN,NaN,NaN,NaN,NaN,NaN,NaN,NaN,NaN,NaN,NaN,NaN,NaN
SimpleBaseline,10,spike_bins,14,0.375011641278635,0.371558255566848,0.12098579226711,0.450800701710226,0.486116903855849,0.0142856945592105,0,0.0185211072903529,0.295671069483655,0.327712954134617,0.15,0.9,0.1,0.4,0.1,,,NaN,NaN,NaN,NaN,NaN,NaN,NaN,NaN,NaN,NaN,NaN,NaN,NaN,NaN
SimpleBaseline,10,spike_bins,14,0.367266826862263,0.364324220868289,0.118373159383886,0.449854429197117,0.472893405832695,0.0142856945592105,0,0.0187012710128819,0.287679975794124,0.31997863235271,0.15,0.9,0.1,0.4,0.15,,,NaN,NaN,NaN,NaN,NaN,NaN,NaN,NaN,NaN,NaN,NaN,NaN,NaN,NaN
SimpleBaseline,10,spike_bins,14,0.378814150183462,0.366915030526701,0.121004370742437,0.482243799491638,0.469805754897713,0.0142856945592105,0,0.0188173989116211,0.288752274162681,0.320421490814044,0.15,0.9,0.1,0.5,0.03,,,NaN,NaN,NaN,NaN,NaN,NaN,NaN,NaN,NaN,NaN,NaN,NaN,NaN,NaN
SimpleBaseline,10,spike_bins,14,0.378814150183462,0.366915030526701,0.121004370742437,0.482243799491638,0.469805754897713,0.0142856945592105,0,0.0188173989116211,0.288752274162681,0.320421490814044,0.15,0.9,0.1,0.5,0.05,,,NaN,NaN,NaN,NaN,NaN,NaN,NaN,NaN,NaN,NaN,NaN,NaN,NaN,NaN
SimpleBaseline,10,spike_bins,14,0.378814150183462,0.366915030526701,0.121004370742437,0.482243799491638,0.469805754897713,0.0142856945592105,0,0.0188173989116211,0.288752274162681,0.320421490814044,0.15,0.9,0.1,0.5,0.08,,,NaN,NaN,NaN,NaN,NaN,NaN,NaN,NaN,NaN,NaN,NaN,NaN,NaN,NaN
SimpleBaseline,10,spike_bins,14,0.378814150183462,0.366915030526701,0.121004370742437,0.482243799491638,0.469805754897713,0.0142856945592105,0,0.0188173989116211,0.288752274162681,0.320421490814044,0.15,0.9,0.1,0.5,0.1,,,NaN,NaN,NaN,NaN,NaN,NaN,NaN,NaN,NaN,NaN,NaN,NaN,NaN,NaN
SimpleBaseline,10,spike_bins,14,0.370530351420731,0.361371796736054,0.11912552030918,0.480268104242971,0.457662785856091,0.0142856945592105,0,0.0190772063666718,0.281196987156276,0.311664230238384,0.15,0.9,0.1,0.5,0.15,,,NaN,NaN,NaN,NaN,NaN,NaN,NaN,NaN,NaN,NaN,NaN,NaN,NaN,NaN
SimpleBaseline,10,spike_bins,14,0.384608115168362,0.389281168906299,0.123421372485661,0.51526009564267,0.455797579414229,0.0142856945592105,0,0.019594918034745,0.281993098587373,0.316254750106895,0.15,0.9,0.1,0.6,0.03,,,NaN,NaN,NaN,NaN,NaN,NaN,NaN,NaN,NaN,NaN,NaN,NaN,NaN,NaN
SimpleBaseline,10,spike_bins,14,0.384608115168362,0.389281168906299,0.123421372485661,0.51526009564267,0.455797579414229,0.0142856945592105,0,0.019594918034745,0.281993098587373,0.316254750106895,0.15,0.9,0.1,0.6,0.05,,,NaN,NaN,NaN,NaN,NaN,NaN,NaN,NaN,NaN,NaN,NaN,NaN,NaN,NaN
SimpleBaseline,10,spike_bins,14,0.384608115168362,0.389281168906299,0.123421372485661,0.51526009564267,0.455797579414229,0.0142856945592105,0,0.019594918034745,0.281993098587373,0.316254750106895,0.15,0.9,0.1,0.6,0.08,,,NaN,NaN,NaN,NaN,NaN,NaN,NaN,NaN,NaN,NaN,NaN,NaN,NaN,NaN
SimpleBaseline,10,spike_bins,14,0.384608115168362,0.389281168906299,0.123421372485661,0.51526009564267,0.455797579414229,0.0142856945592105,0,0.019594918034745,0.281993098587373,0.316254750106895,0.15,0.9,0.1,0.6,0.1,,,NaN,NaN,NaN,NaN,NaN,NaN,NaN,NaN,NaN,NaN,NaN,NaN,NaN,NaN
SimpleBaseline,10,spike_bins,14,0.376046515045507,0.371428571428571,0.122274794912657,0.512966430745285,0.444273381649896,0.0142856945592105,0,0.0198478433172014,0.274700614821443,0.303056957032735,0.15,0.9,0.1,0.6,0.15,,,NaN,NaN,NaN,NaN,NaN,NaN,NaN,NaN,NaN,NaN,NaN,NaN,NaN,NaN
SimpleBaseline,10,spike_bins,14,0.387160161499186,0.402220480668756,0.124664884731091,0.544876186706814,0.437942174451343,0.0142856945592105,0,0.0199677021799252,0.273198272387687,0.302965112983562,0.15,0.9,0.1,0.7,0.03,,,NaN,NaN,NaN,NaN,NaN,NaN,NaN,NaN,NaN,NaN,NaN,NaN,NaN,NaN
SimpleBaseline,10,spike_bins,14,0.387160161499186,0.402220480668756,0.124664884731091,0.544876186706814,0.437942174451343,0.0142856945592105,0,0.0199677021799252,0.273198272387687,0.302965112983562,0.15,0.9,0.1,0.7,0.05,,,NaN,NaN,NaN,NaN,NaN,NaN,NaN,NaN,NaN,NaN,NaN,NaN,NaN,NaN
SimpleBaseline,10,spike_bins,14,0.387160161499186,0.402220480668756,0.124664884731091,0.544876186706814,0.437942174451343,0.0142856945592105,0,0.0199677021799252,0.273198272387687,0.302965112983562,0.15,0.9,0.1,0.7,0.08,,,NaN,NaN,NaN,NaN,NaN,NaN,NaN,NaN,NaN,NaN,NaN,NaN,NaN,NaN
SimpleBaseline,10,spike_bins,14,0.387160161499186,0.402220480668756,0.124664884731091,0.544876186706814,0.437942174451343,0.0142856945592105,0,0.0199677021799252,0.273198272387687,0.302965112983562,0.15,0.9,0.1,0.7,0.1,,,NaN,NaN,NaN,NaN,NaN,NaN,NaN,NaN,NaN,NaN,NaN,NaN,NaN,NaN
SimpleBaseline,10,spike_bins,14,0.378420367185991,0.368752662615754,0.124584860591324,0.541958871949416,0.427587594803212,0.0142856945592105,0,0.020041067860877,0.266931341678113,0.295742697659684,0.15,0.9,0.1,0.7,0.15,,,NaN,NaN,NaN,NaN,NaN,NaN,NaN,NaN,NaN,NaN,NaN,NaN,NaN,NaN
SimpleBaseline,10,spike_bins,14,0.39064743040771,0.392554849884527,0.125879102833724,0.577450918231047,0.421017669741207,0.0142856945592105,0,0.0198416413739366,0.265246100468324,0.298352753607902,0.15,0.9,0.1,0.8,0.03,,,NaN,NaN,NaN,NaN,NaN,NaN,NaN,NaN,NaN,NaN,NaN,NaN,NaN,NaN
SimpleBaseline,10,spike_bins,14,0.39064743040771,0.392554849884527,0.125879102833724,0.577450918231047,0.421017669741207,0.0142856945592105,0,0.0198416413739366,0.265246100468324,0.298352753607902,0.15,0.9,0.1,0.8,0.05,,,NaN,NaN,NaN,NaN,NaN,NaN,NaN,NaN,NaN,NaN,NaN,NaN,NaN,NaN
SimpleBaseline,10,spike_bins,14,0.39064743040771,0.392554849884527,0.125879102833724,0.577450918231047,0.421017669741207,0.0142856945592105,0,0.0198416413739366,0.265246100468324,0.298352753607902,0.15,0.9,0.1,0.8,0.08,,,NaN,NaN,NaN,NaN,NaN,NaN,NaN,NaN,NaN,NaN,NaN,NaN,NaN,NaN
SimpleBaseline,10,spike_bins,14,0.39064743040771,0.392554849884527,0.125879102833724,0.577450918231047,0.421017669741207,0.0142856945592105,0,0.0198416413739366,0.265246100468324,0.298352753607902,0.15,0.9,0.1,0.8,0.1,,,NaN,NaN,NaN,NaN,NaN,NaN,NaN,NaN,NaN,NaN,NaN,NaN,NaN,NaN
SimpleBaseline,10,spike_bins,14,0.382231570005889,0.36940811535882,0.12604965967221,0.574242307355631,0.411771936334103,0.0107142700832864,0,0.0198490749818449,0.259644076992401,0.290359824098631,0.15,0.9,0.1,0.8,0.15,,,NaN,NaN,NaN,NaN,NaN,NaN,NaN,NaN,NaN,NaN,NaN,NaN,NaN,NaN
SimpleBaseline,10,spike_bins,14,0.390371355258676,0.395262665253615,0.130482857930292,0.610002640225429,0.398498690570453,0.0142856945592105,0,0.0206698098550056,0.255259334357323,0.285925086402544,0.15,0.9,0.1,0.9,0.03,,,NaN,NaN,NaN,NaN,NaN,NaN,NaN,NaN,NaN,NaN,NaN,NaN,NaN,NaN
SimpleBaseline,10,spike_bins,14,0.390371355258676,0.395262665253615,0.130482857930292,0.610002640225429,0.398498690570453,0.0142856945592105,0,0.0206698098550056,0.255259334357323,0.285925086402544,0.15,0.9,0.1,0.9,0.05,,,NaN,NaN,NaN,NaN,NaN,NaN,NaN,NaN,NaN,NaN,NaN,NaN,NaN,NaN
SimpleBaseline,10,spike_bins,14,0.390371355258676,0.395262665253615,0.130482857930292,0.610002640225429,0.398498690570453,0.0142856945592105,0,0.0206698098550056,0.255259334357323,0.285925086402544,0.15,0.9,0.1,0.9,0.08,,,NaN,NaN,NaN,NaN,NaN,NaN,NaN,NaN,NaN,NaN,NaN,NaN,NaN,NaN
SimpleBaseline,10,spike_bins,14,0.390371355258676,0.395262665253615,0.130482857930292,0.610002640225429,0.398498690570453,0.0142856945592105,0,0.0206698098550056,0.255259334357323,0.285925086402544,0.15,0.9,0.1,0.9,0.1,,,NaN,NaN,NaN,NaN,NaN,NaN,NaN,NaN,NaN,NaN,NaN,NaN,NaN,NaN
SimpleBaseline,10,spike_bins,14,0.382422725086714,0.373525912796315,0.131002219032852,0.606462006933968,0.390421842478147,0.0142856945592105,0,0.0206373971353673,0.250699326477322,0.279708367262557,0.15,0.9,0.1,0.9,0.15,,,NaN,NaN,NaN,NaN,NaN,NaN,NaN,NaN,NaN,NaN,NaN,NaN,NaN,NaN
SimpleBaseline,10,spike_bins,14,0.389592454026976,0.399787230651536,0.133264640285039,0.63732367773614,0.37734568266311,0.0142856945592105,0,0.0213817630028671,0.246020886508506,0.279173758369647,0.15,0.9,0.1,1,0.03,,,NaN,NaN,NaN,NaN,NaN,NaN,NaN,NaN,NaN,NaN,NaN,NaN,NaN,NaN
SimpleBaseline,10,spike_bins,14,0.389592454026976,0.399787230651536,0.133264640285039,0.63732367773614,0.37734568266311,0.0142856945592105,0,0.0213817630028671,0.246020886508506,0.279173758369647,0.15,0.9,0.1,1,0.05,,,NaN,NaN,NaN,NaN,NaN,NaN,NaN,NaN,NaN,NaN,NaN,NaN,NaN,NaN
SimpleBaseline,10,spike_bins,14,0.389592454026976,0.399787230651536,0.133264640285039,0.63732367773614,0.37734568266311,0.0142856945592105,0,0.0213817630028671,0.246020886508506,0.279173758369647,0.15,0.9,0.1,1,0.08,,,NaN,NaN,NaN,NaN,NaN,NaN,NaN,NaN,NaN,NaN,NaN,NaN,NaN,NaN
SimpleBaseline,10,spike_bins,14,0.389592454026976,0.399787230651536,0.133264640285039,0.63732367773614,0.37734568266311,0.0142856945592105,0,0.0213817630028671,0.246020886508506,0.279173758369647,0.15,0.9,0.1,1,0.1,,,NaN,NaN,NaN,NaN,NaN,NaN,NaN,NaN,NaN,NaN,NaN,NaN,NaN,NaN
SimpleBaseline,10,spike_bins,14,0.382561858744767,0.380048852525564,0.134650379937138,0.634150267071338,0.370560410293112,0.0142856945592105,0,0.021483803278724,0.242048891430685,0.2738451386968,0.15,0.9,0.1,1,0.15,,,NaN,NaN,NaN,NaN,NaN,NaN,NaN,NaN,NaN,NaN,NaN,NaN,NaN,NaN
SimpleBaseline,10,spike_bins,14,0.387521788847926,0.395023527441848,0.139316638245634,0.664749103014566,0.357987542506712,0.0142856945592105,0,0.0219296544363193,0.236556297678088,0.257465412260214,0.15,0.9,0.1,1.1,0.03,,,NaN,NaN,NaN,NaN,NaN,NaN,NaN,NaN,NaN,NaN,NaN,NaN,NaN,NaN
SimpleBaseline,10,spike_bins,14,0.387521788847926,0.395023527441848,0.139316638245634,0.664749103014566,0.357987542506712,0.0142856945592105,0,0.0219296544363193,0.236556297678088,0.257465412260214,0.15,0.9,0.1,1.1,0.05,,,NaN,NaN,NaN,NaN,NaN,NaN,NaN,NaN,NaN,NaN,NaN,NaN,NaN,NaN
SimpleBaseline,10,spike_bins,14,0.387521788847926,0.395023527441848,0.139316638245634,0.664749103014566,0.357987542506712,0.0142856945592105,0,0.0219296544363193,0.236556297678088,0.257465412260214,0.15,0.9,0.1,1.1,0.08,,,NaN,NaN,NaN,NaN,NaN,NaN,NaN,NaN,NaN,NaN,NaN,NaN,NaN,NaN
SimpleBaseline,10,spike_bins,14,0.387521788847926,0.395023527441848,0.139316638245634,0.664749103014566,0.357987542506712,0.0142856945592105,0,0.0219296544363193,0.236556297678088,0.257465412260214,0.15,0.9,0.1,1.1,0.1,,,NaN,NaN,NaN,NaN,NaN,NaN,NaN,NaN,NaN,NaN,NaN,NaN,NaN,NaN
SimpleBaseline,10,spike_bins,14,0.380833700501733,0.373709217611657,0.14116494631337,0.661348789574398,0.35183641099127,0.0142856945592105,0,0.0219680809185844,0.232898631677598,0.252136792587367,0.15,0.9,0.1,1.1,0.15,,,NaN,NaN,NaN,NaN,NaN,NaN,NaN,NaN,NaN,NaN,NaN,NaN,NaN,NaN
SimpleBaseline,10,spike_bins,14,0.383442181734551,0.37976948270381,0.143609168534619,0.693426298232484,0.33494850214146,0.0142856945592105,0,0.0225275554877174,0.222760389111415,0.238286599981999,0.15,0.9,0.1,1.2,0.03,,,NaN,NaN,NaN,NaN,NaN,NaN,NaN,NaN,NaN,NaN,NaN,NaN,NaN,NaN
SimpleBaseline,10,spike_bins,14,0.383442181734551,0.37976948270381,0.143609168534619,0.693426298232484,0.33494850214146,0.0142856945592105,0,0.0225275554877174,0.222760389111415,0.238286599981999,0.15,0.9,0.1,1.2,0.05,,,NaN,NaN,NaN,NaN,NaN,NaN,NaN,NaN,NaN,NaN,NaN,NaN,NaN,NaN
SimpleBaseline,10,spike_bins,14,0.383442181734551,0.37976948270381,0.143609168534619,0.693426298232484,0.33494850214146,0.0142856945592105,0,0.0225275554877174,0.222760389111415,0.238286599981999,0.15,0.9,0.1,1.2,0.08,,,NaN,NaN,NaN,NaN,NaN,NaN,NaN,NaN,NaN,NaN,NaN,NaN,NaN,NaN
SimpleBaseline,10,spike_bins,14,0.383442181734551,0.37976948270381,0.143609168534619,0.693426298232484,0.33494850214146,0.0142856945592105,0,0.0225275554877174,0.222760389111415,0.238286599981999,0.15,0.9,0.1,1.2,0.1,,,NaN,NaN,NaN,NaN,NaN,NaN,NaN,NaN,NaN,NaN,NaN,NaN,NaN,NaN
SimpleBaseline,10,spike_bins,14,0.377340119848264,0.372951062193029,0.145402723863589,0.68994128283065,0.329660447495748,0.0142856945592105,0,0.0226330137929988,0.219483341606694,0.235622290145576,0.15,0.9,0.1,1.2,0.15,,,NaN,NaN,NaN,NaN,NaN,NaN,NaN,NaN,NaN,NaN,NaN,NaN,NaN,NaN
SimpleBaseline,10,spike_bins,14,0.375611687366814,0.366669703457386,0.148873632567253,0.718379386127189,0.314968471196779,0.0142856945592105,0,0.0221033245143655,0.211544285238997,0.219995829995912,0.15,0.9,0.1,1.3,0.03,,,NaN,NaN,NaN,NaN,NaN,NaN,NaN,NaN,NaN,NaN,NaN,NaN,NaN,NaN
SimpleBaseline,10,spike_bins,14,0.375611687366814,0.366669703457386,0.148873632567253,0.718379386127189,0.314968471196779,0.0142856945592105,0,0.0221033245143655,0.211544285238997,0.219995829995912,0.15,0.9,0.1,1.3,0.05,,,NaN,NaN,NaN,NaN,NaN,NaN,NaN,NaN,NaN,NaN,NaN,NaN,NaN,NaN
SimpleBaseline,10,spike_bins,14,0.375611687366814,0.366669703457386,0.148873632567253,0.718379386127189,0.314968471196779,0.0142856945592105,0,0.0221033245143655,0.211544285238997,0.219995829995912,0.15,0.9,0.1,1.3,0.08,,,NaN,NaN,NaN,NaN,NaN,NaN,NaN,NaN,NaN,NaN,NaN,NaN,NaN,NaN
SimpleBaseline,10,spike_bins,14,0.375611687366814,0.366669703457386,0.148873632567253,0.718379386127189,0.314968471196779,0.0142856945592105,0,0.0221033245143655,0.211544285238997,0.219995829995912,0.15,0.9,0.1,1.3,0.1,,,NaN,NaN,NaN,NaN,NaN,NaN,NaN,NaN,NaN,NaN,NaN,NaN,NaN,NaN
SimpleBaseline,10,spike_bins,14,0.370015470068662,0.365814112811144,0.151155664986756,0.715084374823846,0.310359755678341,0.0142856945592105,0,0.0221227585308563,0.208819707142672,0.219107730528772,0.15,0.9,0.1,1.3,0.15,,,NaN,NaN,NaN,NaN,NaN,NaN,NaN,NaN,NaN,NaN,NaN,NaN,NaN,NaN
SimpleBaseline,10,spike_bins,14,0.367248567548118,0.372848499382966,0.153634039297731,0.74418930976501,0.295617567665192,0.0142856945592105,0,0.0225763049925608,0.199885062827512,0.202683086380452,0.15,0.9,0.1,1.4,0.03,,,NaN,NaN,NaN,NaN,NaN,NaN,NaN,NaN,NaN,NaN,NaN,NaN,NaN,NaN
SimpleBaseline,10,spike_bins,14,0.367248567548118,0.372848499382966,0.153634039297731,0.74418930976501,0.295617567665192,0.0142856945592105,0,0.0225763049925608,0.199885062827512,0.202683086380452,0.15,0.9,0.1,1.4,0.05,,,NaN,NaN,NaN,NaN,NaN,NaN,NaN,NaN,NaN,NaN,NaN,NaN,NaN,NaN
SimpleBaseline,10,spike_bins,14,0.367248567548118,0.372848499382966,0.153634039297731,0.74418930976501,0.295617567665192,0.0142856945592105,0,0.0225763049925608,0.199885062827512,0.202683086380452,0.15,0.9,0.1,1.4,0.08,,,NaN,NaN,NaN,NaN,NaN,NaN,NaN,NaN,NaN,NaN,NaN,NaN,NaN,NaN
SimpleBaseline,10,spike_bins,14,0.367248567548118,0.372848499382966,0.153634039297731,0.74418930976501,0.295617567665192,0.0142856945592105,0,0.0225763049925608,0.199885062827512,0.202683086380452,0.15,0.9,0.1,1.4,0.1,,,NaN,NaN,NaN,NaN,NaN,NaN,NaN,NaN,NaN,NaN,NaN,NaN,NaN,NaN
SimpleBaseline,10,spike_bins,14,0.361430875377102,0.372077361365326,0.156199843616177,0.740058271883634,0.291093886160359,0.0142856945592105,0,0.0226717648682103,0.197245518744792,0.201794986913312,0.15,0.9,0.1,1.4,0.15,,,NaN,NaN,NaN,NaN,NaN,NaN,NaN,NaN,NaN,NaN,NaN,NaN,NaN,NaN
SimpleBaseline,10,spike_bins,14,0.388478793262911,0.40125353376331,0.118989252562437,0.576442908927145,0.404189466642114,0.0285713626610759,0,0.0315881113535144,0.22367750253892,0.228331704138156,0.2,0.5,0.5,0.4,0.03,,,NaN,NaN,NaN,NaN,NaN,NaN,NaN,NaN,NaN,NaN,NaN,NaN,NaN,NaN
SimpleBaseline,10,spike_bins,14,0.388478793262911,0.40125353376331,0.118989252562437,0.576442908927145,0.404189466642114,0.0285713626610759,0,0.0315881113535144,0.22367750253892,0.228331704138156,0.2,0.5,0.5,0.4,0.05,,,NaN,NaN,NaN,NaN,NaN,NaN,NaN,NaN,NaN,NaN,NaN,NaN,NaN,NaN
SimpleBaseline,10,spike_bins,14,0.388478793262911,0.40125353376331,0.118989252562437,0.576442908927145,0.404189466642114,0.0285713626610759,0,0.0315881113535144,0.22367750253892,0.228331704138156,0.2,0.5,0.5,0.4,0.08,,,NaN,NaN,NaN,NaN,NaN,NaN,NaN,NaN,NaN,NaN,NaN,NaN,NaN,NaN
SimpleBaseline,10,spike_bins,14,0.388478793262911,0.40125353376331,0.118989252562437,0.576442908927145,0.404189466642114,0.0285713626610759,0,0.0315881113535144,0.22367750253892,0.228331704138156,0.2,0.5,0.5,0.4,0.1,,,NaN,NaN,NaN,NaN,NaN,NaN,NaN,NaN,NaN,NaN,NaN,NaN,NaN,NaN
SimpleBaseline,10,spike_bins,14,0.381414403617504,0.404370876290418,0.119995520200291,0.57545623608144,0.393605510246917,0.0285713626610759,0,0.0318915964378104,0.217698115211492,0.228331704138156,0.2,0.5,0.5,0.4,0.15,,,NaN,NaN,NaN,NaN,NaN,NaN,NaN,NaN,NaN,NaN,NaN,NaN,NaN,NaN
SimpleBaseline,10,spike_bins,14,0.390764792185551,0.412224657827203,0.119509078794066,0.608088728349799,0.387587837901235,0.0285713626610759,0,0.031516993221963,0.215849462557929,0.217439370665177,0.2,0.5,0.5,0.5,0.03,,,NaN,NaN,NaN,NaN,NaN,NaN,NaN,NaN,NaN,NaN,NaN,NaN,NaN,NaN
SimpleBaseline,10,spike_bins,14,0.390764792185551,0.412224657827203,0.119509078794066,0.608088728349799,0.387587837901235,0.0285713626610759,0,0.031516993221963,0.215849462557929,0.217439370665177,0.2,0.5,0.5,0.5,0.05,,,NaN,NaN,NaN,NaN,NaN,NaN,NaN,NaN,NaN,NaN,NaN,NaN,NaN,NaN
SimpleBaseline,10,spike_bins,14,0.390764792185551,0.412224657827203,0.119509078794066,0.608088728349799,0.387587837901235,0.0285713626610759,0,0.031516993221963,0.215849462557929,0.217439370665177,0.2,0.5,0.5,0.5,0.08,,,NaN,NaN,NaN,NaN,NaN,NaN,NaN,NaN,NaN,NaN,NaN,NaN,NaN,NaN
SimpleBaseline,10,spike_bins,14,0.390764792185551,0.412224657827203,0.119509078794066,0.608088728349799,0.387587837901235,0.0285713626610759,0,0.031516993221963,0.215849462557929,0.217439370665177,0.2,0.5,0.5,0.5,0.1,,,NaN,NaN,NaN,NaN,NaN,NaN,NaN,NaN,NaN,NaN,NaN,NaN,NaN,NaN
SimpleBaseline,10,spike_bins,14,0.383848438475774,0.403331357278992,0.121140736120229,0.607454069573831,0.378302804433626,0.0285713626610759,0,0.0318253498122739,0.210161626430193,0.217439370665177,0.2,0.5,0.5,0.5,0.15,,,NaN,NaN,NaN,NaN,NaN,NaN,NaN,NaN,NaN,NaN,NaN,NaN,NaN,NaN
SimpleBaseline,10,spike_bins,14,0.389691495420727,0.403585561817964,0.121448677500141,0.639025335323648,0.368997179264985,0.0285713626610759,0,0.03122851696063,0.206961016677291,0.2079900386352,0.2,0.5,0.5,0.6,0.03,,,NaN,NaN,NaN,NaN,NaN,NaN,NaN,NaN,NaN,NaN,NaN,NaN,NaN,NaN
SimpleBaseline,10,spike_bins,14,0.389691495420727,0.403585561817964,0.121448677500141,0.639025335323648,0.368997179264985,0.0285713626610759,0,0.03122851696063,0.206961016677291,0.2079900386352,0.2,0.5,0.5,0.6,0.05,,,NaN,NaN,NaN,NaN,NaN,NaN,NaN,NaN,NaN,NaN,NaN,NaN,NaN,NaN
SimpleBaseline,10,spike_bins,14,0.389691495420727,0.403585561817964,0.121448677500141,0.639025335323648,0.368997179264985,0.0285713626610759,0,0.03122851696063,0.206961016677291,0.2079900386352,0.2,0.5,0.5,0.6,0.08,,,NaN,NaN,NaN,NaN,NaN,NaN,NaN,NaN,NaN,NaN,NaN,NaN,NaN,NaN
SimpleBaseline,10,spike_bins,14,0.389691495420727,0.403585561817964,0.121448677500141,0.639025335323648,0.368997179264985,0.0285713626610759,0,0.03122851696063,0.206961016677291,0.2079900386352,0.2,0.5,0.5,0.6,0.1,,,NaN,NaN,NaN,NaN,NaN,NaN,NaN,NaN,NaN,NaN,NaN,NaN,NaN,NaN
SimpleBaseline,10,spike_bins,14,0.383283830725076,0.396083686349097,0.12383564400114,0.638330708978507,0.361257371939395,0.0285713626610759,0,0.0315058575161762,0.202064294409201,0.2079900386352,0.2,0.5,0.5,0.6,0.15,,,NaN,NaN,NaN,NaN,NaN,NaN,NaN,NaN,NaN,NaN,NaN,NaN,NaN,NaN
SimpleBaseline,10,spike_bins,14,0.385753523480708,0.417032411931301,0.126474912339648,0.667063014030079,0.3479996804809,0.0285713626610759,0,0.0309188871261212,0.197343822270913,0.200705208769725,0.2,0.5,0.5,0.7,0.03,,,NaN,NaN,NaN,NaN,NaN,NaN,NaN,NaN,NaN,NaN,NaN,NaN,NaN,NaN
SimpleBaseline,10,spike_bins,14,0.385753523480708,0.417032411931301,0.126474912339648,0.667063014030079,0.3479996804809,0.0285713626610759,0,0.0309188871261212,0.197343822270913,0.200705208769725,0.2,0.5,0.5,0.7,0.05,,,NaN,NaN,NaN,NaN,NaN,NaN,NaN,NaN,NaN,NaN,NaN,NaN,NaN,NaN
SimpleBaseline,10,spike_bins,14,0.385753523480708,0.417032411931301,0.126474912339648,0.667063014030079,0.3479996804809,0.0285713626610759,0,0.0309188871261212,0.197343822270913,0.200705208769725,0.2,0.5,0.5,0.7,0.08,,,NaN,NaN,NaN,NaN,NaN,NaN,NaN,NaN,NaN,NaN,NaN,NaN,NaN,NaN
SimpleBaseline,10,spike_bins,14,0.385753523480708,0.417032411931301,0.126474912339648,0.667063014030079,0.3479996804809,0.0285713626610759,0,0.0309188871261212,0.197343822270913,0.200705208769725,0.2,0.5,0.5,0.7,0.1,,,NaN,NaN,NaN,NaN,NaN,NaN,NaN,NaN,NaN,NaN,NaN,NaN,NaN,NaN
SimpleBaseline,10,spike_bins,14,0.379772507642951,0.417032411931301,0.1293704247976,0.665781757653043,0.34146387309633,0.0285713626610759,0,0.0312054257737014,0.193148320314746,0.200705208769725,0.2,0.5,0.5,0.7,0.15,,,NaN,NaN,NaN,NaN,NaN,NaN,NaN,NaN,NaN,NaN,NaN,NaN,NaN,NaN
SimpleBaseline,10,spike_bins,14,0.382420582983682,0.419576050631414,0.13197385488815,0.694583389373696,0.329341704041062,0.0285713626610759,0,0.0310560866211459,0.187360945089932,0.193443653121072,0.2,0.5,0.5,0.8,0.03,,,NaN,NaN,NaN,NaN,NaN,NaN,NaN,NaN,NaN,NaN,NaN,NaN,NaN,NaN
SimpleBaseline,10,spike_bins,14,0.382420582983682,0.419576050631414,0.13197385488815,0.694583389373696,0.329341704041062,0.0285713626610759,0,0.0310560866211459,0.187360945089932,0.193443653121072,0.2,0.5,0.5,0.8,0.05,,,NaN,NaN,NaN,NaN,NaN,NaN,NaN,NaN,NaN,NaN,NaN,NaN,NaN,NaN
SimpleBaseline,10,spike_bins,14,0.382420582983682,0.419576050631414,0.13197385488815,0.694583389373696,0.329341704041062,0.0285713626610759,0,0.0310560866211459,0.187360945089932,0.193443653121072,0.2,0.5,0.5,0.8,0.08,,,NaN,NaN,NaN,NaN,NaN,NaN,NaN,NaN,NaN,NaN,NaN,NaN,NaN,NaN
SimpleBaseline,10,spike_bins,14,0.382420582983682,0.419576050631414,0.13197385488815,0.694583389373696,0.329341704041062,0.0285713626610759,0,0.0310560866211459,0.187360945089932,0.193443653121072,0.2,0.5,0.5,0.8,0.1,,,NaN,NaN,NaN,NaN,NaN,NaN,NaN,NaN,NaN,NaN,NaN,NaN,NaN,NaN
SimpleBaseline,10,spike_bins,14,0.376436120264801,0.414829674721761,0.135093014194457,0.692631865859556,0.323492073396613,0.0285713626610759,0,0.031173441034211,0.183851619873886,0.193443653121072,0.2,0.5,0.5,0.8,0.15,,,NaN,NaN,NaN,NaN,NaN,NaN,NaN,NaN,NaN,NaN,NaN,NaN,NaN,NaN
SimpleBaseline,10,spike_bins,14,0.372167539603919,0.40365234323606,0.138014902860144,0.720301979813132,0.306631961792002,0.0285713626610759,0,0.0311517034135468,0.175637228854554,0.181818181818182,0.2,0.5,0.5,0.9,0.03,,,NaN,NaN,NaN,NaN,NaN,NaN,NaN,NaN,NaN,NaN,NaN,NaN,NaN,NaN
SimpleBaseline,10,spike_bins,14,0.372167539603919,0.40365234323606,0.138014902860144,0.720301979813132,0.306631961792002,0.0285713626610759,0,0.0311517034135468,0.175637228854554,0.181818181818182,0.2,0.5,0.5,0.9,0.05,,,NaN,NaN,NaN,NaN,NaN,NaN,NaN,NaN,NaN,NaN,NaN,NaN,NaN,NaN
SimpleBaseline,10,spike_bins,14,0.372167539603919,0.40365234323606,0.138014902860144,0.720301979813132,0.306631961792002,0.0285713626610759,0,0.0311517034135468,0.175637228854554,0.181818181818182,0.2,0.5,0.5,0.9,0.08,,,NaN,NaN,NaN,NaN,NaN,NaN,NaN,NaN,NaN,NaN,NaN,NaN,NaN,NaN
SimpleBaseline,10,spike_bins,14,0.372167539603919,0.40365234323606,0.138014902860144,0.720301979813132,0.306631961792002,0.0285713626610759,0,0.0311517034135468,0.175637228854554,0.181818181818182,0.2,0.5,0.5,0.9,0.1,,,NaN,NaN,NaN,NaN,NaN,NaN,NaN,NaN,NaN,NaN,NaN,NaN,NaN,NaN
SimpleBaseline,10,spike_bins,14,0.366938293969039,0.400397595549761,0.141196672993368,0.71798278045543,0.302064276825344,0.0285713626610759,0,0.0312905282768514,0.172890515553061,0.181818181818182,0.2,0.5,0.5,0.9,0.15,,,NaN,NaN,NaN,NaN,NaN,NaN,NaN,NaN,NaN,NaN,NaN,NaN,NaN,NaN
SimpleBaseline,10,spike_bins,14,0.361219821591806,0.373950881259742,0.142360058422081,0.746676558065144,0.284185403231097,0.0285713626610759,0,0.0311787830188363,0.163669583955432,0.162608531847369,0.2,0.5,0.5,1,0.03,,,NaN,NaN,NaN,NaN,NaN,NaN,NaN,NaN,NaN,NaN,NaN,NaN,NaN,NaN
SimpleBaseline,10,spike_bins,14,0.361219821591806,0.373950881259742,0.142360058422081,0.746676558065144,0.284185403231097,0.0285713626610759,0,0.0311787830188363,0.163669583955432,0.162608531847369,0.2,0.5,0.5,1,0.05,,,NaN,NaN,NaN,NaN,NaN,NaN,NaN,NaN,NaN,NaN,NaN,NaN,NaN,NaN
SimpleBaseline,10,spike_bins,14,0.361219821591806,0.373950881259742,0.142360058422081,0.746676558065144,0.284185403231097,0.0285713626610759,0,0.0311787830188363,0.163669583955432,0.162608531847369,0.2,0.5,0.5,1,0.08,,,NaN,NaN,NaN,NaN,NaN,NaN,NaN,NaN,NaN,NaN,NaN,NaN,NaN,NaN
SimpleBaseline,10,spike_bins,14,0.361219821591806,0.373950881259742,0.142360058422081,0.746676558065144,0.284185403231097,0.0285713626610759,0,0.0311787830188363,0.163669583955432,0.162608531847369,0.2,0.5,0.5,1,0.1,,,NaN,NaN,NaN,NaN,NaN,NaN,NaN,NaN,NaN,NaN,NaN,NaN,NaN,NaN
SimpleBaseline,10,spike_bins,14,0.356032782345931,0.365977691116302,0.145582771415549,0.743943422344899,0.279911914611401,0.0285713626610759,0,0.0313369845760155,0.161132033742812,0.162013288463525,0.2,0.5,0.5,1,0.15,,,NaN,NaN,NaN,NaN,NaN,NaN,NaN,NaN,NaN,NaN,NaN,NaN,NaN,NaN
SimpleBaseline,10,spike_bins,14,0.350292673728243,0.339873770755871,0.145079595971209,0.764729447060003,0.265719185398095,0.0285713626610759,0,0.0314456419135681,0.153148705898493,0.154293291302473,0.2,0.5,0.5,1.1,0.03,,,NaN,NaN,NaN,NaN,NaN,NaN,NaN,NaN,NaN,NaN,NaN,NaN,NaN,NaN
SimpleBaseline,10,spike_bins,14,0.350292673728243,0.339873770755871,0.145079595971209,0.764729447060003,0.265719185398095,0.0285713626610759,0,0.0314456419135681,0.153148705898493,0.154293291302473,0.2,0.5,0.5,1.1,0.05,,,NaN,NaN,NaN,NaN,NaN,NaN,NaN,NaN,NaN,NaN,NaN,NaN,NaN,NaN
SimpleBaseline,10,spike_bins,14,0.350292673728243,0.339873770755871,0.145079595971209,0.764729447060003,0.265719185398095,0.0285713626610759,0,0.0314456419135681,0.153148705898493,0.154293291302473,0.2,0.5,0.5,1.1,0.08,,,NaN,NaN,NaN,NaN,NaN,NaN,NaN,NaN,NaN,NaN,NaN,NaN,NaN,NaN
SimpleBaseline,10,spike_bins,14,0.350292673728243,0.339873770755871,0.145079595971209,0.764729447060003,0.265719185398095,0.0285713626610759,0,0.0314456419135681,0.153148705898493,0.154293291302473,0.2,0.5,0.5,1.1,0.1,,,NaN,NaN,NaN,NaN,NaN,NaN,NaN,NaN,NaN,NaN,NaN,NaN,NaN,NaN
SimpleBaseline,10,spike_bins,14,0.345389706767319,0.33264172582261,0.147735297829794,0.761888443845357,0.261831954743398,0.0285713626610759,0,0.031489235367628,0.150938381849115,0.15141144692207,0.2,0.5,0.5,1.1,0.15,,,NaN,NaN,NaN,NaN,NaN,NaN,NaN,NaN,NaN,NaN,NaN,NaN,NaN,NaN
SimpleBaseline,10,spike_bins,14,0.335345147127163,0.340232736243553,0.141945885868171,0.783978902455897,0.244606077259241,0.0214285590671941,0,0.0302041498175535,0.14570892875648,0.150687848515848,0.2,0.5,0.5,1.2,0.03,,,NaN,NaN,NaN,NaN,NaN,NaN,NaN,NaN,NaN,NaN,NaN,NaN,NaN,NaN
SimpleBaseline,10,spike_bins,14,0.335345147127163,0.340232736243553,0.141945885868171,0.783978902455897,0.244606077259241,0.0214285590671941,0,0.0302041498175535,0.14570892875648,0.150687848515848,0.2,0.5,0.5,1.2,0.05,,,NaN,NaN,NaN,NaN,NaN,NaN,NaN,NaN,NaN,NaN,NaN,NaN,NaN,NaN
SimpleBaseline,10,spike_bins,14,0.335345147127163,0.340232736243553,0.141945885868171,0.783978902455897,0.244606077259241,0.0214285590671941,0,0.0302041498175535,0.14570892875648,0.150687848515848,0.2,0.5,0.5,1.2,0.08,,,NaN,NaN,NaN,NaN,NaN,NaN,NaN,NaN,NaN,NaN,NaN,NaN,NaN,NaN
SimpleBaseline,10,spike_bins,14,0.335345147127163,0.340232736243553,0.141945885868171,0.783978902455897,0.244606077259241,0.0214285590671941,0,0.0302041498175535,0.14570892875648,0.150687848515848,0.2,0.5,0.5,1.2,0.1,,,NaN,NaN,NaN,NaN,NaN,NaN,NaN,NaN,NaN,NaN,NaN,NaN,NaN,NaN
SimpleBaseline,10,spike_bins,14,0.331102457599417,0.33558240814574,0.144878394954972,0.781774997022327,0.241384902015234,0.0214285590671941,0,0.0303548424044695,0.143865169595702,0.145206170964738,0.2,0.5,0.5,1.2,0.15,,,NaN,NaN,NaN,NaN,NaN,NaN,NaN,NaN,NaN,NaN,NaN,NaN,NaN,NaN
SimpleBaseline,10,spike_bins,14,0.320189666510036,0.317840924482973,0.147786939359972,0.808124472159263,0.225314947375218,0.0178571268132023,0,0.0297754142464337,0.136065245244848,0.140765609457105,0.2,0.5,0.5,1.3,0.03,,,NaN,NaN,NaN,NaN,NaN,NaN,NaN,NaN,NaN,NaN,NaN,NaN,NaN,NaN
SimpleBaseline,10,spike_bins,14,0.320189666510036,0.317840924482973,0.147786939359972,0.808124472159263,0.225314947375218,0.0178571268132023,0,0.0297754142464337,0.136065245244848,0.140765609457105,0.2,0.5,0.5,1.3,0.05,,,NaN,NaN,NaN,NaN,NaN,NaN,NaN,NaN,NaN,NaN,NaN,NaN,NaN,NaN
SimpleBaseline,10,spike_bins,14,0.320189666510036,0.317840924482973,0.147786939359972,0.808124472159263,0.225314947375218,0.0178571268132023,0,0.0297754142464337,0.136065245244848,0.140765609457105,0.2,0.5,0.5,1.3,0.08,,,NaN,NaN,NaN,NaN,NaN,NaN,NaN,NaN,NaN,NaN,NaN,NaN,NaN,NaN
SimpleBaseline,10,spike_bins,14,0.320189666510036,0.317840924482973,0.147786939359972,0.808124472159263,0.225314947375218,0.0178571268132023,0,0.0297754142464337,0.136065245244848,0.140765609457105,0.2,0.5,0.5,1.3,0.1,,,NaN,NaN,NaN,NaN,NaN,NaN,NaN,NaN,NaN,NaN,NaN,NaN,NaN,NaN
SimpleBaseline,10,spike_bins,14,0.316118865656628,0.314168289609348,0.150359787101844,0.805619804107937,0.222387968478174,0.0178571268132023,0,0.029929719308407,0.134430649172942,0.136107554707418,0.2,0.5,0.5,1.3,0.15,,,NaN,NaN,NaN,NaN,NaN,NaN,NaN,NaN,NaN,NaN,NaN,NaN,NaN,NaN
SimpleBaseline,10,spike_bins,14,0.304833030336737,0.291830712310282,0.149487895915773,0.831238294950349,0.207151598894723,0.0142856945592105,0,0.0295457163666957,0.125530064753405,0.125568016259897,0.2,0.5,0.5,1.4,0.03,,,NaN,NaN,NaN,NaN,NaN,NaN,NaN,NaN,NaN,NaN,NaN,NaN,NaN,NaN
SimpleBaseline,10,spike_bins,14,0.304833030336737,0.291830712310282,0.149487895915773,0.831238294950349,0.207151598894723,0.0142856945592105,0,0.0295457163666957,0.125530064753405,0.125568016259897,0.2,0.5,0.5,1.4,0.05,,,NaN,NaN,NaN,NaN,NaN,NaN,NaN,NaN,NaN,NaN,NaN,NaN,NaN,NaN
SimpleBaseline,10,spike_bins,14,0.304833030336737,0.291830712310282,0.149487895915773,0.831238294950349,0.207151598894723,0.0142856945592105,0,0.0295457163666957,0.125530064753405,0.125568016259897,0.2,0.5,0.5,1.4,0.08,,,NaN,NaN,NaN,NaN,NaN,NaN,NaN,NaN,NaN,NaN,NaN,NaN,NaN,NaN
SimpleBaseline,10,spike_bins,14,0.304833030336737,0.291830712310282,0.149487895915773,0.831238294950349,0.207151598894723,0.0142856945592105,0,0.0295457163666957,0.125530064753405,0.125568016259897,0.2,0.5,0.5,1.4,0.1,,,NaN,NaN,NaN,NaN,NaN,NaN,NaN,NaN,NaN,NaN,NaN,NaN,NaN,NaN
SimpleBaseline,10,spike_bins,14,0.300816743291571,0.287968838442518,0.151903414037787,0.828832414291767,0.204306910978588,0.0142856945592105,0,0.0296896717702196,0.123977759662408,0.12090996151021,0.2,0.5,0.5,1.4,0.15,,,NaN,NaN,NaN,NaN,NaN,NaN,NaN,NaN,NaN,NaN,NaN,NaN,NaN,NaN
SimpleBaseline,10,spike_bins,14,0.393184203217335,0.389761433428839,0.118179667917081,0.56149257946375,0.426561666043821,0.0285713626610759,0,0.0298620386229266,0.239013661299258,0.245764092538286,0.2,0.6,0.4,0.4,0.03,,,NaN,NaN,NaN,NaN,NaN,NaN,NaN,NaN,NaN,NaN,NaN,NaN,NaN,NaN
SimpleBaseline,10,spike_bins,14,0.393184203217335,0.389761433428839,0.118179667917081,0.56149257946375,0.426561666043821,0.0285713626610759,0,0.0298620386229266,0.239013661299258,0.245764092538286,0.2,0.6,0.4,0.4,0.05,,,NaN,NaN,NaN,NaN,NaN,NaN,NaN,NaN,NaN,NaN,NaN,NaN,NaN,NaN
SimpleBaseline,10,spike_bins,14,0.393184203217335,0.389761433428839,0.118179667917081,0.56149257946375,0.426561666043821,0.0285713626610759,0,0.0298620386229266,0.239013661299258,0.245764092538286,0.2,0.6,0.4,0.4,0.08,,,NaN,NaN,NaN,NaN,NaN,NaN,NaN,NaN,NaN,NaN,NaN,NaN,NaN,NaN
SimpleBaseline,10,spike_bins,14,0.393184203217335,0.389761433428839,0.118179667917081,0.56149257946375,0.426561666043821,0.0285713626610759,0,0.0298620386229266,0.239013661299258,0.245764092538286,0.2,0.6,0.4,0.4,0.1,,,NaN,NaN,NaN,NaN,NaN,NaN,NaN,NaN,NaN,NaN,NaN,NaN,NaN,NaN
SimpleBaseline,10,spike_bins,14,0.385018834575562,0.378602632024975,0.117638172321975,0.559680627527374,0.415541686146292,0.0285713626610759,0,0.0300936271683111,0.232308400028639,0.245764092538286,0.2,0.6,0.4,0.4,0.15,,,NaN,NaN,NaN,NaN,NaN,NaN,NaN,NaN,NaN,NaN,NaN,NaN,NaN,NaN
SimpleBaseline,10,spike_bins,14,0.398719149486145,0.411637907087857,0.113967665120244,0.595954775903074,0.411003487656679,0.0285713626610759,0,0.0305001192892323,0.231927841332062,0.234860121956896,0.2,0.6,0.4,0.5,0.03,,,NaN,NaN,NaN,NaN,NaN,NaN,NaN,NaN,NaN,NaN,NaN,NaN,NaN,NaN
SimpleBaseline,10,spike_bins,14,0.398719149486145,0.411637907087857,0.113967665120244,0.595954775903074,0.411003487656679,0.0285713626610759,0,0.0305001192892323,0.231927841332062,0.234860121956896,0.2,0.6,0.4,0.5,0.05,,,NaN,NaN,NaN,NaN,NaN,NaN,NaN,NaN,NaN,NaN,NaN,NaN,NaN,NaN
SimpleBaseline,10,spike_bins,14,0.398719149486145,0.411637907087857,0.113967665120244,0.595954775903074,0.411003487656679,0.0285713626610759,0,0.0305001192892323,0.231927841332062,0.234860121956896,0.2,0.6,0.4,0.5,0.08,,,NaN,NaN,NaN,NaN,NaN,NaN,NaN,NaN,NaN,NaN,NaN,NaN,NaN,NaN
SimpleBaseline,10,spike_bins,14,0.398719149486145,0.411637907087857,0.113967665120244,0.595954775903074,0.411003487656679,0.0285713626610759,0,0.0305001192892323,0.231927841332062,0.234860121956896,0.2,0.6,0.4,0.5,0.1,,,NaN,NaN,NaN,NaN,NaN,NaN,NaN,NaN,NaN,NaN,NaN,NaN,NaN,NaN
SimpleBaseline,10,spike_bins,14,0.391101871732454,0.409311758785769,0.114375242273336,0.594564543816224,0.401212592740253,0.0285713626610759,0,0.030895242808199,0.225719975297206,0.234860121956896,0.2,0.6,0.4,0.5,0.15,,,NaN,NaN,NaN,NaN,NaN,NaN,NaN,NaN,NaN,NaN,NaN,NaN,NaN,NaN
SimpleBaseline,10,spike_bins,14,0.39983182472495,0.41912249792383,0.117394343612431,0.6280965950157,0.391322997072146,0.0214285590671941,0,0.0307732344251701,0.222591929321987,0.227598566308244,0.2,0.6,0.4,0.6,0.03,,,NaN,NaN,NaN,NaN,NaN,NaN,NaN,NaN,NaN,NaN,NaN,NaN,NaN,NaN
SimpleBaseline,10,spike_bins,14,0.39983182472495,0.41912249792383,0.117394343612431,0.6280965950157,0.391322997072146,0.0214285590671941,0,0.0307732344251701,0.222591929321987,0.227598566308244,0.2,0.6,0.4,0.6,0.05,,,NaN,NaN,NaN,NaN,NaN,NaN,NaN,NaN,NaN,NaN,NaN,NaN,NaN,NaN
SimpleBaseline,10,spike_bins,14,0.39983182472495,0.41912249792383,0.117394343612431,0.6280965950157,0.391322997072146,0.0214285590671941,0,0.0307732344251701,0.222591929321987,0.227598566308244,0.2,0.6,0.4,0.6,0.08,,,NaN,NaN,NaN,NaN,NaN,NaN,NaN,NaN,NaN,NaN,NaN,NaN,NaN,NaN
SimpleBaseline,10,spike_bins,14,0.39983182472495,0.41912249792383,0.117394343612431,0.6280965950157,0.391322997072146,0.0214285590671941,0,0.0307732344251701,0.222591929321987,0.227598566308244,0.2,0.6,0.4,0.6,0.1,,,NaN,NaN,NaN,NaN,NaN,NaN,NaN,NaN,NaN,NaN,NaN,NaN,NaN,NaN
SimpleBaseline,10,spike_bins,14,0.392801984563488,0.411890943552872,0.118088184569172,0.626620172237099,0.383176718396585,0.024999960864135,0,0.0311223879101451,0.217269654368991,0.227598566308244,0.2,0.6,0.4,0.6,0.15,,,NaN,NaN,NaN,NaN,NaN,NaN,NaN,NaN,NaN,NaN,NaN,NaN,NaN,NaN
SimpleBaseline,10,spike_bins,14,0.398301729560826,0.428018885741265,0.123453771870163,0.657098635026743,0.371737515625881,0.0214285590671941,0,0.0307224095813216,0.213073576018393,0.218125960061444,0.2,0.6,0.4,0.7,0.03,,,NaN,NaN,NaN,NaN,NaN,NaN,NaN,NaN,NaN,NaN,NaN,NaN,NaN,NaN
SimpleBaseline,10,spike_bins,14,0.398301729560826,0.428018885741265,0.123453771870163,0.657098635026743,0.371737515625881,0.0214285590671941,0,0.0307224095813216,0.213073576018393,0.218125960061444,0.2,0.6,0.4,0.7,0.05,,,NaN,NaN,NaN,NaN,NaN,NaN,NaN,NaN,NaN,NaN,NaN,NaN,NaN,NaN
SimpleBaseline,10,spike_bins,14,0.398301729560826,0.428018885741265,0.123453771870163,0.657098635026743,0.371737515625881,0.0214285590671941,0,0.0307224095813216,0.213073576018393,0.218125960061444,0.2,0.6,0.4,0.7,0.08,,,NaN,NaN,NaN,NaN,NaN,NaN,NaN,NaN,NaN,NaN,NaN,NaN,NaN,NaN
SimpleBaseline,10,spike_bins,14,0.398301729560826,0.428018885741265,0.123453771870163,0.657098635026743,0.371737515625881,0.0214285590671941,0,0.0307224095813216,0.213073576018393,0.218125960061444,0.2,0.6,0.4,0.7,0.1,,,NaN,NaN,NaN,NaN,NaN,NaN,NaN,NaN,NaN,NaN,NaN,NaN,NaN,NaN
SimpleBaseline,10,spike_bins,14,0.391716468772225,0.428018885741265,0.125235033366775,0.654986987142282,0.36497958556706,0.024999960864135,0,0.0310537479476742,0.208692968186035,0.218125960061444,0.2,0.6,0.4,0.7,0.15,,,NaN,NaN,NaN,NaN,NaN,NaN,NaN,NaN,NaN,NaN,NaN,NaN,NaN,NaN
SimpleBaseline,10,spike_bins,14,0.392961213526444,0.448824041811847,0.130443272611249,0.686683604592422,0.348685407687763,0.0214285590671941,0,0.0302652970034946,0.204042653569724,0.210119629474468,0.2,0.6,0.4,0.8,0.03,,,NaN,NaN,NaN,NaN,NaN,NaN,NaN,NaN,NaN,NaN,NaN,NaN,NaN,NaN
SimpleBaseline,10,spike_bins,14,0.392961213526444,0.448824041811847,0.130443272611249,0.686683604592422,0.348685407687763,0.0214285590671941,0,0.0302652970034946,0.204042653569724,0.210119629474468,0.2,0.6,0.4,0.8,0.05,,,NaN,NaN,NaN,NaN,NaN,NaN,NaN,NaN,NaN,NaN,NaN,NaN,NaN,NaN
SimpleBaseline,10,spike_bins,14,0.392961213526444,0.448824041811847,0.130443272611249,0.686683604592422,0.348685407687763,0.0214285590671941,0,0.0302652970034946,0.204042653569724,0.210119629474468,0.2,0.6,0.4,0.8,0.08,,,NaN,NaN,NaN,NaN,NaN,NaN,NaN,NaN,NaN,NaN,NaN,NaN,NaN,NaN
SimpleBaseline,10,spike_bins,14,0.392961213526444,0.448824041811847,0.130443272611249,0.686683604592422,0.348685407687763,0.0214285590671941,0,0.0302652970034946,0.204042653569724,0.210119629474468,0.2,0.6,0.4,0.8,0.1,,,NaN,NaN,NaN,NaN,NaN,NaN,NaN,NaN,NaN,NaN,NaN,NaN,NaN,NaN
SimpleBaseline,10,spike_bins,14,0.387122619876834,0.44478521185731,0.133347301706675,0.68458978961742,0.343308223812517,0.0214285590671941,0,0.0306521785261333,0.200498175831057,0.210119629474468,0.2,0.6,0.4,0.8,0.15,,,NaN,NaN,NaN,NaN,NaN,NaN,NaN,NaN,NaN,NaN,NaN,NaN,NaN,NaN
SimpleBaseline,10,spike_bins,14,0.388880090304998,0.43004329004329,0.138392207068223,0.71721937409234,0.328734420661134,0.0214285590671941,0,0.0308273168153427,0.193145753716629,0.197807568775311,0.2,0.6,0.4,0.9,0.03,,,NaN,NaN,NaN,NaN,NaN,NaN,NaN,NaN,NaN,NaN,NaN,NaN,NaN,NaN
SimpleBaseline,10,spike_bins,14,0.388880090304998,0.43004329004329,0.138392207068223,0.71721937409234,0.328734420661134,0.0214285590671941,0,0.0308273168153427,0.193145753716629,0.197807568775311,0.2,0.6,0.4,0.9,0.05,,,NaN,NaN,NaN,NaN,NaN,NaN,NaN,NaN,NaN,NaN,NaN,NaN,NaN,NaN
SimpleBaseline,10,spike_bins,14,0.388880090304998,0.43004329004329,0.138392207068223,0.71721937409234,0.328734420661134,0.0214285590671941,0,0.0308273168153427,0.193145753716629,0.197807568775311,0.2,0.6,0.4,0.9,0.08,,,NaN,NaN,NaN,NaN,NaN,NaN,NaN,NaN,NaN,NaN,NaN,NaN,NaN,NaN
SimpleBaseline,10,spike_bins,14,0.388880090304998,0.43004329004329,0.138392207068223,0.71721937409234,0.328734420661134,0.0214285590671941,0,0.0308273168153427,0.193145753716629,0.197807568775311,0.2,0.6,0.4,0.9,0.1,,,NaN,NaN,NaN,NaN,NaN,NaN,NaN,NaN,NaN,NaN,NaN,NaN,NaN,NaN
SimpleBaseline,10,spike_bins,14,0.383924095266704,0.425518925518926,0.140951996027264,0.715177902071887,0.324496512292844,0.0214285590671941,0,0.0311564782937037,0.190353866673254,0.197807568775311,0.2,0.6,0.4,0.9,0.15,,,NaN,NaN,NaN,NaN,NaN,NaN,NaN,NaN,NaN,NaN,NaN,NaN,NaN,NaN
SimpleBaseline,10,spike_bins,14,0.379280758142247,0.401503351269706,0.143802133613467,0.73650453331507,0.310453189916773,0.0214285590671941,0,0.0303225312795712,0.1828294511881,0.188484843130982,0.2,0.6,0.4,1,0.03,,,NaN,NaN,NaN,NaN,NaN,NaN,NaN,NaN,NaN,NaN,NaN,NaN,NaN,NaN
SimpleBaseline,10,spike_bins,14,0.379280758142247,0.401503351269706,0.143802133613467,0.73650453331507,0.310453189916773,0.0214285590671941,0,0.0303225312795712,0.1828294511881,0.188484843130982,0.2,0.6,0.4,1,0.05,,,NaN,NaN,NaN,NaN,NaN,NaN,NaN,NaN,NaN,NaN,NaN,NaN,NaN,NaN
SimpleBaseline,10,spike_bins,14,0.379280758142247,0.401503351269706,0.143802133613467,0.73650453331507,0.310453189916773,0.0214285590671941,0,0.0303225312795712,0.1828294511881,0.188484843130982,0.2,0.6,0.4,1,0.08,,,NaN,NaN,NaN,NaN,NaN,NaN,NaN,NaN,NaN,NaN,NaN,NaN,NaN,NaN
SimpleBaseline,10,spike_bins,14,0.379280758142247,0.401503351269706,0.143802133613467,0.73650453331507,0.310453189916773,0.0214285590671941,0,0.0303225312795712,0.1828294511881,0.188484843130982,0.2,0.6,0.4,1,0.1,,,NaN,NaN,NaN,NaN,NaN,NaN,NaN,NaN,NaN,NaN,NaN,NaN,NaN,NaN
SimpleBaseline,10,spike_bins,14,0.374129595264216,0.396655251955958,0.146654585969454,0.733912593941697,0.306300315562089,0.0214285590671941,0,0.0306660978666526,0.180037564900241,0.187294366940505,0.2,0.6,0.4,1,0.15,,,NaN,NaN,NaN,NaN,NaN,NaN,NaN,NaN,NaN,NaN,NaN,NaN,NaN,NaN
SimpleBaseline,10,spike_bins,14,0.362127534768348,0.372696309078323,0.145961085800751,0.75579202103304,0.281773637389643,0.0214285590671941,0,0.0301013728191665,0.167318931877442,0.171905396602734,0.2,0.6,0.4,1.1,0.03,,,NaN,NaN,NaN,NaN,NaN,NaN,NaN,NaN,NaN,NaN,NaN,NaN,NaN,NaN
SimpleBaseline,10,spike_bins,14,0.362127534768348,0.372696309078323,0.145961085800751,0.75579202103304,0.281773637389643,0.0214285590671941,0,0.0301013728191665,0.167318931877442,0.171905396602734,0.2,0.6,0.4,1.1,0.05,,,NaN,NaN,NaN,NaN,NaN,NaN,NaN,NaN,NaN,NaN,NaN,NaN,NaN,NaN
SimpleBaseline,10,spike_bins,14,0.362127534768348,0.372696309078323,0.145961085800751,0.75579202103304,0.281773637389643,0.0214285590671941,0,0.0301013728191665,0.167318931877442,0.171905396602734,0.2,0.6,0.4,1.1,0.08,,,NaN,NaN,NaN,NaN,NaN,NaN,NaN,NaN,NaN,NaN,NaN,NaN,NaN,NaN
SimpleBaseline,10,spike_bins,14,0.362127534768348,0.372696309078323,0.145961085800751,0.75579202103304,0.281773637389643,0.0214285590671941,0,0.0301013728191665,0.167318931877442,0.171905396602734,0.2,0.6,0.4,1.1,0.1,,,NaN,NaN,NaN,NaN,NaN,NaN,NaN,NaN,NaN,NaN,NaN,NaN,NaN,NaN
SimpleBaseline,10,spike_bins,14,0.357723529251786,0.36707645608044,0.148620113914008,0.753667762992595,0.278312003157322,0.0214285590671941,0,0.0304894497727124,0.165068540450901,0.170714920412258,0.2,0.6,0.4,1.1,0.15,,,NaN,NaN,NaN,NaN,NaN,NaN,NaN,NaN,NaN,NaN,NaN,NaN,NaN,NaN
SimpleBaseline,10,spike_bins,14,0.351974633798868,0.341416877284979,0.151227068479965,0.784502202889985,0.262794793059785,0.0214285590671941,0,0.030065927674467,0.157073061548038,0.153953945570007,0.2,0.6,0.4,1.2,0.03,,,NaN,NaN,NaN,NaN,NaN,NaN,NaN,NaN,NaN,NaN,NaN,NaN,NaN,NaN
SimpleBaseline,10,spike_bins,14,0.351974633798868,0.341416877284979,0.151227068479965,0.784502202889985,0.262794793059785,0.0214285590671941,0,0.030065927674467,0.157073061548038,0.153953945570007,0.2,0.6,0.4,1.2,0.05,,,NaN,NaN,NaN,NaN,NaN,NaN,NaN,NaN,NaN,NaN,NaN,NaN,NaN,NaN
SimpleBaseline,10,spike_bins,14,0.351974633798868,0.341416877284979,0.151227068479965,0.784502202889985,0.262794793059785,0.0214285590671941,0,0.030065927674467,0.157073061548038,0.153953945570007,0.2,0.6,0.4,1.2,0.08,,,NaN,NaN,NaN,NaN,NaN,NaN,NaN,NaN,NaN,NaN,NaN,NaN,NaN,NaN
SimpleBaseline,10,spike_bins,14,0.351974633798868,0.341416877284979,0.151227068479965,0.784502202889985,0.262794793059785,0.0214285590671941,0,0.030065927674467,0.157073061548038,0.153953945570007,0.2,0.6,0.4,1.2,0.1,,,NaN,NaN,NaN,NaN,NaN,NaN,NaN,NaN,NaN,NaN,NaN,NaN,NaN,NaN
SimpleBaseline,10,spike_bins,14,0.348094195904966,0.339171771650617,0.154045757230105,0.782324992968961,0.259864305334442,0.0214285590671941,0,0.0304730296640865,0.155226946909599,0.1519342547259,0.2,0.6,0.4,1.2,0.15,,,NaN,NaN,NaN,NaN,NaN,NaN,NaN,NaN,NaN,NaN,NaN,NaN,NaN,NaN
SimpleBaseline,10,spike_bins,14,0.33939340026769,0.331324422843256,0.151580434885702,0.810395496391003,0.244289974804716,0.0214285590671941,0,0.0295120021259701,0.147225722314857,0.145436174093216,0.2,0.6,0.4,1.3,0.03,,,NaN,NaN,NaN,NaN,NaN,NaN,NaN,NaN,NaN,NaN,NaN,NaN,NaN,NaN
SimpleBaseline,10,spike_bins,14,0.33939340026769,0.331324422843256,0.151580434885702,0.810395496391003,0.244289974804716,0.0214285590671941,0,0.0295120021259701,0.147225722314857,0.145436174093216,0.2,0.6,0.4,1.3,0.05,,,NaN,NaN,NaN,NaN,NaN,NaN,NaN,NaN,NaN,NaN,NaN,NaN,NaN,NaN
SimpleBaseline,10,spike_bins,14,0.33939340026769,0.331324422843256,0.151580434885702,0.810395496391003,0.244289974804716,0.0214285590671941,0,0.0295120021259701,0.147225722314857,0.145436174093216,0.2,0.6,0.4,1.3,0.08,,,NaN,NaN,NaN,NaN,NaN,NaN,NaN,NaN,NaN,NaN,NaN,NaN,NaN,NaN
SimpleBaseline,10,spike_bins,14,0.33939340026769,0.331324422843256,0.151580434885702,0.810395496391003,0.244289974804716,0.0214285590671941,0,0.0295120021259701,0.147225722314857,0.145436174093216,0.2,0.6,0.4,1.3,0.1,,,NaN,NaN,NaN,NaN,NaN,NaN,NaN,NaN,NaN,NaN,NaN,NaN,NaN,NaN
SimpleBaseline,10,spike_bins,14,0.335903019842751,0.327933618245555,0.154205291200406,0.808800496035164,0.241744011958507,0.0214285590671941,0,0.0300430704565265,0.145464642033461,0.141218536921263,0.2,0.6,0.4,1.3,0.15,,,NaN,NaN,NaN,NaN,NaN,NaN,NaN,NaN,NaN,NaN,NaN,NaN,NaN,NaN
SimpleBaseline,10,spike_bins,14,0.323382160998047,0.308192363809716,0.156749406431626,0.831856387600072,0.224683189637195,0.0178571268132023,0,0.0296921650060763,0.137481333211276,0.132672782130095,0.2,0.6,0.4,1.4,0.03,,,NaN,NaN,NaN,NaN,NaN,NaN,NaN,NaN,NaN,NaN,NaN,NaN,NaN,NaN
SimpleBaseline,10,spike_bins,14,0.323382160998047,0.308192363809716,0.156749406431626,0.831856387600072,0.224683189637195,0.0178571268132023,0,0.0296921650060763,0.137481333211276,0.132672782130095,0.2,0.6,0.4,1.4,0.05,,,NaN,NaN,NaN,NaN,NaN,NaN,NaN,NaN,NaN,NaN,NaN,NaN,NaN,NaN
SimpleBaseline,10,spike_bins,14,0.323382160998047,0.308192363809716,0.156749406431626,0.831856387600072,0.224683189637195,0.0178571268132023,0,0.0296921650060763,0.137481333211276,0.132672782130095,0.2,0.6,0.4,1.4,0.08,,,NaN,NaN,NaN,NaN,NaN,NaN,NaN,NaN,NaN,NaN,NaN,NaN,NaN,NaN
SimpleBaseline,10,spike_bins,14,0.323382160998047,0.308192363809716,0.156749406431626,0.831856387600072,0.224683189637195,0.0178571268132023,0,0.0296921650060763,0.137481333211276,0.132672782130095,0.2,0.6,0.4,1.4,0.1,,,NaN,NaN,NaN,NaN,NaN,NaN,NaN,NaN,NaN,NaN,NaN,NaN,NaN,NaN
SimpleBaseline,10,spike_bins,14,0.319905253564277,0.305901173124778,0.159460175592354,0.830122039754009,0.222264098143435,0.0178571268132023,0,0.0303049139959455,0.135847124282329,0.128902826847549,0.2,0.6,0.4,1.4,0.15,,,NaN,NaN,NaN,NaN,NaN,NaN,NaN,NaN,NaN,NaN,NaN,NaN,NaN,NaN
SimpleBaseline,10,spike_bins,14,0.391502900251924,0.380958171964552,0.116982769655954,0.534662084387234,0.444880894004561,0.0214285590671941,0,0.0281149259418194,0.248280044540183,0.25956570311409,0.2,0.7,0.3,0.4,0.03,,,NaN,NaN,NaN,NaN,NaN,NaN,NaN,NaN,NaN,NaN,NaN,NaN,NaN,NaN
SimpleBaseline,10,spike_bins,14,0.391502900251924,0.380958171964552,0.116982769655954,0.534662084387234,0.444880894004561,0.0214285590671941,0,0.0281149259418194,0.248280044540183,0.25956570311409,0.2,0.7,0.3,0.4,0.05,,,NaN,NaN,NaN,NaN,NaN,NaN,NaN,NaN,NaN,NaN,NaN,NaN,NaN,NaN
SimpleBaseline,10,spike_bins,14,0.391502900251924,0.380958171964552,0.116982769655954,0.534662084387234,0.444880894004561,0.0214285590671941,0,0.0281149259418194,0.248280044540183,0.25956570311409,0.2,0.7,0.3,0.4,0.08,,,NaN,NaN,NaN,NaN,NaN,NaN,NaN,NaN,NaN,NaN,NaN,NaN,NaN,NaN
SimpleBaseline,10,spike_bins,14,0.391502900251924,0.380958171964552,0.116982769655954,0.534662084387234,0.444880894004561,0.0214285590671941,0,0.0281149259418194,0.248280044540183,0.25956570311409,0.2,0.7,0.3,0.4,0.1,,,NaN,NaN,NaN,NaN,NaN,NaN,NaN,NaN,NaN,NaN,NaN,NaN,NaN,NaN
SimpleBaseline,10,spike_bins,14,0.382916531602462,0.367162085534366,0.115293133680689,0.532678785707729,0.432805191405275,0.024999960864135,0,0.0283999286628197,0.240400459658219,0.25956570311409,0.2,0.7,0.3,0.4,0.15,,,NaN,NaN,NaN,NaN,NaN,NaN,NaN,NaN,NaN,NaN,NaN,NaN,NaN,NaN
SimpleBaseline,10,spike_bins,14,0.397282605565929,0.395682646481637,0.115631658975651,0.570938020240074,0.428845739313968,0.0214285590671941,0,0.0282802586890908,0.241601525131232,0.253072196620584,0.2,0.7,0.3,0.5,0.03,,,NaN,NaN,NaN,NaN,NaN,NaN,NaN,NaN,NaN,NaN,NaN,NaN,NaN,NaN
SimpleBaseline,10,spike_bins,14,0.397282605565929,0.395682646481637,0.115631658975651,0.570938020240074,0.428845739313968,0.0214285590671941,0,0.0282802586890908,0.241601525131232,0.253072196620584,0.2,0.7,0.3,0.5,0.05,,,NaN,NaN,NaN,NaN,NaN,NaN,NaN,NaN,NaN,NaN,NaN,NaN,NaN,NaN
SimpleBaseline,10,spike_bins,14,0.397282605565929,0.395682646481637,0.115631658975651,0.570938020240074,0.428845739313968,0.0214285590671941,0,0.0282802586890908,0.241601525131232,0.253072196620584,0.2,0.7,0.3,0.5,0.08,,,NaN,NaN,NaN,NaN,NaN,NaN,NaN,NaN,NaN,NaN,NaN,NaN,NaN,NaN
SimpleBaseline,10,spike_bins,14,0.397282605565929,0.395682646481637,0.115631658975651,0.570938020240074,0.428845739313968,0.0214285590671941,0,0.0282802586890908,0.241601525131232,0.253072196620584,0.2,0.7,0.3,0.5,0.1,,,NaN,NaN,NaN,NaN,NaN,NaN,NaN,NaN,NaN,NaN,NaN,NaN,NaN,NaN
SimpleBaseline,10,spike_bins,14,0.388974069443982,0.385798281320669,0.115241728126452,0.568936156507235,0.418244772633955,0.024999960864135,0,0.0285555619753723,0.234327153601187,0.253072196620584,0.2,0.7,0.3,0.5,0.15,,,NaN,NaN,NaN,NaN,NaN,NaN,NaN,NaN,NaN,NaN,NaN,NaN,NaN,NaN
SimpleBaseline,10,spike_bins,14,0.401646706963259,0.411449512757156,0.112640462697194,0.605687601948693,0.407525525570566,0.0214285590671941,0,0.0299677328518932,0.230401012367911,0.239980449657869,0.2,0.7,0.3,0.6,0.03,,,NaN,NaN,NaN,NaN,NaN,NaN,NaN,NaN,NaN,NaN,NaN,NaN,NaN,NaN
SimpleBaseline,10,spike_bins,14,0.401646706963259,0.411449512757156,0.112640462697194,0.605687601948693,0.407525525570566,0.0214285590671941,0,0.0299677328518932,0.230401012367911,0.239980449657869,0.2,0.7,0.3,0.6,0.05,,,NaN,NaN,NaN,NaN,NaN,NaN,NaN,NaN,NaN,NaN,NaN,NaN,NaN,NaN
SimpleBaseline,10,spike_bins,14,0.401646706963259,0.411449512757156,0.112640462697194,0.605687601948693,0.407525525570566,0.0214285590671941,0,0.0299677328518932,0.230401012367911,0.239980449657869,0.2,0.7,0.3,0.6,0.08,,,NaN,NaN,NaN,NaN,NaN,NaN,NaN,NaN,NaN,NaN,NaN,NaN,NaN,NaN
SimpleBaseline,10,spike_bins,14,0.401646706963259,0.411449512757156,0.112640462697194,0.605687601948693,0.407525525570566,0.0214285590671941,0,0.0299677328518932,0.230401012367911,0.239980449657869,0.2,0.7,0.3,0.6,0.1,,,NaN,NaN,NaN,NaN,NaN,NaN,NaN,NaN,NaN,NaN,NaN,NaN,NaN,NaN
SimpleBaseline,10,spike_bins,14,0.392695320789763,0.400429600886918,0.112871315966419,0.602997907973626,0.397489977832573,0.0214285590671941,0,0.0302697758948636,0.223460023749478,0.239980449657869,0.2,0.7,0.3,0.6,0.15,,,NaN,NaN,NaN,NaN,NaN,NaN,NaN,NaN,NaN,NaN,NaN,NaN,NaN,NaN
SimpleBaseline,10,spike_bins,14,0.404245974669139,0.418408101569561,0.121067795868532,0.641854809243425,0.390204329514707,0.0214285590671941,0,0.0302853361331539,0.222584140532748,0.232695619792394,0.2,0.7,0.3,0.7,0.03,,,NaN,NaN,NaN,NaN,NaN,NaN,NaN,NaN,NaN,NaN,NaN,NaN,NaN,NaN
SimpleBaseline,10,spike_bins,14,0.404245974669139,0.418408101569561,0.121067795868532,0.641854809243425,0.390204329514707,0.0214285590671941,0,0.0302853361331539,0.222584140532748,0.232695619792394,0.2,0.7,0.3,0.7,0.05,,,NaN,NaN,NaN,NaN,NaN,NaN,NaN,NaN,NaN,NaN,NaN,NaN,NaN,NaN
SimpleBaseline,10,spike_bins,14,0.404245974669139,0.418408101569561,0.121067795868532,0.641854809243425,0.390204329514707,0.0214285590671941,0,0.0302853361331539,0.222584140532748,0.232695619792394,0.2,0.7,0.3,0.7,0.08,,,NaN,NaN,NaN,NaN,NaN,NaN,NaN,NaN,NaN,NaN,NaN,NaN,NaN,NaN
SimpleBaseline,10,spike_bins,14,0.404245974669139,0.418408101569561,0.121067795868532,0.641854809243425,0.390204329514707,0.0214285590671941,0,0.0302853361331539,0.222584140532748,0.232695619792394,0.2,0.7,0.3,0.7,0.1,,,NaN,NaN,NaN,NaN,NaN,NaN,NaN,NaN,NaN,NaN,NaN,NaN,NaN,NaN
SimpleBaseline,10,spike_bins,14,0.396772142830594,0.411064289099809,0.121276509773893,0.639374876902161,0.382129363508386,0.0214285590671941,0,0.0305098907526394,0.216977210212179,0.232695619792394,0.2,0.7,0.3,0.7,0.15,,,NaN,NaN,NaN,NaN,NaN,NaN,NaN,NaN,NaN,NaN,NaN,NaN,NaN,NaN
SimpleBaseline,10,spike_bins,14,0.402052372860289,0.447221728522725,0.128806034737301,0.671098957756175,0.370554812285378,0.0214285590671941,0,0.0301709129145827,0.213056571128531,0.223246287762417,0.2,0.7,0.3,0.8,0.03,,,NaN,NaN,NaN,NaN,NaN,NaN,NaN,NaN,NaN,NaN,NaN,NaN,NaN,NaN
SimpleBaseline,10,spike_bins,14,0.402052372860289,0.447221728522725,0.128806034737301,0.671098957756175,0.370554812285378,0.0214285590671941,0,0.0301709129145827,0.213056571128531,0.223246287762417,0.2,0.7,0.3,0.8,0.05,,,NaN,NaN,NaN,NaN,NaN,NaN,NaN,NaN,NaN,NaN,NaN,NaN,NaN,NaN
SimpleBaseline,10,spike_bins,14,0.402052372860289,0.447221728522725,0.128806034737301,0.671098957756175,0.370554812285378,0.0214285590671941,0,0.0301709129145827,0.213056571128531,0.223246287762417,0.2,0.7,0.3,0.8,0.08,,,NaN,NaN,NaN,NaN,NaN,NaN,NaN,NaN,NaN,NaN,NaN,NaN,NaN,NaN
SimpleBaseline,10,spike_bins,14,0.402052372860289,0.447221728522725,0.128806034737301,0.671098957756175,0.370554812285378,0.0214285590671941,0,0.0301709129145827,0.213056571128531,0.223246287762417,0.2,0.7,0.3,0.8,0.1,,,NaN,NaN,NaN,NaN,NaN,NaN,NaN,NaN,NaN,NaN,NaN,NaN,NaN,NaN
SimpleBaseline,10,spike_bins,14,0.395096111798273,0.447221728522725,0.129877746306157,0.668723326063334,0.363429889771801,0.0214285590671941,0,0.0303464630087223,0.208145944862952,0.223246287762417,0.2,0.7,0.3,0.8,0.15,,,NaN,NaN,NaN,NaN,NaN,NaN,NaN,NaN,NaN,NaN,NaN,NaN,NaN,NaN
SimpleBaseline,10,spike_bins,14,0.39842885103092,0.455638788986694,0.13523912072543,0.698958636339837,0.351945270226183,0.0214285590671941,0,0.0301544016507685,0.204079718904384,0.214530093562352,0.2,0.7,0.3,0.9,0.03,,,NaN,NaN,NaN,NaN,NaN,NaN,NaN,NaN,NaN,NaN,NaN,NaN,NaN,NaN
SimpleBaseline,10,spike_bins,14,0.39842885103092,0.455638788986694,0.13523912072543,0.698958636339837,0.351945270226183,0.0214285590671941,0,0.0301544016507685,0.204079718904384,0.214530093562352,0.2,0.7,0.3,0.9,0.05,,,NaN,NaN,NaN,NaN,NaN,NaN,NaN,NaN,NaN,NaN,NaN,NaN,NaN,NaN
SimpleBaseline,10,spike_bins,14,0.39842885103092,0.455638788986694,0.13523912072543,0.698958636339837,0.351945270226183,0.0214285590671941,0,0.0301544016507685,0.204079718904384,0.214530093562352,0.2,0.7,0.3,0.9,0.08,,,NaN,NaN,NaN,NaN,NaN,NaN,NaN,NaN,NaN,NaN,NaN,NaN,NaN,NaN
SimpleBaseline,10,spike_bins,14,0.39842885103092,0.455638788986694,0.13523912072543,0.698958636339837,0.351945270226183,0.0214285590671941,0,0.0301544016507685,0.204079718904384,0.214530093562352,0.2,0.7,0.3,0.9,0.1,,,NaN,NaN,NaN,NaN,NaN,NaN,NaN,NaN,NaN,NaN,NaN,NaN,NaN,NaN
SimpleBaseline,10,spike_bins,14,0.392197569272299,0.448572843869655,0.136705809928415,0.69645365199557,0.345960017006691,0.0214285590671941,0,0.0304043892900703,0.199868140019713,0.214530093562352,0.2,0.7,0.3,0.9,0.15,,,NaN,NaN,NaN,NaN,NaN,NaN,NaN,NaN,NaN,NaN,NaN,NaN,NaN,NaN
SimpleBaseline,10,spike_bins,14,0.390645008477588,0.422230675726491,0.139533959597583,0.72340385858173,0.329462270838797,0.0214285590671941,0,0.0295175348597095,0.193975791154231,0.202916259367872,0.2,0.7,0.3,1,0.03,,,NaN,NaN,NaN,NaN,NaN,NaN,NaN,NaN,NaN,NaN,NaN,NaN,NaN,NaN
SimpleBaseline,10,spike_bins,14,0.390645008477588,0.422230675726491,0.139533959597583,0.72340385858173,0.329462270838797,0.0214285590671941,0,0.0295175348597095,0.193975791154231,0.202916259367872,0.2,0.7,0.3,1,0.05,,,NaN,NaN,NaN,NaN,NaN,NaN,NaN,NaN,NaN,NaN,NaN,NaN,NaN,NaN
SimpleBaseline,10,spike_bins,14,0.390645008477588,0.422230675726491,0.139533959597583,0.72340385858173,0.329462270838797,0.0214285590671941,0,0.0295175348597095,0.193975791154231,0.202916259367872,0.2,0.7,0.3,1,0.08,,,NaN,NaN,NaN,NaN,NaN,NaN,NaN,NaN,NaN,NaN,NaN,NaN,NaN,NaN
SimpleBaseline,10,spike_bins,14,0.390645008477588,0.422230675726491,0.139533959597583,0.72340385858173,0.329462270838797,0.0214285590671941,0,0.0295175348597095,0.193975791154231,0.202916259367872,0.2,0.7,0.3,1,0.1,,,NaN,NaN,NaN,NaN,NaN,NaN,NaN,NaN,NaN,NaN,NaN,NaN,NaN,NaN
SimpleBaseline,10,spike_bins,14,0.38482898790682,0.415168827266863,0.141083421284079,0.720802886646839,0.324284771193308,0.0214285590671941,0,0.0298170478919777,0.190159279575567,0.202916259367872,0.2,0.7,0.3,1,0.15,,,NaN,NaN,NaN,NaN,NaN,NaN,NaN,NaN,NaN,NaN,NaN,NaN,NaN,NaN
SimpleBaseline,10,spike_bins,14,0.382699275155829,0.402039402039402,0.147788517420141,0.753795879529025,0.308821149233217,0.0214285590671941,0,0.0302335104272196,0.184549807679458,0.192514763196604,0.2,0.7,0.3,1.1,0.03,,,NaN,NaN,NaN,NaN,NaN,NaN,NaN,NaN,NaN,NaN,NaN,NaN,NaN,NaN
SimpleBaseline,10,spike_bins,14,0.382699275155829,0.402039402039402,0.147788517420141,0.753795879529025,0.308821149233217,0.0214285590671941,0,0.0302335104272196,0.184549807679458,0.192514763196604,0.2,0.7,0.3,1.1,0.05,,,NaN,NaN,NaN,NaN,NaN,NaN,NaN,NaN,NaN,NaN,NaN,NaN,NaN,NaN
SimpleBaseline,10,spike_bins,14,0.382699275155829,0.402039402039402,0.147788517420141,0.753795879529025,0.308821149233217,0.0214285590671941,0,0.0302335104272196,0.184549807679458,0.192514763196604,0.2,0.7,0.3,1.1,0.08,,,NaN,NaN,NaN,NaN,NaN,NaN,NaN,NaN,NaN,NaN,NaN,NaN,NaN,NaN
SimpleBaseline,10,spike_bins,14,0.382699275155829,0.402039402039402,0.147788517420141,0.753795879529025,0.308821149233217,0.0214285590671941,0,0.0302335104272196,0.184549807679458,0.192514763196604,0.2,0.7,0.3,1.1,0.1,,,NaN,NaN,NaN,NaN,NaN,NaN,NaN,NaN,NaN,NaN,NaN,NaN,NaN,NaN
SimpleBaseline,10,spike_bins,14,0.377105422151142,0.395628220231083,0.149277762782073,0.751641361171109,0.303979298250155,0.0214285590671941,0,0.0305191559019404,0.181068944763221,0.191324287006127,0.2,0.7,0.3,1.1,0.15,,,NaN,NaN,NaN,NaN,NaN,NaN,NaN,NaN,NaN,NaN,NaN,NaN,NaN,NaN
SimpleBaseline,10,spike_bins,14,0.366882831990015,0.363955268717173,0.151981561470157,0.778992255888124,0.282464475628765,0.0214285590671941,0,0.0295685671053132,0.170613585432632,0.176876192749228,0.2,0.7,0.3,1.2,0.03,,,NaN,NaN,NaN,NaN,NaN,NaN,NaN,NaN,NaN,NaN,NaN,NaN,NaN,NaN
SimpleBaseline,10,spike_bins,14,0.366882831990015,0.363955268717173,0.151981561470157,0.778992255888124,0.282464475628765,0.0214285590671941,0,0.0295685671053132,0.170613585432632,0.176876192749228,0.2,0.7,0.3,1.2,0.05,,,NaN,NaN,NaN,NaN,NaN,NaN,NaN,NaN,NaN,NaN,NaN,NaN,NaN,NaN
SimpleBaseline,10,spike_bins,14,0.366882831990015,0.363955268717173,0.151981561470157,0.778992255888124,0.282464475628765,0.0214285590671941,0,0.0295685671053132,0.170613585432632,0.176876192749228,0.2,0.7,0.3,1.2,0.08,,,NaN,NaN,NaN,NaN,NaN,NaN,NaN,NaN,NaN,NaN,NaN,NaN,NaN,NaN
SimpleBaseline,10,spike_bins,14,0.366882831990015,0.363955268717173,0.151981561470157,0.778992255888124,0.282464475628765,0.0214285590671941,0,0.0295685671053132,0.170613585432632,0.176876192749228,0.2,0.7,0.3,1.2,0.1,,,NaN,NaN,NaN,NaN,NaN,NaN,NaN,NaN,NaN,NaN,NaN,NaN,NaN,NaN
SimpleBaseline,10,spike_bins,14,0.361652377324171,0.360795315212807,0.153376055730302,0.77691027927516,0.278108403764272,0.0214285590671941,0,0.0299437035005188,0.167341886655043,0.174808143762172,0.2,0.7,0.3,1.2,0.15,,,NaN,NaN,NaN,NaN,NaN,NaN,NaN,NaN,NaN,NaN,NaN,NaN,NaN,NaN
SimpleBaseline,10,spike_bins,14,0.354540717197497,0.349245320753385,0.160952158293412,0.804356416157561,0.261958706564207,0.0214285590671941,0,0.0295466706485695,0.158350385408277,0.157281863792419,0.2,0.7,0.3,1.3,0.03,,,NaN,NaN,NaN,NaN,NaN,NaN,NaN,NaN,NaN,NaN,NaN,NaN,NaN,NaN
SimpleBaseline,10,spike_bins,14,0.354540717197497,0.349245320753385,0.160952158293412,0.804356416157561,0.261958706564207,0.0214285590671941,0,0.0295466706485695,0.158350385408277,0.157281863792419,0.2,0.7,0.3,1.3,0.05,,,NaN,NaN,NaN,NaN,NaN,NaN,NaN,NaN,NaN,NaN,NaN,NaN,NaN,NaN
SimpleBaseline,10,spike_bins,14,0.354540717197497,0.349245320753385,0.160952158293412,0.804356416157561,0.261958706564207,0.0214285590671941,0,0.0295466706485695,0.158350385408277,0.157281863792419,0.2,0.7,0.3,1.3,0.08,,,NaN,NaN,NaN,NaN,NaN,NaN,NaN,NaN,NaN,NaN,NaN,NaN,NaN,NaN
SimpleBaseline,10,spike_bins,14,0.354540717197497,0.349245320753385,0.160952158293412,0.804356416157561,0.261958706564207,0.0214285590671941,0,0.0295466706485695,0.158350385408277,0.157281863792419,0.2,0.7,0.3,1.3,0.1,,,NaN,NaN,NaN,NaN,NaN,NaN,NaN,NaN,NaN,NaN,NaN,NaN,NaN,NaN
SimpleBaseline,10,spike_bins,14,0.350114925959057,0.347603611674289,0.162948068368888,0.802724994408085,0.258480115032648,0.024999960864135,0,0.0298749221088519,0.155956166963621,0.1552032766998,0.2,0.7,0.3,1.3,0.15,,,NaN,NaN,NaN,NaN,NaN,NaN,NaN,NaN,NaN,NaN,NaN,NaN,NaN,NaN
SimpleBaseline,10,spike_bins,14,0.339808076204623,0.322160227392357,0.164167068189656,0.820274181027733,0.243295860252562,0.0142856945592105,0,0.0297438805568583,0.147069488347133,0.138889409790062,0.2,0.7,0.3,1.4,0.03,,,NaN,NaN,NaN,NaN,NaN,NaN,NaN,NaN,NaN,NaN,NaN,NaN,NaN,NaN
SimpleBaseline,10,spike_bins,14,0.339808076204623,0.322160227392357,0.164167068189656,0.820274181027733,0.243295860252562,0.0142856945592105,0,0.0297438805568583,0.147069488347133,0.138889409790062,0.2,0.7,0.3,1.4,0.05,,,NaN,NaN,NaN,NaN,NaN,NaN,NaN,NaN,NaN,NaN,NaN,NaN,NaN,NaN
SimpleBaseline,10,spike_bins,14,0.339808076204623,0.322160227392357,0.164167068189656,0.820274181027733,0.243295860252562,0.0142856945592105,0,0.0297438805568583,0.147069488347133,0.138889409790062,0.2,0.7,0.3,1.4,0.08,,,NaN,NaN,NaN,NaN,NaN,NaN,NaN,NaN,NaN,NaN,NaN,NaN,NaN,NaN
SimpleBaseline,10,spike_bins,14,0.339808076204623,0.322160227392357,0.164167068189656,0.820274181027733,0.243295860252562,0.0142856945592105,0,0.0297438805568583,0.147069488347133,0.138889409790062,0.2,0.7,0.3,1.4,0.1,,,NaN,NaN,NaN,NaN,NaN,NaN,NaN,NaN,NaN,NaN,NaN,NaN,NaN,NaN
SimpleBaseline,10,spike_bins,14,0.336180009874669,0.321136466017231,0.165769528788746,0.818850870847532,0.240534510979757,0.0178570963561514,0,0.0301894750961364,0.145093021639141,0.137883241376916,0.2,0.7,0.3,1.4,0.15,,,NaN,NaN,NaN,NaN,NaN,NaN,NaN,NaN,NaN,NaN,NaN,NaN,NaN,NaN
SimpleBaseline,10,spike_bins,14,0.386517445282564,0.370481391873621,0.116962207588598,0.510802456426562,0.45532051780466,0.0214285590671941,0,0.0261787693446726,0.257098667569142,0.266827258762743,0.2,0.8,0.2,0.4,0.03,,,NaN,NaN,NaN,NaN,NaN,NaN,NaN,NaN,NaN,NaN,NaN,NaN,NaN,NaN
SimpleBaseline,10,spike_bins,14,0.386517445282564,0.370481391873621,0.116962207588598,0.510802456426562,0.45532051780466,0.0214285590671941,0,0.0261787693446726,0.257098667569142,0.266827258762743,0.2,0.8,0.2,0.4,0.05,,,NaN,NaN,NaN,NaN,NaN,NaN,NaN,NaN,NaN,NaN,NaN,NaN,NaN,NaN
SimpleBaseline,10,spike_bins,14,0.386517445282564,0.370481391873621,0.116962207588598,0.510802456426562,0.45532051780466,0.0214285590671941,0,0.0261787693446726,0.257098667569142,0.266827258762743,0.2,0.8,0.2,0.4,0.08,,,NaN,NaN,NaN,NaN,NaN,NaN,NaN,NaN,NaN,NaN,NaN,NaN,NaN,NaN
SimpleBaseline,10,spike_bins,14,0.386517445282564,0.370481391873621,0.116962207588598,0.510802456426562,0.45532051780466,0.0214285590671941,0,0.0261787693446726,0.257098667569142,0.266827258762743,0.2,0.8,0.2,0.4,0.1,,,NaN,NaN,NaN,NaN,NaN,NaN,NaN,NaN,NaN,NaN,NaN,NaN,NaN,NaN
SimpleBaseline,10,spike_bins,14,0.378061727653942,0.361198365251461,0.115083329956223,0.509200115490821,0.442366219687753,0.0214285590671941,0,0.0266025628165171,0.248977368235281,0.266827258762743,0.2,0.8,0.2,0.4,0.15,,,NaN,NaN,NaN,NaN,NaN,NaN,NaN,NaN,NaN,NaN,NaN,NaN,NaN,NaN
SimpleBaseline,10,spike_bins,14,0.390776977722443,0.381235410534862,0.112667835447197,0.540731571291019,0.439861598684813,0.0214285590671941,0,0.0265596863896197,0.25010120474048,0.257412838057999,0.2,0.8,0.2,0.5,0.03,,,NaN,NaN,NaN,NaN,NaN,NaN,NaN,NaN,NaN,NaN,NaN,NaN,NaN,NaN
SimpleBaseline,10,spike_bins,14,0.390776977722443,0.381235410534862,0.112667835447197,0.540731571291019,0.439861598684813,0.0214285590671941,0,0.0265596863896197,0.25010120474048,0.257412838057999,0.2,0.8,0.2,0.5,0.05,,,NaN,NaN,NaN,NaN,NaN,NaN,NaN,NaN,NaN,NaN,NaN,NaN,NaN,NaN
SimpleBaseline,10,spike_bins,14,0.390776977722443,0.381235410534862,0.112667835447197,0.540731571291019,0.439861598684813,0.0214285590671941,0,0.0265596863896197,0.25010120474048,0.257412838057999,0.2,0.8,0.2,0.5,0.08,,,NaN,NaN,NaN,NaN,NaN,NaN,NaN,NaN,NaN,NaN,NaN,NaN,NaN,NaN
SimpleBaseline,10,spike_bins,14,0.390776977722443,0.381235410534862,0.112667835447197,0.540731571291019,0.439861598684813,0.0214285590671941,0,0.0265596863896197,0.25010120474048,0.257412838057999,0.2,0.8,0.2,0.5,0.1,,,NaN,NaN,NaN,NaN,NaN,NaN,NaN,NaN,NaN,NaN,NaN,NaN,NaN,NaN
SimpleBaseline,10,spike_bins,14,0.382571296793456,0.367600737104876,0.111347250840389,0.538857669173132,0.428549454311369,0.0214285590671941,0,0.0269427992000051,0.242856147333999,0.257412838057999,0.2,0.8,0.2,0.5,0.15,,,NaN,NaN,NaN,NaN,NaN,NaN,NaN,NaN,NaN,NaN,NaN,NaN,NaN,NaN
SimpleBaseline,10,spike_bins,14,0.398820173107714,0.405886038045106,0.110947510427485,0.577293600562751,0.425682355686235,0.0214285590671941,0,0.0277844391171824,0.244691787240517,0.254526835171996,0.2,0.8,0.2,0.6,0.03,,,NaN,NaN,NaN,NaN,NaN,NaN,NaN,NaN,NaN,NaN,NaN,NaN,NaN,NaN
SimpleBaseline,10,spike_bins,14,0.398820173107714,0.405886038045106,0.110947510427485,0.577293600562751,0.425682355686235,0.0214285590671941,0,0.0277844391171824,0.244691787240517,0.254526835171996,0.2,0.8,0.2,0.6,0.05,,,NaN,NaN,NaN,NaN,NaN,NaN,NaN,NaN,NaN,NaN,NaN,NaN,NaN,NaN
SimpleBaseline,10,spike_bins,14,0.398820173107714,0.405886038045106,0.110947510427485,0.577293600562751,0.425682355686235,0.0214285590671941,0,0.0277844391171824,0.244691787240517,0.254526835171996,0.2,0.8,0.2,0.6,0.08,,,NaN,NaN,NaN,NaN,NaN,NaN,NaN,NaN,NaN,NaN,NaN,NaN,NaN,NaN
SimpleBaseline,10,spike_bins,14,0.398820173107714,0.405886038045106,0.110947510427485,0.577293600562751,0.425682355686235,0.0214285590671941,0,0.0277844391171824,0.244691787240517,0.254526835171996,0.2,0.8,0.2,0.6,0.1,,,NaN,NaN,NaN,NaN,NaN,NaN,NaN,NaN,NaN,NaN,NaN,NaN,NaN,NaN
SimpleBaseline,10,spike_bins,14,0.39016783011365,0.393221684677504,0.11104984963636,0.574663830368935,0.41524341948217,0.0214285590671941,0,0.0280150192411948,0.237819904906754,0.254526835171996,0.2,0.8,0.2,0.6,0.15,,,NaN,NaN,NaN,NaN,NaN,NaN,NaN,NaN,NaN,NaN,NaN,NaN,NaN,NaN
SimpleBaseline,10,spike_bins,14,0.401557993698707,0.406085833113352,0.115812051265353,0.611357041037898,0.406420381240379,0.0214285590671941,0,0.0284328507504806,0.23485522885408,0.24579900386352,0.2,0.8,0.2,0.7,0.03,,,NaN,NaN,NaN,NaN,NaN,NaN,NaN,NaN,NaN,NaN,NaN,NaN,NaN,NaN
SimpleBaseline,10,spike_bins,14,0.401557993698707,0.406085833113352,0.115812051265353,0.611357041037898,0.406420381240379,0.0214285590671941,0,0.0284328507504806,0.23485522885408,0.24579900386352,0.2,0.8,0.2,0.7,0.05,,,NaN,NaN,NaN,NaN,NaN,NaN,NaN,NaN,NaN,NaN,NaN,NaN,NaN,NaN
SimpleBaseline,10,spike_bins,14,0.401557993698707,0.406085833113352,0.115812051265353,0.611357041037898,0.406420381240379,0.0214285590671941,0,0.0284328507504806,0.23485522885408,0.24579900386352,0.2,0.8,0.2,0.7,0.08,,,NaN,NaN,NaN,NaN,NaN,NaN,NaN,NaN,NaN,NaN,NaN,NaN,NaN,NaN
SimpleBaseline,10,spike_bins,14,0.401557993698707,0.406085833113352,0.115812051265353,0.611357041037898,0.406420381240379,0.0214285590671941,0,0.0284328507504806,0.23485522885408,0.24579900386352,0.2,0.8,0.2,0.7,0.1,,,NaN,NaN,NaN,NaN,NaN,NaN,NaN,NaN,NaN,NaN,NaN,NaN,NaN,NaN
SimpleBaseline,10,spike_bins,14,0.393240382925438,0.393204073221341,0.116312087032996,0.608555370652364,0.397076810546898,0.0214285590671941,0,0.0286586668654212,0.228846676000492,0.24579900386352,0.2,0.8,0.2,0.7,0.15,,,NaN,NaN,NaN,NaN,NaN,NaN,NaN,NaN,NaN,NaN,NaN,NaN,NaN,NaN
SimpleBaseline,10,spike_bins,14,0.40304269038836,0.423711247296323,0.120911025190469,0.646498645998881,0.389221672078255,0.0214285590671941,0,0.0288209912184292,0.227212612741749,0.230519480519481,0.2,0.8,0.2,0.8,0.03,,,NaN,NaN,NaN,NaN,NaN,NaN,NaN,NaN,NaN,NaN,NaN,NaN,NaN,NaN
SimpleBaseline,10,spike_bins,14,0.40304269038836,0.423711247296323,0.120911025190469,0.646498645998881,0.389221672078255,0.0214285590671941,0,0.0288209912184292,0.227212612741749,0.230519480519481,0.2,0.8,0.2,0.8,0.05,,,NaN,NaN,NaN,NaN,NaN,NaN,NaN,NaN,NaN,NaN,NaN,NaN,NaN,NaN
SimpleBaseline,10,spike_bins,14,0.40304269038836,0.423711247296323,0.120911025190469,0.646498645998881,0.389221672078255,0.0214285590671941,0,0.0288209912184292,0.227212612741749,0.230519480519481,0.2,0.8,0.2,0.8,0.08,,,NaN,NaN,NaN,NaN,NaN,NaN,NaN,NaN,NaN,NaN,NaN,NaN,NaN,NaN
SimpleBaseline,10,spike_bins,14,0.40304269038836,0.423711247296323,0.120911025190469,0.646498645998881,0.389221672078255,0.0214285590671941,0,0.0288209912184292,0.227212612741749,0.230519480519481,0.2,0.8,0.2,0.8,0.1,,,NaN,NaN,NaN,NaN,NaN,NaN,NaN,NaN,NaN,NaN,NaN,NaN,NaN,NaN
SimpleBaseline,10,spike_bins,14,0.395472683235928,0.423711247296323,0.121685687631908,0.643474024585379,0.381164670657064,0.0214285590671941,0,0.0290101436142365,0.222031046328657,0.230519480519481,0.2,0.8,0.2,0.8,0.15,,,NaN,NaN,NaN,NaN,NaN,NaN,NaN,NaN,NaN,NaN,NaN,NaN,NaN,NaN
SimpleBaseline,10,spike_bins,14,0.401308392553148,0.445291777188329,0.127799072764814,0.67723783257164,0.367120313441388,0.0214285590671941,0,0.0288997357935568,0.216683904581882,0.223269561979239,0.2,0.8,0.2,0.9,0.03,,,NaN,NaN,NaN,NaN,NaN,NaN,NaN,NaN,NaN,NaN,NaN,NaN,NaN,NaN
SimpleBaseline,10,spike_bins,14,0.401308392553148,0.445291777188329,0.127799072764814,0.67723783257164,0.367120313441388,0.0214285590671941,0,0.0288997357935568,0.216683904581882,0.223269561979239,0.2,0.8,0.2,0.9,0.05,,,NaN,NaN,NaN,NaN,NaN,NaN,NaN,NaN,NaN,NaN,NaN,NaN,NaN,NaN
SimpleBaseline,10,spike_bins,14,0.401308392553148,0.445291777188329,0.127799072764814,0.67723783257164,0.367120313441388,0.0214285590671941,0,0.0288997357935568,0.216683904581882,0.223269561979239,0.2,0.8,0.2,0.9,0.08,,,NaN,NaN,NaN,NaN,NaN,NaN,NaN,NaN,NaN,NaN,NaN,NaN,NaN,NaN
SimpleBaseline,10,spike_bins,14,0.401308392553148,0.445291777188329,0.127799072764814,0.67723783257164,0.367120313441388,0.0214285590671941,0,0.0288997357935568,0.216683904581882,0.223269561979239,0.2,0.8,0.2,0.9,0.1,,,NaN,NaN,NaN,NaN,NaN,NaN,NaN,NaN,NaN,NaN,NaN,NaN,NaN,NaN
SimpleBaseline,10,spike_bins,14,0.393699285895713,0.445291777188329,0.128932784155357,0.673778511564156,0.359677321827134,0.0214285590671941,0,0.0291225664059397,0.211966602714682,0.223269561979239,0.2,0.8,0.2,0.9,0.15,,,NaN,NaN,NaN,NaN,NaN,NaN,NaN,NaN,NaN,NaN,NaN,NaN,NaN,NaN
SimpleBaseline,10,spike_bins,14,0.395996673426613,0.447296343917502,0.136097861238812,0.69992026606716,0.347750470230514,0.0214285590671941,0,0.0287959163305924,0.20814763947804,0.214576641995997,0.2,0.8,0.2,1,0.03,,,NaN,NaN,NaN,NaN,NaN,NaN,NaN,NaN,NaN,NaN,NaN,NaN,NaN,NaN
SimpleBaseline,10,spike_bins,14,0.395996673426613,0.447296343917502,0.136097861238812,0.69992026606716,0.347750470230514,0.0214285590671941,0,0.0287959163305924,0.20814763947804,0.214576641995997,0.2,0.8,0.2,1,0.05,,,NaN,NaN,NaN,NaN,NaN,NaN,NaN,NaN,NaN,NaN,NaN,NaN,NaN,NaN
SimpleBaseline,10,spike_bins,14,0.395996673426613,0.447296343917502,0.136097861238812,0.69992026606716,0.347750470230514,0.0214285590671941,0,0.0287959163305924,0.20814763947804,0.214576641995997,0.2,0.8,0.2,1,0.08,,,NaN,NaN,NaN,NaN,NaN,NaN,NaN,NaN,NaN,NaN,NaN,NaN,NaN,NaN
SimpleBaseline,10,spike_bins,14,0.395996673426613,0.447296343917502,0.136097861238812,0.69992026606716,0.347750470230514,0.0214285590671941,0,0.0287959163305924,0.20814763947804,0.214576641995997,0.2,0.8,0.2,1,0.1,,,NaN,NaN,NaN,NaN,NaN,NaN,NaN,NaN,NaN,NaN,NaN,NaN,NaN,NaN
SimpleBaseline,10,spike_bins,14,0.389881086184599,0.440060509745729,0.137747210248802,0.697056662725989,0.34199989131877,0.0214285590671941,0,0.028996015948931,0.204057539155212,0.214576641995997,0.2,0.8,0.2,1,0.15,,,NaN,NaN,NaN,NaN,NaN,NaN,NaN,NaN,NaN,NaN,NaN,NaN,NaN,NaN
SimpleBaseline,10,spike_bins,14,0.389137121176343,0.41699196326062,0.142958063973147,0.728881616659681,0.326348858256415,0.0214285590671941,0,0.029407948088492,0.197307590163226,0.205825536470698,0.2,0.8,0.2,1.1,0.03,,,NaN,NaN,NaN,NaN,NaN,NaN,NaN,NaN,NaN,NaN,NaN,NaN,NaN,NaN
SimpleBaseline,10,spike_bins,14,0.389137121176343,0.41699196326062,0.142958063973147,0.728881616659681,0.326348858256415,0.0214285590671941,0,0.029407948088492,0.197307590163226,0.205825536470698,0.2,0.8,0.2,1.1,0.05,,,NaN,NaN,NaN,NaN,NaN,NaN,NaN,NaN,NaN,NaN,NaN,NaN,NaN,NaN
SimpleBaseline,10,spike_bins,14,0.389137121176343,0.41699196326062,0.142958063973147,0.728881616659681,0.326348858256415,0.0214285590671941,0,0.029407948088492,0.197307590163226,0.205825536470698,0.2,0.8,0.2,1.1,0.08,,,NaN,NaN,NaN,NaN,NaN,NaN,NaN,NaN,NaN,NaN,NaN,NaN,NaN,NaN
SimpleBaseline,10,spike_bins,14,0.389137121176343,0.41699196326062,0.142958063973147,0.728881616659681,0.326348858256415,0.0214285590671941,0,0.029407948088492,0.197307590163226,0.205825536470698,0.2,0.8,0.2,1.1,0.1,,,NaN,NaN,NaN,NaN,NaN,NaN,NaN,NaN,NaN,NaN,NaN,NaN,NaN,NaN
SimpleBaseline,10,spike_bins,14,0.383259028237796,0.412206069054071,0.14429418880233,0.725706846561561,0.321143475363835,0.0214285590671941,0,0.0295849911223503,0.193762685859561,0.205825536470698,0.2,0.8,0.2,1.1,0.15,,,NaN,NaN,NaN,NaN,NaN,NaN,NaN,NaN,NaN,NaN,NaN,NaN,NaN,NaN
SimpleBaseline,10,spike_bins,14,0.382686638491669,0.388081060315021,0.152027871761586,0.761623509882766,0.306059507027749,0.0214285590671941,0,0.0290797090389426,0.18750291631906,0.19540249578305,0.2,0.8,0.2,1.2,0.03,,,NaN,NaN,NaN,NaN,NaN,NaN,NaN,NaN,NaN,NaN,NaN,NaN,NaN,NaN
SimpleBaseline,10,spike_bins,14,0.382686638491669,0.388081060315021,0.152027871761586,0.761623509882766,0.306059507027749,0.0214285590671941,0,0.0290797090389426,0.18750291631906,0.19540249578305,0.2,0.8,0.2,1.2,0.05,,,NaN,NaN,NaN,NaN,NaN,NaN,NaN,NaN,NaN,NaN,NaN,NaN,NaN,NaN
SimpleBaseline,10,spike_bins,14,0.382686638491669,0.388081060315021,0.152027871761586,0.761623509882766,0.306059507027749,0.0214285590671941,0,0.0290797090389426,0.18750291631906,0.19540249578305,0.2,0.8,0.2,1.2,0.08,,,NaN,NaN,NaN,NaN,NaN,NaN,NaN,NaN,NaN,NaN,NaN,NaN,NaN,NaN
SimpleBaseline,10,spike_bins,14,0.382686638491669,0.388081060315021,0.152027871761586,0.761623509882766,0.306059507027749,0.0214285590671941,0,0.0290797090389426,0.18750291631906,0.19540249578305,0.2,0.8,0.2,1.2,0.1,,,NaN,NaN,NaN,NaN,NaN,NaN,NaN,NaN,NaN,NaN,NaN,NaN,NaN,NaN
SimpleBaseline,10,spike_bins,14,0.376952357864269,0.383636574678622,0.153432974088811,0.758772977520978,0.30116689871728,0.0214285590671941,0,0.0292905458095208,0.184143916878628,0.194212019592574,0.2,0.8,0.2,1.2,0.15,,,NaN,NaN,NaN,NaN,NaN,NaN,NaN,NaN,NaN,NaN,NaN,NaN,NaN,NaN
SimpleBaseline,10,spike_bins,14,0.36738676506323,0.365361732508329,0.154015741015399,0.784649583015858,0.28296977973461,0.0214285590671941,0,0.0285471756442749,0.174314074510123,0.179257118687151,0.2,0.8,0.2,1.3,0.03,,,NaN,NaN,NaN,NaN,NaN,NaN,NaN,NaN,NaN,NaN,NaN,NaN,NaN,NaN
SimpleBaseline,10,spike_bins,14,0.36738676506323,0.365361732508329,0.154015741015399,0.784649583015858,0.28296977973461,0.0214285590671941,0,0.0285471756442749,0.174314074510123,0.179257118687151,0.2,0.8,0.2,1.3,0.05,,,NaN,NaN,NaN,NaN,NaN,NaN,NaN,NaN,NaN,NaN,NaN,NaN,NaN,NaN
SimpleBaseline,10,spike_bins,14,0.36738676506323,0.365361732508329,0.154015741015399,0.784649583015858,0.28296977973461,0.0214285590671941,0,0.0285471756442749,0.174314074510123,0.179257118687151,0.2,0.8,0.2,1.3,0.08,,,NaN,NaN,NaN,NaN,NaN,NaN,NaN,NaN,NaN,NaN,NaN,NaN,NaN,NaN
SimpleBaseline,10,spike_bins,14,0.36738676506323,0.365361732508329,0.154015741015399,0.784649583015858,0.28296977973461,0.0214285590671941,0,0.0285471756442749,0.174314074510123,0.179257118687151,0.2,0.8,0.2,1.3,0.1,,,NaN,NaN,NaN,NaN,NaN,NaN,NaN,NaN,NaN,NaN,NaN,NaN,NaN,NaN
SimpleBaseline,10,spike_bins,14,0.361924471800319,0.364130651132549,0.15580200946269,0.781501285956248,0.278593481402067,0.0214285590671941,0,0.0287187391884761,0.171471385047618,0.177189023960085,0.2,0.8,0.2,1.3,0.15,,,NaN,NaN,NaN,NaN,NaN,NaN,NaN,NaN,NaN,NaN,NaN,NaN,NaN,NaN
SimpleBaseline,10,spike_bins,14,0.356191927113346,0.35135792554832,0.161457102209612,0.805393270537551,0.264035424714251,0.0214285590671941,0,0.028725629558951,0.162528462625734,0.163296210913994,0.2,0.8,0.2,1.4,0.03,,,NaN,NaN,NaN,NaN,NaN,NaN,NaN,NaN,NaN,NaN,NaN,NaN,NaN,NaN
SimpleBaseline,10,spike_bins,14,0.356191927113346,0.35135792554832,0.161457102209612,0.805393270537551,0.264035424714251,0.0214285590671941,0,0.028725629558951,0.162528462625734,0.163296210913994,0.2,0.8,0.2,1.4,0.05,,,NaN,NaN,NaN,NaN,NaN,NaN,NaN,NaN,NaN,NaN,NaN,NaN,NaN,NaN
SimpleBaseline,10,spike_bins,14,0.356191927113346,0.35135792554832,0.161457102209612,0.805393270537551,0.264035424714251,0.0214285590671941,0,0.028725629558951,0.162528462625734,0.163296210913994,0.2,0.8,0.2,1.4,0.08,,,NaN,NaN,NaN,NaN,NaN,NaN,NaN,NaN,NaN,NaN,NaN,NaN,NaN,NaN
SimpleBaseline,10,spike_bins,14,0.356191927113346,0.35135792554832,0.161457102209612,0.805393270537551,0.264035424714251,0.0214285590671941,0,0.028725629558951,0.162528462625734,0.163296210913994,0.2,0.8,0.2,1.4,0.1,,,NaN,NaN,NaN,NaN,NaN,NaN,NaN,NaN,NaN,NaN,NaN,NaN,NaN,NaN
SimpleBaseline,10,spike_bins,14,0.351350469495472,0.350548708031408,0.163725996425017,0.802391333771784,0.260387341725688,0.0214285590671941,0,0.0288846135732282,0.160137373527288,0.162700972818756,0.2,0.8,0.2,1.4,0.15,,,NaN,NaN,NaN,NaN,NaN,NaN,NaN,NaN,NaN,NaN,NaN,NaN,NaN,NaN
SimpleBaseline,10,spike_bins,14,0.382290345390253,0.371558255566848,0.118572211540676,0.487225027050714,0.46537699964717,0.0214285590671941,0,0.0249121094092013,0.264075861555202,0.275555090071219,0.2,0.9,0.1,0.4,0.03,,,NaN,NaN,NaN,NaN,NaN,NaN,NaN,NaN,NaN,NaN,NaN,NaN,NaN,NaN
SimpleBaseline,10,spike_bins,14,0.382290345390253,0.371558255566848,0.118572211540676,0.487225027050714,0.46537699964717,0.0214285590671941,0,0.0249121094092013,0.264075861555202,0.275555090071219,0.2,0.9,0.1,0.4,0.05,,,NaN,NaN,NaN,NaN,NaN,NaN,NaN,NaN,NaN,NaN,NaN,NaN,NaN,NaN
SimpleBaseline,10,spike_bins,14,0.382290345390253,0.371558255566848,0.118572211540676,0.487225027050714,0.46537699964717,0.0214285590671941,0,0.0249121094092013,0.264075861555202,0.275555090071219,0.2,0.9,0.1,0.4,0.08,,,NaN,NaN,NaN,NaN,NaN,NaN,NaN,NaN,NaN,NaN,NaN,NaN,NaN,NaN
SimpleBaseline,10,spike_bins,14,0.382290345390253,0.371558255566848,0.118572211540676,0.487225027050714,0.46537699964717,0.0214285590671941,0,0.0249121094092013,0.264075861555202,0.275555090071219,0.2,0.9,0.1,0.4,0.1,,,NaN,NaN,NaN,NaN,NaN,NaN,NaN,NaN,NaN,NaN,NaN,NaN,NaN,NaN
SimpleBaseline,10,spike_bins,14,0.374545530973881,0.364324220868289,0.116427786008427,0.486278754537604,0.452153501624017,0.0214285590671941,0,0.0250922731317302,0.256084767865671,0.275555090071219,0.2,0.9,0.1,0.4,0.15,,,NaN,NaN,NaN,NaN,NaN,NaN,NaN,NaN,NaN,NaN,NaN,NaN,NaN,NaN
SimpleBaseline,10,spike_bins,14,0.385256877388485,0.366915030526701,0.113704434501602,0.516221534384639,0.450001806694115,0.0214285590671941,0,0.0253656966937486,0.257918317030448,0.267572033701066,0.2,0.9,0.1,0.5,0.03,,,NaN,NaN,NaN,NaN,NaN,NaN,NaN,NaN,NaN,NaN,NaN,NaN,NaN,NaN
SimpleBaseline,10,spike_bins,14,0.385256877388485,0.366915030526701,0.113704434501602,0.516221534384639,0.450001806694115,0.0214285590671941,0,0.0253656966937486,0.257918317030448,0.267572033701066,0.2,0.9,0.1,0.5,0.05,,,NaN,NaN,NaN,NaN,NaN,NaN,NaN,NaN,NaN,NaN,NaN,NaN,NaN,NaN
SimpleBaseline,10,spike_bins,14,0.385256877388485,0.366915030526701,0.113704434501602,0.516221534384639,0.450001806694115,0.0214285590671941,0,0.0253656966937486,0.257918317030448,0.267572033701066,0.2,0.9,0.1,0.5,0.08,,,NaN,NaN,NaN,NaN,NaN,NaN,NaN,NaN,NaN,NaN,NaN,NaN,NaN,NaN
SimpleBaseline,10,spike_bins,14,0.385256877388485,0.366915030526701,0.113704434501602,0.516221534384639,0.450001806694115,0.0214285590671941,0,0.0253656966937486,0.257918317030448,0.267572033701066,0.2,0.9,0.1,0.5,0.1,,,NaN,NaN,NaN,NaN,NaN,NaN,NaN,NaN,NaN,NaN,NaN,NaN,NaN,NaN
SimpleBaseline,10,spike_bins,14,0.376973078625754,0.361371796736054,0.112216226969853,0.514245839135972,0.437858837652493,0.0214285590671941,0,0.0256255041487992,0.250363030024043,0.267572033701066,0.2,0.9,0.1,0.5,0.15,,,NaN,NaN,NaN,NaN,NaN,NaN,NaN,NaN,NaN,NaN,NaN,NaN,NaN,NaN
SimpleBaseline,10,spike_bins,14,0.389679371071473,0.389281168906299,0.110671703703776,0.546035018732069,0.435389704251997,0.0214285590671941,0,0.0260398840918972,0.250691386326635,0.261043615882326,0.2,0.9,0.1,0.6,0.03,,,NaN,NaN,NaN,NaN,NaN,NaN,NaN,NaN,NaN,NaN,NaN,NaN,NaN,NaN
SimpleBaseline,10,spike_bins,14,0.389679371071473,0.389281168906299,0.110671703703776,0.546035018732069,0.435389704251997,0.0214285590671941,0,0.0260398840918972,0.250691386326635,0.261043615882326,0.2,0.9,0.1,0.6,0.05,,,NaN,NaN,NaN,NaN,NaN,NaN,NaN,NaN,NaN,NaN,NaN,NaN,NaN,NaN
SimpleBaseline,10,spike_bins,14,0.389679371071473,0.389281168906299,0.110671703703776,0.546035018732069,0.435389704251997,0.0214285590671941,0,0.0260398840918972,0.250691386326635,0.261043615882326,0.2,0.9,0.1,0.6,0.08,,,NaN,NaN,NaN,NaN,NaN,NaN,NaN,NaN,NaN,NaN,NaN,NaN,NaN,NaN
SimpleBaseline,10,spike_bins,14,0.389679371071473,0.389281168906299,0.110671703703776,0.546035018732069,0.435389704251997,0.0214285590671941,0,0.0260398840918972,0.250691386326635,0.261043615882326,0.2,0.9,0.1,0.6,0.1,,,NaN,NaN,NaN,NaN,NaN,NaN,NaN,NaN,NaN,NaN,NaN,NaN,NaN,NaN
SimpleBaseline,10,spike_bins,14,0.381117770948619,0.371428571428571,0.109818177539256,0.543741353834685,0.423865506487664,0.0214285590671941,0,0.0262928093743536,0.243398902560706,0.261043615882326,0.2,0.9,0.1,0.6,0.15,,,NaN,NaN,NaN,NaN,NaN,NaN,NaN,NaN,NaN,NaN,NaN,NaN,NaN,NaN
SimpleBaseline,10,spike_bins,14,0.394845297335971,0.402220480668756,0.110909489029336,0.578238893622665,0.418992262728642,0.0214285590671941,0,0.0270743986150408,0.242956293923062,0.25670297444491,0.2,0.9,0.1,0.7,0.03,,,NaN,NaN,NaN,NaN,NaN,NaN,NaN,NaN,NaN,NaN,NaN,NaN,NaN,NaN
SimpleBaseline,10,spike_bins,14,0.394845297335971,0.402220480668756,0.110909489029336,0.578238893622665,0.418992262728642,0.0214285590671941,0,0.0270743986150408,0.242956293923062,0.25670297444491,0.2,0.9,0.1,0.7,0.05,,,NaN,NaN,NaN,NaN,NaN,NaN,NaN,NaN,NaN,NaN,NaN,NaN,NaN,NaN
SimpleBaseline,10,spike_bins,14,0.394845297335971,0.402220480668756,0.110909489029336,0.578238893622665,0.418992262728642,0.0214285590671941,0,0.0270743986150408,0.242956293923062,0.25670297444491,0.2,0.9,0.1,0.7,0.08,,,NaN,NaN,NaN,NaN,NaN,NaN,NaN,NaN,NaN,NaN,NaN,NaN,NaN,NaN
SimpleBaseline,10,spike_bins,14,0.394845297335971,0.402220480668756,0.110909489029336,0.578238893622665,0.418992262728642,0.0214285590671941,0,0.0270743986150408,0.242956293923062,0.25670297444491,0.2,0.9,0.1,0.7,0.1,,,NaN,NaN,NaN,NaN,NaN,NaN,NaN,NaN,NaN,NaN,NaN,NaN,NaN,NaN
SimpleBaseline,10,spike_bins,14,0.386105503022776,0.37833356540054,0.111470332743498,0.575321578865267,0.408637683080511,0.0214285590671941,0,0.0271477642959926,0.236689363213488,0.25670297444491,0.2,0.9,0.1,0.7,0.15,,,NaN,NaN,NaN,NaN,NaN,NaN,NaN,NaN,NaN,NaN,NaN,NaN,NaN,NaN
SimpleBaseline,10,spike_bins,14,0.399635892706781,0.395072184245081,0.114643783567942,0.613763311510156,0.403050870805226,0.0214285590671941,0,0.0267607162027133,0.235868444331563,0.249429781687846,0.2,0.9,0.1,0.8,0.03,,,NaN,NaN,NaN,NaN,NaN,NaN,NaN,NaN,NaN,NaN,NaN,NaN,NaN,NaN
SimpleBaseline,10,spike_bins,14,0.399635892706781,0.395072184245081,0.114643783567942,0.613763311510156,0.403050870805226,0.0214285590671941,0,0.0267607162027133,0.235868444331563,0.249429781687846,0.2,0.9,0.1,0.8,0.05,,,NaN,NaN,NaN,NaN,NaN,NaN,NaN,NaN,NaN,NaN,NaN,NaN,NaN,NaN
SimpleBaseline,10,spike_bins,14,0.399635892706781,0.395072184245081,0.114643783567942,0.613763311510156,0.403050870805226,0.0214285590671941,0,0.0267607162027133,0.235868444331563,0.249429781687846,0.2,0.9,0.1,0.8,0.08,,,NaN,NaN,NaN,NaN,NaN,NaN,NaN,NaN,NaN,NaN,NaN,NaN,NaN,NaN
SimpleBaseline,10,spike_bins,14,0.399635892706781,0.395072184245081,0.114643783567942,0.613763311510156,0.403050870805226,0.0214285590671941,0,0.0267607162027133,0.235868444331563,0.249429781687846,0.2,0.9,0.1,0.8,0.1,,,NaN,NaN,NaN,NaN,NaN,NaN,NaN,NaN,NaN,NaN,NaN,NaN,NaN,NaN
SimpleBaseline,10,spike_bins,14,0.391220032304961,0.385434001027221,0.115538280943056,0.61055470063474,0.393805137398122,0.0178571345912701,0,0.0267681498106217,0.23026642085564,0.249429781687846,0.2,0.9,0.1,0.8,0.15,,,NaN,NaN,NaN,NaN,NaN,NaN,NaN,NaN,NaN,NaN,NaN,NaN,NaN,NaN
SimpleBaseline,10,spike_bins,14,0.398489047093099,0.414456419430644,0.121322038688291,0.644829750738523,0.384643514533214,0.0214285590671941,0,0.0275546123214321,0.225862634405231,0.234860121956896,0.2,0.9,0.1,0.9,0.03,,,NaN,NaN,NaN,NaN,NaN,NaN,NaN,NaN,NaN,NaN,NaN,NaN,NaN,NaN
SimpleBaseline,10,spike_bins,14,0.398489047093099,0.414456419430644,0.121322038688291,0.644829750738523,0.384643514533214,0.0214285590671941,0,0.0275546123214321,0.225862634405231,0.234860121956896,0.2,0.9,0.1,0.9,0.05,,,NaN,NaN,NaN,NaN,NaN,NaN,NaN,NaN,NaN,NaN,NaN,NaN,NaN,NaN
SimpleBaseline,10,spike_bins,14,0.398489047093099,0.414456419430644,0.121322038688291,0.644829750738523,0.384643514533214,0.0214285590671941,0,0.0275546123214321,0.225862634405231,0.234860121956896,0.2,0.9,0.1,0.9,0.08,,,NaN,NaN,NaN,NaN,NaN,NaN,NaN,NaN,NaN,NaN,NaN,NaN,NaN,NaN
SimpleBaseline,10,spike_bins,14,0.398489047093099,0.414456419430644,0.121322038688291,0.644829750738523,0.384643514533214,0.0214285590671941,0,0.0275546123214321,0.225862634405231,0.234860121956896,0.2,0.9,0.1,0.9,0.1,,,NaN,NaN,NaN,NaN,NaN,NaN,NaN,NaN,NaN,NaN,NaN,NaN,NaN,NaN
SimpleBaseline,10,spike_bins,14,0.390540416921137,0.414456419430644,0.122449247284938,0.641289117447061,0.376566666440909,0.0214285590671941,0,0.0275221996017938,0.22130262652523,0.234860121956896,0.2,0.9,0.1,0.9,0.15,,,NaN,NaN,NaN,NaN,NaN,NaN,NaN,NaN,NaN,NaN,NaN,NaN,NaN,NaN
SimpleBaseline,10,spike_bins,14,0.399547552442929,0.446227457156293,0.127911113655297,0.676927621593421,0.366370704225144,0.0214285590671941,0,0.0280618893814979,0.217982751305826,0.223269561979239,0.2,0.9,0.1,1,0.03,,,NaN,NaN,NaN,NaN,NaN,NaN,NaN,NaN,NaN,NaN,NaN,NaN,NaN,NaN
SimpleBaseline,10,spike_bins,14,0.399547552442929,0.446227457156293,0.127911113655297,0.676927621593421,0.366370704225144,0.0214285590671941,0,0.0280618893814979,0.217982751305826,0.223269561979239,0.2,0.9,0.1,1,0.05,,,NaN,NaN,NaN,NaN,NaN,NaN,NaN,NaN,NaN,NaN,NaN,NaN,NaN,NaN
SimpleBaseline,10,spike_bins,14,0.399547552442929,0.446227457156293,0.127911113655297,0.676927621593421,0.366370704225144,0.0214285590671941,0,0.0280618893814979,0.217982751305826,0.223269561979239,0.2,0.9,0.1,1,0.08,,,NaN,NaN,NaN,NaN,NaN,NaN,NaN,NaN,NaN,NaN,NaN,NaN,NaN,NaN
SimpleBaseline,10,spike_bins,14,0.399547552442929,0.446227457156293,0.127911113655297,0.676927621593421,0.366370704225144,0.0214285590671941,0,0.0280618893814979,0.217982751305826,0.223269561979239,0.2,0.9,0.1,1,0.1,,,NaN,NaN,NaN,NaN,NaN,NaN,NaN,NaN,NaN,NaN,NaN,NaN,NaN,NaN
SimpleBaseline,10,spike_bins,14,0.39251695716072,0.439302870669049,0.12993560610125,0.67375421092862,0.359585431855146,0.0214285590671941,0,0.0281639296573549,0.214010756228005,0.223269561979239,0.2,0.9,0.1,1,0.15,,,NaN,NaN,NaN,NaN,NaN,NaN,NaN,NaN,NaN,NaN,NaN,NaN,NaN,NaN
SimpleBaseline,10,spike_bins,14,0.393189810372875,0.442552287697381,0.136260446428866,0.700095873012803,0.344324876044117,0.0214285590671941,0,0.0289368930692822,0.208241254477487,0.219638784154913,0.2,0.9,0.1,1.1,0.03,,,NaN,NaN,NaN,NaN,NaN,NaN,NaN,NaN,NaN,NaN,NaN,NaN,NaN,NaN
SimpleBaseline,10,spike_bins,14,0.393189810372875,0.442552287697381,0.136260446428866,0.700095873012803,0.344324876044117,0.0214285590671941,0,0.0289368930692822,0.208241254477487,0.219638784154913,0.2,0.9,0.1,1.1,0.05,,,NaN,NaN,NaN,NaN,NaN,NaN,NaN,NaN,NaN,NaN,NaN,NaN,NaN,NaN
SimpleBaseline,10,spike_bins,14,0.393189810372875,0.442552287697381,0.136260446428866,0.700095873012803,0.344324876044117,0.0214285590671941,0,0.0289368930692822,0.208241254477487,0.219638784154913,0.2,0.9,0.1,1.1,0.08,,,NaN,NaN,NaN,NaN,NaN,NaN,NaN,NaN,NaN,NaN,NaN,NaN,NaN,NaN
SimpleBaseline,10,spike_bins,14,0.393189810372875,0.442552287697381,0.136260446428866,0.700095873012803,0.344324876044117,0.0214285590671941,0,0.0289368930692822,0.208241254477487,0.219638784154913,0.2,0.9,0.1,1.1,0.1,,,NaN,NaN,NaN,NaN,NaN,NaN,NaN,NaN,NaN,NaN,NaN,NaN,NaN,NaN
SimpleBaseline,10,spike_bins,14,0.386501722026682,0.43512635577823,0.138444841468308,0.696695559572635,0.338173744528675,0.0214285590671941,0,0.0289753195515474,0.204583588476997,0.219638784154913,0.2,0.9,0.1,1.1,0.15,,,NaN,NaN,NaN,NaN,NaN,NaN,NaN,NaN,NaN,NaN,NaN,NaN,NaN,NaN
SimpleBaseline,10,spike_bins,14,0.38819407472217,0.414461861881194,0.142966936335455,0.728003506152512,0.324918971854065,0.0214285590671941,0,0.0288095736903213,0.19904920083364,0.210201089233347,0.2,0.9,0.1,1.2,0.03,,,NaN,NaN,NaN,NaN,NaN,NaN,NaN,NaN,NaN,NaN,NaN,NaN,NaN,NaN
SimpleBaseline,10,spike_bins,14,0.38819407472217,0.414461861881194,0.142966936335455,0.728003506152512,0.324918971854065,0.0214285590671941,0,0.0288095736903213,0.19904920083364,0.210201089233347,0.2,0.9,0.1,1.2,0.05,,,NaN,NaN,NaN,NaN,NaN,NaN,NaN,NaN,NaN,NaN,NaN,NaN,NaN,NaN
SimpleBaseline,10,spike_bins,14,0.38819407472217,0.414461861881194,0.142966936335455,0.728003506152512,0.324918971854065,0.0214285590671941,0,0.0288095736903213,0.19904920083364,0.210201089233347,0.2,0.9,0.1,1.2,0.08,,,NaN,NaN,NaN,NaN,NaN,NaN,NaN,NaN,NaN,NaN,NaN,NaN,NaN,NaN
SimpleBaseline,10,spike_bins,14,0.38819407472217,0.414461861881194,0.142966936335455,0.728003506152512,0.324918971854065,0.0214285590671941,0,0.0288095736903213,0.19904920083364,0.210201089233347,0.2,0.9,0.1,1.2,0.1,,,NaN,NaN,NaN,NaN,NaN,NaN,NaN,NaN,NaN,NaN,NaN,NaN,NaN,NaN
SimpleBaseline,10,spike_bins,14,0.382092012835883,0.409256312648123,0.144983990051436,0.724518490750678,0.319630917208353,0.0214285590671941,0,0.0289150319956028,0.195772153328918,0.210201089233347,0.2,0.9,0.1,1.2,0.15,,,NaN,NaN,NaN,NaN,NaN,NaN,NaN,NaN,NaN,NaN,NaN,NaN,NaN,NaN
SimpleBaseline,10,spike_bins,14,0.377695135392979,0.379384631317066,0.149181668757532,0.751740825049951,0.304875619452461,0.0214285590671941,0,0.0284397001209467,0.188266089347183,0.196793891022456,0.2,0.9,0.1,1.3,0.03,,,NaN,NaN,NaN,NaN,NaN,NaN,NaN,NaN,NaN,NaN,NaN,NaN,NaN,NaN
SimpleBaseline,10,spike_bins,14,0.377695135392979,0.379384631317066,0.149181668757532,0.751740825049951,0.304875619452461,0.0214285590671941,0,0.0284397001209467,0.188266089347183,0.196793891022456,0.2,0.9,0.1,1.3,0.05,,,NaN,NaN,NaN,NaN,NaN,NaN,NaN,NaN,NaN,NaN,NaN,NaN,NaN,NaN
SimpleBaseline,10,spike_bins,14,0.377695135392979,0.379384631317066,0.149181668757532,0.751740825049951,0.304875619452461,0.0214285590671941,0,0.0284397001209467,0.188266089347183,0.196793891022456,0.2,0.9,0.1,1.3,0.08,,,NaN,NaN,NaN,NaN,NaN,NaN,NaN,NaN,NaN,NaN,NaN,NaN,NaN,NaN
SimpleBaseline,10,spike_bins,14,0.377695135392979,0.379384631317066,0.149181668757532,0.751740825049951,0.304875619452461,0.0214285590671941,0,0.0284397001209467,0.188266089347183,0.196793891022456,0.2,0.9,0.1,1.3,0.1,,,NaN,NaN,NaN,NaN,NaN,NaN,NaN,NaN,NaN,NaN,NaN,NaN,NaN,NaN
SimpleBaseline,10,spike_bins,14,0.372098918094827,0.377072182406483,0.151541939709785,0.748445813746608,0.300266903934023,0.0214285590671941,0,0.0284591341374375,0.185541511250857,0.19471531536484,0.2,0.9,0.1,1.3,0.15,,,NaN,NaN,NaN,NaN,NaN,NaN,NaN,NaN,NaN,NaN,NaN,NaN,NaN,NaN
SimpleBaseline,10,spike_bins,14,0.367749203338747,0.372848499382966,0.156803383688866,0.77560234813438,0.285374005088729,0.0142856945592105,0,0.0287813158031255,0.176531114668886,0.176603284492672,0.2,0.9,0.1,1.4,0.03,,,NaN,NaN,NaN,NaN,NaN,NaN,NaN,NaN,NaN,NaN,NaN,NaN,NaN,NaN
SimpleBaseline,10,spike_bins,14,0.367749203338747,0.372848499382966,0.156803383688866,0.77560234813438,0.285374005088729,0.0142856945592105,0,0.0287813158031255,0.176531114668886,0.176603284492672,0.2,0.9,0.1,1.4,0.05,,,NaN,NaN,NaN,NaN,NaN,NaN,NaN,NaN,NaN,NaN,NaN,NaN,NaN,NaN
SimpleBaseline,10,spike_bins,14,0.367749203338747,0.372848499382966,0.156803383688866,0.77560234813438,0.285374005088729,0.0142856945592105,0,0.0287813158031255,0.176531114668886,0.176603284492672,0.2,0.9,0.1,1.4,0.08,,,NaN,NaN,NaN,NaN,NaN,NaN,NaN,NaN,NaN,NaN,NaN,NaN,NaN,NaN
SimpleBaseline,10,spike_bins,14,0.367749203338747,0.372848499382966,0.156803383688866,0.77560234813438,0.285374005088729,0.0142856945592105,0,0.0287813158031255,0.176531114668886,0.176603284492672,0.2,0.9,0.1,1.4,0.1,,,NaN,NaN,NaN,NaN,NaN,NaN,NaN,NaN,NaN,NaN,NaN,NaN,NaN,NaN
SimpleBaseline,10,spike_bins,14,0.361931511167731,0.372077361365326,0.1593378405299,0.771471310253004,0.280850323583896,0.0142856945592105,0,0.028876775678775,0.173891570586166,0.175119946930293,0.2,0.9,0.1,1.4,0.15,,,NaN,NaN,NaN,NaN,NaN,NaN,NaN,NaN,NaN,NaN,NaN,NaN,NaN,NaN
SimpleBaseline,10,spike_bins,14,0.400553157752606,0.421375375482128,0.121333986468283,0.626113858847883,0.404202101104041,0.0285714070797058,0,0.0217944719507399,0.234276709569153,0.228331704138156,0.25,0.5,0.5,0.4,0.03,,,NaN,NaN,NaN,NaN,NaN,NaN,NaN,NaN,NaN,NaN,NaN,NaN,NaN,NaN
SimpleBaseline,10,spike_bins,14,0.400553157752606,0.421375375482128,0.121333986468283,0.626113858847883,0.404202101104041,0.0285714070797058,0,0.0217944719507399,0.234276709569153,0.228331704138156,0.25,0.5,0.5,0.4,0.05,,,NaN,NaN,NaN,NaN,NaN,NaN,NaN,NaN,NaN,NaN,NaN,NaN,NaN,NaN
SimpleBaseline,10,spike_bins,14,0.400553157752606,0.421375375482128,0.121333986468283,0.626113858847883,0.404202101104041,0.0285714070797058,0,0.0217944719507399,0.234276709569153,0.228331704138156,0.25,0.5,0.5,0.4,0.08,,,NaN,NaN,NaN,NaN,NaN,NaN,NaN,NaN,NaN,NaN,NaN,NaN,NaN,NaN
SimpleBaseline,10,spike_bins,14,0.400553157752606,0.421375375482128,0.121333986468283,0.626113858847883,0.404202101104041,0.0285714070797058,0,0.0217944719507399,0.234276709569153,0.228331704138156,0.25,0.5,0.5,0.4,0.1,,,NaN,NaN,NaN,NaN,NaN,NaN,NaN,NaN,NaN,NaN,NaN,NaN,NaN,NaN
SimpleBaseline,10,spike_bins,14,0.384867816617322,0.384201175393312,0.127252042403891,0.632000172800477,0.380263924017609,0.0285714070797058,0,0.0230989558046993,0.221207217850214,0.228331704138156,0.25,0.5,0.5,0.4,0.15,,,NaN,NaN,NaN,NaN,NaN,NaN,NaN,NaN,NaN,NaN,NaN,NaN,NaN,NaN
SimpleBaseline,10,spike_bins,14,0.400737408766115,0.415326702095519,0.124649484109214,0.659756042267826,0.385267090360582,0.0285714070797058,0,0.02222891233456,0.223898680672304,0.217439370665177,0.25,0.5,0.5,0.5,0.03,,,NaN,NaN,NaN,NaN,NaN,NaN,NaN,NaN,NaN,NaN,NaN,NaN,NaN,NaN
SimpleBaseline,10,spike_bins,14,0.400737408766115,0.415326702095519,0.124649484109214,0.659756042267826,0.385267090360582,0.0285714070797058,0,0.02222891233456,0.223898680672304,0.217439370665177,0.25,0.5,0.5,0.5,0.05,,,NaN,NaN,NaN,NaN,NaN,NaN,NaN,NaN,NaN,NaN,NaN,NaN,NaN,NaN
SimpleBaseline,10,spike_bins,14,0.400737408766115,0.415326702095519,0.124649484109214,0.659756042267826,0.385267090360582,0.0285714070797058,0,0.02222891233456,0.223898680672304,0.217439370665177,0.25,0.5,0.5,0.5,0.08,,,NaN,NaN,NaN,NaN,NaN,NaN,NaN,NaN,NaN,NaN,NaN,NaN,NaN,NaN
SimpleBaseline,10,spike_bins,14,0.400737408766115,0.415326702095519,0.124649484109214,0.659756042267826,0.385267090360582,0.0285714070797058,0,0.02222891233456,0.223898680672304,0.217439370665177,0.25,0.5,0.5,0.5,0.1,,,NaN,NaN,NaN,NaN,NaN,NaN,NaN,NaN,NaN,NaN,NaN,NaN,NaN,NaN
SimpleBaseline,10,spike_bins,14,0.385474047370796,0.385302281733908,0.131260052584689,0.665315889518489,0.363602555760274,0.0285714070797058,0,0.0233308420410096,0.211682367682682,0.217439370665177,0.25,0.5,0.5,0.5,0.15,,,NaN,NaN,NaN,NaN,NaN,NaN,NaN,NaN,NaN,NaN,NaN,NaN,NaN,NaN
SimpleBaseline,10,spike_bins,14,0.400479099512792,0.417269441758742,0.129839895050969,0.695233988967945,0.367655058974128,0.0285714070797058,0,0.0225492073152888,0.214478280196658,0.2079900386352,0.25,0.5,0.5,0.6,0.03,,,NaN,NaN,NaN,NaN,NaN,NaN,NaN,NaN,NaN,NaN,NaN,NaN,NaN,NaN
SimpleBaseline,10,spike_bins,14,0.400479099512792,0.417269441758742,0.129839895050969,0.695233988967945,0.367655058974128,0.0285714070797058,0,0.0225492073152888,0.214478280196658,0.2079900386352,0.25,0.5,0.5,0.6,0.05,,,NaN,NaN,NaN,NaN,NaN,NaN,NaN,NaN,NaN,NaN,NaN,NaN,NaN,NaN
SimpleBaseline,10,spike_bins,14,0.400479099512792,0.417269441758742,0.129839895050969,0.695233988967945,0.367655058974128,0.0285714070797058,0,0.0225492073152888,0.214478280196658,0.2079900386352,0.25,0.5,0.5,0.6,0.08,,,NaN,NaN,NaN,NaN,NaN,NaN,NaN,NaN,NaN,NaN,NaN,NaN,NaN,NaN
SimpleBaseline,10,spike_bins,14,0.400479099512792,0.417269441758742,0.129839895050969,0.695233988967945,0.367655058974128,0.0285714070797058,0,0.0225492073152888,0.214478280196658,0.2079900386352,0.25,0.5,0.5,0.6,0.1,,,NaN,NaN,NaN,NaN,NaN,NaN,NaN,NaN,NaN,NaN,NaN,NaN,NaN,NaN
SimpleBaseline,10,spike_bins,14,0.385432456664252,0.393860704132954,0.1374421174045,0.699354520593632,0.348248506782515,0.0285714070797058,0,0.0236365982554692,0.203161075363079,0.2079900386352,0.25,0.5,0.5,0.6,0.15,,,NaN,NaN,NaN,NaN,NaN,NaN,NaN,NaN,NaN,NaN,NaN,NaN,NaN,NaN
SimpleBaseline,10,spike_bins,14,0.395769360123961,0.417032411931301,0.136734689583592,0.723174810323999,0.346689992992532,0.0285714070797058,0,0.0223426417695688,0.204742058699629,0.200705208769725,0.25,0.5,0.5,0.7,0.03,,,NaN,NaN,NaN,NaN,NaN,NaN,NaN,NaN,NaN,NaN,NaN,NaN,NaN,NaN
SimpleBaseline,10,spike_bins,14,0.395769360123961,0.417032411931301,0.136734689583592,0.723174810323999,0.346689992992532,0.0285714070797058,0,0.0223426417695688,0.204742058699629,0.200705208769725,0.25,0.5,0.5,0.7,0.05,,,NaN,NaN,NaN,NaN,NaN,NaN,NaN,NaN,NaN,NaN,NaN,NaN,NaN,NaN
SimpleBaseline,10,spike_bins,14,0.395769360123961,0.417032411931301,0.136734689583592,0.723174810323999,0.346689992992532,0.0285714070797058,0,0.0223426417695688,0.204742058699629,0.200705208769725,0.25,0.5,0.5,0.7,0.08,,,NaN,NaN,NaN,NaN,NaN,NaN,NaN,NaN,NaN,NaN,NaN,NaN,NaN,NaN
SimpleBaseline,10,spike_bins,14,0.395769360123961,0.417032411931301,0.136734689583592,0.723174810323999,0.346689992992532,0.0285714070797058,0,0.0223426417695688,0.204742058699629,0.200705208769725,0.25,0.5,0.5,0.7,0.1,,,NaN,NaN,NaN,NaN,NaN,NaN,NaN,NaN,NaN,NaN,NaN,NaN,NaN,NaN
SimpleBaseline,10,spike_bins,14,0.38122608396035,0.417032411931301,0.143305355610851,0.726337639341104,0.329037437682654,0.0249999830734499,0,0.0234328130736463,0.194652528862457,0.200705208769725,0.25,0.5,0.5,0.7,0.15,,,NaN,NaN,NaN,NaN,NaN,NaN,NaN,NaN,NaN,NaN,NaN,NaN,NaN,NaN
SimpleBaseline,10,spike_bins,14,0.38964928497617,0.407010692458454,0.143375038572344,0.749974422458925,0.328187732487054,0.0214285590671941,0,0.0224261091396359,0.195476062567233,0.193443653121072,0.25,0.5,0.5,0.8,0.03,,,NaN,NaN,NaN,NaN,NaN,NaN,NaN,NaN,NaN,NaN,NaN,NaN,NaN,NaN
SimpleBaseline,10,spike_bins,14,0.38964928497617,0.407010692458454,0.143375038572344,0.749974422458925,0.328187732487054,0.0214285590671941,0,0.0224261091396359,0.195476062567233,0.193443653121072,0.25,0.5,0.5,0.8,0.05,,,NaN,NaN,NaN,NaN,NaN,NaN,NaN,NaN,NaN,NaN,NaN,NaN,NaN,NaN
SimpleBaseline,10,spike_bins,14,0.38964928497617,0.407010692458454,0.143375038572344,0.749974422458925,0.328187732487054,0.0214285590671941,0,0.0224261091396359,0.195476062567233,0.193443653121072,0.25,0.5,0.5,0.8,0.08,,,NaN,NaN,NaN,NaN,NaN,NaN,NaN,NaN,NaN,NaN,NaN,NaN,NaN,NaN
SimpleBaseline,10,spike_bins,14,0.38964928497617,0.407010692458454,0.143375038572344,0.749974422458925,0.328187732487054,0.0214285590671941,0,0.0224261091396359,0.195476062567233,0.193443653121072,0.25,0.5,0.5,0.8,0.1,,,NaN,NaN,NaN,NaN,NaN,NaN,NaN,NaN,NaN,NaN,NaN,NaN,NaN,NaN
SimpleBaseline,10,spike_bins,14,0.376109993251406,0.401401123323097,0.149414808703236,0.753295593018899,0.312282302505313,0.0249999830734499,0,0.0234274306781504,0.186461771482889,0.193443653121072,0.25,0.5,0.5,0.8,0.15,,,NaN,NaN,NaN,NaN,NaN,NaN,NaN,NaN,NaN,NaN,NaN,NaN,NaN,NaN
SimpleBaseline,10,spike_bins,14,0.376398898916366,0.369168573477682,0.143822976924319,0.775088872748096,0.30299081647417,0.0214285590671941,0,0.0226478405006349,0.18054290034821,0.176623604033432,0.25,0.5,0.5,0.9,0.03,,,NaN,NaN,NaN,NaN,NaN,NaN,NaN,NaN,NaN,NaN,NaN,NaN,NaN,NaN
SimpleBaseline,10,spike_bins,14,0.376398898916366,0.369168573477682,0.143822976924319,0.775088872748096,0.30299081647417,0.0214285590671941,0,0.0226478405006349,0.18054290034821,0.176623604033432,0.25,0.5,0.5,0.9,0.05,,,NaN,NaN,NaN,NaN,NaN,NaN,NaN,NaN,NaN,NaN,NaN,NaN,NaN,NaN
SimpleBaseline,10,spike_bins,14,0.376398898916366,0.369168573477682,0.143822976924319,0.775088872748096,0.30299081647417,0.0214285590671941,0,0.0226478405006349,0.18054290034821,0.176623604033432,0.25,0.5,0.5,0.9,0.08,,,NaN,NaN,NaN,NaN,NaN,NaN,NaN,NaN,NaN,NaN,NaN,NaN,NaN,NaN
SimpleBaseline,10,spike_bins,14,0.376398898916366,0.369168573477682,0.143822976924319,0.775088872748096,0.30299081647417,0.0214285590671941,0,0.0226478405006349,0.18054290034821,0.176623604033432,0.25,0.5,0.5,0.9,0.1,,,NaN,NaN,NaN,NaN,NaN,NaN,NaN,NaN,NaN,NaN,NaN,NaN,NaN,NaN
SimpleBaseline,10,spike_bins,14,0.364317104627025,0.367317845450703,0.151067818533621,0.779489492176844,0.289408621156964,0.0214285590671941,0,0.0235251622774157,0.172828463918334,0.173647392402817,0.25,0.5,0.5,0.9,0.15,,,NaN,NaN,NaN,NaN,NaN,NaN,NaN,NaN,NaN,NaN,NaN,NaN,NaN,NaN
SimpleBaseline,10,spike_bins,14,0.362408201588865,0.371943127962085,0.147533115630511,0.799168190518243,0.280493855229266,0.0214285590671941,0,0.0226777228374693,0.168794448443933,0.154297357648464,0.25,0.5,0.5,1,0.03,,,NaN,NaN,NaN,NaN,NaN,NaN,NaN,NaN,NaN,NaN,NaN,NaN,NaN,NaN
SimpleBaseline,10,spike_bins,14,0.362408201588865,0.371943127962085,0.147533115630511,0.799168190518243,0.280493855229266,0.0214285590671941,0,0.0226777228374693,0.168794448443933,0.154297357648464,0.25,0.5,0.5,1,0.05,,,NaN,NaN,NaN,NaN,NaN,NaN,NaN,NaN,NaN,NaN,NaN,NaN,NaN,NaN
SimpleBaseline,10,spike_bins,14,0.362408201588865,0.371943127962085,0.147533115630511,0.799168190518243,0.280493855229266,0.0214285590671941,0,0.0226777228374693,0.168794448443933,0.154297357648464,0.25,0.5,0.5,1,0.08,,,NaN,NaN,NaN,NaN,NaN,NaN,NaN,NaN,NaN,NaN,NaN,NaN,NaN,NaN
SimpleBaseline,10,spike_bins,14,0.362408201588865,0.371943127962085,0.147533115630511,0.799168190518243,0.280493855229266,0.0214285590671941,0,0.0226777228374693,0.168794448443933,0.154297357648464,0.25,0.5,0.5,1,0.1,,,NaN,NaN,NaN,NaN,NaN,NaN,NaN,NaN,NaN,NaN,NaN,NaN,NaN,NaN
SimpleBaseline,10,spike_bins,14,0.351894051040215,0.371943127962085,0.154052069658629,0.805373149551025,0.269010903746716,0.0214285590671941,0,0.0233464261408213,0.162470007414675,0.152489341435961,0.25,0.5,0.5,1,0.15,,,NaN,NaN,NaN,NaN,NaN,NaN,NaN,NaN,NaN,NaN,NaN,NaN,NaN,NaN
SimpleBaseline,10,spike_bins,14,0.34715420836176,0.346229127647788,0.154078011742094,0.823475647028119,0.258309581076876,0.0214285590671941,0,0.02264897910573,0.155302451829139,0.147088588191856,0.25,0.5,0.5,1.1,0.03,,,NaN,NaN,NaN,NaN,NaN,NaN,NaN,NaN,NaN,NaN,NaN,NaN,NaN,NaN
SimpleBaseline,10,spike_bins,14,0.34715420836176,0.346229127647788,0.154078011742094,0.823475647028119,0.258309581076876,0.0214285590671941,0,0.02264897910573,0.155302451829139,0.147088588191856,0.25,0.5,0.5,1.1,0.05,,,NaN,NaN,NaN,NaN,NaN,NaN,NaN,NaN,NaN,NaN,NaN,NaN,NaN,NaN
SimpleBaseline,10,spike_bins,14,0.34715420836176,0.346229127647788,0.154078011742094,0.823475647028119,0.258309581076876,0.0214285590671941,0,0.02264897910573,0.155302451829139,0.147088588191856,0.25,0.5,0.5,1.1,0.08,,,NaN,NaN,NaN,NaN,NaN,NaN,NaN,NaN,NaN,NaN,NaN,NaN,NaN,NaN
SimpleBaseline,10,spike_bins,14,0.34715420836176,0.346229127647788,0.154078011742094,0.823475647028119,0.258309581076876,0.0214285590671941,0,0.02264897910573,0.155302451829139,0.147088588191856,0.25,0.5,0.5,1.1,0.1,,,NaN,NaN,NaN,NaN,NaN,NaN,NaN,NaN,NaN,NaN,NaN,NaN,NaN,NaN
SimpleBaseline,10,spike_bins,14,0.337539543509763,0.346229127647788,0.158593855415563,0.82911259412501,0.248570662090731,0.0214285590671941,0,0.0231971647453056,0.150015537350975,0.142765803189329,0.25,0.5,0.5,1.1,0.15,,,NaN,NaN,NaN,NaN,NaN,NaN,NaN,NaN,NaN,NaN,NaN,NaN,NaN,NaN
SimpleBaseline,10,spike_bins,14,0.327280074539875,0.326799163104057,0.148343278653236,0.838993877447388,0.232331613590544,0.0214285590671941,0,0.021516010007919,0.145696670429844,0.140601319456749,0.25,0.5,0.5,1.2,0.03,,,NaN,NaN,NaN,NaN,NaN,NaN,NaN,NaN,NaN,NaN,NaN,NaN,NaN,NaN
SimpleBaseline,10,spike_bins,14,0.327280074539875,0.326799163104057,0.148343278653236,0.838993877447388,0.232331613590544,0.0214285590671941,0,0.021516010007919,0.145696670429844,0.140601319456749,0.25,0.5,0.5,1.2,0.05,,,NaN,NaN,NaN,NaN,NaN,NaN,NaN,NaN,NaN,NaN,NaN,NaN,NaN,NaN
SimpleBaseline,10,spike_bins,14,0.327280074539875,0.326799163104057,0.148343278653236,0.838993877447388,0.232331613590544,0.0214285590671941,0,0.021516010007919,0.145696670429844,0.140601319456749,0.25,0.5,0.5,1.2,0.08,,,NaN,NaN,NaN,NaN,NaN,NaN,NaN,NaN,NaN,NaN,NaN,NaN,NaN,NaN
SimpleBaseline,10,spike_bins,14,0.327280074539875,0.326799163104057,0.148343278653236,0.838993877447388,0.232331613590544,0.0214285590671941,0,0.021516010007919,0.145696670429844,0.140601319456749,0.25,0.5,0.5,1.2,0.1,,,NaN,NaN,NaN,NaN,NaN,NaN,NaN,NaN,NaN,NaN,NaN,NaN,NaN,NaN
SimpleBaseline,10,spike_bins,14,0.318680370939742,0.326799163104057,0.152884346378473,0.845042607528216,0.224246684050834,0.0214285590671941,0,0.0222047065480862,0.141434617345534,0.136278534454222,0.25,0.5,0.5,1.2,0.15,,,NaN,NaN,NaN,NaN,NaN,NaN,NaN,NaN,NaN,NaN,NaN,NaN,NaN,NaN
SimpleBaseline,10,spike_bins,14,0.310888717419764,0.300342424606512,0.155626348518706,0.86198257666279,0.212805684569154,0.0178571268132023,0,0.0212273885165472,0.136013161372301,0.135336906447643,0.25,0.5,0.5,1.3,0.03,,,NaN,NaN,NaN,NaN,NaN,NaN,NaN,NaN,NaN,NaN,NaN,NaN,NaN,NaN
SimpleBaseline,10,spike_bins,14,0.310888717419764,0.300342424606512,0.155626348518706,0.86198257666279,0.212805684569154,0.0178571268132023,0,0.0212273885165472,0.136013161372301,0.135336906447643,0.25,0.5,0.5,1.3,0.05,,,NaN,NaN,NaN,NaN,NaN,NaN,NaN,NaN,NaN,NaN,NaN,NaN,NaN,NaN
SimpleBaseline,10,spike_bins,14,0.310888717419764,0.300342424606512,0.155626348518706,0.86198257666279,0.212805684569154,0.0178571268132023,0,0.0212273885165472,0.136013161372301,0.135336906447643,0.25,0.5,0.5,1.3,0.08,,,NaN,NaN,NaN,NaN,NaN,NaN,NaN,NaN,NaN,NaN,NaN,NaN,NaN,NaN
SimpleBaseline,10,spike_bins,14,0.310888717419764,0.300342424606512,0.155626348518706,0.86198257666279,0.212805684569154,0.0178571268132023,0,0.0212273885165472,0.136013161372301,0.135336906447643,0.25,0.5,0.5,1.3,0.1,,,NaN,NaN,NaN,NaN,NaN,NaN,NaN,NaN,NaN,NaN,NaN,NaN,NaN,NaN
SimpleBaseline,10,spike_bins,14,0.303761074507082,0.300342424606512,0.159211608569987,0.868638153335658,0.206517989278667,0.0142857023372783,0,0.0215223886088807,0.132291795410239,0.131014121445116,0.25,0.5,0.5,1.3,0.15,,,NaN,NaN,NaN,NaN,NaN,NaN,NaN,NaN,NaN,NaN,NaN,NaN,NaN,NaN
SimpleBaseline,10,spike_bins,14,0.292624520308218,0.272848559968324,0.15721164986578,0.874683041899849,0.195613706960206,0.0142856945592105,0,0.0211419610114664,0.124054251479048,0.116040096392273,0.25,0.5,0.5,1.4,0.03,,,NaN,NaN,NaN,NaN,NaN,NaN,NaN,NaN,NaN,NaN,NaN,NaN,NaN,NaN
SimpleBaseline,10,spike_bins,14,0.292624520308218,0.272848559968324,0.15721164986578,0.874683041899849,0.195613706960206,0.0142856945592105,0,0.0211419610114664,0.124054251479048,0.116040096392273,0.25,0.5,0.5,1.4,0.05,,,NaN,NaN,NaN,NaN,NaN,NaN,NaN,NaN,NaN,NaN,NaN,NaN,NaN,NaN
SimpleBaseline,10,spike_bins,14,0.292624520308218,0.272848559968324,0.15721164986578,0.874683041899849,0.195613706960206,0.0142856945592105,0,0.0211419610114664,0.124054251479048,0.116040096392273,0.25,0.5,0.5,1.4,0.08,,,NaN,NaN,NaN,NaN,NaN,NaN,NaN,NaN,NaN,NaN,NaN,NaN,NaN,NaN
SimpleBaseline,10,spike_bins,14,0.292624520308218,0.272848559968324,0.15721164986578,0.874683041899849,0.195613706960206,0.0142856945592105,0,0.0211419610114664,0.124054251479048,0.116040096392273,0.25,0.5,0.5,1.4,0.1,,,NaN,NaN,NaN,NaN,NaN,NaN,NaN,NaN,NaN,NaN,NaN,NaN,NaN,NaN
SimpleBaseline,10,spike_bins,14,0.286707537974304,0.270491293532338,0.160476371290895,0.879861195412036,0.190686932022233,0.0142856945592105,0,0.0217316672004822,0.121253183956324,0.116040096392273,0.25,0.5,0.5,1.4,0.15,,,NaN,NaN,NaN,NaN,NaN,NaN,NaN,NaN,NaN,NaN,NaN,NaN,NaN,NaN
SimpleBaseline,10,spike_bins,14,0.402402812072334,0.432280544841336,0.119234458999921,0.60709453765387,0.424901014739885,0.0285714070797058,0,0.0198170371302361,0.244678885137795,0.245764092538286,0.25,0.6,0.4,0.4,0.03,,,NaN,NaN,NaN,NaN,NaN,NaN,NaN,NaN,NaN,NaN,NaN,NaN,NaN,NaN
SimpleBaseline,10,spike_bins,14,0.402402812072334,0.432280544841336,0.119234458999921,0.60709453765387,0.424901014739885,0.0285714070797058,0,0.0198170371302361,0.244678885137795,0.245764092538286,0.25,0.6,0.4,0.4,0.05,,,NaN,NaN,NaN,NaN,NaN,NaN,NaN,NaN,NaN,NaN,NaN,NaN,NaN,NaN
SimpleBaseline,10,spike_bins,14,0.402402812072334,0.432280544841336,0.119234458999921,0.60709453765387,0.424901014739885,0.0285714070797058,0,0.0198170371302361,0.244678885137795,0.245764092538286,0.25,0.6,0.4,0.4,0.08,,,NaN,NaN,NaN,NaN,NaN,NaN,NaN,NaN,NaN,NaN,NaN,NaN,NaN,NaN
SimpleBaseline,10,spike_bins,14,0.402402812072334,0.432280544841336,0.119234458999921,0.60709453765387,0.424901014739885,0.0285714070797058,0,0.0198170371302361,0.244678885137795,0.245764092538286,0.25,0.6,0.4,0.4,0.1,,,NaN,NaN,NaN,NaN,NaN,NaN,NaN,NaN,NaN,NaN,NaN,NaN,NaN,NaN
SimpleBaseline,10,spike_bins,14,0.385005153147497,0.398283408173705,0.122985132819548,0.609939915953403,0.398350420360312,0.0285714070797058,0,0.0212032471535188,0.230090698008194,0.245764092538286,0.25,0.6,0.4,0.4,0.15,,,NaN,NaN,NaN,NaN,NaN,NaN,NaN,NaN,NaN,NaN,NaN,NaN,NaN,NaN
SimpleBaseline,10,spike_bins,14,0.405934184457054,0.427311378846559,0.119651276569905,0.645186281590598,0.406801065313536,0.0249999830734499,0,0.0201689059388062,0.23658301212315,0.234860121956896,0.25,0.6,0.4,0.5,0.03,,,NaN,NaN,NaN,NaN,NaN,NaN,NaN,NaN,NaN,NaN,NaN,NaN,NaN,NaN
SimpleBaseline,10,spike_bins,14,0.405934184457054,0.427311378846559,0.119651276569905,0.645186281590598,0.406801065313536,0.0249999830734499,0,0.0201689059388062,0.23658301212315,0.234860121956896,0.25,0.6,0.4,0.5,0.05,,,NaN,NaN,NaN,NaN,NaN,NaN,NaN,NaN,NaN,NaN,NaN,NaN,NaN,NaN
SimpleBaseline,10,spike_bins,14,0.405934184457054,0.427311378846559,0.119651276569905,0.645186281590598,0.406801065313536,0.0249999830734499,0,0.0201689059388062,0.23658301212315,0.234860121956896,0.25,0.6,0.4,0.5,0.08,,,NaN,NaN,NaN,NaN,NaN,NaN,NaN,NaN,NaN,NaN,NaN,NaN,NaN,NaN
SimpleBaseline,10,spike_bins,14,0.405934184457054,0.427311378846559,0.119651276569905,0.645186281590598,0.406801065313536,0.0249999830734499,0,0.0201689059388062,0.23658301212315,0.234860121956896,0.25,0.6,0.4,0.5,0.1,,,NaN,NaN,NaN,NaN,NaN,NaN,NaN,NaN,NaN,NaN,NaN,NaN,NaN,NaN
SimpleBaseline,10,spike_bins,14,0.389347297078466,0.391502791673744,0.125504107318993,0.647922756303932,0.383399732211071,0.0249999830734499,0,0.02172907750273,0.223651962834916,0.234860121956896,0.25,0.6,0.4,0.5,0.15,,,NaN,NaN,NaN,NaN,NaN,NaN,NaN,NaN,NaN,NaN,NaN,NaN,NaN,NaN
SimpleBaseline,10,spike_bins,14,0.407981137534044,0.434265372776616,0.127581809617883,0.681449629369847,0.386428911270947,0.0285714070797058,0,0.0203936623946422,0.226654375758938,0.227598566308244,0.25,0.6,0.4,0.6,0.03,,,NaN,NaN,NaN,NaN,NaN,NaN,NaN,NaN,NaN,NaN,NaN,NaN,NaN,NaN
SimpleBaseline,10,spike_bins,14,0.407981137534044,0.434265372776616,0.127581809617883,0.681449629369847,0.386428911270947,0.0285714070797058,0,0.0203936623946422,0.226654375758938,0.227598566308244,0.25,0.6,0.4,0.6,0.05,,,NaN,NaN,NaN,NaN,NaN,NaN,NaN,NaN,NaN,NaN,NaN,NaN,NaN,NaN
SimpleBaseline,10,spike_bins,14,0.407981137534044,0.434265372776616,0.127581809617883,0.681449629369847,0.386428911270947,0.0285714070797058,0,0.0203936623946422,0.226654375758938,0.227598566308244,0.25,0.6,0.4,0.6,0.08,,,NaN,NaN,NaN,NaN,NaN,NaN,NaN,NaN,NaN,NaN,NaN,NaN,NaN,NaN
SimpleBaseline,10,spike_bins,14,0.407981137534044,0.434265372776616,0.127581809617883,0.681449629369847,0.386428911270947,0.0285714070797058,0,0.0203936623946422,0.226654375758938,0.227598566308244,0.25,0.6,0.4,0.6,0.1,,,NaN,NaN,NaN,NaN,NaN,NaN,NaN,NaN,NaN,NaN,NaN,NaN,NaN,NaN
SimpleBaseline,10,spike_bins,14,0.392176168703632,0.398660986001217,0.133934932633519,0.683898957308876,0.365789446120424,0.0285714070797058,0,0.0218095407196612,0.21552099715658,0.227598566308244,0.25,0.6,0.4,0.6,0.15,,,NaN,NaN,NaN,NaN,NaN,NaN,NaN,NaN,NaN,NaN,NaN,NaN,NaN,NaN
SimpleBaseline,10,spike_bins,14,0.409313988490148,0.434906526190704,0.134232012360262,0.718176942468438,0.369643510907478,0.0249999830734499,0,0.020365707661395,0.217613899680304,0.218125960061444,0.25,0.6,0.4,0.7,0.03,,,NaN,NaN,NaN,NaN,NaN,NaN,NaN,NaN,NaN,NaN,NaN,NaN,NaN,NaN
SimpleBaseline,10,spike_bins,14,0.409313988490148,0.434906526190704,0.134232012360262,0.718176942468438,0.369643510907478,0.0249999830734499,0,0.020365707661395,0.217613899680304,0.218125960061444,0.25,0.6,0.4,0.7,0.05,,,NaN,NaN,NaN,NaN,NaN,NaN,NaN,NaN,NaN,NaN,NaN,NaN,NaN,NaN
SimpleBaseline,10,spike_bins,14,0.409313988490148,0.434906526190704,0.134232012360262,0.718176942468438,0.369643510907478,0.0249999830734499,0,0.020365707661395,0.217613899680304,0.218125960061444,0.25,0.6,0.4,0.7,0.08,,,NaN,NaN,NaN,NaN,NaN,NaN,NaN,NaN,NaN,NaN,NaN,NaN,NaN,NaN
SimpleBaseline,10,spike_bins,14,0.409313988490148,0.434906526190704,0.134232012360262,0.718176942468438,0.369643510907478,0.0249999830734499,0,0.020365707661395,0.217613899680304,0.218125960061444,0.25,0.6,0.4,0.7,0.1,,,NaN,NaN,NaN,NaN,NaN,NaN,NaN,NaN,NaN,NaN,NaN,NaN,NaN,NaN
SimpleBaseline,10,spike_bins,14,0.394576374086325,0.428018885741265,0.140744008017654,0.72047081901461,0.351270929490563,0.0249999830734499,0,0.0217150199971293,0.207494265082201,0.218125960061444,0.25,0.6,0.4,0.7,0.15,,,NaN,NaN,NaN,NaN,NaN,NaN,NaN,NaN,NaN,NaN,NaN,NaN,NaN,NaN
SimpleBaseline,10,spike_bins,14,0.404966487143207,0.438537931685224,0.139716285732317,0.746097661616634,0.349681894671005,0.0249999830734499,0,0.0203388187844992,0.209464266640413,0.210119629474468,0.25,0.6,0.4,0.8,0.03,,,NaN,NaN,NaN,NaN,NaN,NaN,NaN,NaN,NaN,NaN,NaN,NaN,NaN,NaN
SimpleBaseline,10,spike_bins,14,0.404966487143207,0.438537931685224,0.139716285732317,0.746097661616634,0.349681894671005,0.0249999830734499,0,0.0203388187844992,0.209464266640413,0.210119629474468,0.25,0.6,0.4,0.8,0.05,,,NaN,NaN,NaN,NaN,NaN,NaN,NaN,NaN,NaN,NaN,NaN,NaN,NaN,NaN
SimpleBaseline,10,spike_bins,14,0.404966487143207,0.438537931685224,0.139716285732317,0.746097661616634,0.349681894671005,0.0249999830734499,0,0.0203388187844992,0.209464266640413,0.210119629474468,0.25,0.6,0.4,0.8,0.08,,,NaN,NaN,NaN,NaN,NaN,NaN,NaN,NaN,NaN,NaN,NaN,NaN,NaN,NaN
SimpleBaseline,10,spike_bins,14,0.404966487143207,0.438537931685224,0.139716285732317,0.746097661616634,0.349681894671005,0.0249999830734499,0,0.0203388187844992,0.209464266640413,0.210119629474468,0.25,0.6,0.4,0.8,0.1,,,NaN,NaN,NaN,NaN,NaN,NaN,NaN,NaN,NaN,NaN,NaN,NaN,NaN,NaN
SimpleBaseline,10,spike_bins,14,0.390323604896558,0.43348845534276,0.146608366575534,0.748041084275149,0.33285796495759,0.0285714070797058,0,0.0215186886374141,0.199914065415731,0.208911443659522,0.25,0.6,0.4,0.8,0.15,,,NaN,NaN,NaN,NaN,NaN,NaN,NaN,NaN,NaN,NaN,NaN,NaN,NaN,NaN
SimpleBaseline,10,spike_bins,14,0.39471804778439,0.412395188848244,0.1508072748365,0.773229797517402,0.327397283676432,0.0214285590671941,0,0.0202711447134314,0.197346592402621,0.197807568775311,0.25,0.6,0.4,0.9,0.03,,,NaN,NaN,NaN,NaN,NaN,NaN,NaN,NaN,NaN,NaN,NaN,NaN,NaN,NaN
SimpleBaseline,10,spike_bins,14,0.39471804778439,0.412395188848244,0.1508072748365,0.773229797517402,0.327397283676432,0.0214285590671941,0,0.0202711447134314,0.197346592402621,0.197807568775311,0.25,0.6,0.4,0.9,0.05,,,NaN,NaN,NaN,NaN,NaN,NaN,NaN,NaN,NaN,NaN,NaN,NaN,NaN,NaN
SimpleBaseline,10,spike_bins,14,0.39471804778439,0.412395188848244,0.1508072748365,0.773229797517402,0.327397283676432,0.0214285590671941,0,0.0202711447134314,0.197346592402621,0.197807568775311,0.25,0.6,0.4,0.9,0.08,,,NaN,NaN,NaN,NaN,NaN,NaN,NaN,NaN,NaN,NaN,NaN,NaN,NaN,NaN
SimpleBaseline,10,spike_bins,14,0.39471804778439,0.412395188848244,0.1508072748365,0.773229797517402,0.327397283676432,0.0214285590671941,0,0.0202711447134314,0.197346592402621,0.197807568775311,0.25,0.6,0.4,0.9,0.1,,,NaN,NaN,NaN,NaN,NaN,NaN,NaN,NaN,NaN,NaN,NaN,NaN,NaN,NaN
SimpleBaseline,10,spike_bins,14,0.382503256198846,0.399746491136822,0.157173329388257,0.775387662290355,0.313152451233119,0.0249999830734499,0,0.0213661197554855,0.189496173497822,0.197807568775311,0.25,0.6,0.4,0.9,0.15,,,NaN,NaN,NaN,NaN,NaN,NaN,NaN,NaN,NaN,NaN,NaN,NaN,NaN,NaN
SimpleBaseline,10,spike_bins,14,0.383053471236418,0.38599739243807,0.155866389677758,0.798315156636962,0.306655936982818,0.0214285590671941,0,0.0200563166905092,0.184575862169772,0.177770446355971,0.25,0.6,0.4,1,0.03,,,NaN,NaN,NaN,NaN,NaN,NaN,NaN,NaN,NaN,NaN,NaN,NaN,NaN,NaN
SimpleBaseline,10,spike_bins,14,0.383053471236418,0.38599739243807,0.155866389677758,0.798315156636962,0.306655936982818,0.0214285590671941,0,0.0200563166905092,0.184575862169772,0.177770446355971,0.25,0.6,0.4,1,0.05,,,NaN,NaN,NaN,NaN,NaN,NaN,NaN,NaN,NaN,NaN,NaN,NaN,NaN,NaN
SimpleBaseline,10,spike_bins,14,0.383053471236418,0.38599739243807,0.155866389677758,0.798315156636962,0.306655936982818,0.0214285590671941,0,0.0200563166905092,0.184575862169772,0.177770446355971,0.25,0.6,0.4,1,0.08,,,NaN,NaN,NaN,NaN,NaN,NaN,NaN,NaN,NaN,NaN,NaN,NaN,NaN,NaN
SimpleBaseline,10,spike_bins,14,0.383053471236418,0.38599739243807,0.155866389677758,0.798315156636962,0.306655936982818,0.0214285590671941,0,0.0200563166905092,0.184575862169772,0.177770446355971,0.25,0.6,0.4,1,0.1,,,NaN,NaN,NaN,NaN,NaN,NaN,NaN,NaN,NaN,NaN,NaN,NaN,NaN,NaN
SimpleBaseline,10,spike_bins,14,0.372742190533006,0.382495420714886,0.161321862300778,0.800768225001559,0.295063265149437,0.0214285590671941,0,0.0209791633420842,0.178733067443821,0.17717518710631,0.25,0.6,0.4,1,0.15,,,NaN,NaN,NaN,NaN,NaN,NaN,NaN,NaN,NaN,NaN,NaN,NaN,NaN,NaN
SimpleBaseline,10,spike_bins,14,0.364054437168256,0.369401845071985,0.156530409175586,0.818156441515098,0.27790754768563,0.0214285590671941,0,0.0204445417315001,0.168196262984706,0.158810021003742,0.25,0.6,0.4,1.1,0.03,,,NaN,NaN,NaN,NaN,NaN,NaN,NaN,NaN,NaN,NaN,NaN,NaN,NaN,NaN
SimpleBaseline,10,spike_bins,14,0.364054437168256,0.369401845071985,0.156530409175586,0.818156441515098,0.27790754768563,0.0214285590671941,0,0.0204445417315001,0.168196262984706,0.158810021003742,0.25,0.6,0.4,1.1,0.05,,,NaN,NaN,NaN,NaN,NaN,NaN,NaN,NaN,NaN,NaN,NaN,NaN,NaN,NaN
SimpleBaseline,10,spike_bins,14,0.364054437168256,0.369401845071985,0.156530409175586,0.818156441515098,0.27790754768563,0.0214285590671941,0,0.0204445417315001,0.168196262984706,0.158810021003742,0.25,0.6,0.4,1.1,0.08,,,NaN,NaN,NaN,NaN,NaN,NaN,NaN,NaN,NaN,NaN,NaN,NaN,NaN,NaN
SimpleBaseline,10,spike_bins,14,0.364054437168256,0.369401845071985,0.156530409175586,0.818156441515098,0.27790754768563,0.0214285590671941,0,0.0204445417315001,0.168196262984706,0.158810021003742,0.25,0.6,0.4,1.1,0.1,,,NaN,NaN,NaN,NaN,NaN,NaN,NaN,NaN,NaN,NaN,NaN,NaN,NaN,NaN
SimpleBaseline,10,spike_bins,14,0.354780863542081,0.369401845071985,0.161355942734835,0.820139545879088,0.268283765012315,0.0214285590671941,0,0.021181202130566,0.163677820987737,0.158214777619898,0.25,0.6,0.4,1.1,0.15,,,NaN,NaN,NaN,NaN,NaN,NaN,NaN,NaN,NaN,NaN,NaN,NaN,NaN,NaN
SimpleBaseline,10,spike_bins,14,0.352227401838446,0.347697556428992,0.15996451345845,0.845777647819831,0.257469411583923,0.0214285590671941,0,0.0196982587593326,0.158130807134164,0.150593400212614,0.25,0.6,0.4,1.2,0.03,,,NaN,NaN,NaN,NaN,NaN,NaN,NaN,NaN,NaN,NaN,NaN,NaN,NaN,NaN
SimpleBaseline,10,spike_bins,14,0.352227401838446,0.347697556428992,0.15996451345845,0.845777647819831,0.257469411583923,0.0214285590671941,0,0.0196982587593326,0.158130807134164,0.150593400212614,0.25,0.6,0.4,1.2,0.05,,,NaN,NaN,NaN,NaN,NaN,NaN,NaN,NaN,NaN,NaN,NaN,NaN,NaN,NaN
SimpleBaseline,10,spike_bins,14,0.352227401838446,0.347697556428992,0.15996451345845,0.845777647819831,0.257469411583923,0.0214285590671941,0,0.0196982587593326,0.158130807134164,0.150593400212614,0.25,0.6,0.4,1.2,0.08,,,NaN,NaN,NaN,NaN,NaN,NaN,NaN,NaN,NaN,NaN,NaN,NaN,NaN,NaN
SimpleBaseline,10,spike_bins,14,0.352227401838446,0.347697556428992,0.15996451345845,0.845777647819831,0.257469411583923,0.0214285590671941,0,0.0196982587593326,0.158130807134164,0.150593400212614,0.25,0.6,0.4,1.2,0.1,,,NaN,NaN,NaN,NaN,NaN,NaN,NaN,NaN,NaN,NaN,NaN,NaN,NaN,NaN
SimpleBaseline,10,spike_bins,14,0.343462243874589,0.347697556428992,0.163507073737514,0.847826026602419,0.24903743005518,0.0214285590671941,0,0.0205679006636702,0.154363353188557,0.150078135431451,0.25,0.6,0.4,1.2,0.15,,,NaN,NaN,NaN,NaN,NaN,NaN,NaN,NaN,NaN,NaN,NaN,NaN,NaN,NaN
SimpleBaseline,10,spike_bins,14,0.333253973957326,0.325516039609723,0.161352821664445,0.86694192726301,0.23485749004461,0.0214285590671941,0,0.0195787609790365,0.146964164721411,0.138420873039814,0.25,0.6,0.4,1.3,0.03,,,NaN,NaN,NaN,NaN,NaN,NaN,NaN,NaN,NaN,NaN,NaN,NaN,NaN,NaN
SimpleBaseline,10,spike_bins,14,0.333253973957326,0.325516039609723,0.161352821664445,0.86694192726301,0.23485749004461,0.0214285590671941,0,0.0195787609790365,0.146964164721411,0.138420873039814,0.25,0.6,0.4,1.3,0.05,,,NaN,NaN,NaN,NaN,NaN,NaN,NaN,NaN,NaN,NaN,NaN,NaN,NaN,NaN
SimpleBaseline,10,spike_bins,14,0.333253973957326,0.325516039609723,0.161352821664445,0.86694192726301,0.23485749004461,0.0214285590671941,0,0.0195787609790365,0.146964164721411,0.138420873039814,0.25,0.6,0.4,1.3,0.08,,,NaN,NaN,NaN,NaN,NaN,NaN,NaN,NaN,NaN,NaN,NaN,NaN,NaN,NaN
SimpleBaseline,10,spike_bins,14,0.333253973957326,0.325516039609723,0.161352821664445,0.86694192726301,0.23485749004461,0.0214285590671941,0,0.0195787609790365,0.146964164721411,0.138420873039814,0.25,0.6,0.4,1.3,0.1,,,NaN,NaN,NaN,NaN,NaN,NaN,NaN,NaN,NaN,NaN,NaN,NaN,NaN,NaN
SimpleBaseline,10,spike_bins,14,0.326390770241758,0.325516039609723,0.163160926302903,0.86986867307712,0.228368626126967,0.0214285590671941,0,0.0200099678934719,0.14397350293705,0.138420873039814,0.25,0.6,0.4,1.3,0.15,,,NaN,NaN,NaN,NaN,NaN,NaN,NaN,NaN,NaN,NaN,NaN,NaN,NaN,NaN
SimpleBaseline,10,spike_bins,14,0.311368696207891,0.301254984752522,0.162825407274098,0.883603258708546,0.21178104724423,0.0178571268132023,0,0.0185920573545873,0.136661241646489,0.129271741540909,0.25,0.6,0.4,1.4,0.03,,,NaN,NaN,NaN,NaN,NaN,NaN,NaN,NaN,NaN,NaN,NaN,NaN,NaN,NaN
SimpleBaseline,10,spike_bins,14,0.311368696207891,0.301254984752522,0.162825407274098,0.883603258708546,0.21178104724423,0.0178571268132023,0,0.0185920573545873,0.136661241646489,0.129271741540909,0.25,0.6,0.4,1.4,0.05,,,NaN,NaN,NaN,NaN,NaN,NaN,NaN,NaN,NaN,NaN,NaN,NaN,NaN,NaN
SimpleBaseline,10,spike_bins,14,0.311368696207891,0.301254984752522,0.162825407274098,0.883603258708546,0.21178104724423,0.0178571268132023,0,0.0185920573545873,0.136661241646489,0.129271741540909,0.25,0.6,0.4,1.4,0.08,,,NaN,NaN,NaN,NaN,NaN,NaN,NaN,NaN,NaN,NaN,NaN,NaN,NaN,NaN
SimpleBaseline,10,spike_bins,14,0.311368696207891,0.301254984752522,0.162825407274098,0.883603258708546,0.21178104724423,0.0178571268132023,0,0.0185920573545873,0.136661241646489,0.129271741540909,0.25,0.6,0.4,1.4,0.1,,,NaN,NaN,NaN,NaN,NaN,NaN,NaN,NaN,NaN,NaN,NaN,NaN,NaN,NaN
SimpleBaseline,10,spike_bins,14,0.306292955277489,0.297923943300719,0.164970438123741,0.887017391698431,0.207277735670351,0.0178571268132023,0,0.0188677154096961,0.133894200831047,0.129271741540909,0.25,0.6,0.4,1.4,0.15,,,NaN,NaN,NaN,NaN,NaN,NaN,NaN,NaN,NaN,NaN,NaN,NaN,NaN,NaN
SimpleBaseline,10,spike_bins,14,0.400483834167419,0.412436198096289,0.11535571247469,0.586994365181435,0.440734656017489,0.0285714070797058,0,0.0185132336875562,0.253459316433311,0.25956570311409,0.25,0.7,0.3,0.4,0.03,,,NaN,NaN,NaN,NaN,NaN,NaN,NaN,NaN,NaN,NaN,NaN,NaN,NaN,NaN
SimpleBaseline,10,spike_bins,14,0.400483834167419,0.412436198096289,0.11535571247469,0.586994365181435,0.440734656017489,0.0285714070797058,0,0.0185132336875562,0.253459316433311,0.25956570311409,0.25,0.7,0.3,0.4,0.05,,,NaN,NaN,NaN,NaN,NaN,NaN,NaN,NaN,NaN,NaN,NaN,NaN,NaN,NaN
SimpleBaseline,10,spike_bins,14,0.400483834167419,0.412436198096289,0.11535571247469,0.586994365181435,0.440734656017489,0.0285714070797058,0,0.0185132336875562,0.253459316433311,0.25956570311409,0.25,0.7,0.3,0.4,0.08,,,NaN,NaN,NaN,NaN,NaN,NaN,NaN,NaN,NaN,NaN,NaN,NaN,NaN,NaN
SimpleBaseline,10,spike_bins,14,0.400483834167419,0.412436198096289,0.11535571247469,0.586994365181435,0.440734656017489,0.0285714070797058,0,0.0185132336875562,0.253459316433311,0.25956570311409,0.25,0.7,0.3,0.4,0.1,,,NaN,NaN,NaN,NaN,NaN,NaN,NaN,NaN,NaN,NaN,NaN,NaN,NaN,NaN
SimpleBaseline,10,spike_bins,14,0.383625892912917,0.399039785558228,0.119472754883251,0.590348020493778,0.412549446108014,0.0285714070797058,0,0.0202277949622237,0.238475320987475,0.25956570311409,0.25,0.7,0.3,0.4,0.15,,,NaN,NaN,NaN,NaN,NaN,NaN,NaN,NaN,NaN,NaN,NaN,NaN,NaN,NaN
SimpleBaseline,10,spike_bins,14,0.405102655076262,0.414603398324329,0.117061092529531,0.622321539049269,0.424274010505577,0.0285714070797058,0,0.0188920552508107,0.245505905772932,0.253072196620584,0.25,0.7,0.3,0.5,0.03,,,NaN,NaN,NaN,NaN,NaN,NaN,NaN,NaN,NaN,NaN,NaN,NaN,NaN,NaN
SimpleBaseline,10,spike_bins,14,0.405102655076262,0.414603398324329,0.117061092529531,0.622321539049269,0.424274010505577,0.0285714070797058,0,0.0188920552508107,0.245505905772932,0.253072196620584,0.25,0.7,0.3,0.5,0.05,,,NaN,NaN,NaN,NaN,NaN,NaN,NaN,NaN,NaN,NaN,NaN,NaN,NaN,NaN
SimpleBaseline,10,spike_bins,14,0.405102655076262,0.414603398324329,0.117061092529531,0.622321539049269,0.424274010505577,0.0285714070797058,0,0.0188920552508107,0.245505905772932,0.253072196620584,0.25,0.7,0.3,0.5,0.08,,,NaN,NaN,NaN,NaN,NaN,NaN,NaN,NaN,NaN,NaN,NaN,NaN,NaN,NaN
SimpleBaseline,10,spike_bins,14,0.405102655076262,0.414603398324329,0.117061092529531,0.622321539049269,0.424274010505577,0.0285714070797058,0,0.0188920552508107,0.245505905772932,0.253072196620584,0.25,0.7,0.3,0.5,0.1,,,NaN,NaN,NaN,NaN,NaN,NaN,NaN,NaN,NaN,NaN,NaN,NaN,NaN,NaN
SimpleBaseline,10,spike_bins,14,0.388505635847667,0.384779263818203,0.120999994970773,0.623900894643731,0.399423513550676,0.0285714070797058,0,0.020511064987236,0.232457199779351,0.253072196620584,0.25,0.7,0.3,0.5,0.15,,,NaN,NaN,NaN,NaN,NaN,NaN,NaN,NaN,NaN,NaN,NaN,NaN,NaN,NaN
SimpleBaseline,10,spike_bins,14,0.406828239532614,0.423766183874975,0.12041364381877,0.654650949735634,0.402435212018392,0.0214285590671941,0,0.0192867079869268,0.234474473870222,0.239980449657869,0.25,0.7,0.3,0.6,0.03,,,NaN,NaN,NaN,NaN,NaN,NaN,NaN,NaN,NaN,NaN,NaN,NaN,NaN,NaN
SimpleBaseline,10,spike_bins,14,0.406828239532614,0.423766183874975,0.12041364381877,0.654650949735634,0.402435212018392,0.0214285590671941,0,0.0192867079869268,0.234474473870222,0.239980449657869,0.25,0.7,0.3,0.6,0.05,,,NaN,NaN,NaN,NaN,NaN,NaN,NaN,NaN,NaN,NaN,NaN,NaN,NaN,NaN
SimpleBaseline,10,spike_bins,14,0.406828239532614,0.423766183874975,0.12041364381877,0.654650949735634,0.402435212018392,0.0214285590671941,0,0.0192867079869268,0.234474473870222,0.239980449657869,0.25,0.7,0.3,0.6,0.08,,,NaN,NaN,NaN,NaN,NaN,NaN,NaN,NaN,NaN,NaN,NaN,NaN,NaN,NaN
SimpleBaseline,10,spike_bins,14,0.406828239532614,0.423766183874975,0.12041364381877,0.654650949735634,0.402435212018392,0.0214285590671941,0,0.0192867079869268,0.234474473870222,0.239980449657869,0.25,0.7,0.3,0.6,0.1,,,NaN,NaN,NaN,NaN,NaN,NaN,NaN,NaN,NaN,NaN,NaN,NaN,NaN,NaN
SimpleBaseline,10,spike_bins,14,0.390980813792583,0.389246339703657,0.126307619445193,0.656158074925363,0.38016820084892,0.0214285590671941,0,0.0209884482998818,0.222743212597025,0.239980449657869,0.25,0.7,0.3,0.6,0.15,,,NaN,NaN,NaN,NaN,NaN,NaN,NaN,NaN,NaN,NaN,NaN,NaN,NaN,NaN
SimpleBaseline,10,spike_bins,14,0.408706848306871,0.435408107973782,0.126880067212391,0.692434001582277,0.383843808164454,0.0214285590671941,0,0.0190812375805636,0.22509370653422,0.232695619792394,0.25,0.7,0.3,0.7,0.03,,,NaN,NaN,NaN,NaN,NaN,NaN,NaN,NaN,NaN,NaN,NaN,NaN,NaN,NaN
SimpleBaseline,10,spike_bins,14,0.408706848306871,0.435408107973782,0.126880067212391,0.692434001582277,0.383843808164454,0.0214285590671941,0,0.0190812375805636,0.22509370653422,0.232695619792394,0.25,0.7,0.3,0.7,0.05,,,NaN,NaN,NaN,NaN,NaN,NaN,NaN,NaN,NaN,NaN,NaN,NaN,NaN,NaN
SimpleBaseline,10,spike_bins,14,0.408706848306871,0.435408107973782,0.126880067212391,0.692434001582277,0.383843808164454,0.0214285590671941,0,0.0190812375805636,0.22509370653422,0.232695619792394,0.25,0.7,0.3,0.7,0.08,,,NaN,NaN,NaN,NaN,NaN,NaN,NaN,NaN,NaN,NaN,NaN,NaN,NaN,NaN
SimpleBaseline,10,spike_bins,14,0.408706848306871,0.435408107973782,0.126880067212391,0.692434001582277,0.383843808164454,0.0214285590671941,0,0.0190812375805636,0.22509370653422,0.232695619792394,0.25,0.7,0.3,0.7,0.1,,,NaN,NaN,NaN,NaN,NaN,NaN,NaN,NaN,NaN,NaN,NaN,NaN,NaN,NaN
SimpleBaseline,10,spike_bins,14,0.39418555785271,0.405047330023397,0.133696991029461,0.694786857678269,0.364817286990747,0.0214285590671941,0,0.0204079912966283,0.215215790996255,0.232695619792394,0.25,0.7,0.3,0.7,0.15,,,NaN,NaN,NaN,NaN,NaN,NaN,NaN,NaN,NaN,NaN,NaN,NaN,NaN,NaN
SimpleBaseline,10,spike_bins,14,0.408881400320171,0.441841573724423,0.134018362182151,0.725201826163785,0.366225643420431,0.0214285590671941,0,0.0195588491560825,0.214287564519979,0.223246287762417,0.25,0.7,0.3,0.8,0.03,,,NaN,NaN,NaN,NaN,NaN,NaN,NaN,NaN,NaN,NaN,NaN,NaN,NaN,NaN
SimpleBaseline,10,spike_bins,14,0.408881400320171,0.441841573724423,0.134018362182151,0.725201826163785,0.366225643420431,0.0214285590671941,0,0.0195588491560825,0.214287564519979,0.223246287762417,0.25,0.7,0.3,0.8,0.05,,,NaN,NaN,NaN,NaN,NaN,NaN,NaN,NaN,NaN,NaN,NaN,NaN,NaN,NaN
SimpleBaseline,10,spike_bins,14,0.408881400320171,0.441841573724423,0.134018362182151,0.725201826163785,0.366225643420431,0.0214285590671941,0,0.0195588491560825,0.214287564519979,0.223246287762417,0.25,0.7,0.3,0.8,0.08,,,NaN,NaN,NaN,NaN,NaN,NaN,NaN,NaN,NaN,NaN,NaN,NaN,NaN,NaN
SimpleBaseline,10,spike_bins,14,0.408881400320171,0.441841573724423,0.134018362182151,0.725201826163785,0.366225643420431,0.0214285590671941,0,0.0195588491560825,0.214287564519979,0.223246287762417,0.25,0.7,0.3,0.8,0.1,,,NaN,NaN,NaN,NaN,NaN,NaN,NaN,NaN,NaN,NaN,NaN,NaN,NaN,NaN
SimpleBaseline,10,spike_bins,14,0.395296014726005,0.441118203830068,0.140624940806082,0.728158280014083,0.349154042775948,0.0249999830734499,0,0.0208222620676401,0.205599041120593,0.222759798518731,0.25,0.7,0.3,0.8,0.15,,,NaN,NaN,NaN,NaN,NaN,NaN,NaN,NaN,NaN,NaN,NaN,NaN,NaN,NaN
SimpleBaseline,10,spike_bins,14,0.405955595727705,0.440607154452912,0.144716248924958,0.758662854269782,0.348307324437216,0.0214285590671941,0,0.0191703483897217,0.20586711723901,0.214530093562352,0.25,0.7,0.3,0.9,0.03,,,NaN,NaN,NaN,NaN,NaN,NaN,NaN,NaN,NaN,NaN,NaN,NaN,NaN,NaN
SimpleBaseline,10,spike_bins,14,0.405955595727705,0.440607154452912,0.144716248924958,0.758662854269782,0.348307324437216,0.0214285590671941,0,0.0191703483897217,0.20586711723901,0.214530093562352,0.25,0.7,0.3,0.9,0.05,,,NaN,NaN,NaN,NaN,NaN,NaN,NaN,NaN,NaN,NaN,NaN,NaN,NaN,NaN
SimpleBaseline,10,spike_bins,14,0.405955595727705,0.440607154452912,0.144716248924958,0.758662854269782,0.348307324437216,0.0214285590671941,0,0.0191703483897217,0.20586711723901,0.214530093562352,0.25,0.7,0.3,0.9,0.08,,,NaN,NaN,NaN,NaN,NaN,NaN,NaN,NaN,NaN,NaN,NaN,NaN,NaN,NaN
SimpleBaseline,10,spike_bins,14,0.405955595727705,0.440607154452912,0.144716248924958,0.758662854269782,0.348307324437216,0.0214285590671941,0,0.0191703483897217,0.20586711723901,0.214530093562352,0.25,0.7,0.3,0.9,0.1,,,NaN,NaN,NaN,NaN,NaN,NaN,NaN,NaN,NaN,NaN,NaN,NaN,NaN,NaN
SimpleBaseline,10,spike_bins,14,0.393310223586895,0.427399550719312,0.151671232269672,0.760323215243923,0.333895080071055,0.0214285590671941,0,0.0203897146969738,0.198524913686311,0.211662456087954,0.25,0.7,0.3,0.9,0.15,,,NaN,NaN,NaN,NaN,NaN,NaN,NaN,NaN,NaN,NaN,NaN,NaN,NaN,NaN
SimpleBaseline,10,spike_bins,14,0.394749021217717,0.39861509030653,0.152663607718079,0.780558488116828,0.326284909448854,0.0214285590671941,0,0.018991694800623,0.194650662357092,0.197086809569371,0.25,0.7,0.3,1,0.03,,,NaN,NaN,NaN,NaN,NaN,NaN,NaN,NaN,NaN,NaN,NaN,NaN,NaN,NaN
SimpleBaseline,10,spike_bins,14,0.394749021217717,0.39861509030653,0.152663607718079,0.780558488116828,0.326284909448854,0.0214285590671941,0,0.018991694800623,0.194650662357092,0.197086809569371,0.25,0.7,0.3,1,0.05,,,NaN,NaN,NaN,NaN,NaN,NaN,NaN,NaN,NaN,NaN,NaN,NaN,NaN,NaN
SimpleBaseline,10,spike_bins,14,0.394749021217717,0.39861509030653,0.152663607718079,0.780558488116828,0.326284909448854,0.0214285590671941,0,0.018991694800623,0.194650662357092,0.197086809569371,0.25,0.7,0.3,1,0.08,,,NaN,NaN,NaN,NaN,NaN,NaN,NaN,NaN,NaN,NaN,NaN,NaN,NaN,NaN
SimpleBaseline,10,spike_bins,14,0.394749021217717,0.39861509030653,0.152663607718079,0.780558488116828,0.326284909448854,0.0214285590671941,0,0.018991694800623,0.194650662357092,0.197086809569371,0.25,0.7,0.3,1,0.1,,,NaN,NaN,NaN,NaN,NaN,NaN,NaN,NaN,NaN,NaN,NaN,NaN,NaN,NaN
SimpleBaseline,10,spike_bins,14,0.384527584146197,0.392120602286222,0.158093078748208,0.782821554876494,0.314477621931383,0.0214285590671941,0,0.0200570505172176,0.189119133960955,0.195301063552021,0.25,0.7,0.3,1,0.15,,,NaN,NaN,NaN,NaN,NaN,NaN,NaN,NaN,NaN,NaN,NaN,NaN,NaN,NaN
SimpleBaseline,10,spike_bins,14,0.380197697029716,0.38696523155196,0.158842214789983,0.80637330106063,0.300781678300836,0.0214285590671941,0,0.0195828926885564,0.180624818322172,0.179843753266222,0.25,0.7,0.3,1.1,0.03,,,NaN,NaN,NaN,NaN,NaN,NaN,NaN,NaN,NaN,NaN,NaN,NaN,NaN,NaN
SimpleBaseline,10,spike_bins,14,0.380197697029716,0.38696523155196,0.158842214789983,0.80637330106063,0.300781678300836,0.0214285590671941,0,0.0195828926885564,0.180624818322172,0.179843753266222,0.25,0.7,0.3,1.1,0.05,,,NaN,NaN,NaN,NaN,NaN,NaN,NaN,NaN,NaN,NaN,NaN,NaN,NaN,NaN
SimpleBaseline,10,spike_bins,14,0.380197697029716,0.38696523155196,0.158842214789983,0.80637330106063,0.300781678300836,0.0214285590671941,0,0.0195828926885564,0.180624818322172,0.179843753266222,0.25,0.7,0.3,1.1,0.08,,,NaN,NaN,NaN,NaN,NaN,NaN,NaN,NaN,NaN,NaN,NaN,NaN,NaN,NaN
SimpleBaseline,10,spike_bins,14,0.380197697029716,0.38696523155196,0.158842214789983,0.80637330106063,0.300781678300836,0.0214285590671941,0,0.0195828926885564,0.180624818322172,0.179843753266222,0.25,0.7,0.3,1.1,0.1,,,NaN,NaN,NaN,NaN,NaN,NaN,NaN,NaN,NaN,NaN,NaN,NaN,NaN,NaN
SimpleBaseline,10,spike_bins,14,0.372027949191752,0.38696523155196,0.163120934582273,0.808798215974518,0.291834867592626,0.0214285590671941,0,0.0207633547491365,0.176653924284398,0.179248499305166,0.25,0.7,0.3,1.1,0.15,,,NaN,NaN,NaN,NaN,NaN,NaN,NaN,NaN,NaN,NaN,NaN,NaN,NaN,NaN
SimpleBaseline,10,spike_bins,14,0.363909183006071,0.369416077328455,0.165584490877321,0.827514309708573,0.276188203999913,0.0214285590671941,0,0.0191509930809395,0.169575158095528,0.163780827727448,0.25,0.7,0.3,1.2,0.03,,,NaN,NaN,NaN,NaN,NaN,NaN,NaN,NaN,NaN,NaN,NaN,NaN,NaN,NaN
SimpleBaseline,10,spike_bins,14,0.363909183006071,0.369416077328455,0.165584490877321,0.827514309708573,0.276188203999913,0.0214285590671941,0,0.0191509930809395,0.169575158095528,0.163780827727448,0.25,0.7,0.3,1.2,0.05,,,NaN,NaN,NaN,NaN,NaN,NaN,NaN,NaN,NaN,NaN,NaN,NaN,NaN,NaN
SimpleBaseline,10,spike_bins,14,0.363909183006071,0.369416077328455,0.165584490877321,0.827514309708573,0.276188203999913,0.0214285590671941,0,0.0191509930809395,0.169575158095528,0.163780827727448,0.25,0.7,0.3,1.2,0.08,,,NaN,NaN,NaN,NaN,NaN,NaN,NaN,NaN,NaN,NaN,NaN,NaN,NaN,NaN
SimpleBaseline,10,spike_bins,14,0.363909183006071,0.369416077328455,0.165584490877321,0.827514309708573,0.276188203999913,0.0214285590671941,0,0.0191509930809395,0.169575158095528,0.163780827727448,0.25,0.7,0.3,1.2,0.1,,,NaN,NaN,NaN,NaN,NaN,NaN,NaN,NaN,NaN,NaN,NaN,NaN,NaN,NaN
SimpleBaseline,10,spike_bins,14,0.356455793690334,0.369416077328455,0.167778518192396,0.829057934596481,0.268255227562103,0.014285710115346,0,0.0202856061619225,0.16620281115725,0.163185579054998,0.25,0.7,0.3,1.2,0.15,,,NaN,NaN,NaN,NaN,NaN,NaN,NaN,NaN,NaN,NaN,NaN,NaN,NaN,NaN
SimpleBaseline,10,spike_bins,14,0.351800069521857,0.34175205145265,0.172105661683285,0.862261847647657,0.256176597565347,0.0214285590671941,0,0.01881304262933,0.158867161895818,0.149248783557791,0.25,0.7,0.3,1.3,0.03,,,NaN,NaN,NaN,NaN,NaN,NaN,NaN,NaN,NaN,NaN,NaN,NaN,NaN,NaN
SimpleBaseline,10,spike_bins,14,0.351800069521857,0.34175205145265,0.172105661683285,0.862261847647657,0.256176597565347,0.0214285590671941,0,0.01881304262933,0.158867161895818,0.149248783557791,0.25,0.7,0.3,1.3,0.05,,,NaN,NaN,NaN,NaN,NaN,NaN,NaN,NaN,NaN,NaN,NaN,NaN,NaN,NaN
SimpleBaseline,10,spike_bins,14,0.351800069521857,0.34175205145265,0.172105661683285,0.862261847647657,0.256176597565347,0.0214285590671941,0,0.01881304262933,0.158867161895818,0.149248783557791,0.25,0.7,0.3,1.3,0.08,,,NaN,NaN,NaN,NaN,NaN,NaN,NaN,NaN,NaN,NaN,NaN,NaN,NaN,NaN
SimpleBaseline,10,spike_bins,14,0.351800069521857,0.34175205145265,0.172105661683285,0.862261847647657,0.256176597565347,0.0214285590671941,0,0.01881304262933,0.158867161895818,0.149248783557791,0.25,0.7,0.3,1.3,0.1,,,NaN,NaN,NaN,NaN,NaN,NaN,NaN,NaN,NaN,NaN,NaN,NaN,NaN,NaN
SimpleBaseline,10,spike_bins,14,0.345045002876438,0.34175205145265,0.172975452307433,0.862969667215246,0.24957978009766,0.014285710115346,0,0.0193893658887888,0.156359246501487,0.149248783557791,0.25,0.7,0.3,1.3,0.15,,,NaN,NaN,NaN,NaN,NaN,NaN,NaN,NaN,NaN,NaN,NaN,NaN,NaN,NaN
SimpleBaseline,10,spike_bins,14,0.334192293883843,0.32843799303215,0.168089214301581,0.874604255740935,0.236210753131742,0.0107142700832864,0,0.0191648396938379,0.147168223322645,0.136107008137628,0.25,0.7,0.3,1.4,0.03,,,NaN,NaN,NaN,NaN,NaN,NaN,NaN,NaN,NaN,NaN,NaN,NaN,NaN,NaN
SimpleBaseline,10,spike_bins,14,0.334192293883843,0.32843799303215,0.168089214301581,0.874604255740935,0.236210753131742,0.0107142700832864,0,0.0191648396938379,0.147168223322645,0.136107008137628,0.25,0.7,0.3,1.4,0.05,,,NaN,NaN,NaN,NaN,NaN,NaN,NaN,NaN,NaN,NaN,NaN,NaN,NaN,NaN
SimpleBaseline,10,spike_bins,14,0.334192293883843,0.32843799303215,0.168089214301581,0.874604255740935,0.236210753131742,0.0107142700832864,0,0.0191648396938379,0.147168223322645,0.136107008137628,0.25,0.7,0.3,1.4,0.08,,,NaN,NaN,NaN,NaN,NaN,NaN,NaN,NaN,NaN,NaN,NaN,NaN,NaN,NaN
SimpleBaseline,10,spike_bins,14,0.334192293883843,0.32843799303215,0.168089214301581,0.874604255740935,0.236210753131742,0.0107142700832864,0,0.0191648396938379,0.147168223322645,0.136107008137628,0.25,0.7,0.3,1.4,0.1,,,NaN,NaN,NaN,NaN,NaN,NaN,NaN,NaN,NaN,NaN,NaN,NaN,NaN,NaN
SimpleBaseline,10,spike_bins,14,0.328205447504825,0.319349246176017,0.169123451400681,0.876466576013496,0.230776855018547,0.00714284560736243,0,0.0194659627438997,0.145041326581632,0.136107008137628,0.25,0.7,0.3,1.4,0.15,,,NaN,NaN,NaN,NaN,NaN,NaN,NaN,NaN,NaN,NaN,NaN,NaN,NaN,NaN
SimpleBaseline,10,spike_bins,14,0.398299305428221,0.400531268403313,0.115983274727441,0.565029162219171,0.452208213503198,0.0285714070797058,0,0.0165867474633409,0.26376780381118,0.266827258762743,0.25,0.8,0.2,0.4,0.03,,,NaN,NaN,NaN,NaN,NaN,NaN,NaN,NaN,NaN,NaN,NaN,NaN,NaN,NaN
SimpleBaseline,10,spike_bins,14,0.398299305428221,0.400531268403313,0.115983274727441,0.565029162219171,0.452208213503198,0.0285714070797058,0,0.0165867474633409,0.26376780381118,0.266827258762743,0.25,0.8,0.2,0.4,0.05,,,NaN,NaN,NaN,NaN,NaN,NaN,NaN,NaN,NaN,NaN,NaN,NaN,NaN,NaN
SimpleBaseline,10,spike_bins,14,0.398299305428221,0.400531268403313,0.115983274727441,0.565029162219171,0.452208213503198,0.0285714070797058,0,0.0165867474633409,0.26376780381118,0.266827258762743,0.25,0.8,0.2,0.4,0.08,,,NaN,NaN,NaN,NaN,NaN,NaN,NaN,NaN,NaN,NaN,NaN,NaN,NaN,NaN
SimpleBaseline,10,spike_bins,14,0.398299305428221,0.400531268403313,0.115983274727441,0.565029162219171,0.452208213503198,0.0285714070797058,0,0.0165867474633409,0.26376780381118,0.266827258762743,0.25,0.8,0.2,0.4,0.1,,,NaN,NaN,NaN,NaN,NaN,NaN,NaN,NaN,NaN,NaN,NaN,NaN,NaN,NaN
SimpleBaseline,10,spike_bins,14,0.380513773765522,0.393352184115787,0.11744664120264,0.568523009484647,0.420512421492866,0.0285714070797058,0,0.0190298325663906,0.247143630406289,0.266827258762743,0.25,0.8,0.2,0.4,0.15,,,NaN,NaN,NaN,NaN,NaN,NaN,NaN,NaN,NaN,NaN,NaN,NaN,NaN,NaN
SimpleBaseline,10,spike_bins,14,0.400995444625155,0.402006172839506,0.115125686215928,0.595830190478203,0.435285949999463,0.0285714070797058,0,0.0172834140820492,0.254220859453637,0.257412838057999,0.25,0.8,0.2,0.5,0.03,,,NaN,NaN,NaN,NaN,NaN,NaN,NaN,NaN,NaN,NaN,NaN,NaN,NaN,NaN
SimpleBaseline,10,spike_bins,14,0.400995444625155,0.402006172839506,0.115125686215928,0.595830190478203,0.435285949999463,0.0285714070797058,0,0.0172834140820492,0.254220859453637,0.257412838057999,0.25,0.8,0.2,0.5,0.05,,,NaN,NaN,NaN,NaN,NaN,NaN,NaN,NaN,NaN,NaN,NaN,NaN,NaN,NaN
SimpleBaseline,10,spike_bins,14,0.400995444625155,0.402006172839506,0.115125686215928,0.595830190478203,0.435285949999463,0.0285714070797058,0,0.0172834140820492,0.254220859453637,0.257412838057999,0.25,0.8,0.2,0.5,0.08,,,NaN,NaN,NaN,NaN,NaN,NaN,NaN,NaN,NaN,NaN,NaN,NaN,NaN,NaN
SimpleBaseline,10,spike_bins,14,0.400995444625155,0.402006172839506,0.115125686215928,0.595830190478203,0.435285949999463,0.0285714070797058,0,0.0172834140820492,0.254220859453637,0.257412838057999,0.25,0.8,0.2,0.5,0.1,,,NaN,NaN,NaN,NaN,NaN,NaN,NaN,NaN,NaN,NaN,NaN,NaN,NaN,NaN
SimpleBaseline,10,spike_bins,14,0.382993664248809,0.38815851165582,0.118713442569457,0.598087093687498,0.406523378947911,0.0285714070797058,0,0.019299235688216,0.239128676478556,0.257412838057999,0.25,0.8,0.2,0.5,0.15,,,NaN,NaN,NaN,NaN,NaN,NaN,NaN,NaN,NaN,NaN,NaN,NaN,NaN,NaN
SimpleBaseline,10,spike_bins,14,0.405034361864982,0.413771571298819,0.116716739012998,0.631619161255642,0.417793144646328,0.0285714070797058,0,0.0183006658057208,0.245898685849691,0.254526835171996,0.25,0.8,0.2,0.6,0.03,,,NaN,NaN,NaN,NaN,NaN,NaN,NaN,NaN,NaN,NaN,NaN,NaN,NaN,NaN
SimpleBaseline,10,spike_bins,14,0.405034361864982,0.413771571298819,0.116716739012998,0.631619161255642,0.417793144646328,0.0285714070797058,0,0.0183006658057208,0.245898685849691,0.254526835171996,0.25,0.8,0.2,0.6,0.05,,,NaN,NaN,NaN,NaN,NaN,NaN,NaN,NaN,NaN,NaN,NaN,NaN,NaN,NaN
SimpleBaseline,10,spike_bins,14,0.405034361864982,0.413771571298819,0.116716739012998,0.631619161255642,0.417793144646328,0.0285714070797058,0,0.0183006658057208,0.245898685849691,0.254526835171996,0.25,0.8,0.2,0.6,0.08,,,NaN,NaN,NaN,NaN,NaN,NaN,NaN,NaN,NaN,NaN,NaN,NaN,NaN,NaN
SimpleBaseline,10,spike_bins,14,0.405034361864982,0.413771571298819,0.116716739012998,0.631619161255642,0.417793144646328,0.0285714070797058,0,0.0183006658057208,0.245898685849691,0.254526835171996,0.25,0.8,0.2,0.6,0.1,,,NaN,NaN,NaN,NaN,NaN,NaN,NaN,NaN,NaN,NaN,NaN,NaN,NaN,NaN
SimpleBaseline,10,spike_bins,14,0.388010318410742,0.386297429314804,0.121182157671225,0.632595857294435,0.393770752054059,0.0285714070797058,0,0.0200275307324288,0.233834777908914,0.254526835171996,0.25,0.8,0.2,0.6,0.15,,,NaN,NaN,NaN,NaN,NaN,NaN,NaN,NaN,NaN,NaN,NaN,NaN,NaN,NaN
SimpleBaseline,10,spike_bins,14,0.40788993196218,0.431014563352191,0.120708492271965,0.661953640190425,0.399965146713636,0.0214285590671941,0,0.0178748991054208,0.236353638014104,0.24579900386352,0.25,0.8,0.2,0.7,0.03,,,NaN,NaN,NaN,NaN,NaN,NaN,NaN,NaN,NaN,NaN,NaN,NaN,NaN,NaN
SimpleBaseline,10,spike_bins,14,0.40788993196218,0.431014563352191,0.120708492271965,0.661953640190425,0.399965146713636,0.0214285590671941,0,0.0178748991054208,0.236353638014104,0.24579900386352,0.25,0.8,0.2,0.7,0.05,,,NaN,NaN,NaN,NaN,NaN,NaN,NaN,NaN,NaN,NaN,NaN,NaN,NaN,NaN
SimpleBaseline,10,spike_bins,14,0.40788993196218,0.431014563352191,0.120708492271965,0.661953640190425,0.399965146713636,0.0214285590671941,0,0.0178748991054208,0.236353638014104,0.24579900386352,0.25,0.8,0.2,0.7,0.08,,,NaN,NaN,NaN,NaN,NaN,NaN,NaN,NaN,NaN,NaN,NaN,NaN,NaN,NaN
SimpleBaseline,10,spike_bins,14,0.40788993196218,0.431014563352191,0.120708492271965,0.661953640190425,0.399965146713636,0.0214285590671941,0,0.0178748991054208,0.236353638014104,0.24579900386352,0.25,0.8,0.2,0.7,0.1,,,NaN,NaN,NaN,NaN,NaN,NaN,NaN,NaN,NaN,NaN,NaN,NaN,NaN,NaN
SimpleBaseline,10,spike_bins,14,0.392083133135843,0.40253429760631,0.124858760652875,0.663832843774272,0.378388060389204,0.0285714070797058,0,0.0196814527484282,0.225550446735709,0.24579900386352,0.25,0.8,0.2,0.7,0.15,,,NaN,NaN,NaN,NaN,NaN,NaN,NaN,NaN,NaN,NaN,NaN,NaN,NaN,NaN
SimpleBaseline,10,spike_bins,14,0.406615031458203,0.440400911531818,0.127599881423108,0.694135619319477,0.381603498089048,0.0214285590671941,0,0.0176871421434987,0.226310803264143,0.230519480519481,0.25,0.8,0.2,0.8,0.03,,,NaN,NaN,NaN,NaN,NaN,NaN,NaN,NaN,NaN,NaN,NaN,NaN,NaN,NaN
SimpleBaseline,10,spike_bins,14,0.406615031458203,0.440400911531818,0.127599881423108,0.694135619319477,0.381603498089048,0.0214285590671941,0,0.0176871421434987,0.226310803264143,0.230519480519481,0.25,0.8,0.2,0.8,0.05,,,NaN,NaN,NaN,NaN,NaN,NaN,NaN,NaN,NaN,NaN,NaN,NaN,NaN,NaN
SimpleBaseline,10,spike_bins,14,0.406615031458203,0.440400911531818,0.127599881423108,0.694135619319477,0.381603498089048,0.0214285590671941,0,0.0176871421434987,0.226310803264143,0.230519480519481,0.25,0.8,0.2,0.8,0.08,,,NaN,NaN,NaN,NaN,NaN,NaN,NaN,NaN,NaN,NaN,NaN,NaN,NaN,NaN
SimpleBaseline,10,spike_bins,14,0.406615031458203,0.440400911531818,0.127599881423108,0.694135619319477,0.381603498089048,0.0214285590671941,0,0.0176871421434987,0.226310803264143,0.230519480519481,0.25,0.8,0.2,0.8,0.1,,,NaN,NaN,NaN,NaN,NaN,NaN,NaN,NaN,NaN,NaN,NaN,NaN,NaN,NaN
SimpleBaseline,10,spike_bins,14,0.392270387948411,0.423711247296323,0.132927813964121,0.695628650487936,0.363021285354625,0.0214285590671941,0,0.019338772503996,0.217293401603175,0.230519480519481,0.25,0.8,0.2,0.8,0.15,,,NaN,NaN,NaN,NaN,NaN,NaN,NaN,NaN,NaN,NaN,NaN,NaN,NaN,NaN
SimpleBaseline,10,spike_bins,14,0.402665344383865,0.441933066933067,0.134295884616195,0.728419302312707,0.358547962166882,0.0214285590671941,0,0.0176470981507633,0.213490650130139,0.221561764342131,0.25,0.8,0.2,0.9,0.03,,,NaN,NaN,NaN,NaN,NaN,NaN,NaN,NaN,NaN,NaN,NaN,NaN,NaN,NaN
SimpleBaseline,10,spike_bins,14,0.402665344383865,0.441933066933067,0.134295884616195,0.728419302312707,0.358547962166882,0.0214285590671941,0,0.0176470981507633,0.213490650130139,0.221561764342131,0.25,0.8,0.2,0.9,0.05,,,NaN,NaN,NaN,NaN,NaN,NaN,NaN,NaN,NaN,NaN,NaN,NaN,NaN,NaN
SimpleBaseline,10,spike_bins,14,0.402665344383865,0.441933066933067,0.134295884616195,0.728419302312707,0.358547962166882,0.0214285590671941,0,0.0176470981507633,0.213490650130139,0.221561764342131,0.25,0.8,0.2,0.9,0.08,,,NaN,NaN,NaN,NaN,NaN,NaN,NaN,NaN,NaN,NaN,NaN,NaN,NaN,NaN
SimpleBaseline,10,spike_bins,14,0.402665344383865,0.441933066933067,0.134295884616195,0.728419302312707,0.358547962166882,0.0214285590671941,0,0.0176470981507633,0.213490650130139,0.221561764342131,0.25,0.8,0.2,0.9,0.1,,,NaN,NaN,NaN,NaN,NaN,NaN,NaN,NaN,NaN,NaN,NaN,NaN,NaN,NaN
SimpleBaseline,10,spike_bins,14,0.388922020226389,0.43786402892147,0.14068142724178,0.729347455644367,0.342473294702992,0.0214285590671941,0,0.0191056012210435,0.205801988267395,0.21964900449894,0.25,0.8,0.2,0.9,0.15,,,NaN,NaN,NaN,NaN,NaN,NaN,NaN,NaN,NaN,NaN,NaN,NaN,NaN,NaN
SimpleBaseline,10,spike_bins,14,0.401110171513738,0.437029266478993,0.144414062050486,0.758626287365429,0.343362899937412,0.0214285590671941,0,0.0172811534634276,0.206828306448841,0.211911430186028,0.25,0.8,0.2,1,0.03,,,NaN,NaN,NaN,NaN,NaN,NaN,NaN,NaN,NaN,NaN,NaN,NaN,NaN,NaN
SimpleBaseline,10,spike_bins,14,0.401110171513738,0.437029266478993,0.144414062050486,0.758626287365429,0.343362899937412,0.0214285590671941,0,0.0172811534634276,0.206828306448841,0.211911430186028,0.25,0.8,0.2,1,0.05,,,NaN,NaN,NaN,NaN,NaN,NaN,NaN,NaN,NaN,NaN,NaN,NaN,NaN,NaN
SimpleBaseline,10,spike_bins,14,0.401110171513738,0.437029266478993,0.144414062050486,0.758626287365429,0.343362899937412,0.0214285590671941,0,0.0172811534634276,0.206828306448841,0.211911430186028,0.25,0.8,0.2,1,0.08,,,NaN,NaN,NaN,NaN,NaN,NaN,NaN,NaN,NaN,NaN,NaN,NaN,NaN,NaN
SimpleBaseline,10,spike_bins,14,0.401110171513738,0.437029266478993,0.144414062050486,0.758626287365429,0.343362899937412,0.0214285590671941,0,0.0172811534634276,0.206828306448841,0.211911430186028,0.25,0.8,0.2,1,0.1,,,NaN,NaN,NaN,NaN,NaN,NaN,NaN,NaN,NaN,NaN,NaN,NaN,NaN,NaN
SimpleBaseline,10,spike_bins,14,0.389296671156112,0.422415380515107,0.149399753479222,0.759651117598973,0.329764849244066,0.0214285590671941,0,0.0187634526539295,0.200576097608439,0.209506110476552,0.25,0.8,0.2,1,0.15,,,NaN,NaN,NaN,NaN,NaN,NaN,NaN,NaN,NaN,NaN,NaN,NaN,NaN,NaN
SimpleBaseline,10,spike_bins,14,0.393057929717016,0.408919469928644,0.154311875257205,0.786193619671032,0.323263320639176,0.0214285590671941,0,0.0173881370755539,0.197714064087638,0.200346323196025,0.25,0.8,0.2,1.1,0.03,,,NaN,NaN,NaN,NaN,NaN,NaN,NaN,NaN,NaN,NaN,NaN,NaN,NaN,NaN
SimpleBaseline,10,spike_bins,14,0.393057929717016,0.408919469928644,0.154311875257205,0.786193619671032,0.323263320639176,0.0214285590671941,0,0.0173881370755539,0.197714064087638,0.200346323196025,0.25,0.8,0.2,1.1,0.05,,,NaN,NaN,NaN,NaN,NaN,NaN,NaN,NaN,NaN,NaN,NaN,NaN,NaN,NaN
SimpleBaseline,10,spike_bins,14,0.393057929717016,0.408919469928644,0.154311875257205,0.786193619671032,0.323263320639176,0.0214285590671941,0,0.0173881370755539,0.197714064087638,0.200346323196025,0.25,0.8,0.2,1.1,0.08,,,NaN,NaN,NaN,NaN,NaN,NaN,NaN,NaN,NaN,NaN,NaN,NaN,NaN,NaN
SimpleBaseline,10,spike_bins,14,0.393057929717016,0.408919469928644,0.154311875257205,0.786193619671032,0.323263320639176,0.0214285590671941,0,0.0173881370755539,0.197714064087638,0.200346323196025,0.25,0.8,0.2,1.1,0.1,,,NaN,NaN,NaN,NaN,NaN,NaN,NaN,NaN,NaN,NaN,NaN,NaN,NaN,NaN
SimpleBaseline,10,spike_bins,14,0.382632350877095,0.392132110869352,0.158791801668214,0.786687873623643,0.312081524850016,0.0214285590671941,0,0.0186883123387696,0.192598588955659,0.197370100988199,0.25,0.8,0.2,1.1,0.15,,,NaN,NaN,NaN,NaN,NaN,NaN,NaN,NaN,NaN,NaN,NaN,NaN,NaN,NaN
SimpleBaseline,10,spike_bins,14,0.379756494060135,0.396185254700517,0.162538101789759,0.814907557593428,0.299134384641487,0.014285710115346,0,0.0175522932576785,0.185893901244483,0.182224705647174,0.25,0.8,0.2,1.2,0.03,,,NaN,NaN,NaN,NaN,NaN,NaN,NaN,NaN,NaN,NaN,NaN,NaN,NaN,NaN
SimpleBaseline,10,spike_bins,14,0.379756494060135,0.396185254700517,0.162538101789759,0.814907557593428,0.299134384641487,0.014285710115346,0,0.0175522932576785,0.185893901244483,0.182224705647174,0.25,0.8,0.2,1.2,0.05,,,NaN,NaN,NaN,NaN,NaN,NaN,NaN,NaN,NaN,NaN,NaN,NaN,NaN,NaN
SimpleBaseline,10,spike_bins,14,0.379756494060135,0.396185254700517,0.162538101789759,0.814907557593428,0.299134384641487,0.014285710115346,0,0.0175522932576785,0.185893901244483,0.182224705647174,0.25,0.8,0.2,1.2,0.08,,,NaN,NaN,NaN,NaN,NaN,NaN,NaN,NaN,NaN,NaN,NaN,NaN,NaN,NaN
SimpleBaseline,10,spike_bins,14,0.379756494060135,0.396185254700517,0.162538101789759,0.814907557593428,0.299134384641487,0.014285710115346,0,0.0175522932576785,0.185893901244483,0.182224705647174,0.25,0.8,0.2,1.2,0.1,,,NaN,NaN,NaN,NaN,NaN,NaN,NaN,NaN,NaN,NaN,NaN,NaN,NaN,NaN
SimpleBaseline,10,spike_bins,14,0.371223841502795,0.386793659071023,0.166504935566912,0.816043602214346,0.290177215204033,0.014285710115346,0,0.0189649279274287,0.181881885086741,0.18103421359088,0.25,0.8,0.2,1.2,0.15,,,NaN,NaN,NaN,NaN,NaN,NaN,NaN,NaN,NaN,NaN,NaN,NaN,NaN,NaN
SimpleBaseline,10,spike_bins,14,0.36407149659407,0.375233845231455,0.166487301830956,0.834160894159959,0.275915371838734,0.0214285590671941,0,0.0180149388192141,0.172849269763788,0.166161785397006,0.25,0.8,0.2,1.3,0.03,,,NaN,NaN,NaN,NaN,NaN,NaN,NaN,NaN,NaN,NaN,NaN,NaN,NaN,NaN
SimpleBaseline,10,spike_bins,14,0.36407149659407,0.375233845231455,0.166487301830956,0.834160894159959,0.275915371838734,0.0214285590671941,0,0.0180149388192141,0.172849269763788,0.166161785397006,0.25,0.8,0.2,1.3,0.05,,,NaN,NaN,NaN,NaN,NaN,NaN,NaN,NaN,NaN,NaN,NaN,NaN,NaN,NaN
SimpleBaseline,10,spike_bins,14,0.36407149659407,0.375233845231455,0.166487301830956,0.834160894159959,0.275915371838734,0.0214285590671941,0,0.0180149388192141,0.172849269763788,0.166161785397006,0.25,0.8,0.2,1.3,0.08,,,NaN,NaN,NaN,NaN,NaN,NaN,NaN,NaN,NaN,NaN,NaN,NaN,NaN,NaN
SimpleBaseline,10,spike_bins,14,0.36407149659407,0.375233845231455,0.166487301830956,0.834160894159959,0.275915371838734,0.0214285590671941,0,0.0180149388192141,0.172849269763788,0.166161785397006,0.25,0.8,0.2,1.3,0.1,,,NaN,NaN,NaN,NaN,NaN,NaN,NaN,NaN,NaN,NaN,NaN,NaN,NaN,NaN
SimpleBaseline,10,spike_bins,14,0.356198371634914,0.367514788243304,0.167850117341155,0.834702152724054,0.268001153849241,0.014285710115346,0,0.0189777986113536,0.169642498178824,0.164971293340712,0.25,0.8,0.2,1.3,0.15,,,NaN,NaN,NaN,NaN,NaN,NaN,NaN,NaN,NaN,NaN,NaN,NaN,NaN,NaN
SimpleBaseline,10,spike_bins,14,0.347492026232463,0.354005289912785,0.169433675336174,0.855216334432271,0.254168388436906,0.014285710115346,0,0.0175346417573775,0.161069057651609,0.144718405058613,0.25,0.8,0.2,1.4,0.03,,,NaN,NaN,NaN,NaN,NaN,NaN,NaN,NaN,NaN,NaN,NaN,NaN,NaN,NaN
SimpleBaseline,10,spike_bins,14,0.347492026232463,0.354005289912785,0.169433675336174,0.855216334432271,0.254168388436906,0.014285710115346,0,0.0175346417573775,0.161069057651609,0.144718405058613,0.25,0.8,0.2,1.4,0.05,,,NaN,NaN,NaN,NaN,NaN,NaN,NaN,NaN,NaN,NaN,NaN,NaN,NaN,NaN
SimpleBaseline,10,spike_bins,14,0.347492026232463,0.354005289912785,0.169433675336174,0.855216334432271,0.254168388436906,0.014285710115346,0,0.0175346417573775,0.161069057651609,0.144718405058613,0.25,0.8,0.2,1.4,0.08,,,NaN,NaN,NaN,NaN,NaN,NaN,NaN,NaN,NaN,NaN,NaN,NaN,NaN,NaN
SimpleBaseline,10,spike_bins,14,0.347492026232463,0.354005289912785,0.169433675336174,0.855216334432271,0.254168388436906,0.014285710115346,0,0.0175346417573775,0.161069057651609,0.144718405058613,0.25,0.8,0.2,1.4,0.1,,,NaN,NaN,NaN,NaN,NaN,NaN,NaN,NaN,NaN,NaN,NaN,NaN,NaN,NaN
SimpleBaseline,10,spike_bins,14,0.340339020075707,0.330441654761543,0.170695580976721,0.856142990850133,0.247347464636403,0.014285710115346,0,0.0181845880699403,0.158238391557416,0.144718405058613,0.25,0.8,0.2,1.4,0.15,,,NaN,NaN,NaN,NaN,NaN,NaN,NaN,NaN,NaN,NaN,NaN,NaN,NaN,NaN
SimpleBaseline,10,spike_bins,14,0.392509190182195,0.399607484462927,0.114818402738962,0.53818706889093,0.460518279938113,0.0285714070797058,0,0.0155046288941458,0.269445780861393,0.272130489790307,0.25,0.9,0.1,0.4,0.03,,,NaN,NaN,NaN,NaN,NaN,NaN,NaN,NaN,NaN,NaN,NaN,NaN,NaN,NaN
SimpleBaseline,10,spike_bins,14,0.392509190182195,0.399607484462927,0.114818402738962,0.53818706889093,0.460518279938113,0.0285714070797058,0,0.0155046288941458,0.269445780861393,0.272130489790307,0.25,0.9,0.1,0.4,0.05,,,NaN,NaN,NaN,NaN,NaN,NaN,NaN,NaN,NaN,NaN,NaN,NaN,NaN,NaN
SimpleBaseline,10,spike_bins,14,0.392509190182195,0.399607484462927,0.114818402738962,0.53818706889093,0.460518279938113,0.0285714070797058,0,0.0155046288941458,0.269445780861393,0.272130489790307,0.25,0.9,0.1,0.4,0.08,,,NaN,NaN,NaN,NaN,NaN,NaN,NaN,NaN,NaN,NaN,NaN,NaN,NaN,NaN
SimpleBaseline,10,spike_bins,14,0.392509190182195,0.399607484462927,0.114818402738962,0.53818706889093,0.460518279938113,0.0285714070797058,0,0.0155046288941458,0.269445780861393,0.272130489790307,0.25,0.9,0.1,0.4,0.1,,,NaN,NaN,NaN,NaN,NaN,NaN,NaN,NaN,NaN,NaN,NaN,NaN,NaN,NaN
SimpleBaseline,10,spike_bins,14,0.376519208784541,0.377754670548681,0.115818017865232,0.544447643442058,0.428052983463908,0.0285714070797058,0,0.0176656438526254,0.2515946961893,0.269466179953883,0.25,0.9,0.1,0.4,0.15,,,NaN,NaN,NaN,NaN,NaN,NaN,NaN,NaN,NaN,NaN,NaN,NaN,NaN,NaN
SimpleBaseline,10,spike_bins,14,0.395737013130351,0.391674876847291,0.113429907770765,0.569965498288646,0.445189459924688,0.0285714070797058,0,0.0159260811598895,0.260858587198721,0.265645471992083,0.25,0.9,0.1,0.5,0.03,,,NaN,NaN,NaN,NaN,NaN,NaN,NaN,NaN,NaN,NaN,NaN,NaN,NaN,NaN
SimpleBaseline,10,spike_bins,14,0.395737013130351,0.391674876847291,0.113429907770765,0.569965498288646,0.445189459924688,0.0285714070797058,0,0.0159260811598895,0.260858587198721,0.265645471992083,0.25,0.9,0.1,0.5,0.05,,,NaN,NaN,NaN,NaN,NaN,NaN,NaN,NaN,NaN,NaN,NaN,NaN,NaN,NaN
SimpleBaseline,10,spike_bins,14,0.395737013130351,0.391674876847291,0.113429907770765,0.569965498288646,0.445189459924688,0.0285714070797058,0,0.0159260811598895,0.260858587198721,0.265645471992083,0.25,0.9,0.1,0.5,0.08,,,NaN,NaN,NaN,NaN,NaN,NaN,NaN,NaN,NaN,NaN,NaN,NaN,NaN,NaN
SimpleBaseline,10,spike_bins,14,0.395737013130351,0.391674876847291,0.113429907770765,0.569965498288646,0.445189459924688,0.0285714070797058,0,0.0159260811598895,0.260858587198721,0.265645471992083,0.25,0.9,0.1,0.5,0.1,,,NaN,NaN,NaN,NaN,NaN,NaN,NaN,NaN,NaN,NaN,NaN,NaN,NaN,NaN
SimpleBaseline,10,spike_bins,14,0.378648156140874,0.383750657944206,0.115737784878356,0.573589580997732,0.415120767011757,0.0285714070797058,0,0.0179101451135531,0.245082274865013,0.26564546055708,0.25,0.9,0.1,0.5,0.15,,,NaN,NaN,NaN,NaN,NaN,NaN,NaN,NaN,NaN,NaN,NaN,NaN,NaN,NaN
SimpleBaseline,10,spike_bins,14,0.397038551285656,0.392705596710603,0.113058863701564,0.601819411864239,0.426636843262174,0.0285714070797058,0,0.0166622855247534,0.250411939732354,0.259893603458773,0.25,0.9,0.1,0.6,0.03,,,NaN,NaN,NaN,NaN,NaN,NaN,NaN,NaN,NaN,NaN,NaN,NaN,NaN,NaN
SimpleBaseline,10,spike_bins,14,0.397038551285656,0.392705596710603,0.113058863701564,0.601819411864239,0.426636843262174,0.0285714070797058,0,0.0166622855247534,0.250411939732354,0.259893603458773,0.25,0.9,0.1,0.6,0.05,,,NaN,NaN,NaN,NaN,NaN,NaN,NaN,NaN,NaN,NaN,NaN,NaN,NaN,NaN
SimpleBaseline,10,spike_bins,14,0.397038551285656,0.392705596710603,0.113058863701564,0.601819411864239,0.426636843262174,0.0285714070797058,0,0.0166622855247534,0.250411939732354,0.259893603458773,0.25,0.9,0.1,0.6,0.08,,,NaN,NaN,NaN,NaN,NaN,NaN,NaN,NaN,NaN,NaN,NaN,NaN,NaN,NaN
SimpleBaseline,10,spike_bins,14,0.397038551285656,0.392705596710603,0.113058863701564,0.601819411864239,0.426636843262174,0.0285714070797058,0,0.0166622855247534,0.250411939732354,0.259893603458773,0.25,0.9,0.1,0.6,0.1,,,NaN,NaN,NaN,NaN,NaN,NaN,NaN,NaN,NaN,NaN,NaN,NaN,NaN,NaN
SimpleBaseline,10,spike_bins,14,0.380865868529941,0.375046264980282,0.11653040279825,0.603857233846982,0.400940124007178,0.0285714070797058,0,0.0181277228865482,0.237447518667311,0.25989359202377,0.25,0.9,0.1,0.6,0.15,,,NaN,NaN,NaN,NaN,NaN,NaN,NaN,NaN,NaN,NaN,NaN,NaN,NaN,NaN
SimpleBaseline,10,spike_bins,14,0.401876743090425,0.41176873989374,0.117347533397368,0.634577277005042,0.411505018477857,0.0285714070797058,0,0.0173220925890587,0.24401941316064,0.254719853943135,0.25,0.9,0.1,0.7,0.03,,,NaN,NaN,NaN,NaN,NaN,NaN,NaN,NaN,NaN,NaN,NaN,NaN,NaN,NaN
SimpleBaseline,10,spike_bins,14,0.401876743090425,0.41176873989374,0.117347533397368,0.634577277005042,0.411505018477857,0.0285714070797058,0,0.0173220925890587,0.24401941316064,0.254719853943135,0.25,0.9,0.1,0.7,0.05,,,NaN,NaN,NaN,NaN,NaN,NaN,NaN,NaN,NaN,NaN,NaN,NaN,NaN,NaN
SimpleBaseline,10,spike_bins,14,0.401876743090425,0.41176873989374,0.117347533397368,0.634577277005042,0.411505018477857,0.0285714070797058,0,0.0173220925890587,0.24401941316064,0.254719853943135,0.25,0.9,0.1,0.7,0.08,,,NaN,NaN,NaN,NaN,NaN,NaN,NaN,NaN,NaN,NaN,NaN,NaN,NaN,NaN
SimpleBaseline,10,spike_bins,14,0.401876743090425,0.41176873989374,0.117347533397368,0.634577277005042,0.411505018477857,0.0285714070797058,0,0.0173220925890587,0.24401941316064,0.254719853943135,0.25,0.9,0.1,0.7,0.1,,,NaN,NaN,NaN,NaN,NaN,NaN,NaN,NaN,NaN,NaN,NaN,NaN,NaN,NaN
SimpleBaseline,10,spike_bins,14,0.38698800765572,0.387989869731443,0.120876012543476,0.636069488681595,0.389433302215202,0.0285714070797058,0,0.0185849606305096,0.232321452370976,0.254719853943135,0.25,0.9,0.1,0.7,0.15,,,NaN,NaN,NaN,NaN,NaN,NaN,NaN,NaN,NaN,NaN,NaN,NaN,NaN,NaN
SimpleBaseline,10,spike_bins,14,0.403834054856472,0.427682997011157,0.120207930520462,0.667195551406334,0.395022489228455,0.0285714070797058,0,0.0169850520775371,0.234946012070548,0.244837388478575,0.25,0.9,0.1,0.8,0.03,,,NaN,NaN,NaN,NaN,NaN,NaN,NaN,NaN,NaN,NaN,NaN,NaN,NaN,NaN
SimpleBaseline,10,spike_bins,14,0.403834054856472,0.427682997011157,0.120207930520462,0.667195551406334,0.395022489228455,0.0285714070797058,0,0.0169850520775371,0.234946012070548,0.244837388478575,0.25,0.9,0.1,0.8,0.05,,,NaN,NaN,NaN,NaN,NaN,NaN,NaN,NaN,NaN,NaN,NaN,NaN,NaN,NaN
SimpleBaseline,10,spike_bins,14,0.403834054856472,0.427682997011157,0.120207930520462,0.667195551406334,0.395022489228455,0.0285714070797058,0,0.0169850520775371,0.234946012070548,0.244837388478575,0.25,0.9,0.1,0.8,0.08,,,NaN,NaN,NaN,NaN,NaN,NaN,NaN,NaN,NaN,NaN,NaN,NaN,NaN,NaN
SimpleBaseline,10,spike_bins,14,0.403834054856472,0.427682997011157,0.120207930520462,0.667195551406334,0.395022489228455,0.0285714070797058,0,0.0169850520775371,0.234946012070548,0.244837388478575,0.25,0.9,0.1,0.8,0.1,,,NaN,NaN,NaN,NaN,NaN,NaN,NaN,NaN,NaN,NaN,NaN,NaN,NaN,NaN
SimpleBaseline,10,spike_bins,14,0.390098705874988,0.401983708629561,0.12446843302291,0.668573806002881,0.375885486462299,0.0285714070797058,0,0.0184385813584468,0.224568284206538,0.244837388478575,0.25,0.9,0.1,0.8,0.15,,,NaN,NaN,NaN,NaN,NaN,NaN,NaN,NaN,NaN,NaN,NaN,NaN,NaN,NaN
SimpleBaseline,10,spike_bins,14,0.399173678274166,0.429802200707698,0.12747469933786,0.690025835045861,0.375585182285402,0.0214285590671941,0,0.01649050946857,0.22504497821373,0.228934870172493,0.25,0.9,0.1,0.9,0.03,,,NaN,NaN,NaN,NaN,NaN,NaN,NaN,NaN,NaN,NaN,NaN,NaN,NaN,NaN
SimpleBaseline,10,spike_bins,14,0.399173678274166,0.429802200707698,0.12747469933786,0.690025835045861,0.375585182285402,0.0214285590671941,0,0.01649050946857,0.22504497821373,0.228934870172493,0.25,0.9,0.1,0.9,0.05,,,NaN,NaN,NaN,NaN,NaN,NaN,NaN,NaN,NaN,NaN,NaN,NaN,NaN,NaN
SimpleBaseline,10,spike_bins,14,0.399173678274166,0.429802200707698,0.12747469933786,0.690025835045861,0.375585182285402,0.0214285590671941,0,0.01649050946857,0.22504497821373,0.228934870172493,0.25,0.9,0.1,0.9,0.08,,,NaN,NaN,NaN,NaN,NaN,NaN,NaN,NaN,NaN,NaN,NaN,NaN,NaN,NaN
SimpleBaseline,10,spike_bins,14,0.399173678274166,0.429802200707698,0.12747469933786,0.690025835045861,0.375585182285402,0.0214285590671941,0,0.01649050946857,0.22504497821373,0.228934870172493,0.25,0.9,0.1,0.9,0.1,,,NaN,NaN,NaN,NaN,NaN,NaN,NaN,NaN,NaN,NaN,NaN,NaN,NaN,NaN
SimpleBaseline,10,spike_bins,14,0.386921419700198,0.414456419430644,0.132509855045815,0.692091619736807,0.359165934658964,0.0285714070797058,0,0.0178014714654156,0.216206790830796,0.228934870172493,0.25,0.9,0.1,0.9,0.15,,,NaN,NaN,NaN,NaN,NaN,NaN,NaN,NaN,NaN,NaN,NaN,NaN,NaN,NaN
SimpleBaseline,10,spike_bins,14,0.397739118415991,0.440720908105238,0.135469235766411,0.723432889713779,0.356764066114933,0.0214285590671941,0,0.0167756668588664,0.214573321039832,0.218009355038567,0.25,0.9,0.1,1,0.03,,,NaN,NaN,NaN,NaN,NaN,NaN,NaN,NaN,NaN,NaN,NaN,NaN,NaN,NaN
SimpleBaseline,10,spike_bins,14,0.397739118415991,0.440720908105238,0.135469235766411,0.723432889713779,0.356764066114933,0.0214285590671941,0,0.0167756668588664,0.214573321039832,0.218009355038567,0.25,0.9,0.1,1,0.05,,,NaN,NaN,NaN,NaN,NaN,NaN,NaN,NaN,NaN,NaN,NaN,NaN,NaN,NaN
SimpleBaseline,10,spike_bins,14,0.397739118415991,0.440720908105238,0.135469235766411,0.723432889713779,0.356764066114933,0.0214285590671941,0,0.0167756668588664,0.214573321039832,0.218009355038567,0.25,0.9,0.1,1,0.08,,,NaN,NaN,NaN,NaN,NaN,NaN,NaN,NaN,NaN,NaN,NaN,NaN,NaN,NaN
SimpleBaseline,10,spike_bins,14,0.397739118415991,0.440720908105238,0.135469235766411,0.723432889713779,0.356764066114933,0.0214285590671941,0,0.0167756668588664,0.214573321039832,0.218009355038567,0.25,0.9,0.1,1,0.1,,,NaN,NaN,NaN,NaN,NaN,NaN,NaN,NaN,NaN,NaN,NaN,NaN,NaN,NaN
SimpleBaseline,10,spike_bins,14,0.386441011664053,0.429973443171119,0.14200624386844,0.724551288370226,0.342590780926674,0.0214285590671941,0,0.0179515635713076,0.206737578619813,0.216096600483982,0.25,0.9,0.1,1,0.15,,,NaN,NaN,NaN,NaN,NaN,NaN,NaN,NaN,NaN,NaN,NaN,NaN,NaN,NaN
SimpleBaseline,10,spike_bins,14,0.395966971479097,0.434057681755738,0.143039877343067,0.7583297737515,0.339476699673559,0.0214285590671941,0,0.0169753465829566,0.207051677385052,0.211051261652752,0.25,0.9,0.1,1.1,0.03,,,NaN,NaN,NaN,NaN,NaN,NaN,NaN,NaN,NaN,NaN,NaN,NaN,NaN,NaN
SimpleBaseline,10,spike_bins,14,0.395966971479097,0.434057681755738,0.143039877343067,0.7583297737515,0.339476699673559,0.0214285590671941,0,0.0169753465829566,0.207051677385052,0.211051261652752,0.25,0.9,0.1,1.1,0.05,,,NaN,NaN,NaN,NaN,NaN,NaN,NaN,NaN,NaN,NaN,NaN,NaN,NaN,NaN
SimpleBaseline,10,spike_bins,14,0.395966971479097,0.434057681755738,0.143039877343067,0.7583297737515,0.339476699673559,0.0214285590671941,0,0.0169753465829566,0.207051677385052,0.211051261652752,0.25,0.9,0.1,1.1,0.08,,,NaN,NaN,NaN,NaN,NaN,NaN,NaN,NaN,NaN,NaN,NaN,NaN,NaN,NaN
SimpleBaseline,10,spike_bins,14,0.395966971479097,0.434057681755738,0.143039877343067,0.7583297737515,0.339476699673559,0.0214285590671941,0,0.0169753465829566,0.207051677385052,0.211051261652752,0.25,0.9,0.1,1.1,0.1,,,NaN,NaN,NaN,NaN,NaN,NaN,NaN,NaN,NaN,NaN,NaN,NaN,NaN,NaN
SimpleBaseline,10,spike_bins,14,0.384178418741158,0.415939919829885,0.148524397757432,0.759037501024351,0.325813659767492,0.0214285590671941,0,0.0180464350158115,0.199880838384902,0.205694092352579,0.25,0.9,0.1,1.1,0.15,,,NaN,NaN,NaN,NaN,NaN,NaN,NaN,NaN,NaN,NaN,NaN,NaN,NaN,NaN
SimpleBaseline,10,spike_bins,14,0.388186590535987,0.402659171825846,0.153426253709183,0.785861641838635,0.320006529625407,0.0214285590671941,0,0.0165554353419189,0.198204030547804,0.195310624643464,0.25,0.9,0.1,1.2,0.03,,,NaN,NaN,NaN,NaN,NaN,NaN,NaN,NaN,NaN,NaN,NaN,NaN,NaN,NaN
SimpleBaseline,10,spike_bins,14,0.388186590535987,0.402659171825846,0.153426253709183,0.785861641838635,0.320006529625407,0.0214285590671941,0,0.0165554353419189,0.198204030547804,0.195310624643464,0.25,0.9,0.1,1.2,0.05,,,NaN,NaN,NaN,NaN,NaN,NaN,NaN,NaN,NaN,NaN,NaN,NaN,NaN,NaN
SimpleBaseline,10,spike_bins,14,0.388186590535987,0.402659171825846,0.153426253709183,0.785861641838635,0.320006529625407,0.0214285590671941,0,0.0165554353419189,0.198204030547804,0.195310624643464,0.25,0.9,0.1,1.2,0.08,,,NaN,NaN,NaN,NaN,NaN,NaN,NaN,NaN,NaN,NaN,NaN,NaN,NaN,NaN
SimpleBaseline,10,spike_bins,14,0.388186590535987,0.402659171825846,0.153426253709183,0.785861641838635,0.320006529625407,0.0214285590671941,0,0.0165554353419189,0.198204030547804,0.195310624643464,0.25,0.9,0.1,1.2,0.1,,,NaN,NaN,NaN,NaN,NaN,NaN,NaN,NaN,NaN,NaN,NaN,NaN,NaN,NaN
SimpleBaseline,10,spike_bins,14,0.378065365100272,0.390228266148616,0.158441170303581,0.78630306909501,0.308661746699469,0.0249999830734499,0,0.0178901211886614,0.192110788820885,0.191739185494824,0.25,0.9,0.1,1.2,0.15,,,NaN,NaN,NaN,NaN,NaN,NaN,NaN,NaN,NaN,NaN,NaN,NaN,NaN,NaN
SimpleBaseline,10,spike_bins,14,0.374638245078375,0.394321183448438,0.158941617139849,0.805182281027267,0.298205694798445,0.0178571345912701,0,0.0159701699232443,0.188091719050465,0.179569973625803,0.25,0.9,0.1,1.3,0.03,,,NaN,NaN,NaN,NaN,NaN,NaN,NaN,NaN,NaN,NaN,NaN,NaN,NaN,NaN
SimpleBaseline,10,spike_bins,14,0.374638245078375,0.394321183448438,0.158941617139849,0.805182281027267,0.298205694798445,0.0178571345912701,0,0.0159701699232443,0.188091719050465,0.179569973625803,0.25,0.9,0.1,1.3,0.05,,,NaN,NaN,NaN,NaN,NaN,NaN,NaN,NaN,NaN,NaN,NaN,NaN,NaN,NaN
SimpleBaseline,10,spike_bins,14,0.374638245078375,0.394321183448438,0.158941617139849,0.805182281027267,0.298205694798445,0.0178571345912701,0,0.0159701699232443,0.188091719050465,0.179569973625803,0.25,0.9,0.1,1.3,0.08,,,NaN,NaN,NaN,NaN,NaN,NaN,NaN,NaN,NaN,NaN,NaN,NaN,NaN,NaN
SimpleBaseline,10,spike_bins,14,0.374638245078375,0.394321183448438,0.158941617139849,0.805182281027267,0.298205694798445,0.0178571345912701,0,0.0159701699232443,0.188091719050465,0.179569973625803,0.25,0.9,0.1,1.3,0.1,,,NaN,NaN,NaN,NaN,NaN,NaN,NaN,NaN,NaN,NaN,NaN,NaN,NaN,NaN
SimpleBaseline,10,spike_bins,14,0.365415043086744,0.377421775012136,0.162404467871846,0.805835079269199,0.28834416278615,0.0214285590671941,0,0.0168149507163675,0.183092291580377,0.176593772572401,0.25,0.9,0.1,1.3,0.15,,,NaN,NaN,NaN,NaN,NaN,NaN,NaN,NaN,NaN,NaN,NaN,NaN,NaN,NaN
SimpleBaseline,10,spike_bins,14,0.364496529064679,0.381709976837371,0.164401019906068,0.829126893713561,0.27725045691638,0.00714284560736243,0,0.0164755131940984,0.175904316384998,0.164605588782023,0.25,0.9,0.1,1.4,0.03,,,NaN,NaN,NaN,NaN,NaN,NaN,NaN,NaN,NaN,NaN,NaN,NaN,NaN,NaN
SimpleBaseline,10,spike_bins,14,0.364496529064679,0.381709976837371,0.164401019906068,0.829126893713561,0.27725045691638,0.00714284560736243,0,0.0164755131940984,0.175904316384998,0.164605588782023,0.25,0.9,0.1,1.4,0.05,,,NaN,NaN,NaN,NaN,NaN,NaN,NaN,NaN,NaN,NaN,NaN,NaN,NaN,NaN
SimpleBaseline,10,spike_bins,14,0.364496529064679,0.381709976837371,0.164401019906068,0.829126893713561,0.27725045691638,0.00714284560736243,0,0.0164755131940984,0.175904316384998,0.164605588782023,0.25,0.9,0.1,1.4,0.08,,,NaN,NaN,NaN,NaN,NaN,NaN,NaN,NaN,NaN,NaN,NaN,NaN,NaN,NaN
SimpleBaseline,10,spike_bins,14,0.364496529064679,0.381709976837371,0.164401019906068,0.829126893713561,0.27725045691638,0.00714284560736243,0,0.0164755131940984,0.175904316384998,0.164605588782023,0.25,0.9,0.1,1.4,0.1,,,NaN,NaN,NaN,NaN,NaN,NaN,NaN,NaN,NaN,NaN,NaN,NaN,NaN,NaN
SimpleBaseline,10,spike_bins,14,0.356906190157803,0.361906680718286,0.167398561112038,0.82954115189156,0.270026815155384,0.00714284560736243,0,0.016898346533626,0.172103587924637,0.164605588782023,0.25,0.9,0.1,1.4,0.15,,,NaN,NaN,NaN,NaN,NaN,NaN,NaN,NaN,NaN,NaN,NaN,NaN,NaN,NaN
SimpleBaseline,10,spike_bins,14,0.405050649776909,0.438153049309901,0.118347847710132,0.644386997997605,0.39926779052049,0.0214285425717221,0,0.0161126920472747,0.242136624530738,0.259063885376518,0.3,0.5,0.5,0.4,0.03,,,NaN,NaN,NaN,NaN,NaN,NaN,NaN,NaN,NaN,NaN,NaN,NaN,NaN,NaN
SimpleBaseline,10,spike_bins,14,0.405050649776909,0.438153049309901,0.118347847710132,0.644386997997605,0.39926779052049,0.0214285425717221,0,0.0161126920472747,0.242136624530738,0.259063885376518,0.3,0.5,0.5,0.4,0.05,,,NaN,NaN,NaN,NaN,NaN,NaN,NaN,NaN,NaN,NaN,NaN,NaN,NaN,NaN
SimpleBaseline,10,spike_bins,14,0.405050649776909,0.438153049309901,0.118347847710132,0.644386997997605,0.39926779052049,0.0214285425717221,0,0.0161126920472747,0.242136624530738,0.259063885376518,0.3,0.5,0.5,0.4,0.08,,,NaN,NaN,NaN,NaN,NaN,NaN,NaN,NaN,NaN,NaN,NaN,NaN,NaN,NaN
SimpleBaseline,10,spike_bins,14,0.405050649776909,0.438153049309901,0.118347847710132,0.644386997997605,0.39926779052049,0.0214285425717221,0,0.0161126920472747,0.242136624530738,0.259063885376518,0.3,0.5,0.5,0.4,0.1,,,NaN,NaN,NaN,NaN,NaN,NaN,NaN,NaN,NaN,NaN,NaN,NaN,NaN,NaN
SimpleBaseline,10,spike_bins,14,0.389365308641625,0.409900287998886,0.125017204835415,0.650273311950199,0.375329613434057,0.0214285425717221,0,0.0174171759012341,0.229067132811799,0.250822122698032,0.3,0.5,0.5,0.4,0.15,,,NaN,NaN,NaN,NaN,NaN,NaN,NaN,NaN,NaN,NaN,NaN,NaN,NaN,NaN
SimpleBaseline,10,spike_bins,14,0.403874004701521,0.432147578957508,0.123545055142969,0.679329912036913,0.38037993655867,0.0214285425717221,0,0.0163890534285354,0.231131854223738,0.244187522751107,0.3,0.5,0.5,0.5,0.03,,,NaN,NaN,NaN,NaN,NaN,NaN,NaN,NaN,NaN,NaN,NaN,NaN,NaN,NaN
SimpleBaseline,10,spike_bins,14,0.403874004701521,0.432147578957508,0.123545055142969,0.679329912036913,0.38037993655867,0.0214285425717221,0,0.0163890534285354,0.231131854223738,0.244187522751107,0.3,0.5,0.5,0.5,0.05,,,NaN,NaN,NaN,NaN,NaN,NaN,NaN,NaN,NaN,NaN,NaN,NaN,NaN,NaN
SimpleBaseline,10,spike_bins,14,0.403874004701521,0.432147578957508,0.123545055142969,0.679329912036913,0.38037993655867,0.0214285425717221,0,0.0163890534285354,0.231131854223738,0.244187522751107,0.3,0.5,0.5,0.5,0.08,,,NaN,NaN,NaN,NaN,NaN,NaN,NaN,NaN,NaN,NaN,NaN,NaN,NaN,NaN
SimpleBaseline,10,spike_bins,14,0.403874004701521,0.432147578957508,0.123545055142969,0.679329912036913,0.38037993655867,0.0214285425717221,0,0.0163890534285354,0.231131854223738,0.244187522751107,0.3,0.5,0.5,0.5,0.1,,,NaN,NaN,NaN,NaN,NaN,NaN,NaN,NaN,NaN,NaN,NaN,NaN,NaN,NaN
SimpleBaseline,10,spike_bins,14,0.388610643306202,0.402123158595897,0.130607057791491,0.684889759287575,0.358715401958362,0.0214285425717221,0,0.017490983134985,0.218915541234115,0.240010344948289,0.3,0.5,0.5,0.5,0.15,,,NaN,NaN,NaN,NaN,NaN,NaN,NaN,NaN,NaN,NaN,NaN,NaN,NaN,NaN
SimpleBaseline,10,spike_bins,14,0.40089498568148,0.418792960679171,0.128694310164103,0.714020026285608,0.359534697855285,0.0214285425717221,0,0.0163756409887808,0.221059924259749,0.230752716592998,0.3,0.5,0.5,0.6,0.03,,,NaN,NaN,NaN,NaN,NaN,NaN,NaN,NaN,NaN,NaN,NaN,NaN,NaN,NaN
SimpleBaseline,10,spike_bins,14,0.40089498568148,0.418792960679171,0.128694310164103,0.714020026285608,0.359534697855285,0.0214285425717221,0,0.0163756409887808,0.221059924259749,0.230752716592998,0.3,0.5,0.5,0.6,0.05,,,NaN,NaN,NaN,NaN,NaN,NaN,NaN,NaN,NaN,NaN,NaN,NaN,NaN,NaN
SimpleBaseline,10,spike_bins,14,0.40089498568148,0.418792960679171,0.128694310164103,0.714020026285608,0.359534697855285,0.0214285425717221,0,0.0163756409887808,0.221059924259749,0.230752716592998,0.3,0.5,0.5,0.6,0.08,,,NaN,NaN,NaN,NaN,NaN,NaN,NaN,NaN,NaN,NaN,NaN,NaN,NaN,NaN
SimpleBaseline,10,spike_bins,14,0.40089498568148,0.418792960679171,0.128694310164103,0.714020026285608,0.359534697855285,0.0214285425717221,0,0.0163756409887808,0.221059924259749,0.230752716592998,0.3,0.5,0.5,0.6,0.1,,,NaN,NaN,NaN,NaN,NaN,NaN,NaN,NaN,NaN,NaN,NaN,NaN,NaN,NaN
SimpleBaseline,10,spike_bins,14,0.385848342832941,0.409907801079635,0.136409826850303,0.718140557911295,0.340128145663672,0.0214285425717221,0,0.0174630319289612,0.209742719426169,0.228976517658718,0.3,0.5,0.5,0.6,0.15,,,NaN,NaN,NaN,NaN,NaN,NaN,NaN,NaN,NaN,NaN,NaN,NaN,NaN,NaN
SimpleBaseline,10,spike_bins,14,0.39497907075083,0.411906268359922,0.136513927184309,0.740994425150913,0.338906513686856,0.0214285425717221,0,0.0164446280898599,0.211435397697271,0.2181853340375,0.3,0.5,0.5,0.7,0.03,,,NaN,NaN,NaN,NaN,NaN,NaN,NaN,NaN,NaN,NaN,NaN,NaN,NaN,NaN
SimpleBaseline,10,spike_bins,14,0.39497907075083,0.411906268359922,0.136513927184309,0.740994425150913,0.338906513686856,0.0214285425717221,0,0.0164446280898599,0.211435397697271,0.2181853340375,0.3,0.5,0.5,0.7,0.05,,,NaN,NaN,NaN,NaN,NaN,NaN,NaN,NaN,NaN,NaN,NaN,NaN,NaN,NaN
SimpleBaseline,10,spike_bins,14,0.39497907075083,0.411906268359922,0.136513927184309,0.740994425150913,0.338906513686856,0.0214285425717221,0,0.0164446280898599,0.211435397697271,0.2181853340375,0.3,0.5,0.5,0.7,0.08,,,NaN,NaN,NaN,NaN,NaN,NaN,NaN,NaN,NaN,NaN,NaN,NaN,NaN,NaN
SimpleBaseline,10,spike_bins,14,0.39497907075083,0.411906268359922,0.136513927184309,0.740994425150913,0.338906513686856,0.0214285425717221,0,0.0164446280898599,0.211435397697271,0.2181853340375,0.3,0.5,0.5,0.7,0.1,,,NaN,NaN,NaN,NaN,NaN,NaN,NaN,NaN,NaN,NaN,NaN,NaN,NaN,NaN
SimpleBaseline,10,spike_bins,14,0.38043579458722,0.407318448912801,0.14300820577312,0.744157254168018,0.321253958376979,0.0178571185654663,0,0.0175347993939373,0.201345867860098,0.213729993586339,0.3,0.5,0.5,0.7,0.15,,,NaN,NaN,NaN,NaN,NaN,NaN,NaN,NaN,NaN,NaN,NaN,NaN,NaN,NaN
SimpleBaseline,10,spike_bins,14,0.38824268235223,0.390799383721372,0.144262985658557,0.769687947497704,0.318798146867136,0.0142856945592105,0,0.0166126815483652,0.20152649547944,0.205043512877328,0.3,0.5,0.5,0.8,0.03,,,NaN,NaN,NaN,NaN,NaN,NaN,NaN,NaN,NaN,NaN,NaN,NaN,NaN,NaN
SimpleBaseline,10,spike_bins,14,0.38824268235223,0.390799383721372,0.144262985658557,0.769687947497704,0.318798146867136,0.0142856945592105,0,0.0166126815483652,0.20152649547944,0.205043512877328,0.3,0.5,0.5,0.8,0.05,,,NaN,NaN,NaN,NaN,NaN,NaN,NaN,NaN,NaN,NaN,NaN,NaN,NaN,NaN
SimpleBaseline,10,spike_bins,14,0.38824268235223,0.390799383721372,0.144262985658557,0.769687947497704,0.318798146867136,0.0142856945592105,0,0.0166126815483652,0.20152649547944,0.205043512877328,0.3,0.5,0.5,0.8,0.08,,,NaN,NaN,NaN,NaN,NaN,NaN,NaN,NaN,NaN,NaN,NaN,NaN,NaN,NaN
SimpleBaseline,10,spike_bins,14,0.38824268235223,0.390799383721372,0.144262985658557,0.769687947497704,0.318798146867136,0.0142856945592105,0,0.0166126815483652,0.20152649547944,0.205043512877328,0.3,0.5,0.5,0.8,0.1,,,NaN,NaN,NaN,NaN,NaN,NaN,NaN,NaN,NaN,NaN,NaN,NaN,NaN,NaN
SimpleBaseline,10,spike_bins,14,0.374703390627466,0.382961793803697,0.150130522181857,0.773009118057678,0.302892716885395,0.0178571185654663,0,0.0176140030868797,0.192512204395096,0.20142863510403,0.3,0.5,0.5,0.8,0.15,,,NaN,NaN,NaN,NaN,NaN,NaN,NaN,NaN,NaN,NaN,NaN,NaN,NaN,NaN
SimpleBaseline,10,spike_bins,14,0.377925193719759,0.363447492773098,0.149299250339134,0.802396402133888,0.295443269659384,0.0142856945592105,0,0.0167763813244135,0.188289225571067,0.185357843575483,0.3,0.5,0.5,0.9,0.03,,,NaN,NaN,NaN,NaN,NaN,NaN,NaN,NaN,NaN,NaN,NaN,NaN,NaN,NaN
SimpleBaseline,10,spike_bins,14,0.377925193719759,0.363447492773098,0.149299250339134,0.802396402133888,0.295443269659384,0.0142856945592105,0,0.0167763813244135,0.188289225571067,0.185357843575483,0.3,0.5,0.5,0.9,0.05,,,NaN,NaN,NaN,NaN,NaN,NaN,NaN,NaN,NaN,NaN,NaN,NaN,NaN,NaN
SimpleBaseline,10,spike_bins,14,0.377925193719759,0.363447492773098,0.149299250339134,0.802396402133888,0.295443269659384,0.0142856945592105,0,0.0167763813244135,0.188289225571067,0.185357843575483,0.3,0.5,0.5,0.9,0.08,,,NaN,NaN,NaN,NaN,NaN,NaN,NaN,NaN,NaN,NaN,NaN,NaN,NaN,NaN
SimpleBaseline,10,spike_bins,14,0.377925193719759,0.363447492773098,0.149299250339134,0.802396402133888,0.295443269659384,0.0142856945592105,0,0.0167763813244135,0.188289225571067,0.185357843575483,0.3,0.5,0.5,0.9,0.1,,,NaN,NaN,NaN,NaN,NaN,NaN,NaN,NaN,NaN,NaN,NaN,NaN,NaN,NaN
SimpleBaseline,10,spike_bins,14,0.365843399430417,0.356996364218656,0.15641745745969,0.806797021562636,0.281861074342177,0.0142856945592105,0,0.0176537031011943,0.180574789141192,0.184469744108343,0.3,0.5,0.5,0.9,0.15,,,NaN,NaN,NaN,NaN,NaN,NaN,NaN,NaN,NaN,NaN,NaN,NaN,NaN,NaN
SimpleBaseline,10,spike_bins,14,0.361542667352979,0.34403785488959,0.153193250501267,0.825334376104108,0.272562581002286,0.0142856945592105,0,0.0165134248587546,0.175676897086996,0.173686904402783,0.3,0.5,0.5,1,0.03,,,NaN,NaN,NaN,NaN,NaN,NaN,NaN,NaN,NaN,NaN,NaN,NaN,NaN,NaN
SimpleBaseline,10,spike_bins,14,0.361542667352979,0.34403785488959,0.153193250501267,0.825334376104108,0.272562581002286,0.0142856945592105,0,0.0165134248587546,0.175676897086996,0.173686904402783,0.3,0.5,0.5,1,0.05,,,NaN,NaN,NaN,NaN,NaN,NaN,NaN,NaN,NaN,NaN,NaN,NaN,NaN,NaN
SimpleBaseline,10,spike_bins,14,0.361542667352979,0.34403785488959,0.153193250501267,0.825334376104108,0.272562581002286,0.0142856945592105,0,0.0165134248587546,0.175676897086996,0.173686904402783,0.3,0.5,0.5,1,0.08,,,NaN,NaN,NaN,NaN,NaN,NaN,NaN,NaN,NaN,NaN,NaN,NaN,NaN,NaN
SimpleBaseline,10,spike_bins,14,0.361542667352979,0.34403785488959,0.153193250501267,0.825334376104108,0.272562581002286,0.0142856945592105,0,0.0165134248587546,0.175676897086996,0.173686904402783,0.3,0.5,0.5,1,0.1,,,NaN,NaN,NaN,NaN,NaN,NaN,NaN,NaN,NaN,NaN,NaN,NaN,NaN,NaN
SimpleBaseline,10,spike_bins,14,0.351028516804329,0.342162162162162,0.159419544561261,0.83153933513689,0.261079629519736,0.0142856945592105,0,0.0171821281621066,0.169352456057739,0.173686904402783,0.3,0.5,0.5,1,0.15,,,NaN,NaN,NaN,NaN,NaN,NaN,NaN,NaN,NaN,NaN,NaN,NaN,NaN,NaN
SimpleBaseline,10,spike_bins,14,0.339944320969453,0.313680526220506,0.15339583098834,0.84700338059901,0.246022007509137,0.0142856945592105,0,0.0158883710704371,0.159832045592963,0.160306066244769,0.3,0.5,0.5,1.1,0.03,,,NaN,NaN,NaN,NaN,NaN,NaN,NaN,NaN,NaN,NaN,NaN,NaN,NaN,NaN
SimpleBaseline,10,spike_bins,14,0.339944320969453,0.313680526220506,0.15339583098834,0.84700338059901,0.246022007509137,0.0142856945592105,0,0.0158883710704371,0.159832045592963,0.160306066244769,0.3,0.5,0.5,1.1,0.05,,,NaN,NaN,NaN,NaN,NaN,NaN,NaN,NaN,NaN,NaN,NaN,NaN,NaN,NaN
SimpleBaseline,10,spike_bins,14,0.339944320969453,0.313680526220506,0.15339583098834,0.84700338059901,0.246022007509137,0.0142856945592105,0,0.0158883710704371,0.159832045592963,0.160306066244769,0.3,0.5,0.5,1.1,0.08,,,NaN,NaN,NaN,NaN,NaN,NaN,NaN,NaN,NaN,NaN,NaN,NaN,NaN,NaN
SimpleBaseline,10,spike_bins,14,0.339944320969453,0.313680526220506,0.15339583098834,0.84700338059901,0.246022007509137,0.0142856945592105,0,0.0158883710704371,0.159832045592963,0.160306066244769,0.3,0.5,0.5,1.1,0.1,,,NaN,NaN,NaN,NaN,NaN,NaN,NaN,NaN,NaN,NaN,NaN,NaN,NaN,NaN
SimpleBaseline,10,spike_bins,14,0.330329656117456,0.313680526220506,0.157457779167816,0.852640327695902,0.236283088522992,0.0142856945592105,0,0.0164365567100126,0.154545131114799,0.160306066244769,0.3,0.5,0.5,1.1,0.15,,,NaN,NaN,NaN,NaN,NaN,NaN,NaN,NaN,NaN,NaN,NaN,NaN,NaN,NaN
SimpleBaseline,10,spike_bins,14,0.322389633288248,0.298631621731473,0.15079626914188,0.864939684338267,0.224094449656753,0.0142856945592105,0,0.0162660578413291,0.148947993295174,0.150155405036994,0.3,0.5,0.5,1.2,0.03,,,NaN,NaN,NaN,NaN,NaN,NaN,NaN,NaN,NaN,NaN,NaN,NaN,NaN,NaN
SimpleBaseline,10,spike_bins,14,0.322389633288248,0.298631621731473,0.15079626914188,0.864939684338267,0.224094449656753,0.0142856945592105,0,0.0162660578413291,0.148947993295174,0.150155405036994,0.3,0.5,0.5,1.2,0.05,,,NaN,NaN,NaN,NaN,NaN,NaN,NaN,NaN,NaN,NaN,NaN,NaN,NaN,NaN
SimpleBaseline,10,spike_bins,14,0.322389633288248,0.298631621731473,0.15079626914188,0.864939684338267,0.224094449656753,0.0142856945592105,0,0.0162660578413291,0.148947993295174,0.150155405036994,0.3,0.5,0.5,1.2,0.08,,,NaN,NaN,NaN,NaN,NaN,NaN,NaN,NaN,NaN,NaN,NaN,NaN,NaN,NaN
SimpleBaseline,10,spike_bins,14,0.322389633288248,0.298631621731473,0.15079626914188,0.864939684338267,0.224094449656753,0.0142856945592105,0,0.0162660578413291,0.148947993295174,0.150155405036994,0.3,0.5,0.5,1.2,0.1,,,NaN,NaN,NaN,NaN,NaN,NaN,NaN,NaN,NaN,NaN,NaN,NaN,NaN,NaN
SimpleBaseline,10,spike_bins,14,0.313789929688115,0.29754079590971,0.154973633033676,0.870988414419095,0.216009520117043,0.0142856945592105,0,0.0169547543814963,0.144685940210864,0.150155405036994,0.3,0.5,0.5,1.2,0.15,,,NaN,NaN,NaN,NaN,NaN,NaN,NaN,NaN,NaN,NaN,NaN,NaN,NaN,NaN
SimpleBaseline,10,spike_bins,14,0.300539116057801,0.271643219845168,0.14928436463738,0.880250122510736,0.20172807311081,0.0142856945592105,0,0.0160601966670919,0.136587141584319,0.136452311655651,0.3,0.5,0.5,1.3,0.03,,,NaN,NaN,NaN,NaN,NaN,NaN,NaN,NaN,NaN,NaN,NaN,NaN,NaN,NaN
SimpleBaseline,10,spike_bins,14,0.300539116057801,0.271643219845168,0.14928436463738,0.880250122510736,0.20172807311081,0.0142856945592105,0,0.0160601966670919,0.136587141584319,0.136452311655651,0.3,0.5,0.5,1.3,0.05,,,NaN,NaN,NaN,NaN,NaN,NaN,NaN,NaN,NaN,NaN,NaN,NaN,NaN,NaN
SimpleBaseline,10,spike_bins,14,0.300539116057801,0.271643219845168,0.14928436463738,0.880250122510736,0.20172807311081,0.0142856945592105,0,0.0160601966670919,0.136587141584319,0.136452311655651,0.3,0.5,0.5,1.3,0.08,,,NaN,NaN,NaN,NaN,NaN,NaN,NaN,NaN,NaN,NaN,NaN,NaN,NaN,NaN
SimpleBaseline,10,spike_bins,14,0.300539116057801,0.271643219845168,0.14928436463738,0.880250122510736,0.20172807311081,0.0142856945592105,0,0.0160601966670919,0.136587141584319,0.136452311655651,0.3,0.5,0.5,1.3,0.1,,,NaN,NaN,NaN,NaN,NaN,NaN,NaN,NaN,NaN,NaN,NaN,NaN,NaN,NaN
SimpleBaseline,10,spike_bins,14,0.293411473145119,0.270345943255351,0.152498236010332,0.886905699183604,0.195440377820323,0.0107142700832864,0,0.0163551967594254,0.132865775622257,0.136452311655651,0.3,0.5,0.5,1.3,0.15,,,NaN,NaN,NaN,NaN,NaN,NaN,NaN,NaN,NaN,NaN,NaN,NaN,NaN,NaN
SimpleBaseline,10,spike_bins,14,0.279687293967748,0.247867829816268,0.14606985407998,0.887781703519377,0.183072039846064,0.0142856945592105,0,0.0162405556059793,0.122060610345632,0.123440708617996,0.3,0.5,0.5,1.4,0.03,,,NaN,NaN,NaN,NaN,NaN,NaN,NaN,NaN,NaN,NaN,NaN,NaN,NaN,NaN
SimpleBaseline,10,spike_bins,14,0.279687293967748,0.247867829816268,0.14606985407998,0.887781703519377,0.183072039846064,0.0142856945592105,0,0.0162405556059793,0.122060610345632,0.123440708617996,0.3,0.5,0.5,1.4,0.05,,,NaN,NaN,NaN,NaN,NaN,NaN,NaN,NaN,NaN,NaN,NaN,NaN,NaN,NaN
SimpleBaseline,10,spike_bins,14,0.279687293967748,0.247867829816268,0.14606985407998,0.887781703519377,0.183072039846064,0.0142856945592105,0,0.0162405556059793,0.122060610345632,0.123440708617996,0.3,0.5,0.5,1.4,0.08,,,NaN,NaN,NaN,NaN,NaN,NaN,NaN,NaN,NaN,NaN,NaN,NaN,NaN,NaN
SimpleBaseline,10,spike_bins,14,0.279687293967748,0.247867829816268,0.14606985407998,0.887781703519377,0.183072039846064,0.0142856945592105,0,0.0162405556059793,0.122060610345632,0.123440708617996,0.3,0.5,0.5,1.4,0.1,,,NaN,NaN,NaN,NaN,NaN,NaN,NaN,NaN,NaN,NaN,NaN,NaN,NaN,NaN
SimpleBaseline,10,spike_bins,14,0.273770311633834,0.245510563380282,0.149025801991511,0.892959857031563,0.178145264908091,0.0142856945592105,0,0.0168302617949952,0.119259542822908,0.123440708617996,0.3,0.5,0.5,1.4,0.15,,,NaN,NaN,NaN,NaN,NaN,NaN,NaN,NaN,NaN,NaN,NaN,NaN,NaN,NaN
SimpleBaseline,10,spike_bins,14,0.406411235520508,0.433943774552054,0.114654117361408,0.62467872911704,0.415209296032109,0.0214285425717221,0,0.0132945638123148,0.253328511815318,0.262152230777936,0.3,0.6,0.4,0.4,0.03,,,NaN,NaN,NaN,NaN,NaN,NaN,NaN,NaN,NaN,NaN,NaN,NaN,NaN,NaN
SimpleBaseline,10,spike_bins,14,0.406411235520508,0.433943774552054,0.114654117361408,0.62467872911704,0.415209296032109,0.0214285425717221,0,0.0132945638123148,0.253328511815318,0.262152230777936,0.3,0.6,0.4,0.4,0.05,,,NaN,NaN,NaN,NaN,NaN,NaN,NaN,NaN,NaN,NaN,NaN,NaN,NaN,NaN
SimpleBaseline,10,spike_bins,14,0.406411235520508,0.433943774552054,0.114654117361408,0.62467872911704,0.415209296032109,0.0214285425717221,0,0.0132945638123148,0.253328511815318,0.262152230777936,0.3,0.6,0.4,0.4,0.08,,,NaN,NaN,NaN,NaN,NaN,NaN,NaN,NaN,NaN,NaN,NaN,NaN,NaN,NaN
SimpleBaseline,10,spike_bins,14,0.406411235520508,0.433943774552054,0.114654117361408,0.62467872911704,0.415209296032109,0.0214285425717221,0,0.0132945638123148,0.253328511815318,0.262152230777936,0.3,0.6,0.4,0.4,0.1,,,NaN,NaN,NaN,NaN,NaN,NaN,NaN,NaN,NaN,NaN,NaN,NaN,NaN,NaN
SimpleBaseline,10,spike_bins,14,0.38901357659567,0.41034117895466,0.119181611312534,0.627524107416574,0.388658701652535,0.0214285425717221,0,0.0146807738355974,0.238740324685717,0.256657720846702,0.3,0.6,0.4,0.4,0.15,,,NaN,NaN,NaN,NaN,NaN,NaN,NaN,NaN,NaN,NaN,NaN,NaN,NaN,NaN
SimpleBaseline,10,spike_bins,14,0.409867817358248,0.453120042075797,0.118100374665663,0.663553796580353,0.398056034205877,0.0178571185654663,0,0.0131461097223817,0.245388300194201,0.257936370302455,0.3,0.6,0.4,0.5,0.03,,,NaN,NaN,NaN,NaN,NaN,NaN,NaN,NaN,NaN,NaN,NaN,NaN,NaN,NaN
SimpleBaseline,10,spike_bins,14,0.409867817358248,0.453120042075797,0.118100374665663,0.663553796580353,0.398056034205877,0.0178571185654663,0,0.0131461097223817,0.245388300194201,0.257936370302455,0.3,0.6,0.4,0.5,0.05,,,NaN,NaN,NaN,NaN,NaN,NaN,NaN,NaN,NaN,NaN,NaN,NaN,NaN,NaN
SimpleBaseline,10,spike_bins,14,0.409867817358248,0.453120042075797,0.118100374665663,0.663553796580353,0.398056034205877,0.0178571185654663,0,0.0131461097223817,0.245388300194201,0.257936370302455,0.3,0.6,0.4,0.5,0.08,,,NaN,NaN,NaN,NaN,NaN,NaN,NaN,NaN,NaN,NaN,NaN,NaN,NaN,NaN
SimpleBaseline,10,spike_bins,14,0.409867817358248,0.453120042075797,0.118100374665663,0.663553796580353,0.398056034205877,0.0178571185654663,0,0.0131461097223817,0.245388300194201,0.257936370302455,0.3,0.6,0.4,0.5,0.1,,,NaN,NaN,NaN,NaN,NaN,NaN,NaN,NaN,NaN,NaN,NaN,NaN,NaN,NaN
SimpleBaseline,10,spike_bins,14,0.39328092997966,0.419989080781484,0.124591664548536,0.666290271293687,0.374654701103412,0.0178571185654663,0,0.0147062812863055,0.232457250905968,0.252441860371221,0.3,0.6,0.4,0.5,0.15,,,NaN,NaN,NaN,NaN,NaN,NaN,NaN,NaN,NaN,NaN,NaN,NaN,NaN,NaN
SimpleBaseline,10,spike_bins,14,0.409913624389972,0.439379625255865,0.126400930671514,0.700200365590975,0.378483566543578,0.0214285425717221,0,0.0132772529490704,0.234144521996822,0.247706893069262,0.3,0.6,0.4,0.6,0.03,,,NaN,NaN,NaN,NaN,NaN,NaN,NaN,NaN,NaN,NaN,NaN,NaN,NaN,NaN
SimpleBaseline,10,spike_bins,14,0.409913624389972,0.439379625255865,0.126400930671514,0.700200365590975,0.378483566543578,0.0214285425717221,0,0.0132772529490704,0.234144521996822,0.247706893069262,0.3,0.6,0.4,0.6,0.05,,,NaN,NaN,NaN,NaN,NaN,NaN,NaN,NaN,NaN,NaN,NaN,NaN,NaN,NaN
SimpleBaseline,10,spike_bins,14,0.409913624389972,0.439379625255865,0.126400930671514,0.700200365590975,0.378483566543578,0.0214285425717221,0,0.0132772529490704,0.234144521996822,0.247706893069262,0.3,0.6,0.4,0.6,0.08,,,NaN,NaN,NaN,NaN,NaN,NaN,NaN,NaN,NaN,NaN,NaN,NaN,NaN,NaN
SimpleBaseline,10,spike_bins,14,0.409913624389972,0.439379625255865,0.126400930671514,0.700200365590975,0.378483566543578,0.0214285425717221,0,0.0132772529490704,0.234144521996822,0.247706893069262,0.3,0.6,0.4,0.6,0.1,,,NaN,NaN,NaN,NaN,NaN,NaN,NaN,NaN,NaN,NaN,NaN,NaN,NaN,NaN
SimpleBaseline,10,spike_bins,14,0.39410865555956,0.414504652435687,0.133057987376528,0.702649693530004,0.357844101393055,0.0214285425717221,0,0.0146931312740894,0.223011143394464,0.245930694134981,0.3,0.6,0.4,0.6,0.15,,,NaN,NaN,NaN,NaN,NaN,NaN,NaN,NaN,NaN,NaN,NaN,NaN,NaN,NaN
SimpleBaseline,10,spike_bins,14,0.409768194064237,0.440112865674663,0.134202837234435,0.736216939616777,0.361760730706347,0.0178571185654663,0,0.0130548306092268,0.225144241740979,0.231147461480735,0.3,0.6,0.4,0.7,0.03,,,NaN,NaN,NaN,NaN,NaN,NaN,NaN,NaN,NaN,NaN,NaN,NaN,NaN,NaN
SimpleBaseline,10,spike_bins,14,0.409768194064237,0.440112865674663,0.134202837234435,0.736216939616777,0.361760730706347,0.0178571185654663,0,0.0130548306092268,0.225144241740979,0.231147461480735,0.3,0.6,0.4,0.7,0.05,,,NaN,NaN,NaN,NaN,NaN,NaN,NaN,NaN,NaN,NaN,NaN,NaN,NaN,NaN
SimpleBaseline,10,spike_bins,14,0.409768194064237,0.440112865674663,0.134202837234435,0.736216939616777,0.361760730706347,0.0178571185654663,0,0.0130548306092268,0.225144241740979,0.231147461480735,0.3,0.6,0.4,0.7,0.08,,,NaN,NaN,NaN,NaN,NaN,NaN,NaN,NaN,NaN,NaN,NaN,NaN,NaN,NaN
SimpleBaseline,10,spike_bins,14,0.409768194064237,0.440112865674663,0.134202837234435,0.736216939616777,0.361760730706347,0.0178571185654663,0,0.0130548306092268,0.225144241740979,0.231147461480735,0.3,0.6,0.4,0.7,0.1,,,NaN,NaN,NaN,NaN,NaN,NaN,NaN,NaN,NaN,NaN,NaN,NaN,NaN,NaN
SimpleBaseline,10,spike_bins,14,0.395030579660414,0.434958713058365,0.140767403248652,0.73851081616295,0.343388149289432,0.0178571185654663,0,0.0144041429449611,0.215024607142875,0.230259362013594,0.3,0.6,0.4,0.7,0.15,,,NaN,NaN,NaN,NaN,NaN,NaN,NaN,NaN,NaN,NaN,NaN,NaN,NaN,NaN
SimpleBaseline,10,spike_bins,14,0.406356178020547,0.420563820643427,0.141671073075316,0.767425640080337,0.341802439357992,0.0178571185654663,0,0.0131300482014962,0.217581154288448,0.224394106456894,0.3,0.6,0.4,0.8,0.03,,,NaN,NaN,NaN,NaN,NaN,NaN,NaN,NaN,NaN,NaN,NaN,NaN,NaN,NaN
SimpleBaseline,10,spike_bins,14,0.406356178020547,0.420563820643427,0.141671073075316,0.767425640080337,0.341802439357992,0.0178571185654663,0,0.0131300482014962,0.217581154288448,0.224394106456894,0.3,0.6,0.4,0.8,0.05,,,NaN,NaN,NaN,NaN,NaN,NaN,NaN,NaN,NaN,NaN,NaN,NaN,NaN,NaN
SimpleBaseline,10,spike_bins,14,0.406356178020547,0.420563820643427,0.141671073075316,0.767425640080337,0.341802439357992,0.0178571185654663,0,0.0131300482014962,0.217581154288448,0.224394106456894,0.3,0.6,0.4,0.8,0.08,,,NaN,NaN,NaN,NaN,NaN,NaN,NaN,NaN,NaN,NaN,NaN,NaN,NaN,NaN
SimpleBaseline,10,spike_bins,14,0.406356178020547,0.420563820643427,0.141671073075316,0.767425640080337,0.341802439357992,0.0178571185654663,0,0.0131300482014962,0.217581154288448,0.224394106456894,0.3,0.6,0.4,0.8,0.1,,,NaN,NaN,NaN,NaN,NaN,NaN,NaN,NaN,NaN,NaN,NaN,NaN,NaN,NaN
SimpleBaseline,10,spike_bins,14,0.391713295773897,0.415038469600863,0.148619966306176,0.769369062738852,0.324978509644577,0.0214285425717221,0,0.014309918054411,0.208030953063766,0.219036905425086,0.3,0.6,0.4,0.8,0.15,,,NaN,NaN,NaN,NaN,NaN,NaN,NaN,NaN,NaN,NaN,NaN,NaN,NaN,NaN
SimpleBaseline,10,spike_bins,14,0.394095633199656,0.397596123124999,0.15294266791869,0.792620061945294,0.31928475225902,0.0142856945592105,0,0.0128712800054407,0.20596841729645,0.207772503489346,0.3,0.6,0.4,0.9,0.03,,,NaN,NaN,NaN,NaN,NaN,NaN,NaN,NaN,NaN,NaN,NaN,NaN,NaN,NaN
SimpleBaseline,10,spike_bins,14,0.394095633199656,0.397596123124999,0.15294266791869,0.792620061945294,0.31928475225902,0.0142856945592105,0,0.0128712800054407,0.20596841729645,0.207772503489346,0.3,0.6,0.4,0.9,0.05,,,NaN,NaN,NaN,NaN,NaN,NaN,NaN,NaN,NaN,NaN,NaN,NaN,NaN,NaN
SimpleBaseline,10,spike_bins,14,0.394095633199656,0.397596123124999,0.15294266791869,0.792620061945294,0.31928475225902,0.0142856945592105,0,0.0128712800054407,0.20596841729645,0.207772503489346,0.3,0.6,0.4,0.9,0.08,,,NaN,NaN,NaN,NaN,NaN,NaN,NaN,NaN,NaN,NaN,NaN,NaN,NaN,NaN
SimpleBaseline,10,spike_bins,14,0.394095633199656,0.397596123124999,0.15294266791869,0.792620061945294,0.31928475225902,0.0142856945592105,0,0.0128712800054407,0.20596841729645,0.207772503489346,0.3,0.6,0.4,0.9,0.1,,,NaN,NaN,NaN,NaN,NaN,NaN,NaN,NaN,NaN,NaN,NaN,NaN,NaN,NaN
SimpleBaseline,10,spike_bins,14,0.381880841614112,0.384499110847659,0.159171938569327,0.794777926718248,0.305039919815707,0.0178571185654663,0,0.0139662550474948,0.198117998391651,0.205391514088152,0.3,0.6,0.4,0.9,0.15,,,NaN,NaN,NaN,NaN,NaN,NaN,NaN,NaN,NaN,NaN,NaN,NaN,NaN,NaN
SimpleBaseline,10,spike_bins,14,0.382056640056249,0.37261407156144,0.160137684186416,0.824028396794173,0.297014713962034,0.0142856945592105,0,0.0127226254357667,0.191884207674492,0.186400847504839,0.3,0.6,0.4,1,0.03,,,NaN,NaN,NaN,NaN,NaN,NaN,NaN,NaN,NaN,NaN,NaN,NaN,NaN,NaN
SimpleBaseline,10,spike_bins,14,0.382056640056249,0.37261407156144,0.160137684186416,0.824028396794173,0.297014713962034,0.0142856945592105,0,0.0127226254357667,0.191884207674492,0.186400847504839,0.3,0.6,0.4,1,0.05,,,NaN,NaN,NaN,NaN,NaN,NaN,NaN,NaN,NaN,NaN,NaN,NaN,NaN,NaN
SimpleBaseline,10,spike_bins,14,0.382056640056249,0.37261407156144,0.160137684186416,0.824028396794173,0.297014713962034,0.0142856945592105,0,0.0127226254357667,0.191884207674492,0.186400847504839,0.3,0.6,0.4,1,0.08,,,NaN,NaN,NaN,NaN,NaN,NaN,NaN,NaN,NaN,NaN,NaN,NaN,NaN,NaN
SimpleBaseline,10,spike_bins,14,0.382056640056249,0.37261407156144,0.160137684186416,0.824028396794173,0.297014713962034,0.0142856945592105,0,0.0127226254357667,0.191884207674492,0.186400847504839,0.3,0.6,0.4,1,0.1,,,NaN,NaN,NaN,NaN,NaN,NaN,NaN,NaN,NaN,NaN,NaN,NaN,NaN,NaN
SimpleBaseline,10,spike_bins,14,0.371745359352836,0.361250266284591,0.16538546243657,0.82648146515877,0.285422042128653,0.0142856945592105,0,0.0136454720873417,0.186041412948541,0.186400847504839,0.3,0.6,0.4,1,0.15,,,NaN,NaN,NaN,NaN,NaN,NaN,NaN,NaN,NaN,NaN,NaN,NaN,NaN,NaN
SimpleBaseline,10,spike_bins,14,0.364686398167296,0.349303342136417,0.164956478653895,0.850187862843261,0.271266529418964,0.0142856945592105,0,0.0133855890067577,0.177917050960194,0.175483277534085,0.3,0.6,0.4,1.1,0.03,,,NaN,NaN,NaN,NaN,NaN,NaN,NaN,NaN,NaN,NaN,NaN,NaN,NaN,NaN
SimpleBaseline,10,spike_bins,14,0.364686398167296,0.349303342136417,0.164956478653895,0.850187862843261,0.271266529418964,0.0142856945592105,0,0.0133855890067577,0.177917050960194,0.175483277534085,0.3,0.6,0.4,1.1,0.05,,,NaN,NaN,NaN,NaN,NaN,NaN,NaN,NaN,NaN,NaN,NaN,NaN,NaN,NaN
SimpleBaseline,10,spike_bins,14,0.364686398167296,0.349303342136417,0.164956478653895,0.850187862843261,0.271266529418964,0.0142856945592105,0,0.0133855890067577,0.177917050960194,0.175483277534085,0.3,0.6,0.4,1.1,0.08,,,NaN,NaN,NaN,NaN,NaN,NaN,NaN,NaN,NaN,NaN,NaN,NaN,NaN,NaN
SimpleBaseline,10,spike_bins,14,0.364686398167296,0.349303342136417,0.164956478653895,0.850187862843261,0.271266529418964,0.0142856945592105,0,0.0133855890067577,0.177917050960194,0.175483277534085,0.3,0.6,0.4,1.1,0.1,,,NaN,NaN,NaN,NaN,NaN,NaN,NaN,NaN,NaN,NaN,NaN,NaN,NaN,NaN
SimpleBaseline,10,spike_bins,14,0.355412824541121,0.343655944277626,0.169579579560232,0.852170967207251,0.261642746745649,0.0142856945592105,0,0.0141222494058236,0.173398608963225,0.175483277534085,0.3,0.6,0.4,1.1,0.15,,,NaN,NaN,NaN,NaN,NaN,NaN,NaN,NaN,NaN,NaN,NaN,NaN,NaN,NaN
SimpleBaseline,10,spike_bins,14,0.343695230348228,0.325439633250958,0.15884206646839,0.871683338013448,0.244715745331737,0.0142856945592105,0,0.0130528667591745,0.162989453009725,0.162359739482625,0.3,0.6,0.4,1.2,0.03,,,NaN,NaN,NaN,NaN,NaN,NaN,NaN,NaN,NaN,NaN,NaN,NaN,NaN,NaN
SimpleBaseline,10,spike_bins,14,0.343695230348228,0.325439633250958,0.15884206646839,0.871683338013448,0.244715745331737,0.0142856945592105,0,0.0130528667591745,0.162989453009725,0.162359739482625,0.3,0.6,0.4,1.2,0.05,,,NaN,NaN,NaN,NaN,NaN,NaN,NaN,NaN,NaN,NaN,NaN,NaN,NaN,NaN
SimpleBaseline,10,spike_bins,14,0.343695230348228,0.325439633250958,0.15884206646839,0.871683338013448,0.244715745331737,0.0142856945592105,0,0.0130528667591745,0.162989453009725,0.162359739482625,0.3,0.6,0.4,1.2,0.08,,,NaN,NaN,NaN,NaN,NaN,NaN,NaN,NaN,NaN,NaN,NaN,NaN,NaN,NaN
SimpleBaseline,10,spike_bins,14,0.343695230348228,0.325439633250958,0.15884206646839,0.871683338013448,0.244715745331737,0.0142856945592105,0,0.0130528667591745,0.162989453009725,0.162359739482625,0.3,0.6,0.4,1.2,0.1,,,NaN,NaN,NaN,NaN,NaN,NaN,NaN,NaN,NaN,NaN,NaN,NaN,NaN,NaN
SimpleBaseline,10,spike_bins,14,0.334930072384372,0.314089958656955,0.161912453202147,0.873731716796037,0.236283763802994,0.0142856945592105,0,0.013922508663512,0.159221999064119,0.162359739482625,0.3,0.6,0.4,1.2,0.15,,,NaN,NaN,NaN,NaN,NaN,NaN,NaN,NaN,NaN,NaN,NaN,NaN,NaN,NaN
SimpleBaseline,10,spike_bins,14,0.324180523353407,0.302090776430333,0.15840792777667,0.889269071123181,0.22311263017071,0.0142856945592105,0,0.0132727372998434,0.150119065831333,0.154285921923227,0.3,0.6,0.4,1.3,0.03,,,NaN,NaN,NaN,NaN,NaN,NaN,NaN,NaN,NaN,NaN,NaN,NaN,NaN,NaN
SimpleBaseline,10,spike_bins,14,0.324180523353407,0.302090776430333,0.15840792777667,0.889269071123181,0.22311263017071,0.0142856945592105,0,0.0132727372998434,0.150119065831333,0.154285921923227,0.3,0.6,0.4,1.3,0.05,,,NaN,NaN,NaN,NaN,NaN,NaN,NaN,NaN,NaN,NaN,NaN,NaN,NaN,NaN
SimpleBaseline,10,spike_bins,14,0.324180523353407,0.302090776430333,0.15840792777667,0.889269071123181,0.22311263017071,0.0142856945592105,0,0.0132727372998434,0.150119065831333,0.154285921923227,0.3,0.6,0.4,1.3,0.08,,,NaN,NaN,NaN,NaN,NaN,NaN,NaN,NaN,NaN,NaN,NaN,NaN,NaN,NaN
SimpleBaseline,10,spike_bins,14,0.324180523353407,0.302090776430333,0.15840792777667,0.889269071123181,0.22311263017071,0.0142856945592105,0,0.0132727372998434,0.150119065831333,0.154285921923227,0.3,0.6,0.4,1.3,0.1,,,NaN,NaN,NaN,NaN,NaN,NaN,NaN,NaN,NaN,NaN,NaN,NaN,NaN,NaN
SimpleBaseline,10,spike_bins,14,0.317317319637839,0.298482708359943,0.159830222621863,0.892195816937291,0.216623766253067,0.0142856945592105,0,0.0137039442142787,0.147128404046972,0.154285921923227,0.3,0.6,0.4,1.3,0.15,,,NaN,NaN,NaN,NaN,NaN,NaN,NaN,NaN,NaN,NaN,NaN,NaN,NaN,NaN
SimpleBaseline,10,spike_bins,14,0.301184961421528,0.278981883718265,0.156706524693091,0.900096810558041,0.201038343972381,0.0142856945592105,0,0.0121781550168354,0.139609999693124,0.139384840105294,0.3,0.6,0.4,1.4,0.03,,,NaN,NaN,NaN,NaN,NaN,NaN,NaN,NaN,NaN,NaN,NaN,NaN,NaN,NaN
SimpleBaseline,10,spike_bins,14,0.301184961421528,0.278981883718265,0.156706524693091,0.900096810558041,0.201038343972381,0.0142856945592105,0,0.0121781550168354,0.139609999693124,0.139384840105294,0.3,0.6,0.4,1.4,0.05,,,NaN,NaN,NaN,NaN,NaN,NaN,NaN,NaN,NaN,NaN,NaN,NaN,NaN,NaN
SimpleBaseline,10,spike_bins,14,0.301184961421528,0.278981883718265,0.156706524693091,0.900096810558041,0.201038343972381,0.0142856945592105,0,0.0121781550168354,0.139609999693124,0.139384840105294,0.3,0.6,0.4,1.4,0.08,,,NaN,NaN,NaN,NaN,NaN,NaN,NaN,NaN,NaN,NaN,NaN,NaN,NaN,NaN
SimpleBaseline,10,spike_bins,14,0.301184961421528,0.278981883718265,0.156706524693091,0.900096810558041,0.201038343972381,0.0142856945592105,0,0.0121781550168354,0.139609999693124,0.139384840105294,0.3,0.6,0.4,1.4,0.1,,,NaN,NaN,NaN,NaN,NaN,NaN,NaN,NaN,NaN,NaN,NaN,NaN,NaN,NaN
SimpleBaseline,10,spike_bins,14,0.296109220491127,0.273440123287857,0.158583526179671,0.903510943547926,0.196535032398502,0.0142856945592105,0,0.0124538130719441,0.136842958877682,0.139384840105294,0.3,0.6,0.4,1.4,0.15,,,NaN,NaN,NaN,NaN,NaN,NaN,NaN,NaN,NaN,NaN,NaN,NaN,NaN,NaN
SimpleBaseline,10,spike_bins,14,0.404396138428603,0.412436198096289,0.108766571283797,0.604225931173344,0.428199201667835,0.0214285425717221,0,0.0109846347680243,0.261045127495919,0.2709739544449,0.3,0.7,0.3,0.4,0.03,,,NaN,NaN,NaN,NaN,NaN,NaN,NaN,NaN,NaN,NaN,NaN,NaN,NaN,NaN
SimpleBaseline,10,spike_bins,14,0.404396138428603,0.412436198096289,0.108766571283797,0.604225931173344,0.428199201667835,0.0214285425717221,0,0.0109846347680243,0.261045127495919,0.2709739544449,0.3,0.7,0.3,0.4,0.05,,,NaN,NaN,NaN,NaN,NaN,NaN,NaN,NaN,NaN,NaN,NaN,NaN,NaN,NaN
SimpleBaseline,10,spike_bins,14,0.404396138428603,0.412436198096289,0.108766571283797,0.604225931173344,0.428199201667835,0.0214285425717221,0,0.0109846347680243,0.261045127495919,0.2709739544449,0.3,0.7,0.3,0.4,0.08,,,NaN,NaN,NaN,NaN,NaN,NaN,NaN,NaN,NaN,NaN,NaN,NaN,NaN,NaN
SimpleBaseline,10,spike_bins,14,0.404396138428603,0.412436198096289,0.108766571283797,0.604225931173344,0.428199201667835,0.0214285425717221,0,0.0109846347680243,0.261045127495919,0.2709739544449,0.3,0.7,0.3,0.4,0.1,,,NaN,NaN,NaN,NaN,NaN,NaN,NaN,NaN,NaN,NaN,NaN,NaN,NaN,NaN
SimpleBaseline,10,spike_bins,14,0.387538197174102,0.400989448798214,0.11374980991065,0.607579586485687,0.40001399175836,0.0214285425717221,0,0.0126991960426919,0.246061132050082,0.268309633173474,0.3,0.7,0.3,0.4,0.15,,,NaN,NaN,NaN,NaN,NaN,NaN,NaN,NaN,NaN,NaN,NaN,NaN,NaN,NaN
SimpleBaseline,10,spike_bins,14,0.408877229961434,0.435974689422965,0.111033855531613,0.640365133910065,0.411866415765757,0.0214285425717221,0,0.0118743808173175,0.252699231454983,0.262400416085069,0.3,0.7,0.3,0.5,0.03,,,NaN,NaN,NaN,NaN,NaN,NaN,NaN,NaN,NaN,NaN,NaN,NaN,NaN,NaN
SimpleBaseline,10,spike_bins,14,0.408877229961434,0.435974689422965,0.111033855531613,0.640365133910065,0.411866415765757,0.0214285425717221,0,0.0118743808173175,0.252699231454983,0.262400416085069,0.3,0.7,0.3,0.5,0.05,,,NaN,NaN,NaN,NaN,NaN,NaN,NaN,NaN,NaN,NaN,NaN,NaN,NaN,NaN
SimpleBaseline,10,spike_bins,14,0.408877229961434,0.435974689422965,0.111033855531613,0.640365133910065,0.411866415765757,0.0214285425717221,0,0.0118743808173175,0.252699231454983,0.262400416085069,0.3,0.7,0.3,0.5,0.08,,,NaN,NaN,NaN,NaN,NaN,NaN,NaN,NaN,NaN,NaN,NaN,NaN,NaN,NaN
SimpleBaseline,10,spike_bins,14,0.408877229961434,0.435974689422965,0.111033855531613,0.640365133910065,0.411866415765757,0.0214285425717221,0,0.0118743808173175,0.252699231454983,0.262400416085069,0.3,0.7,0.3,0.5,0.1,,,NaN,NaN,NaN,NaN,NaN,NaN,NaN,NaN,NaN,NaN,NaN,NaN,NaN,NaN
SimpleBaseline,10,spike_bins,14,0.392280210732839,0.413749637786149,0.115763326703409,0.641944489504527,0.387015918810856,0.0214285425717221,0,0.0134933905537429,0.239650525461402,0.259736094813643,0.3,0.7,0.3,0.5,0.15,,,NaN,NaN,NaN,NaN,NaN,NaN,NaN,NaN,NaN,NaN,NaN,NaN,NaN,NaN
SimpleBaseline,10,spike_bins,14,0.410751928609036,0.452285200708562,0.118965138645837,0.674129710273985,0.393420716390525,0.0142856945592105,0,0.011614164244654,0.243969727013685,0.255430304873131,0.3,0.7,0.3,0.6,0.03,,,NaN,NaN,NaN,NaN,NaN,NaN,NaN,NaN,NaN,NaN,NaN,NaN,NaN,NaN
SimpleBaseline,10,spike_bins,14,0.410751928609036,0.452285200708562,0.118965138645837,0.674129710273985,0.393420716390525,0.0142856945592105,0,0.011614164244654,0.243969727013685,0.255430304873131,0.3,0.7,0.3,0.6,0.05,,,NaN,NaN,NaN,NaN,NaN,NaN,NaN,NaN,NaN,NaN,NaN,NaN,NaN,NaN
SimpleBaseline,10,spike_bins,14,0.410751928609036,0.452285200708562,0.118965138645837,0.674129710273985,0.393420716390525,0.0142856945592105,0,0.011614164244654,0.243969727013685,0.255430304873131,0.3,0.7,0.3,0.6,0.08,,,NaN,NaN,NaN,NaN,NaN,NaN,NaN,NaN,NaN,NaN,NaN,NaN,NaN,NaN
SimpleBaseline,10,spike_bins,14,0.410751928609036,0.452285200708562,0.118965138645837,0.674129710273985,0.393420716390525,0.0142856945592105,0,0.011614164244654,0.243969727013685,0.255430304873131,0.3,0.7,0.3,0.6,0.1,,,NaN,NaN,NaN,NaN,NaN,NaN,NaN,NaN,NaN,NaN,NaN,NaN,NaN,NaN
SimpleBaseline,10,spike_bins,14,0.394904502869004,0.418890024456243,0.125462346059352,0.675636835463715,0.371153705221052,0.0142856945592105,0,0.0133159045576089,0.232238465740489,0.253654094503848,0.3,0.7,0.3,0.6,0.15,,,NaN,NaN,NaN,NaN,NaN,NaN,NaN,NaN,NaN,NaN,NaN,NaN,NaN,NaN
SimpleBaseline,10,spike_bins,14,0.412422234007293,0.43949459905022,0.12677476042762,0.712686905384399,0.375975530194548,0.0142856945592105,0,0.0113953069999081,0.233988357607168,0.238915768126332,0.3,0.7,0.3,0.7,0.03,,,NaN,NaN,NaN,NaN,NaN,NaN,NaN,NaN,NaN,NaN,NaN,NaN,NaN,NaN
SimpleBaseline,10,spike_bins,14,0.412422234007293,0.43949459905022,0.12677476042762,0.712686905384399,0.375975530194548,0.0142856945592105,0,0.0113953069999081,0.233988357607168,0.238915768126332,0.3,0.7,0.3,0.7,0.05,,,NaN,NaN,NaN,NaN,NaN,NaN,NaN,NaN,NaN,NaN,NaN,NaN,NaN,NaN
SimpleBaseline,10,spike_bins,14,0.412422234007293,0.43949459905022,0.12677476042762,0.712686905384399,0.375975530194548,0.0142856945592105,0,0.0113953069999081,0.233988357607168,0.238915768126332,0.3,0.7,0.3,0.7,0.08,,,NaN,NaN,NaN,NaN,NaN,NaN,NaN,NaN,NaN,NaN,NaN,NaN,NaN,NaN
SimpleBaseline,10,spike_bins,14,0.412422234007293,0.43949459905022,0.12677476042762,0.712686905384399,0.375975530194548,0.0142856945592105,0,0.0113953069999081,0.233988357607168,0.238915768126332,0.3,0.7,0.3,0.7,0.1,,,NaN,NaN,NaN,NaN,NaN,NaN,NaN,NaN,NaN,NaN,NaN,NaN,NaN,NaN
SimpleBaseline,10,spike_bins,14,0.397900943553132,0.438084041719419,0.134031259650424,0.715039761480391,0.35694900902084,0.0142856945592105,0,0.0127220607159727,0.224110442069203,0.237139569192051,0.3,0.7,0.3,0.7,0.15,,,NaN,NaN,NaN,NaN,NaN,NaN,NaN,NaN,NaN,NaN,NaN,NaN,NaN,NaN
SimpleBaseline,10,spike_bins,14,0.410889578423343,0.43384118464775,0.136111076937864,0.747965255948282,0.357663977695333,0.0142856945592105,0,0.0122101069082646,0.222883732593034,0.2266620464333,0.3,0.7,0.3,0.8,0.03,,,NaN,NaN,NaN,NaN,NaN,NaN,NaN,NaN,NaN,NaN,NaN,NaN,NaN,NaN
SimpleBaseline,10,spike_bins,14,0.410889578423343,0.43384118464775,0.136111076937864,0.747965255948282,0.357663977695333,0.0142856945592105,0,0.0122101069082646,0.222883732593034,0.2266620464333,0.3,0.7,0.3,0.8,0.05,,,NaN,NaN,NaN,NaN,NaN,NaN,NaN,NaN,NaN,NaN,NaN,NaN,NaN,NaN
SimpleBaseline,10,spike_bins,14,0.410889578423343,0.43384118464775,0.136111076937864,0.747965255948282,0.357663977695333,0.0142856945592105,0,0.0122101069082646,0.222883732593034,0.2266620464333,0.3,0.7,0.3,0.8,0.08,,,NaN,NaN,NaN,NaN,NaN,NaN,NaN,NaN,NaN,NaN,NaN,NaN,NaN,NaN
SimpleBaseline,10,spike_bins,14,0.410889578423343,0.43384118464775,0.136111076937864,0.747965255948282,0.357663977695333,0.0142856945592105,0,0.0122101069082646,0.222883732593034,0.2266620464333,0.3,0.7,0.3,0.8,0.1,,,NaN,NaN,NaN,NaN,NaN,NaN,NaN,NaN,NaN,NaN,NaN,NaN,NaN,NaN
SimpleBaseline,10,spike_bins,14,0.397304192829178,0.425907425907426,0.142826603960974,0.75092170979858,0.340592377050849,0.0178571185654663,0,0.0134735198198222,0.214195209193649,0.22577394696616,0.3,0.7,0.3,0.8,0.15,,,NaN,NaN,NaN,NaN,NaN,NaN,NaN,NaN,NaN,NaN,NaN,NaN,NaN,NaN
SimpleBaseline,10,spike_bins,14,0.405030278998504,0.420330193167761,0.14646926626251,0.779967819902753,0.337759595621869,0.0142856945592105,0,0.0115603017699778,0.214119307974592,0.218893694047693,0.3,0.7,0.3,0.9,0.03,,,NaN,NaN,NaN,NaN,NaN,NaN,NaN,NaN,NaN,NaN,NaN,NaN,NaN,NaN
SimpleBaseline,10,spike_bins,14,0.405030278998504,0.420330193167761,0.14646926626251,0.779967819902753,0.337759595621869,0.0142856945592105,0,0.0115603017699778,0.214119307974592,0.218893694047693,0.3,0.7,0.3,0.9,0.05,,,NaN,NaN,NaN,NaN,NaN,NaN,NaN,NaN,NaN,NaN,NaN,NaN,NaN,NaN
SimpleBaseline,10,spike_bins,14,0.405030278998504,0.420330193167761,0.14646926626251,0.779967819902753,0.337759595621869,0.0142856945592105,0,0.0115603017699778,0.214119307974592,0.218893694047693,0.3,0.7,0.3,0.9,0.08,,,NaN,NaN,NaN,NaN,NaN,NaN,NaN,NaN,NaN,NaN,NaN,NaN,NaN,NaN
SimpleBaseline,10,spike_bins,14,0.405030278998504,0.420330193167761,0.14646926626251,0.779967819902753,0.337759595621869,0.0142856945592105,0,0.0115603017699778,0.214119307974592,0.218893694047693,0.3,0.7,0.3,0.9,0.1,,,NaN,NaN,NaN,NaN,NaN,NaN,NaN,NaN,NaN,NaN,NaN,NaN,NaN,NaN
SimpleBaseline,10,spike_bins,14,0.392384906857695,0.409895412411651,0.153262565083861,0.781628180876894,0.323347351255708,0.0142856945592105,0,0.0127796680772298,0.206777104421894,0.21412644208292,0.3,0.7,0.3,0.9,0.15,,,NaN,NaN,NaN,NaN,NaN,NaN,NaN,NaN,NaN,NaN,NaN,NaN,NaN,NaN
SimpleBaseline,10,spike_bins,14,0.393688117151714,0.388114151220947,0.155451106808697,0.801979169379938,0.316913596696348,0.0142856945592105,0,0.0116075490284152,0.2029831101728,0.197086809569371,0.3,0.7,0.3,1,0.03,,,NaN,NaN,NaN,NaN,NaN,NaN,NaN,NaN,NaN,NaN,NaN,NaN,NaN,NaN
SimpleBaseline,10,spike_bins,14,0.393688117151714,0.388114151220947,0.155451106808697,0.801979169379938,0.316913596696348,0.0142856945592105,0,0.0116075490284152,0.2029831101728,0.197086809569371,0.3,0.7,0.3,1,0.05,,,NaN,NaN,NaN,NaN,NaN,NaN,NaN,NaN,NaN,NaN,NaN,NaN,NaN,NaN
SimpleBaseline,10,spike_bins,14,0.393688117151714,0.388114151220947,0.155451106808697,0.801979169379938,0.316913596696348,0.0142856945592105,0,0.0116075490284152,0.2029831101728,0.197086809569371,0.3,0.7,0.3,1,0.08,,,NaN,NaN,NaN,NaN,NaN,NaN,NaN,NaN,NaN,NaN,NaN,NaN,NaN,NaN
SimpleBaseline,10,spike_bins,14,0.393688117151714,0.388114151220947,0.155451106808697,0.801979169379938,0.316913596696348,0.0142856945592105,0,0.0116075490284152,0.2029831101728,0.197086809569371,0.3,0.7,0.3,1,0.1,,,NaN,NaN,NaN,NaN,NaN,NaN,NaN,NaN,NaN,NaN,NaN,NaN,NaN,NaN
SimpleBaseline,10,spike_bins,14,0.383466680080194,0.3832353993743,0.160713828913881,0.804242236139605,0.305106309178877,0.0142856945592105,0,0.0126729047450098,0.197451581776662,0.196241654048172,0.3,0.7,0.3,1,0.15,,,NaN,NaN,NaN,NaN,NaN,NaN,NaN,NaN,NaN,NaN,NaN,NaN,NaN,NaN
SimpleBaseline,10,spike_bins,14,0.380081688409283,0.361597039167133,0.164171023657122,0.833153833631458,0.29330122357916,0.0142856945592105,0,0.0116409174162225,0.188665432914223,0.189023464115029,0.3,0.7,0.3,1.1,0.03,,,NaN,NaN,NaN,NaN,NaN,NaN,NaN,NaN,NaN,NaN,NaN,NaN,NaN,NaN
SimpleBaseline,10,spike_bins,14,0.380081688409283,0.361597039167133,0.164171023657122,0.833153833631458,0.29330122357916,0.0142856945592105,0,0.0116409174162225,0.188665432914223,0.189023464115029,0.3,0.7,0.3,1.1,0.05,,,NaN,NaN,NaN,NaN,NaN,NaN,NaN,NaN,NaN,NaN,NaN,NaN,NaN,NaN
SimpleBaseline,10,spike_bins,14,0.380081688409283,0.361597039167133,0.164171023657122,0.833153833631458,0.29330122357916,0.0142856945592105,0,0.0116409174162225,0.188665432914223,0.189023464115029,0.3,0.7,0.3,1.1,0.08,,,NaN,NaN,NaN,NaN,NaN,NaN,NaN,NaN,NaN,NaN,NaN,NaN,NaN,NaN
SimpleBaseline,10,spike_bins,14,0.380081688409283,0.361597039167133,0.164171023657122,0.833153833631458,0.29330122357916,0.0142856945592105,0,0.0116409174162225,0.188665432914223,0.189023464115029,0.3,0.7,0.3,1.1,0.1,,,NaN,NaN,NaN,NaN,NaN,NaN,NaN,NaN,NaN,NaN,NaN,NaN,NaN,NaN
SimpleBaseline,10,spike_bins,14,0.371911940571318,0.361200142450142,0.168308270077471,0.835578748545346,0.284354412870949,0.0142856945592105,0,0.0128213794768025,0.184694538876449,0.189023464115029,0.3,0.7,0.3,1.1,0.15,,,NaN,NaN,NaN,NaN,NaN,NaN,NaN,NaN,NaN,NaN,NaN,NaN,NaN,NaN
SimpleBaseline,10,spike_bins,14,0.361459603876922,0.345687083819992,0.170519360067332,0.85783868937162,0.26741286795639,0.0142856945592105,0,0.0115400361068406,0.176300630854412,0.175207102322691,0.3,0.7,0.3,1.2,0.03,,,NaN,NaN,NaN,NaN,NaN,NaN,NaN,NaN,NaN,NaN,NaN,NaN,NaN,NaN
SimpleBaseline,10,spike_bins,14,0.361459603876922,0.345687083819992,0.170519360067332,0.85783868937162,0.26741286795639,0.0142856945592105,0,0.0115400361068406,0.176300630854412,0.175207102322691,0.3,0.7,0.3,1.2,0.05,,,NaN,NaN,NaN,NaN,NaN,NaN,NaN,NaN,NaN,NaN,NaN,NaN,NaN,NaN
SimpleBaseline,10,spike_bins,14,0.361459603876922,0.345687083819992,0.170519360067332,0.85783868937162,0.26741286795639,0.0142856945592105,0,0.0115400361068406,0.176300630854412,0.175207102322691,0.3,0.7,0.3,1.2,0.08,,,NaN,NaN,NaN,NaN,NaN,NaN,NaN,NaN,NaN,NaN,NaN,NaN,NaN,NaN
SimpleBaseline,10,spike_bins,14,0.361459603876922,0.345687083819992,0.170519360067332,0.85783868937162,0.26741286795639,0.0142856945592105,0,0.0115400361068406,0.176300630854412,0.175207102322691,0.3,0.7,0.3,1.2,0.1,,,NaN,NaN,NaN,NaN,NaN,NaN,NaN,NaN,NaN,NaN,NaN,NaN,NaN,NaN
SimpleBaseline,10,spike_bins,14,0.354006214561185,0.337877046621832,0.172536765646792,0.859382314259528,0.259479891518579,0.00714284560736243,0,0.0126746491878237,0.172928283916133,0.175207102322691,0.3,0.7,0.3,1.2,0.15,,,NaN,NaN,NaN,NaN,NaN,NaN,NaN,NaN,NaN,NaN,NaN,NaN,NaN,NaN
SimpleBaseline,10,spike_bins,14,0.342084117173966,0.316588402045973,0.168935346825409,0.881046607086257,0.243794264686259,0.0142856945592105,0,0.0118081372357274,0.163365665758624,0.161194108536897,0.3,0.7,0.3,1.3,0.03,,,NaN,NaN,NaN,NaN,NaN,NaN,NaN,NaN,NaN,NaN,NaN,NaN,NaN,NaN
SimpleBaseline,10,spike_bins,14,0.342084117173966,0.316588402045973,0.168935346825409,0.881046607086257,0.243794264686259,0.0142856945592105,0,0.0118081372357274,0.163365665758624,0.161194108536897,0.3,0.7,0.3,1.3,0.05,,,NaN,NaN,NaN,NaN,NaN,NaN,NaN,NaN,NaN,NaN,NaN,NaN,NaN,NaN
SimpleBaseline,10,spike_bins,14,0.342084117173966,0.316588402045973,0.168935346825409,0.881046607086257,0.243794264686259,0.0142856945592105,0,0.0118081372357274,0.163365665758624,0.161194108536897,0.3,0.7,0.3,1.3,0.08,,,NaN,NaN,NaN,NaN,NaN,NaN,NaN,NaN,NaN,NaN,NaN,NaN,NaN,NaN
SimpleBaseline,10,spike_bins,14,0.342084117173966,0.316588402045973,0.168935346825409,0.881046607086257,0.243794264686259,0.0142856945592105,0,0.0118081372357274,0.163365665758624,0.161194108536897,0.3,0.7,0.3,1.3,0.1,,,NaN,NaN,NaN,NaN,NaN,NaN,NaN,NaN,NaN,NaN,NaN,NaN,NaN,NaN
SimpleBaseline,10,spike_bins,14,0.335329050528546,0.314459112577924,0.169404659608353,0.881754426653846,0.237197447218572,0.00714284560736243,0,0.0123844604951862,0.160857750364292,0.161194108536897,0.3,0.7,0.3,1.3,0.15,,,NaN,NaN,NaN,NaN,NaN,NaN,NaN,NaN,NaN,NaN,NaN,NaN,NaN,NaN
SimpleBaseline,10,spike_bins,14,0.320942758179445,0.299467261117618,0.160357224118237,0.891376038005077,0.220745404478212,0.0107142700832864,0,0.0115906765630188,0.149477845920034,0.147026187418881,0.3,0.7,0.3,1.4,0.03,,,NaN,NaN,NaN,NaN,NaN,NaN,NaN,NaN,NaN,NaN,NaN,NaN,NaN,NaN
SimpleBaseline,10,spike_bins,14,0.320942758179445,0.299467261117618,0.160357224118237,0.891376038005077,0.220745404478212,0.0107142700832864,0,0.0115906765630188,0.149477845920034,0.147026187418881,0.3,0.7,0.3,1.4,0.05,,,NaN,NaN,NaN,NaN,NaN,NaN,NaN,NaN,NaN,NaN,NaN,NaN,NaN,NaN
SimpleBaseline,10,spike_bins,14,0.320942758179445,0.299467261117618,0.160357224118237,0.891376038005077,0.220745404478212,0.0107142700832864,0,0.0115906765630188,0.149477845920034,0.147026187418881,0.3,0.7,0.3,1.4,0.08,,,NaN,NaN,NaN,NaN,NaN,NaN,NaN,NaN,NaN,NaN,NaN,NaN,NaN,NaN
SimpleBaseline,10,spike_bins,14,0.320942758179445,0.299467261117618,0.160357224118237,0.891376038005077,0.220745404478212,0.0107142700832864,0,0.0115906765630188,0.149477845920034,0.147026187418881,0.3,0.7,0.3,1.4,0.1,,,NaN,NaN,NaN,NaN,NaN,NaN,NaN,NaN,NaN,NaN,NaN,NaN,NaN,NaN
SimpleBaseline,10,spike_bins,14,0.314955911800426,0.290378514261485,0.160910993340765,0.893238358277638,0.215311506365017,0.00714284560736243,0,0.0118917996130806,0.147350949179021,0.147026187418881,0.3,0.7,0.3,1.4,0.15,,,NaN,NaN,NaN,NaN,NaN,NaN,NaN,NaN,NaN,NaN,NaN,NaN,NaN,NaN
SimpleBaseline,10,spike_bins,14,0.403646417701621,0.400531268403313,0.107392071547398,0.581124161909097,0.441892321342703,0.0214285425717221,0,0.00934697357339697,0.271798555550775,0.276205771023721,0.3,0.8,0.2,0.4,0.03,,,NaN,NaN,NaN,NaN,NaN,NaN,NaN,NaN,NaN,NaN,NaN,NaN,NaN,NaN
SimpleBaseline,10,spike_bins,14,0.403646417701621,0.400531268403313,0.107392071547398,0.581124161909097,0.441892321342703,0.0214285425717221,0,0.00934697357339697,0.271798555550775,0.276205771023721,0.3,0.8,0.2,0.4,0.05,,,NaN,NaN,NaN,NaN,NaN,NaN,NaN,NaN,NaN,NaN,NaN,NaN,NaN,NaN
SimpleBaseline,10,spike_bins,14,0.403646417701621,0.400531268403313,0.107392071547398,0.581124161909097,0.441892321342703,0.0214285425717221,0,0.00934697357339697,0.271798555550775,0.276205771023721,0.3,0.8,0.2,0.4,0.08,,,NaN,NaN,NaN,NaN,NaN,NaN,NaN,NaN,NaN,NaN,NaN,NaN,NaN,NaN
SimpleBaseline,10,spike_bins,14,0.403646417701621,0.400531268403313,0.107392071547398,0.581124161909097,0.441892321342703,0.0214285425717221,0,0.00934697357339697,0.271798555550775,0.276205771023721,0.3,0.8,0.2,0.4,0.1,,,NaN,NaN,NaN,NaN,NaN,NaN,NaN,NaN,NaN,NaN,NaN,NaN,NaN,NaN
SimpleBaseline,10,spike_bins,14,0.385860886038922,0.393352184115787,0.109906705768952,0.584618009174573,0.410196529332371,0.0214285425717221,0,0.0117900586764467,0.255174382145884,0.273541449752295,0.3,0.8,0.2,0.4,0.15,,,NaN,NaN,NaN,NaN,NaN,NaN,NaN,NaN,NaN,NaN,NaN,NaN,NaN,NaN
SimpleBaseline,10,spike_bins,14,0.40766977658992,0.407338874692827,0.107369423149583,0.61497768269319,0.425585162140708,0.0214285425717221,0,0.00973386965184784,0.262314932650155,0.266661265443843,0.3,0.8,0.2,0.5,0.03,,,NaN,NaN,NaN,NaN,NaN,NaN,NaN,NaN,NaN,NaN,NaN,NaN,NaN,NaN
SimpleBaseline,10,spike_bins,14,0.40766977658992,0.407338874692827,0.107369423149583,0.61497768269319,0.425585162140708,0.0214285425717221,0,0.00973386965184784,0.262314932650155,0.266661265443843,0.3,0.8,0.2,0.5,0.05,,,NaN,NaN,NaN,NaN,NaN,NaN,NaN,NaN,NaN,NaN,NaN,NaN,NaN,NaN
SimpleBaseline,10,spike_bins,14,0.40766977658992,0.407338874692827,0.107369423149583,0.61497768269319,0.425585162140708,0.0214285425717221,0,0.00973386965184784,0.262314932650155,0.266661265443843,0.3,0.8,0.2,0.5,0.08,,,NaN,NaN,NaN,NaN,NaN,NaN,NaN,NaN,NaN,NaN,NaN,NaN,NaN,NaN
SimpleBaseline,10,spike_bins,14,0.40766977658992,0.407338874692827,0.107369423149583,0.61497768269319,0.425585162140708,0.0214285425717221,0,0.00973386965184784,0.262314932650155,0.266661265443843,0.3,0.8,0.2,0.5,0.1,,,NaN,NaN,NaN,NaN,NaN,NaN,NaN,NaN,NaN,NaN,NaN,NaN,NaN,NaN
SimpleBaseline,10,spike_bins,14,0.389667996213573,0.402522251589475,0.112365186590074,0.617234585902484,0.396822591089156,0.0214285425717221,0,0.0117496912580146,0.247222749675074,0.26488505507456,0.3,0.8,0.2,0.5,0.15,,,NaN,NaN,NaN,NaN,NaN,NaN,NaN,NaN,NaN,NaN,NaN,NaN,NaN,NaN
SimpleBaseline,10,spike_bins,14,0.409313155424712,0.445025697503671,0.111855769948892,0.649482327245348,0.405914207117193,0.0214285425717221,0,0.0102479602798662,0.251189530409736,0.259601330243441,0.3,0.8,0.2,0.6,0.03,,,NaN,NaN,NaN,NaN,NaN,NaN,NaN,NaN,NaN,NaN,NaN,NaN,NaN,NaN
SimpleBaseline,10,spike_bins,14,0.409313155424712,0.445025697503671,0.111855769948892,0.649482327245348,0.405914207117193,0.0214285425717221,0,0.0102479602798662,0.251189530409736,0.259601330243441,0.3,0.8,0.2,0.6,0.05,,,NaN,NaN,NaN,NaN,NaN,NaN,NaN,NaN,NaN,NaN,NaN,NaN,NaN,NaN
SimpleBaseline,10,spike_bins,14,0.409313155424712,0.445025697503671,0.111855769948892,0.649482327245348,0.405914207117193,0.0214285425717221,0,0.0102479602798662,0.251189530409736,0.259601330243441,0.3,0.8,0.2,0.6,0.08,,,NaN,NaN,NaN,NaN,NaN,NaN,NaN,NaN,NaN,NaN,NaN,NaN,NaN,NaN
SimpleBaseline,10,spike_bins,14,0.409313155424712,0.445025697503671,0.111855769948892,0.649482327245348,0.405914207117193,0.0214285425717221,0,0.0102479602798662,0.251189530409736,0.259601330243441,0.3,0.8,0.2,0.6,0.1,,,NaN,NaN,NaN,NaN,NaN,NaN,NaN,NaN,NaN,NaN,NaN,NaN,NaN,NaN
SimpleBaseline,10,spike_bins,14,0.392289111970472,0.417551555519656,0.117179019862542,0.650459023284141,0.381891814524925,0.0214285425717221,0,0.0119748252065742,0.239125622468959,0.259601318808438,0.3,0.8,0.2,0.6,0.15,,,NaN,NaN,NaN,NaN,NaN,NaN,NaN,NaN,NaN,NaN,NaN,NaN,NaN,NaN
SimpleBaseline,10,spike_bins,14,0.411650389153257,0.455499388773251,0.118716834768241,0.682618064901681,0.387815527968303,0.0142856945592105,0,0.0105156974335335,0.241611382275664,0.248325474831001,0.3,0.8,0.2,0.7,0.03,,,NaN,NaN,NaN,NaN,NaN,NaN,NaN,NaN,NaN,NaN,NaN,NaN,NaN,NaN
SimpleBaseline,10,spike_bins,14,0.411650389153257,0.455499388773251,0.118716834768241,0.682618064901681,0.387815527968303,0.0142856945592105,0,0.0105156974335335,0.241611382275664,0.248325474831001,0.3,0.8,0.2,0.7,0.05,,,NaN,NaN,NaN,NaN,NaN,NaN,NaN,NaN,NaN,NaN,NaN,NaN,NaN,NaN
SimpleBaseline,10,spike_bins,14,0.411650389153257,0.455499388773251,0.118716834768241,0.682618064901681,0.387815527968303,0.0142856945592105,0,0.0105156974335335,0.241611382275664,0.248325474831001,0.3,0.8,0.2,0.7,0.08,,,NaN,NaN,NaN,NaN,NaN,NaN,NaN,NaN,NaN,NaN,NaN,NaN,NaN,NaN
SimpleBaseline,10,spike_bins,14,0.411650389153257,0.455499388773251,0.118716834768241,0.682618064901681,0.387815527968303,0.0142856945592105,0,0.0105156974335335,0.241611382275664,0.248325474831001,0.3,0.8,0.2,0.7,0.1,,,NaN,NaN,NaN,NaN,NaN,NaN,NaN,NaN,NaN,NaN,NaN,NaN,NaN,NaN
SimpleBaseline,10,spike_bins,14,0.39584359032692,0.432732427947739,0.123453971909336,0.684497268485528,0.366238441643871,0.0214285425717221,0,0.0123222510765408,0.230808190997269,0.248325474831001,0.3,0.8,0.2,0.7,0.15,,,NaN,NaN,NaN,NaN,NaN,NaN,NaN,NaN,NaN,NaN,NaN,NaN,NaN,NaN
SimpleBaseline,10,spike_bins,14,0.410448713597684,0.458736203176991,0.128807441627456,0.715486794294735,0.370503638475476,0.0142856945592105,0,0.0100218153650525,0.23222717253835,0.237094640045316,0.3,0.8,0.2,0.8,0.03,,,NaN,NaN,NaN,NaN,NaN,NaN,NaN,NaN,NaN,NaN,NaN,NaN,NaN,NaN
SimpleBaseline,10,spike_bins,14,0.410448713597684,0.458736203176991,0.128807441627456,0.715486794294735,0.370503638475476,0.0142856945592105,0,0.0100218153650525,0.23222717253835,0.237094640045316,0.3,0.8,0.2,0.8,0.05,,,NaN,NaN,NaN,NaN,NaN,NaN,NaN,NaN,NaN,NaN,NaN,NaN,NaN,NaN
SimpleBaseline,10,spike_bins,14,0.410448713597684,0.458736203176991,0.128807441627456,0.715486794294735,0.370503638475476,0.0142856945592105,0,0.0100218153650525,0.23222717253835,0.237094640045316,0.3,0.8,0.2,0.8,0.08,,,NaN,NaN,NaN,NaN,NaN,NaN,NaN,NaN,NaN,NaN,NaN,NaN,NaN,NaN
SimpleBaseline,10,spike_bins,14,0.410448713597684,0.458736203176991,0.128807441627456,0.715486794294735,0.370503638475476,0.0142856945592105,0,0.0100218153650525,0.23222717253835,0.237094640045316,0.3,0.8,0.2,0.8,0.1,,,NaN,NaN,NaN,NaN,NaN,NaN,NaN,NaN,NaN,NaN,NaN,NaN,NaN,NaN
SimpleBaseline,10,spike_bins,14,0.396104070087891,0.445389908256881,0.134528350332809,0.716979825463194,0.351921425741053,0.0142856945592105,0,0.0116734457255497,0.223209770877383,0.237094640045316,0.3,0.8,0.2,0.8,0.15,,,NaN,NaN,NaN,NaN,NaN,NaN,NaN,NaN,NaN,NaN,NaN,NaN,NaN,NaN
SimpleBaseline,10,spike_bins,14,0.406466248620781,0.437489403546845,0.13791441140059,0.753557551107943,0.350604279883572,0.0142856945592105,0,0.0104933533004106,0.220682313368131,0.223952807450141,0.3,0.8,0.2,0.9,0.03,,,NaN,NaN,NaN,NaN,NaN,NaN,NaN,NaN,NaN,NaN,NaN,NaN,NaN,NaN
SimpleBaseline,10,spike_bins,14,0.406466248620781,0.437489403546845,0.13791441140059,0.753557551107943,0.350604279883572,0.0142856945592105,0,0.0104933533004106,0.220682313368131,0.223952807450141,0.3,0.8,0.2,0.9,0.05,,,NaN,NaN,NaN,NaN,NaN,NaN,NaN,NaN,NaN,NaN,NaN,NaN,NaN,NaN
SimpleBaseline,10,spike_bins,14,0.406466248620781,0.437489403546845,0.13791441140059,0.753557551107943,0.350604279883572,0.0142856945592105,0,0.0104933533004106,0.220682313368131,0.223952807450141,0.3,0.8,0.2,0.9,0.08,,,NaN,NaN,NaN,NaN,NaN,NaN,NaN,NaN,NaN,NaN,NaN,NaN,NaN,NaN
SimpleBaseline,10,spike_bins,14,0.406466248620781,0.437489403546845,0.13791441140059,0.753557551107943,0.350604279883572,0.0142856945592105,0,0.0104933533004106,0.220682313368131,0.223952807450141,0.3,0.8,0.2,0.9,0.1,,,NaN,NaN,NaN,NaN,NaN,NaN,NaN,NaN,NaN,NaN,NaN,NaN,NaN,NaN
SimpleBaseline,10,spike_bins,14,0.392722924463305,0.422763733407903,0.144529494590434,0.754485704439603,0.334529612419681,0.0142856945592105,0,0.0119518563706909,0.212993651505387,0.21964900449894,0.3,0.8,0.2,0.9,0.15,,,NaN,NaN,NaN,NaN,NaN,NaN,NaN,NaN,NaN,NaN,NaN,NaN,NaN,NaN
SimpleBaseline,10,spike_bins,14,0.401850201331369,0.418651707903436,0.147619173227728,0.780467498839006,0.335700319282721,0.0142856945592105,0,0.0103021645346457,0.213760020065673,0.214906033671277,0.3,0.8,0.2,1,0.03,,,NaN,NaN,NaN,NaN,NaN,NaN,NaN,NaN,NaN,NaN,NaN,NaN,NaN,NaN
SimpleBaseline,10,spike_bins,14,0.401850201331369,0.418651707903436,0.147619173227728,0.780467498839006,0.335700319282721,0.0142856945592105,0,0.0103021645346457,0.213760020065673,0.214906033671277,0.3,0.8,0.2,1,0.05,,,NaN,NaN,NaN,NaN,NaN,NaN,NaN,NaN,NaN,NaN,NaN,NaN,NaN,NaN
SimpleBaseline,10,spike_bins,14,0.401850201331369,0.418651707903436,0.147619173227728,0.780467498839006,0.335700319282721,0.0142856945592105,0,0.0103021645346457,0.213760020065673,0.214906033671277,0.3,0.8,0.2,1,0.08,,,NaN,NaN,NaN,NaN,NaN,NaN,NaN,NaN,NaN,NaN,NaN,NaN,NaN,NaN
SimpleBaseline,10,spike_bins,14,0.401850201331369,0.418651707903436,0.147619173227728,0.780467498839006,0.335700319282721,0.0142856945592105,0,0.0103021645346457,0.213760020065673,0.214906033671277,0.3,0.8,0.2,1,0.1,,,NaN,NaN,NaN,NaN,NaN,NaN,NaN,NaN,NaN,NaN,NaN,NaN,NaN,NaN
SimpleBaseline,10,spike_bins,14,0.390036700973743,0.407180342572995,0.152561839878034,0.78149232907255,0.322102268589376,0.0142856945592105,0,0.0117844637251476,0.20750781122527,0.212144172354254,0.3,0.8,0.2,1,0.15,,,NaN,NaN,NaN,NaN,NaN,NaN,NaN,NaN,NaN,NaN,NaN,NaN,NaN,NaN
SimpleBaseline,10,spike_bins,14,0.390187806529572,0.398115295588558,0.155167354758534,0.80614459784626,0.312971459626188,0.0142856945592105,0,0.00947543426784999,0.202594730713239,0.204037894388972,0.3,0.8,0.2,1.1,0.03,,,NaN,NaN,NaN,NaN,NaN,NaN,NaN,NaN,NaN,NaN,NaN,NaN,NaN,NaN
SimpleBaseline,10,spike_bins,14,0.390187806529572,0.398115295588558,0.155167354758534,0.80614459784626,0.312971459626188,0.0142856945592105,0,0.00947543426784999,0.202594730713239,0.204037894388972,0.3,0.8,0.2,1.1,0.05,,,NaN,NaN,NaN,NaN,NaN,NaN,NaN,NaN,NaN,NaN,NaN,NaN,NaN,NaN
SimpleBaseline,10,spike_bins,14,0.390187806529572,0.398115295588558,0.155167354758534,0.80614459784626,0.312971459626188,0.0142856945592105,0,0.00947543426784999,0.202594730713239,0.204037894388972,0.3,0.8,0.2,1.1,0.08,,,NaN,NaN,NaN,NaN,NaN,NaN,NaN,NaN,NaN,NaN,NaN,NaN,NaN,NaN
SimpleBaseline,10,spike_bins,14,0.390187806529572,0.398115295588558,0.155167354758534,0.80614459784626,0.312971459626188,0.0142856945592105,0,0.00947543426784999,0.202594730713239,0.204037894388972,0.3,0.8,0.2,1.1,0.1,,,NaN,NaN,NaN,NaN,NaN,NaN,NaN,NaN,NaN,NaN,NaN,NaN,NaN,NaN
SimpleBaseline,10,spike_bins,14,0.379762227689651,0.388604809111451,0.159421267501029,0.806638851798871,0.301789663837027,0.0142856945592105,0,0.0107756095310657,0.197479255581261,0.204037894388972,0.3,0.8,0.2,1.1,0.15,,,NaN,NaN,NaN,NaN,NaN,NaN,NaN,NaN,NaN,NaN,NaN,NaN,NaN,NaN
SimpleBaseline,10,spike_bins,14,0.37334386404161,0.375436757512229,0.160767186103835,0.831880762559466,0.28718427320044,0.00714284560736243,0,0.0103793078697237,0.188524784522488,0.191222877604765,0.3,0.8,0.2,1.2,0.03,,,NaN,NaN,NaN,NaN,NaN,NaN,NaN,NaN,NaN,NaN,NaN,NaN,NaN,NaN
SimpleBaseline,10,spike_bins,14,0.37334386404161,0.375436757512229,0.160767186103835,0.831880762559466,0.28718427320044,0.00714284560736243,0,0.0103793078697237,0.188524784522488,0.191222877604765,0.3,0.8,0.2,1.2,0.05,,,NaN,NaN,NaN,NaN,NaN,NaN,NaN,NaN,NaN,NaN,NaN,NaN,NaN,NaN
SimpleBaseline,10,spike_bins,14,0.37334386404161,0.375436757512229,0.160767186103835,0.831880762559466,0.28718427320044,0.00714284560736243,0,0.0103793078697237,0.188524784522488,0.191222877604765,0.3,0.8,0.2,1.2,0.08,,,NaN,NaN,NaN,NaN,NaN,NaN,NaN,NaN,NaN,NaN,NaN,NaN,NaN,NaN
SimpleBaseline,10,spike_bins,14,0.37334386404161,0.375436757512229,0.160767186103835,0.831880762559466,0.28718427320044,0.00714284560736243,0,0.0103793078697237,0.188524784522488,0.191222877604765,0.3,0.8,0.2,1.2,0.1,,,NaN,NaN,NaN,NaN,NaN,NaN,NaN,NaN,NaN,NaN,NaN,NaN,NaN,NaN
SimpleBaseline,10,spike_bins,14,0.36481121148427,0.366354942674486,0.164418659871715,0.833016807180383,0.278227103762986,0.00714284560736243,0,0.011791942539474,0.184512768364746,0.191222877604765,0.3,0.8,0.2,1.2,0.15,,,NaN,NaN,NaN,NaN,NaN,NaN,NaN,NaN,NaN,NaN,NaN,NaN,NaN,NaN
SimpleBaseline,10,spike_bins,14,0.359729313912713,0.355041777682796,0.168917704144715,0.858140626296935,0.265767103380029,0.0142856945592105,0,0.0107037866354836,0.176257470718635,0.17813965364234,0.3,0.8,0.2,1.3,0.03,,,NaN,NaN,NaN,NaN,NaN,NaN,NaN,NaN,NaN,NaN,NaN,NaN,NaN,NaN
SimpleBaseline,10,spike_bins,14,0.359729313912713,0.355041777682796,0.168917704144715,0.858140626296935,0.265767103380029,0.0142856945592105,0,0.0107037866354836,0.176257470718635,0.17813965364234,0.3,0.8,0.2,1.3,0.05,,,NaN,NaN,NaN,NaN,NaN,NaN,NaN,NaN,NaN,NaN,NaN,NaN,NaN,NaN
SimpleBaseline,10,spike_bins,14,0.359729313912713,0.355041777682796,0.168917704144715,0.858140626296935,0.265767103380029,0.0142856945592105,0,0.0107037866354836,0.176257470718635,0.17813965364234,0.3,0.8,0.2,1.3,0.08,,,NaN,NaN,NaN,NaN,NaN,NaN,NaN,NaN,NaN,NaN,NaN,NaN,NaN,NaN
SimpleBaseline,10,spike_bins,14,0.359729313912713,0.355041777682796,0.168917704144715,0.858140626296935,0.265767103380029,0.0142856945592105,0,0.0107037866354836,0.176257470718635,0.17813965364234,0.3,0.8,0.2,1.3,0.1,,,NaN,NaN,NaN,NaN,NaN,NaN,NaN,NaN,NaN,NaN,NaN,NaN,NaN,NaN
SimpleBaseline,10,spike_bins,14,0.351856188953557,0.344985783190579,0.170044695393805,0.85868188486103,0.257852885390536,0.00714284560736243,0,0.0116666464276231,0.173050699133671,0.17813965364234,0.3,0.8,0.2,1.3,0.15,,,NaN,NaN,NaN,NaN,NaN,NaN,NaN,NaN,NaN,NaN,NaN,NaN,NaN,NaN
SimpleBaseline,10,spike_bins,14,0.339750602118463,0.328796448336678,0.16835127721269,0.875000040458114,0.242356882217966,0.00714284560736243,0,0.0103796552022277,0.164408949817357,0.156443665056734,0.3,0.8,0.2,1.4,0.03,,,NaN,NaN,NaN,NaN,NaN,NaN,NaN,NaN,NaN,NaN,NaN,NaN,NaN,NaN
SimpleBaseline,10,spike_bins,14,0.339750602118463,0.328796448336678,0.16835127721269,0.875000040458114,0.242356882217966,0.00714284560736243,0,0.0103796552022277,0.164408949817357,0.156443665056734,0.3,0.8,0.2,1.4,0.05,,,NaN,NaN,NaN,NaN,NaN,NaN,NaN,NaN,NaN,NaN,NaN,NaN,NaN,NaN
SimpleBaseline,10,spike_bins,14,0.339750602118463,0.328796448336678,0.16835127721269,0.875000040458114,0.242356882217966,0.00714284560736243,0,0.0103796552022277,0.164408949817357,0.156443665056734,0.3,0.8,0.2,1.4,0.08,,,NaN,NaN,NaN,NaN,NaN,NaN,NaN,NaN,NaN,NaN,NaN,NaN,NaN,NaN
SimpleBaseline,10,spike_bins,14,0.339750602118463,0.328796448336678,0.16835127721269,0.875000040458114,0.242356882217966,0.00714284560736243,0,0.0103796552022277,0.164408949817357,0.156443665056734,0.3,0.8,0.2,1.4,0.1,,,NaN,NaN,NaN,NaN,NaN,NaN,NaN,NaN,NaN,NaN,NaN,NaN,NaN,NaN
SimpleBaseline,10,spike_bins,14,0.332597595961707,0.305232813185436,0.169269298783561,0.875926696875976,0.235535958417463,0.00714284560736243,0,0.0110296015147905,0.161578283723164,0.156443665056734,0.3,0.8,0.2,1.4,0.15,,,NaN,NaN,NaN,NaN,NaN,NaN,NaN,NaN,NaN,NaN,NaN,NaN,NaN,NaN
SimpleBaseline,10,spike_bins,14,0.397014784137113,0.399607484462927,0.105626495016826,0.55198414652255,0.450043847244042,0.0214285425717221,0,0.00854146721840814,0.276563391047426,0.274329903280043,0.3,0.9,0.1,0.4,0.03,,,NaN,NaN,NaN,NaN,NaN,NaN,NaN,NaN,NaN,NaN,NaN,NaN,NaN,NaN
SimpleBaseline,10,spike_bins,14,0.397014784137113,0.399607484462927,0.105626495016826,0.55198414652255,0.450043847244042,0.0214285425717221,0,0.00854146721840814,0.276563391047426,0.274329903280043,0.3,0.9,0.1,0.4,0.05,,,NaN,NaN,NaN,NaN,NaN,NaN,NaN,NaN,NaN,NaN,NaN,NaN,NaN,NaN
SimpleBaseline,10,spike_bins,14,0.397014784137113,0.399607484462927,0.105626495016826,0.55198414652255,0.450043847244042,0.0214285425717221,0,0.00854146721840814,0.276563391047426,0.274329903280043,0.3,0.9,0.1,0.4,0.08,,,NaN,NaN,NaN,NaN,NaN,NaN,NaN,NaN,NaN,NaN,NaN,NaN,NaN,NaN
SimpleBaseline,10,spike_bins,14,0.397014784137113,0.399607484462927,0.105626495016826,0.55198414652255,0.450043847244042,0.0214285425717221,0,0.00854146721840814,0.276563391047426,0.274329903280043,0.3,0.9,0.1,0.4,0.1,,,NaN,NaN,NaN,NaN,NaN,NaN,NaN,NaN,NaN,NaN,NaN,NaN,NaN,NaN
SimpleBaseline,10,spike_bins,14,0.381024802739459,0.377754670548681,0.107436849262848,0.558244721073678,0.417578550769836,0.0214285425717221,0,0.0107024821768877,0.258712306375333,0.271665593443619,0.3,0.9,0.1,0.4,0.15,,,NaN,NaN,NaN,NaN,NaN,NaN,NaN,NaN,NaN,NaN,NaN,NaN,NaN,NaN
SimpleBaseline,10,spike_bins,14,0.402255904207579,0.391674876847291,0.105218559908246,0.588355586110729,0.435244441371986,0.0214285425717221,0,0.00873666638704654,0.267747685618019,0.267414646080791,0.3,0.9,0.1,0.5,0.03,,,NaN,NaN,NaN,NaN,NaN,NaN,NaN,NaN,NaN,NaN,NaN,NaN,NaN,NaN
SimpleBaseline,10,spike_bins,14,0.402255904207579,0.391674876847291,0.105218559908246,0.588355586110729,0.435244441371986,0.0214285425717221,0,0.00873666638704654,0.267747685618019,0.267414646080791,0.3,0.9,0.1,0.5,0.05,,,NaN,NaN,NaN,NaN,NaN,NaN,NaN,NaN,NaN,NaN,NaN,NaN,NaN,NaN
SimpleBaseline,10,spike_bins,14,0.402255904207579,0.391674876847291,0.105218559908246,0.588355586110729,0.435244441371986,0.0214285425717221,0,0.00873666638704654,0.267747685618019,0.267414646080791,0.3,0.9,0.1,0.5,0.08,,,NaN,NaN,NaN,NaN,NaN,NaN,NaN,NaN,NaN,NaN,NaN,NaN,NaN,NaN
SimpleBaseline,10,spike_bins,14,0.402255904207579,0.391674876847291,0.105218559908246,0.588355586110729,0.435244441371986,0.0214285425717221,0,0.00873666638704654,0.267747685618019,0.267414646080791,0.3,0.9,0.1,0.5,0.1,,,NaN,NaN,NaN,NaN,NaN,NaN,NaN,NaN,NaN,NaN,NaN,NaN,NaN,NaN
SimpleBaseline,10,spike_bins,14,0.385167047218103,0.386976353816961,0.108810732642492,0.591979668819815,0.405175748459055,0.0214285425717221,0,0.0107207303407101,0.251971373284312,0.267414634645789,0.3,0.9,0.1,0.5,0.15,,,NaN,NaN,NaN,NaN,NaN,NaN,NaN,NaN,NaN,NaN,NaN,NaN,NaN,NaN
SimpleBaseline,10,spike_bins,14,0.402343861019723,0.409320895541555,0.105927408491834,0.620369066420821,0.415696317883656,0.0214285425717221,0,0.00928846411715748,0.256181753534804,0.259160465628861,0.3,0.9,0.1,0.6,0.03,,,NaN,NaN,NaN,NaN,NaN,NaN,NaN,NaN,NaN,NaN,NaN,NaN,NaN,NaN
SimpleBaseline,10,spike_bins,14,0.402343861019723,0.409320895541555,0.105927408491834,0.620369066420821,0.415696317883656,0.0214285425717221,0,0.00928846411715748,0.256181753534804,0.259160465628861,0.3,0.9,0.1,0.6,0.05,,,NaN,NaN,NaN,NaN,NaN,NaN,NaN,NaN,NaN,NaN,NaN,NaN,NaN,NaN
SimpleBaseline,10,spike_bins,14,0.402343861019723,0.409320895541555,0.105927408491834,0.620369066420821,0.415696317883656,0.0214285425717221,0,0.00928846411715748,0.256181753534804,0.259160465628861,0.3,0.9,0.1,0.6,0.08,,,NaN,NaN,NaN,NaN,NaN,NaN,NaN,NaN,NaN,NaN,NaN,NaN,NaN,NaN
SimpleBaseline,10,spike_bins,14,0.402343861019723,0.409320895541555,0.105927408491834,0.620369066420821,0.415696317883656,0.0214285425717221,0,0.00928846411715748,0.256181753534804,0.259160465628861,0.3,0.9,0.1,0.6,0.1,,,NaN,NaN,NaN,NaN,NaN,NaN,NaN,NaN,NaN,NaN,NaN,NaN,NaN,NaN
SimpleBaseline,10,spike_bins,14,0.386171178264008,0.399492885713545,0.110464683655066,0.622406888403564,0.389999598628659,0.0214285425717221,0,0.0107539014789522,0.243217332469761,0.259160454193858,0.3,0.9,0.1,0.6,0.15,,,NaN,NaN,NaN,NaN,NaN,NaN,NaN,NaN,NaN,NaN,NaN,NaN,NaN,NaN
SimpleBaseline,10,spike_bins,14,0.406217670705976,0.437627335519777,0.111497872167895,0.652035931206066,0.400264347655388,0.0214285425717221,0,0.00929566079973296,0.249368628616225,0.250321026963662,0.3,0.9,0.1,0.7,0.03,,,NaN,NaN,NaN,NaN,NaN,NaN,NaN,NaN,NaN,NaN,NaN,NaN,NaN,NaN
SimpleBaseline,10,spike_bins,14,0.406217670705976,0.437627335519777,0.111497872167895,0.652035931206066,0.400264347655388,0.0214285425717221,0,0.00929566079973296,0.249368628616225,0.250321026963662,0.3,0.9,0.1,0.7,0.05,,,NaN,NaN,NaN,NaN,NaN,NaN,NaN,NaN,NaN,NaN,NaN,NaN,NaN,NaN
SimpleBaseline,10,spike_bins,14,0.406217670705976,0.437627335519777,0.111497872167895,0.652035931206066,0.400264347655388,0.0214285425717221,0,0.00929566079973296,0.249368628616225,0.250321026963662,0.3,0.9,0.1,0.7,0.08,,,NaN,NaN,NaN,NaN,NaN,NaN,NaN,NaN,NaN,NaN,NaN,NaN,NaN,NaN
SimpleBaseline,10,spike_bins,14,0.406217670705976,0.437627335519777,0.111497872167895,0.652035931206066,0.400264347655388,0.0214285425717221,0,0.00929566079973296,0.249368628616225,0.250321026963662,0.3,0.9,0.1,0.7,0.1,,,NaN,NaN,NaN,NaN,NaN,NaN,NaN,NaN,NaN,NaN,NaN,NaN,NaN,NaN
SimpleBaseline,10,spike_bins,14,0.39132893527127,0.41384846535748,0.11580823535675,0.65352814288262,0.378192631392733,0.0214285425717221,0,0.0105585288411838,0.23767066782656,0.250321026963662,0.3,0.9,0.1,0.7,0.15,,,NaN,NaN,NaN,NaN,NaN,NaN,NaN,NaN,NaN,NaN,NaN,NaN,NaN,NaN
SimpleBaseline,10,spike_bins,14,0.406751858660243,0.449190162100987,0.117642013648021,0.685593382598713,0.384115064148422,0.0214285425717221,0,0.00917049243444651,0.240384242574621,0.241904837158927,0.3,0.9,0.1,0.8,0.03,,,NaN,NaN,NaN,NaN,NaN,NaN,NaN,NaN,NaN,NaN,NaN,NaN,NaN,NaN
SimpleBaseline,10,spike_bins,14,0.406751858660243,0.449190162100987,0.117642013648021,0.685593382598713,0.384115064148422,0.0214285425717221,0,0.00917049243444651,0.240384242574621,0.241904837158927,0.3,0.9,0.1,0.8,0.05,,,NaN,NaN,NaN,NaN,NaN,NaN,NaN,NaN,NaN,NaN,NaN,NaN,NaN,NaN
SimpleBaseline,10,spike_bins,14,0.406751858660243,0.449190162100987,0.117642013648021,0.685593382598713,0.384115064148422,0.0214285425717221,0,0.00917049243444651,0.240384242574621,0.241904837158927,0.3,0.9,0.1,0.8,0.08,,,NaN,NaN,NaN,NaN,NaN,NaN,NaN,NaN,NaN,NaN,NaN,NaN,NaN,NaN
SimpleBaseline,10,spike_bins,14,0.406751858660243,0.449190162100987,0.117642013648021,0.685593382598713,0.384115064148422,0.0214285425717221,0,0.00917049243444651,0.240384242574621,0.241904837158927,0.3,0.9,0.1,0.8,0.1,,,NaN,NaN,NaN,NaN,NaN,NaN,NaN,NaN,NaN,NaN,NaN,NaN,NaN,NaN
SimpleBaseline,10,spike_bins,14,0.39301650967876,0.434692593742784,0.122345443077685,0.686971637195261,0.364978061382266,0.0214285425717221,0,0.0106240217153562,0.230006514710611,0.241904837158927,0.3,0.9,0.1,0.8,0.15,,,NaN,NaN,NaN,NaN,NaN,NaN,NaN,NaN,NaN,NaN,NaN,NaN,NaN,NaN
SimpleBaseline,10,spike_bins,14,0.402650561259952,0.448862542755078,0.127977822343279,0.711696449017472,0.363706244756267,0.0142856945592105,0,0.00901886517982488,0.229517129348947,0.229668008002405,0.3,0.9,0.1,0.9,0.03,,,NaN,NaN,NaN,NaN,NaN,NaN,NaN,NaN,NaN,NaN,NaN,NaN,NaN,NaN
SimpleBaseline,10,spike_bins,14,0.402650561259952,0.448862542755078,0.127977822343279,0.711696449017472,0.363706244756267,0.0142856945592105,0,0.00901886517982488,0.229517129348947,0.229668008002405,0.3,0.9,0.1,0.9,0.05,,,NaN,NaN,NaN,NaN,NaN,NaN,NaN,NaN,NaN,NaN,NaN,NaN,NaN,NaN
SimpleBaseline,10,spike_bins,14,0.402650561259952,0.448862542755078,0.127977822343279,0.711696449017472,0.363706244756267,0.0142856945592105,0,0.00901886517982488,0.229517129348947,0.229668008002405,0.3,0.9,0.1,0.9,0.08,,,NaN,NaN,NaN,NaN,NaN,NaN,NaN,NaN,NaN,NaN,NaN,NaN,NaN,NaN
SimpleBaseline,10,spike_bins,14,0.402650561259952,0.448862542755078,0.127977822343279,0.711696449017472,0.363706244756267,0.0142856945592105,0,0.00901886517982488,0.229517129348947,0.229668008002405,0.3,0.9,0.1,0.9,0.1,,,NaN,NaN,NaN,NaN,NaN,NaN,NaN,NaN,NaN,NaN,NaN,NaN,NaN,NaN
SimpleBaseline,10,spike_bins,14,0.390398302685984,0.43491521673857,0.133338437289282,0.713762233708418,0.347286997129829,0.0214285425717221,0,0.0103298271766705,0.220678941966013,0.229668008002405,0.3,0.9,0.1,0.9,0.15,,,NaN,NaN,NaN,NaN,NaN,NaN,NaN,NaN,NaN,NaN,NaN,NaN,NaN,NaN
SimpleBaseline,10,spike_bins,14,0.397642080734943,0.43111300018216,0.136830009350247,0.74347447302747,0.343654112263605,0.0142856945592105,0,0.00943228253740882,0.217985390425529,0.220939059308749,0.3,0.9,0.1,1,0.03,,,NaN,NaN,NaN,NaN,NaN,NaN,NaN,NaN,NaN,NaN,NaN,NaN,NaN,NaN
SimpleBaseline,10,spike_bins,14,0.397642080734943,0.43111300018216,0.136830009350247,0.74347447302747,0.343654112263605,0.0142856945592105,0,0.00943228253740882,0.217985390425529,0.220939059308749,0.3,0.9,0.1,1,0.05,,,NaN,NaN,NaN,NaN,NaN,NaN,NaN,NaN,NaN,NaN,NaN,NaN,NaN,NaN
SimpleBaseline,10,spike_bins,14,0.397642080734943,0.43111300018216,0.136830009350247,0.74347447302747,0.343654112263605,0.0142856945592105,0,0.00943228253740882,0.217985390425529,0.220939059308749,0.3,0.9,0.1,1,0.08,,,NaN,NaN,NaN,NaN,NaN,NaN,NaN,NaN,NaN,NaN,NaN,NaN,NaN,NaN
SimpleBaseline,10,spike_bins,14,0.397642080734943,0.43111300018216,0.136830009350247,0.74347447302747,0.343654112263605,0.0142856945592105,0,0.00943228253740882,0.217985390425529,0.220939059308749,0.3,0.9,0.1,1,0.1,,,NaN,NaN,NaN,NaN,NaN,NaN,NaN,NaN,NaN,NaN,NaN,NaN,NaN,NaN
SimpleBaseline,10,spike_bins,14,0.386343973983004,0.418999472960448,0.143296718612483,0.744592871683917,0.329480827075347,0.0142856945592105,0,0.01060817924985,0.21014964800551,0.218293166924251,0.3,0.9,0.1,1,0.15,,,NaN,NaN,NaN,NaN,NaN,NaN,NaN,NaN,NaN,NaN,NaN,NaN,NaN,NaN
SimpleBaseline,10,spike_bins,14,0.395280992608491,0.423159887082031,0.14559328559365,0.77899304564488,0.329472478253528,0.0142856945592105,0,0.00949407461992884,0.2103453042653,0.211701275387834,0.3,0.9,0.1,1.1,0.03,,,NaN,NaN,NaN,NaN,NaN,NaN,NaN,NaN,NaN,NaN,NaN,NaN,NaN,NaN
SimpleBaseline,10,spike_bins,14,0.395280992608491,0.423159887082031,0.14559328559365,0.77899304564488,0.329472478253528,0.0142856945592105,0,0.00949407461992884,0.2103453042653,0.211701275387834,0.3,0.9,0.1,1.1,0.05,,,NaN,NaN,NaN,NaN,NaN,NaN,NaN,NaN,NaN,NaN,NaN,NaN,NaN,NaN
SimpleBaseline,10,spike_bins,14,0.395280992608491,0.423159887082031,0.14559328559365,0.77899304564488,0.329472478253528,0.0142856945592105,0,0.00949407461992884,0.2103453042653,0.211701275387834,0.3,0.9,0.1,1.1,0.08,,,NaN,NaN,NaN,NaN,NaN,NaN,NaN,NaN,NaN,NaN,NaN,NaN,NaN,NaN
SimpleBaseline,10,spike_bins,14,0.395280992608491,0.423159887082031,0.14559328559365,0.77899304564488,0.329472478253528,0.0142856945592105,0,0.00949407461992884,0.2103453042653,0.211701275387834,0.3,0.9,0.1,1.1,0.1,,,NaN,NaN,NaN,NaN,NaN,NaN,NaN,NaN,NaN,NaN,NaN,NaN,NaN,NaN
SimpleBaseline,10,spike_bins,14,0.383492439870552,0.406798349540942,0.150927391567127,0.779700772917731,0.315809438347462,0.0142856945592105,0,0.0105651630527838,0.20317446526515,0.209304350801099,0.3,0.9,0.1,1.1,0.15,,,NaN,NaN,NaN,NaN,NaN,NaN,NaN,NaN,NaN,NaN,NaN,NaN,NaN,NaN
SimpleBaseline,10,spike_bins,14,0.38496995322523,0.39604828870481,0.155275055009946,0.805531914179095,0.310179892554285,0.0142856945592105,0,0.00930301374778418,0.199663485095145,0.199597465663286,0.3,0.9,0.1,1.2,0.03,,,NaN,NaN,NaN,NaN,NaN,NaN,NaN,NaN,NaN,NaN,NaN,NaN,NaN,NaN
SimpleBaseline,10,spike_bins,14,0.38496995322523,0.39604828870481,0.155275055009946,0.805531914179095,0.310179892554285,0.0142856945592105,0,0.00930301374778418,0.199663485095145,0.199597465663286,0.3,0.9,0.1,1.2,0.05,,,NaN,NaN,NaN,NaN,NaN,NaN,NaN,NaN,NaN,NaN,NaN,NaN,NaN,NaN
SimpleBaseline,10,spike_bins,14,0.38496995322523,0.39604828870481,0.155275055009946,0.805531914179095,0.310179892554285,0.0142856945592105,0,0.00930301374778418,0.199663485095145,0.199597465663286,0.3,0.9,0.1,1.2,0.08,,,NaN,NaN,NaN,NaN,NaN,NaN,NaN,NaN,NaN,NaN,NaN,NaN,NaN,NaN
SimpleBaseline,10,spike_bins,14,0.38496995322523,0.39604828870481,0.155275055009946,0.805531914179095,0.310179892554285,0.0142856945592105,0,0.00930301374778418,0.199663485095145,0.199597465663286,0.3,0.9,0.1,1.2,0.1,,,NaN,NaN,NaN,NaN,NaN,NaN,NaN,NaN,NaN,NaN,NaN,NaN,NaN,NaN
SimpleBaseline,10,spike_bins,14,0.374848727789515,0.386309325145184,0.160013157403552,0.805973341435469,0.298835109628346,0.0178571185654663,0,0.0106376995945267,0.193570243368226,0.199597465663286,0.3,0.9,0.1,1.2,0.15,,,NaN,NaN,NaN,NaN,NaN,NaN,NaN,NaN,NaN,NaN,NaN,NaN,NaN,NaN
SimpleBaseline,10,spike_bins,14,0.369124031143919,0.378873006692556,0.15809722219783,0.822077487576339,0.286509328950393,0.0107142700832864,0,0.00856498249080268,0.189917519638727,0.188248701668897,0.3,0.9,0.1,1.3,0.03,,,NaN,NaN,NaN,NaN,NaN,NaN,NaN,NaN,NaN,NaN,NaN,NaN,NaN,NaN
SimpleBaseline,10,spike_bins,14,0.369124031143919,0.378873006692556,0.15809722219783,0.822077487576339,0.286509328950393,0.0107142700832864,0,0.00856498249080268,0.189917519638727,0.188248701668897,0.3,0.9,0.1,1.3,0.05,,,NaN,NaN,NaN,NaN,NaN,NaN,NaN,NaN,NaN,NaN,NaN,NaN,NaN,NaN
SimpleBaseline,10,spike_bins,14,0.369124031143919,0.378873006692556,0.15809722219783,0.822077487576339,0.286509328950393,0.0107142700832864,0,0.00856498249080268,0.189917519638727,0.188248701668897,0.3,0.9,0.1,1.3,0.08,,,NaN,NaN,NaN,NaN,NaN,NaN,NaN,NaN,NaN,NaN,NaN,NaN,NaN,NaN
SimpleBaseline,10,spike_bins,14,0.369124031143919,0.378873006692556,0.15809722219783,0.822077487576339,0.286509328950393,0.0107142700832864,0,0.00856498249080268,0.189917519638727,0.188248701668897,0.3,0.9,0.1,1.3,0.1,,,NaN,NaN,NaN,NaN,NaN,NaN,NaN,NaN,NaN,NaN,NaN,NaN,NaN,NaN
SimpleBaseline,10,spike_bins,14,0.359900829152288,0.363697705802969,0.161238839482712,0.822730285818271,0.276647796938099,0.0142856945592105,0,0.00940976328392594,0.184918092168639,0.188248701668897,0.3,0.9,0.1,1.3,0.15,,,NaN,NaN,NaN,NaN,NaN,NaN,NaN,NaN,NaN,NaN,NaN,NaN,NaN,NaN
SimpleBaseline,10,spike_bins,14,0.358907446096597,0.357338071569037,0.165920327415158,0.851452695267107,0.266393527523339,0.00714284560736243,0,0.00933277523842054,0.178062048225045,0.175743596724143,0.3,0.9,0.1,1.4,0.03,,,NaN,NaN,NaN,NaN,NaN,NaN,NaN,NaN,NaN,NaN,NaN,NaN,NaN,NaN
SimpleBaseline,10,spike_bins,14,0.358907446096597,0.357338071569037,0.165920327415158,0.851452695267107,0.266393527523339,0.00714284560736243,0,0.00933277523842054,0.178062048225045,0.175743596724143,0.3,0.9,0.1,1.4,0.05,,,NaN,NaN,NaN,NaN,NaN,NaN,NaN,NaN,NaN,NaN,NaN,NaN,NaN,NaN
SimpleBaseline,10,spike_bins,14,0.358907446096597,0.357338071569037,0.165920327415158,0.851452695267107,0.266393527523339,0.00714284560736243,0,0.00933277523842054,0.178062048225045,0.175743596724143,0.3,0.9,0.1,1.4,0.08,,,NaN,NaN,NaN,NaN,NaN,NaN,NaN,NaN,NaN,NaN,NaN,NaN,NaN,NaN
SimpleBaseline,10,spike_bins,14,0.358907446096597,0.357338071569037,0.165920327415158,0.851452695267107,0.266393527523339,0.00714284560736243,0,0.00933277523842054,0.178062048225045,0.175743596724143,0.3,0.9,0.1,1.4,0.1,,,NaN,NaN,NaN,NaN,NaN,NaN,NaN,NaN,NaN,NaN,NaN,NaN,NaN,NaN
SimpleBaseline,10,spike_bins,14,0.351317107189721,0.337534775449952,0.168620180516345,0.851866953445106,0.259169885762343,0.00714284560736243,0,0.00975560857794814,0.174261319764685,0.175743596724143,0.3,0.9,0.1,1.4,0.15,,,NaN,NaN,NaN,NaN,NaN,NaN,NaN,NaN,NaN,NaN,NaN,NaN,NaN,NaN
OASIS,10,spike_bins,14,0.376522655476205,0.430059085141561,0.146476609945628,0.570476696249016,0.437421625459744,0,0,0.0117965865519807,0.291845457161404,0.328638359704223,NaN,NaN,NaN,NaN,NaN,ar1,foopsi,1,1,0.25,0.03,NaN,NaN,NaN,NaN,NaN,NaN,NaN,NaN,NaN,NaN
OASIS,10,spike_bins,14,0.376522655476205,0.430059085141561,0.146476609945628,0.570476696249016,0.437421625459744,0,0,0.0117965865519807,0.291845457161404,0.328638359704223,NaN,NaN,NaN,NaN,NaN,ar1,foopsi,1,1,0.25,0.05,NaN,NaN,NaN,NaN,NaN,NaN,NaN,NaN,NaN,NaN
OASIS,10,spike_bins,14,0.376522655476205,0.430059085141561,0.146476609945628,0.570476696249016,0.437421625459744,0,0,0.0117965865519807,0.291845457161404,0.328638359704223,NaN,NaN,NaN,NaN,NaN,ar1,foopsi,1,1,0.25,0.08,NaN,NaN,NaN,NaN,NaN,NaN,NaN,NaN,NaN,NaN
OASIS,10,spike_bins,14,0.376522655476205,0.430059085141561,0.146476609945628,0.570476696249016,0.437421625459744,0,0,0.0117965865519807,0.291845457161404,0.328638359704223,NaN,NaN,NaN,NaN,NaN,ar1,foopsi,1,1,0.25,0.1,NaN,NaN,NaN,NaN,NaN,NaN,NaN,NaN,NaN,NaN
OASIS,10,spike_bins,14,0.355022551338481,0.403566147726778,0.149121401795395,0.569758274859947,0.396913712056854,0.00714284895184805,0,0.0156013143043526,0.266950278770482,0.312652420640665,NaN,NaN,NaN,NaN,NaN,ar1,foopsi,1,1,0.25,0.15,NaN,NaN,NaN,NaN,NaN,NaN,NaN,NaN,NaN,NaN
OASIS,10,spike_bins,14,0.343211643160396,0.368400082084712,0.144402383126214,0.569879692035768,0.37516563407096,0.00714284895184805,0,0.0157737662258465,0.25157275122301,0.286514140708119,NaN,NaN,NaN,NaN,NaN,ar1,foopsi,1,1,0.25,0.2,NaN,NaN,NaN,NaN,NaN,NaN,NaN,NaN,NaN,NaN
OASIS,10,spike_bins,14,0.386975614918485,0.442381709039548,0.151997534173928,0.611539708858387,0.427613248579848,0,0,0.0127317202701598,0.287120328980184,0.317585637147189,NaN,NaN,NaN,NaN,NaN,ar1,foopsi,1,1,0.5,0.03,NaN,NaN,NaN,NaN,NaN,NaN,NaN,NaN,NaN,NaN
OASIS,10,spike_bins,14,0.386975614918485,0.442381709039548,0.151997534173928,0.611539708858387,0.427613248579848,0,0,0.0127317202701598,0.287120328980184,0.317585637147189,NaN,NaN,NaN,NaN,NaN,ar1,foopsi,1,1,0.5,0.05,NaN,NaN,NaN,NaN,NaN,NaN,NaN,NaN,NaN,NaN
OASIS,10,spike_bins,14,0.386975614918485,0.442381709039548,0.151997534173928,0.611539708858387,0.427613248579848,0,0,0.0127317202701598,0.287120328980184,0.317585637147189,NaN,NaN,NaN,NaN,NaN,ar1,foopsi,1,1,0.5,0.08,NaN,NaN,NaN,NaN,NaN,NaN,NaN,NaN,NaN,NaN
OASIS,10,spike_bins,14,0.386975614918485,0.442381709039548,0.151997534173928,0.611539708858387,0.427613248579848,0,0,0.0127317202701598,0.287120328980184,0.317585637147189,NaN,NaN,NaN,NaN,NaN,ar1,foopsi,1,1,0.5,0.1,NaN,NaN,NaN,NaN,NaN,NaN,NaN,NaN,NaN,NaN
OASIS,10,spike_bins,14,0.363791647406202,0.409808280077799,0.154426573946411,0.608210689396216,0.389357158165172,0.00714284895184805,0,0.0160326284282655,0.263296012386397,0.30572722714046,NaN,NaN,NaN,NaN,NaN,ar1,foopsi,1,1,0.5,0.15,NaN,NaN,NaN,NaN,NaN,NaN,NaN,NaN,NaN,NaN
OASIS,10,spike_bins,14,0.350773418217796,0.374297493339556,0.149095722079237,0.607399905220107,0.368557430223455,0.00714284895184805,0,0.0160550864979422,0.248348152336769,0.280432117528318,NaN,NaN,NaN,NaN,NaN,ar1,foopsi,1,1,0.5,0.2,NaN,NaN,NaN,NaN,NaN,NaN,NaN,NaN,NaN,NaN
OASIS,10,spike_bins,14,0.393796738517671,0.450233766233766,0.159179223628022,0.653308228797634,0.409491945842626,0,0,0.0139836176047704,0.277372107842263,0.304929031706801,NaN,NaN,NaN,NaN,NaN,ar1,foopsi,1,1,0.75,0.03,NaN,NaN,NaN,NaN,NaN,NaN,NaN,NaN,NaN,NaN
OASIS,10,spike_bins,14,0.393796738517671,0.450233766233766,0.159179223628022,0.653308228797634,0.409491945842626,0,0,0.0139836176047704,0.277372107842263,0.304929031706801,NaN,NaN,NaN,NaN,NaN,ar1,foopsi,1,1,0.75,0.05,NaN,NaN,NaN,NaN,NaN,NaN,NaN,NaN,NaN,NaN
OASIS,10,spike_bins,14,0.393796738517671,0.450233766233766,0.159179223628022,0.653308228797634,0.409491945842626,0,0,0.0139836176047704,0.277372107842263,0.304929031706801,NaN,NaN,NaN,NaN,NaN,ar1,foopsi,1,1,0.75,0.08,NaN,NaN,NaN,NaN,NaN,NaN,NaN,NaN,NaN,NaN
OASIS,10,spike_bins,14,0.393796738517671,0.450233766233766,0.159179223628022,0.653308228797634,0.409491945842626,0,0,0.0139836176047704,0.277372107842263,0.304929031706801,NaN,NaN,NaN,NaN,NaN,ar1,foopsi,1,1,0.75,0.1,NaN,NaN,NaN,NaN,NaN,NaN,NaN,NaN,NaN,NaN
OASIS,10,spike_bins,14,0.370357018689862,0.406664255575648,0.161733250780646,0.648286797480266,0.374944358821622,0.00714284895184805,0,0.0158673796481056,0.255899151379663,0.293383612848949,NaN,NaN,NaN,NaN,NaN,ar1,foopsi,1,1,0.75,0.15,NaN,NaN,NaN,NaN,NaN,NaN,NaN,NaN,NaN,NaN
OASIS,10,spike_bins,14,0.356558662213182,0.373090440369375,0.156015916344961,0.64550683130159,0.355300786431426,0.00714284895184805,0,0.0157743696608248,0.241676116939653,0.268088503236808,NaN,NaN,NaN,NaN,NaN,ar1,foopsi,1,1,0.75,0.2,NaN,NaN,NaN,NaN,NaN,NaN,NaN,NaN,NaN,NaN
OASIS,10,spike_bins,14,0.391784915927941,0.434628694969165,0.162167653535723,0.684275768138495,0.384799308155476,0,0,0.0142801146376633,0.264387475478553,0.287391528007638,NaN,NaN,NaN,NaN,NaN,ar1,foopsi,1,1,1,0.03,NaN,NaN,NaN,NaN,NaN,NaN,NaN,NaN,NaN,NaN
OASIS,10,spike_bins,14,0.391784915927941,0.434628694969165,0.162167653535723,0.684275768138495,0.384799308155476,0,0,0.0142801146376633,0.264387475478553,0.287391528007638,NaN,NaN,NaN,NaN,NaN,ar1,foopsi,1,1,1,0.05,NaN,NaN,NaN,NaN,NaN,NaN,NaN,NaN,NaN,NaN
OASIS,10,spike_bins,14,0.391784915927941,0.434628694969165,0.162167653535723,0.684275768138495,0.384799308155476,0,0,0.0142801146376633,0.264387475478553,0.287391528007638,NaN,NaN,NaN,NaN,NaN,ar1,foopsi,1,1,1,0.08,NaN,NaN,NaN,NaN,NaN,NaN,NaN,NaN,NaN,NaN
OASIS,10,spike_bins,14,0.391784915927941,0.434628694969165,0.162167653535723,0.684275768138495,0.384799308155476,0,0,0.0142801146376633,0.264387475478553,0.287391528007638,NaN,NaN,NaN,NaN,NaN,ar1,foopsi,1,1,1,0.1,NaN,NaN,NaN,NaN,NaN,NaN,NaN,NaN,NaN,NaN
OASIS,10,spike_bins,14,0.369291805733931,0.394404852008386,0.165913468294193,0.678117680231416,0.354600567279387,0.00714284895184805,0,0.0163396556273974,0.244944254881573,0.278510430421212,NaN,NaN,NaN,NaN,NaN,ar1,foopsi,1,1,1,0.15,NaN,NaN,NaN,NaN,NaN,NaN,NaN,NaN,NaN,NaN
OASIS,10,spike_bins,14,0.356465458899071,0.36796343272203,0.160698994745567,0.674892914703702,0.337186940719978,0.00714284895184805,0,0.0160201303690667,0.231899744696532,0.25490166144988,NaN,NaN,NaN,NaN,NaN,ar1,foopsi,1,1,1,0.2,NaN,NaN,NaN,NaN,NaN,NaN,NaN,NaN,NaN,NaN
OASIS,10,spike_bins,14,0.390449090538266,0.429528985507246,0.1673407878086,0.719937300674194,0.358559859972132,0,0,0.0144346440919943,0.249459053418655,0.264615320104111,NaN,NaN,NaN,NaN,NaN,ar1,foopsi,1,1,1.25,0.03,NaN,NaN,NaN,NaN,NaN,NaN,NaN,NaN,NaN,NaN
OASIS,10,spike_bins,14,0.390449090538266,0.429528985507246,0.1673407878086,0.719937300674194,0.358559859972132,0,0,0.0144346440919943,0.249459053418655,0.264615320104111,NaN,NaN,NaN,NaN,NaN,ar1,foopsi,1,1,1.25,0.05,NaN,NaN,NaN,NaN,NaN,NaN,NaN,NaN,NaN,NaN
OASIS,10,spike_bins,14,0.390449090538266,0.429528985507246,0.1673407878086,0.719937300674194,0.358559859972132,0,0,0.0144346440919943,0.249459053418655,0.264615320104111,NaN,NaN,NaN,NaN,NaN,ar1,foopsi,1,1,1.25,0.08,NaN,NaN,NaN,NaN,NaN,NaN,NaN,NaN,NaN,NaN
OASIS,10,spike_bins,14,0.390449090538266,0.429528985507246,0.1673407878086,0.719937300674194,0.358559859972132,0,0,0.0144346440919943,0.249459053418655,0.264615320104111,NaN,NaN,NaN,NaN,NaN,ar1,foopsi,1,1,1.25,0.1,NaN,NaN,NaN,NaN,NaN,NaN,NaN,NaN,NaN,NaN
OASIS,10,spike_bins,14,0.371127036747522,0.404475253580713,0.170543374684609,0.714946557210696,0.335189306899284,0.00714284895184805,0,0.016125945672823,0.234175677190915,0.258398555224114,NaN,NaN,NaN,NaN,NaN,ar1,foopsi,1,1,1.25,0.15,NaN,NaN,NaN,NaN,NaN,NaN,NaN,NaN,NaN,NaN
OASIS,10,spike_bins,14,0.358202016068014,0.363030034110763,0.165076505991532,0.711383502761132,0.318985642449271,0.00714284895184805,0,0.0159033707755798,0.221564159391835,0.235632956573187,NaN,NaN,NaN,NaN,NaN,ar1,foopsi,1,1,1.25,0.2,NaN,NaN,NaN,NaN,NaN,NaN,NaN,NaN,NaN,NaN
OASIS,10,spike_bins,14,0.380681606265212,0.414159486564109,0.172532115173617,0.754723731980794,0.326633536158002,0,0,0.0147214774867277,0.231906520377053,0.246144707746055,NaN,NaN,NaN,NaN,NaN,ar1,foopsi,1,1,1.5,0.03,NaN,NaN,NaN,NaN,NaN,NaN,NaN,NaN,NaN,NaN
OASIS,10,spike_bins,14,0.380681606265212,0.414159486564109,0.172532115173617,0.754723731980794,0.326633536158002,0,0,0.0147214774867277,0.231906520377053,0.246144707746055,NaN,NaN,NaN,NaN,NaN,ar1,foopsi,1,1,1.5,0.05,NaN,NaN,NaN,NaN,NaN,NaN,NaN,NaN,NaN,NaN
OASIS,10,spike_bins,14,0.380681606265212,0.414159486564109,0.172532115173617,0.754723731980794,0.326633536158002,0,0,0.0147214774867277,0.231906520377053,0.246144707746055,NaN,NaN,NaN,NaN,NaN,ar1,foopsi,1,1,1.5,0.08,NaN,NaN,NaN,NaN,NaN,NaN,NaN,NaN,NaN,NaN
OASIS,10,spike_bins,14,0.380681606265212,0.414159486564109,0.172532115173617,0.754723731980794,0.326633536158002,0,0,0.0147214774867277,0.231906520377053,0.246144707746055,NaN,NaN,NaN,NaN,NaN,ar1,foopsi,1,1,1.5,0.1,NaN,NaN,NaN,NaN,NaN,NaN,NaN,NaN,NaN,NaN
OASIS,10,spike_bins,14,0.363433043501232,0.373714153024498,0.175261055938076,0.749427508164415,0.308292277308791,0.00714284895184805,0,0.0160228509717236,0.219889114033935,0.242592264137484,NaN,NaN,NaN,NaN,NaN,ar1,foopsi,1,1,1.5,0.15,NaN,NaN,NaN,NaN,NaN,NaN,NaN,NaN,NaN,NaN
OASIS,10,spike_bins,14,0.350443099052974,0.373714153024498,0.16820514956609,0.746251310491267,0.292731073196143,0.00714284895184805,0,0.0158060391889039,0.207816985040576,0.220669835806961,NaN,NaN,NaN,NaN,NaN,ar1,foopsi,1,1,1.5,0.2,NaN,NaN,NaN,NaN,NaN,NaN,NaN,NaN,NaN,NaN
OASIS,10,spike_bins,14,0.366635028243268,0.368315768930523,0.169959848646052,0.785857467448503,0.293540439103495,0,0,0.0150467922436681,0.21223801395814,0.216748537183198,NaN,NaN,NaN,NaN,NaN,ar1,foopsi,1,1,1.75,0.03,NaN,NaN,NaN,NaN,NaN,NaN,NaN,NaN,NaN,NaN
OASIS,10,spike_bins,14,0.366635028243268,0.368315768930523,0.169959848646052,0.785857467448503,0.293540439103495,0,0,0.0150467922436681,0.21223801395814,0.216748537183198,NaN,NaN,NaN,NaN,NaN,ar1,foopsi,1,1,1.75,0.05,NaN,NaN,NaN,NaN,NaN,NaN,NaN,NaN,NaN,NaN
OASIS,10,spike_bins,14,0.366635028243268,0.368315768930523,0.169959848646052,0.785857467448503,0.293540439103495,0,0,0.0150467922436681,0.21223801395814,0.216748537183198,NaN,NaN,NaN,NaN,NaN,ar1,foopsi,1,1,1.75,0.08,NaN,NaN,NaN,NaN,NaN,NaN,NaN,NaN,NaN,NaN
OASIS,10,spike_bins,14,0.366635028243268,0.368315768930523,0.169959848646052,0.785857467448503,0.293540439103495,0,0,0.0150467922436681,0.21223801395814,0.216748537183198,NaN,NaN,NaN,NaN,NaN,ar1,foopsi,1,1,1.75,0.1,NaN,NaN,NaN,NaN,NaN,NaN,NaN,NaN,NaN,NaN
OASIS,10,spike_bins,14,0.351178809722822,0.339382519060526,0.174058590456873,0.781113363420834,0.278621041956578,0.00714284895184805,0,0.0162668725672133,0.202215033931975,0.210210400897587,NaN,NaN,NaN,NaN,NaN,ar1,foopsi,1,1,1.75,0.15,NaN,NaN,NaN,NaN,NaN,NaN,NaN,NaN,NaN,NaN
OASIS,10,spike_bins,14,0.339162058727474,0.333204112363982,0.167251680053188,0.778015254744985,0.265705742642815,0.00714284895184805,0,0.0159717543450563,0.192462213771301,0.199535050832511,NaN,NaN,NaN,NaN,NaN,ar1,foopsi,1,1,1.75,0.2,NaN,NaN,NaN,NaN,NaN,NaN,NaN,NaN,NaN,NaN
OASIS,10,spike_bins,14,0.34460933803541,0.344667500015548,0.169750410644284,0.808927807532046,0.258483763396313,0,0,0.01531027497645,0.192495621524971,0.178859642683028,NaN,NaN,NaN,NaN,NaN,ar1,foopsi,1,1,2,0.03,NaN,NaN,NaN,NaN,NaN,NaN,NaN,NaN,NaN,NaN
OASIS,10,spike_bins,14,0.34460933803541,0.344667500015548,0.169750410644284,0.808927807532046,0.258483763396313,0,0,0.01531027497645,0.192495621524971,0.178859642683028,NaN,NaN,NaN,NaN,NaN,ar1,foopsi,1,1,2,0.05,NaN,NaN,NaN,NaN,NaN,NaN,NaN,NaN,NaN,NaN
OASIS,10,spike_bins,14,0.34460933803541,0.344667500015548,0.169750410644284,0.808927807532046,0.258483763396313,0,0,0.01531027497645,0.192495621524971,0.178859642683028,NaN,NaN,NaN,NaN,NaN,ar1,foopsi,1,1,2,0.08,NaN,NaN,NaN,NaN,NaN,NaN,NaN,NaN,NaN,NaN
OASIS,10,spike_bins,14,0.34460933803541,0.344667500015548,0.169750410644284,0.808927807532046,0.258483763396313,0,0,0.01531027497645,0.192495621524971,0.178859642683028,NaN,NaN,NaN,NaN,NaN,ar1,foopsi,1,1,2,0.1,NaN,NaN,NaN,NaN,NaN,NaN,NaN,NaN,NaN,NaN
OASIS,10,spike_bins,14,0.331062426742905,0.320639665685722,0.171785288947051,0.804031084581968,0.246389647480906,0.00714284895184805,0,0.016089399403604,0.183795091034435,0.176478679724863,NaN,NaN,NaN,NaN,NaN,ar1,foopsi,1,1,2,0.15,NaN,NaN,NaN,NaN,NaN,NaN,NaN,NaN,NaN,NaN
OASIS,10,spike_bins,14,0.319540146061537,0.316402478274863,0.164287636931736,0.80011209469712,0.234701691647811,0.00714284895184805,0,0.0157198730869813,0.174923974572897,0.168414163595831,NaN,NaN,NaN,NaN,NaN,ar1,foopsi,1,1,2,0.2,NaN,NaN,NaN,NaN,NaN,NaN,NaN,NaN,NaN,NaN
OASIS,10,spike_bins,14,0.325802900549744,0.320828025477707,0.16963320490071,0.834314869097756,0.23340964999646,0,0,0.0159115064007775,0.176060496214732,0.156923053297638,NaN,NaN,NaN,NaN,NaN,ar1,foopsi,1,1,2.25,0.03,NaN,NaN,NaN,NaN,NaN,NaN,NaN,NaN,NaN,NaN
OASIS,10,spike_bins,14,0.325802900549744,0.320828025477707,0.16963320490071,0.834314869097756,0.23340964999646,0,0,0.0159115064007775,0.176060496214732,0.156923053297638,NaN,NaN,NaN,NaN,NaN,ar1,foopsi,1,1,2.25,0.05,NaN,NaN,NaN,NaN,NaN,NaN,NaN,NaN,NaN,NaN
OASIS,10,spike_bins,14,0.325802900549744,0.320828025477707,0.16963320490071,0.834314869097756,0.23340964999646,0,0,0.0159115064007775,0.176060496214732,0.156923053297638,NaN,NaN,NaN,NaN,NaN,ar1,foopsi,1,1,2.25,0.08,NaN,NaN,NaN,NaN,NaN,NaN,NaN,NaN,NaN,NaN
OASIS,10,spike_bins,14,0.325802900549744,0.320828025477707,0.16963320490071,0.834314869097756,0.23340964999646,0,0,0.0159115064007775,0.176060496214732,0.156923053297638,NaN,NaN,NaN,NaN,NaN,ar1,foopsi,1,1,2.25,0.1,NaN,NaN,NaN,NaN,NaN,NaN,NaN,NaN,NaN,NaN
OASIS,10,spike_bins,14,0.315232389787693,0.304516765213604,0.172583699540018,0.831611652807267,0.224610681318718,0.00714284895184805,0,0.0164619345236075,0.169135801338832,0.1563278152024,NaN,NaN,NaN,NaN,NaN,ar1,foopsi,1,1,2.25,0.15,NaN,NaN,NaN,NaN,NaN,NaN,NaN,NaN,NaN,NaN
OASIS,10,spike_bins,14,0.30389160610751,0.296525371012174,0.163818007345068,0.827105481408103,0.213717076580329,0.00714284895184805,0,0.0160513672110726,0.161059035972,0.149729574733191,NaN,NaN,NaN,NaN,NaN,ar1,foopsi,1,1,2.25,0.2,NaN,NaN,NaN,NaN,NaN,NaN,NaN,NaN,NaN,NaN
OASIS,10,spike_bins,14,0.294865214610671,0.279152915291529,0.165786017180051,0.849448023981605,0.201069212095023,0.00714284895184805,0,0.0147946784509274,0.155390273006234,0.134071813634149,NaN,NaN,NaN,NaN,NaN,ar1,foopsi,1,1,2.5,0.03,NaN,NaN,NaN,NaN,NaN,NaN,NaN,NaN,NaN,NaN
OASIS,10,spike_bins,14,0.294865214610671,0.279152915291529,0.165786017180051,0.849448023981605,0.201069212095023,0.00714284895184805,0,0.0147946784509274,0.155390273006234,0.134071813634149,NaN,NaN,NaN,NaN,NaN,ar1,foopsi,1,1,2.5,0.05,NaN,NaN,NaN,NaN,NaN,NaN,NaN,NaN,NaN,NaN
OASIS,10,spike_bins,14,0.294865214610671,0.279152915291529,0.165786017180051,0.849448023981605,0.201069212095023,0.00714284895184805,0,0.0147946784509274,0.155390273006234,0.134071813634149,NaN,NaN,NaN,NaN,NaN,ar1,foopsi,1,1,2.5,0.08,NaN,NaN,NaN,NaN,NaN,NaN,NaN,NaN,NaN,NaN
OASIS,10,spike_bins,14,0.294865214610671,0.279152915291529,0.165786017180051,0.849448023981605,0.201069212095023,0.00714284895184805,0,0.0147946784509274,0.155390273006234,0.134071813634149,NaN,NaN,NaN,NaN,NaN,ar1,foopsi,1,1,2.5,0.1,NaN,NaN,NaN,NaN,NaN,NaN,NaN,NaN,NaN,NaN
OASIS,10,spike_bins,14,0.28601732464131,0.267855112020926,0.167473789233584,0.845834156590872,0.194408902972556,0.00714284895184805,0,0.0151275679631339,0.150062028380205,0.133476575538911,NaN,NaN,NaN,NaN,NaN,ar1,foopsi,1,1,2.5,0.15,NaN,NaN,NaN,NaN,NaN,NaN,NaN,NaN,NaN,NaN
OASIS,10,spike_bins,14,0.27481681185197,0.255726786512319,0.157733383243383,0.840795836308649,0.183979728474555,0.00714284895184805,0,0.0145343015502763,0.142449693253761,0.126878335069703,NaN,NaN,NaN,NaN,NaN,ar1,foopsi,1,1,2.5,0.2,NaN,NaN,NaN,NaN,NaN,NaN,NaN,NaN,NaN,NaN
OASIS,10,spike_bins,14,0.270501128378401,0.253300966665222,0.164375147916245,0.864282216718798,0.178166558848568,0.00714284895184805,0,0.0151627978233104,0.139249984223884,0.117830342229331,NaN,NaN,NaN,NaN,NaN,ar1,foopsi,1,1,2.75,0.03,NaN,NaN,NaN,NaN,NaN,NaN,NaN,NaN,NaN,NaN
OASIS,10,spike_bins,14,0.270501128378401,0.253300966665222,0.164375147916245,0.864282216718798,0.178166558848568,0.00714284895184805,0,0.0151627978233104,0.139249984223884,0.117830342229331,NaN,NaN,NaN,NaN,NaN,ar1,foopsi,1,1,2.75,0.05,NaN,NaN,NaN,NaN,NaN,NaN,NaN,NaN,NaN,NaN
OASIS,10,spike_bins,14,0.270501128378401,0.253300966665222,0.164375147916245,0.864282216718798,0.178166558848568,0.00714284895184805,0,0.0151627978233104,0.139249984223884,0.117830342229331,NaN,NaN,NaN,NaN,NaN,ar1,foopsi,1,1,2.75,0.08,NaN,NaN,NaN,NaN,NaN,NaN,NaN,NaN,NaN,NaN
OASIS,10,spike_bins,14,0.270501128378401,0.253300966665222,0.164375147916245,0.864282216718798,0.178166558848568,0.00714284895184805,0,0.0151627978233104,0.139249984223884,0.117830342229331,NaN,NaN,NaN,NaN,NaN,ar1,foopsi,1,1,2.75,0.1,NaN,NaN,NaN,NaN,NaN,NaN,NaN,NaN,NaN,NaN
OASIS,10,spike_bins,14,0.262479976474782,0.235516126740551,0.165296468060718,0.86116024557361,0.172447821245232,0.00714284895184805,0,0.0156620852777168,0.134781020347622,0.115111435879373,NaN,NaN,NaN,NaN,NaN,ar1,foopsi,1,1,2.75,0.15,NaN,NaN,NaN,NaN,NaN,NaN,NaN,NaN,NaN,NaN
OASIS,10,spike_bins,14,0.251376144710768,0.224219199769718,0.153360337849657,0.856495724950767,0.16234690515749,0.00714284895184805,0,0.0150828762463565,0.127393872099794,0.109246333240077,NaN,NaN,NaN,NaN,NaN,ar1,foopsi,1,1,2.75,0.2,NaN,NaN,NaN,NaN,NaN,NaN,NaN,NaN,NaN,NaN
OASIS,10,spike_bins,14,0.252942470008044,0.228428266486912,0.163218923501244,0.891128713778869,0.161489121811468,0.00714284895184805,0,0.0138506035206619,0.127133504950784,0.110524298967911,NaN,NaN,NaN,NaN,NaN,ar1,foopsi,1,1,3,0.03,NaN,NaN,NaN,NaN,NaN,NaN,NaN,NaN,NaN,NaN
OASIS,10,spike_bins,14,0.252942470008044,0.228428266486912,0.163218923501244,0.891128713778869,0.161489121811468,0.00714284895184805,0,0.0138506035206619,0.127133504950784,0.110524298967911,NaN,NaN,NaN,NaN,NaN,ar1,foopsi,1,1,3,0.05,NaN,NaN,NaN,NaN,NaN,NaN,NaN,NaN,NaN,NaN
OASIS,10,spike_bins,14,0.252942470008044,0.228428266486912,0.163218923501244,0.891128713778869,0.161489121811468,0.00714284895184805,0,0.0138506035206619,0.127133504950784,0.110524298967911,NaN,NaN,NaN,NaN,NaN,ar1,foopsi,1,1,3,0.08,NaN,NaN,NaN,NaN,NaN,NaN,NaN,NaN,NaN,NaN
OASIS,10,spike_bins,14,0.252942470008044,0.228428266486912,0.163218923501244,0.891128713778869,0.161489121811468,0.00714284895184805,0,0.0138506035206619,0.127133504950784,0.110524298967911,NaN,NaN,NaN,NaN,NaN,ar1,foopsi,1,1,3,0.1,NaN,NaN,NaN,NaN,NaN,NaN,NaN,NaN,NaN,NaN
OASIS,10,spike_bins,14,0.245665592176879,0.214269409519636,0.163538021259641,0.888061832744743,0.156400129545932,0.00714284895184805,0,0.0140947062037327,0.123144541151276,0.101878747394779,NaN,NaN,NaN,NaN,NaN,ar1,foopsi,1,1,3,0.15,NaN,NaN,NaN,NaN,NaN,NaN,NaN,NaN,NaN,NaN
OASIS,10,spike_bins,14,0.234435435648066,0.205066934836561,0.149741910971727,0.884057155342348,0.146629134312509,0.00714284895184805,0,0.0135245178663309,0.115966860854852,0.0974799204153067,NaN,NaN,NaN,NaN,NaN,ar1,foopsi,1,1,3,0.2,NaN,NaN,NaN,NaN,NaN,NaN,NaN,NaN,NaN,NaN
MLspike,10,spike_bins,14,0.421220246648217,0.433413548329126,0.160241815549618,0.351012351204715,0.728624965136021,0.0571429171414399,0.0999994744689127,-0.0385458240382622,0.350340933273187,0.365633555579334,NaN,NaN,NaN,NaN,NaN,,,NaN,NaN,NaN,NaN,0,0.03,0.5,0.005,0.1,0.01,0.02,0.2,0.2,2
MLspike,10,spike_bins,14,0.443444791299771,0.47143107454704,0.153916122463266,0.385768405051953,0.714053765305345,0.0571429171414399,0.0999994744689127,-0.0391895149435538,0.345197280064357,0.351826254675875,NaN,NaN,NaN,NaN,NaN,,,NaN,NaN,NaN,NaN,0,0.03,0.5,0.01,0.1,0.01,0.02,0.2,0.2,2
MLspike,10,spike_bins,14,0.456843543622907,0.471743168744008,0.131219726586081,0.420469184533726,0.676607496861056,0.0571429171414399,0.0999994744689127,-0.0402385606236357,0.319441223618412,0.325671124217324,NaN,NaN,NaN,NaN,NaN,,,NaN,NaN,NaN,NaN,0,0.03,0.5,0.02,0.1,0.01,0.02,0.2,0.2,2
MLspike,10,spike_bins,14,0.451011943646234,0.46746717954442,0.0988252579936947,0.466652831752988,0.599046618073216,0.0607142601109468,0.0999989855694897,-0.0409870573019876,0.282615757332899,0.279021174506359,NaN,NaN,NaN,NaN,NaN,,,NaN,NaN,NaN,NaN,0,0.03,0.5,0.04,0.1,0.01,0.02,0.2,0.2,2
MLspike,10,spike_bins,14,0.419683298913705,0.459866944348027,0.120144231565249,0.532009591742813,0.43689913005328,0.0499999297315983,0.0499993604123169,-0.0388466148480475,0.222253048752816,0.235048712363811,NaN,NaN,NaN,NaN,NaN,,,NaN,NaN,NaN,NaN,0,0.03,0.5,0.08,0.1,0.01,0.02,0.2,0.2,2
MLspike,10,spike_bins,14,0.442163510752831,0.449840552931698,0.149089115564819,0.390067404764163,0.693873225294959,0.0428571306254732,0,-0.03548949013326,0.344454071085459,0.379517272211056,NaN,NaN,NaN,NaN,NaN,,,NaN,NaN,NaN,NaN,0,0.03,0.75,0.005,0.1,0.01,0.02,0.2,0.2,2
MLspike,10,spike_bins,14,0.459777146993963,0.472238028698948,0.139446844598307,0.422249306320241,0.679592929518983,0.0428571306254732,0,-0.0369211933879128,0.336635115526491,0.373824683874063,NaN,NaN,NaN,NaN,NaN,,,NaN,NaN,NaN,NaN,0,0.03,0.75,0.01,0.1,0.01,0.02,0.2,0.2,2
MLspike,10,spike_bins,14,0.468398404820761,0.475027414103562,0.118529645994448,0.451708978809085,0.648172205805518,0.0500000163152698,0.0499996251571728,-0.0390020657570963,0.320140618657281,0.346437699804011,NaN,NaN,NaN,NaN,NaN,,,NaN,NaN,NaN,NaN,0,0.03,0.75,0.02,0.1,0.01,0.02,0.2,0.2,2
MLspike,10,spike_bins,14,0.461958377431377,0.479669678903005,0.0959627020422417,0.488930125584281,0.582740808744541,0.0499999364810955,0.0499993604123169,-0.0414845265270239,0.274433186137381,0.282496760553775,NaN,NaN,NaN,NaN,NaN,,,NaN,NaN,NaN,NaN,0,0.03,0.75,0.04,0.1,0.01,0.02,0.2,0.2,2
MLspike,10,spike_bins,14,0.432985097402116,0.453327508029473,0.123530589113486,0.544317357754449,0.453665404773059,0.0678569917451242,0.0999991809142747,-0.0429313998949797,0.211724309258662,0.222362851762651,NaN,NaN,NaN,NaN,NaN,,,NaN,NaN,NaN,NaN,0,0.03,0.75,0.08,0.1,0.01,0.02,0.2,0.2,2
MLspike,10,spike_bins,14,0.453929448461144,0.46561664214133,0.138204352129144,0.419268019915047,0.661984707958654,0.0428571306254732,0,-0.0348889127637655,0.339677556461841,0.357403634420618,NaN,NaN,NaN,NaN,NaN,,,NaN,NaN,NaN,NaN,0,0.03,1,0.005,0.1,0.01,0.02,0.2,0.2,2
MLspike,10,spike_bins,14,0.466515104828783,0.46369038331513,0.128486311549943,0.446150804755041,0.650466076903446,0.0428571306254732,0,-0.0363731784798716,0.330127399024671,0.35331842683666,NaN,NaN,NaN,NaN,NaN,,,NaN,NaN,NaN,NaN,0,0.03,1,0.01,0.1,0.01,0.02,0.2,0.2,2
MLspike,10,spike_bins,14,0.476119051094253,0.474081028792534,0.106355962637208,0.473395104576882,0.628969769750569,0.0500000163152698,0.0499996251571728,-0.0383100902291828,0.310066686086582,0.332821525197688,NaN,NaN,NaN,NaN,NaN,,,NaN,NaN,NaN,NaN,0,0.03,1,0.02,0.1,0.01,0.02,0.2,0.2,2
MLspike,10,spike_bins,14,0.4678743465019,0.487684569086212,0.0925760870757247,0.506525297890845,0.570667554628087,0.0571427820884579,0.0999989855694897,-0.0426416089401632,0.256760477943962,0.276846331373624,NaN,NaN,NaN,NaN,NaN,,,NaN,NaN,NaN,NaN,0,0.03,1,0.04,0.1,0.01,0.02,0.2,0.2,2
MLspike,10,spike_bins,14,0.440390271010099,0.446180634415929,0.125927051661465,0.558607218680451,0.456141898836098,0.0535713921868744,0.0749994804129718,-0.0426814397796229,0.216799879459452,0.228553211623242,NaN,NaN,NaN,NaN,NaN,,,NaN,NaN,NaN,NaN,0,0.03,1,0.08,0.1,0.01,0.02,0.2,0.2,2
MLspike,10,spike_bins,14,0.461989413272408,0.468381908613397,0.12874114552315,0.442796482876187,0.639522915803855,0.0428571306254732,0,-0.0334999858807257,0.332665831396462,0.369533448302874,NaN,NaN,NaN,NaN,NaN,,,NaN,NaN,NaN,NaN,0,0.03,1.25,0.005,0.1,0.01,0.02,0.2,0.2,2
MLspike,10,spike_bins,14,0.472838430737938,0.469479217776835,0.120251923779262,0.469061878234918,0.629167789226792,0.0357143270315913,0,-0.0350010444690364,0.324088972906458,0.343159081438165,NaN,NaN,NaN,NaN,NaN,,,NaN,NaN,NaN,NaN,0,0.03,1.25,0.01,0.1,0.01,0.02,0.2,0.2,2
MLspike,10,spike_bins,14,0.480139644109498,0.49365262268407,0.0988381777048526,0.497004592302084,0.603277379022372,0.0428571306254732,0,-0.0360727765858949,0.315039196242164,0.332102345760208,NaN,NaN,NaN,NaN,NaN,,,NaN,NaN,NaN,NaN,0,0.03,1.25,0.02,0.1,0.01,0.02,0.2,0.2,2
MLspike,10,spike_bins,14,0.47396780307343,0.494502619198915,0.0918878435393361,0.536467187795889,0.548152980483667,0.0500000163152698,0.0499996251571728,-0.0381056497629524,0.269245215246251,0.255371470034517,NaN,NaN,NaN,NaN,NaN,,,NaN,NaN,NaN,NaN,0,0.03,1.25,0.04,0.1,0.01,0.02,0.2,0.2,2
MLspike,10,spike_bins,14,0.446149561152065,0.445221544932806,0.133067115373064,0.594870453133385,0.443581477823164,0.0321428839192259,0,-0.0366924516581695,0.236743044727443,0.237020501217272,NaN,NaN,NaN,NaN,NaN,,,NaN,NaN,NaN,NaN,0,0.03,1.25,0.08,0.1,0.01,0.02,0.2,0.2,2
MLspike,10,spike_bins,14,0.463135675444482,0.465411728251607,0.121384599795636,0.460396255782474,0.614932151567217,0.0428571306254732,0,-0.0334104587613767,0.320889237566584,0.345187244617259,NaN,NaN,NaN,NaN,NaN,,,NaN,NaN,NaN,NaN,0,0.03,1.5,0.005,0.1,0.01,0.02,0.2,0.2,2
MLspike,10,spike_bins,14,0.475310593871659,0.48297597323601,0.112136695573576,0.485744626802363,0.606408336581177,0.0428571306254732,0,-0.0342562416714106,0.316580492705074,0.343741463669155,NaN,NaN,NaN,NaN,NaN,,,NaN,NaN,NaN,NaN,0,0.03,1.5,0.01,0.1,0.01,0.02,0.2,0.2,2
MLspike,10,spike_bins,14,0.486100198111976,0.503970053197612,0.0965082094179946,0.520312871837262,0.585030155687197,0.0428571306254732,0,-0.034182399451297,0.309748674568497,0.310123863442336,NaN,NaN,NaN,NaN,NaN,,,NaN,NaN,NaN,NaN,0,0.03,1.5,0.02,0.1,0.01,0.02,0.2,0.2,2
MLspike,10,spike_bins,14,0.479229119895045,0.497147680307352,0.0942871494572289,0.567915375497334,0.526092187587179,0.0285714469969987,0,-0.0322642067219234,0.287263506121812,0.267422304749374,NaN,NaN,NaN,NaN,NaN,,,NaN,NaN,NaN,NaN,0,0.03,1.5,0.04,0.1,0.01,0.02,0.2,0.2,2
MLspike,10,spike_bins,14,0.444711356769031,0.426404127938128,0.142715928543927,0.621876086929002,0.42725731251831,0.0285714469969987,0,-0.033740264210954,0.229379379420768,0.209473113575998,NaN,NaN,NaN,NaN,NaN,,,NaN,NaN,NaN,NaN,0,0.03,1.5,0.08,0.1,0.01,0.02,0.2,0.2,2
MLspike,10,spike_bins,14,0.424487059410133,0.425181084865736,0.164563076107103,0.348696350530347,0.745737723300607,0.0428571306254732,0,-0.0345084140193455,0.375941421916746,0.386942856475925,NaN,NaN,NaN,NaN,NaN,,,NaN,NaN,NaN,NaN,0,0.05,0.5,0.005,0.1,0.01,0.02,0.2,0.2,2
MLspike,10,spike_bins,14,0.445962976155077,0.479354929603069,0.15935908402735,0.382850489729887,0.728794309720098,0.0428571306254732,0,-0.0345217241061703,0.370076332449778,0.382449858092232,NaN,NaN,NaN,NaN,NaN,,,NaN,NaN,NaN,NaN,0,0.05,0.5,0.01,0.1,0.01,0.02,0.2,0.2,2
MLspike,10,spike_bins,14,0.463114446679916,0.485497391082461,0.140962620933926,0.414338704058456,0.70248123024192,0.0500000163152698,0.0499996251571728,-0.0379045129343488,0.341767243268346,0.344667525121877,NaN,NaN,NaN,NaN,NaN,,,NaN,NaN,NaN,NaN,0,0.05,0.5,0.02,0.1,0.01,0.02,0.2,0.2,2
MLspike,10,spike_bins,14,0.463947313899384,0.488921972151677,0.10233760261452,0.454574936116899,0.640503427190652,0.0571427820884579,0.0999989855694897,-0.0397439901272413,0.307207007560264,0.298659671886416,NaN,NaN,NaN,NaN,NaN,,,NaN,NaN,NaN,NaN,0,0.05,0.5,0.04,0.1,0.01,0.02,0.2,0.2,2
MLspike,10,spike_bins,14,0.440383741566898,0.482179777773354,0.126286208318509,0.504251525549384,0.516598261329946,0.0499999396458942,0.0499993604123169,-0.0380182034689683,0.25519084208086,0.260276470901956,NaN,NaN,NaN,NaN,NaN,,,NaN,NaN,NaN,NaN,0,0.05,0.5,0.08,0.1,0.01,0.02,0.2,0.2,2
MLspike,10,spike_bins,14,0.446001227601608,0.450772839346211,0.153834226469448,0.391265565887703,0.70373013417735,0.0357142826129615,0,-0.0316491407570846,0.369188020467234,0.389468324287717,NaN,NaN,NaN,NaN,NaN,,,NaN,NaN,NaN,NaN,0,0.05,0.75,0.005,0.1,0.01,0.02,0.2,0.2,2
MLspike,10,spike_bins,14,0.466998336004878,0.483977852207433,0.147535634674003,0.42569043905115,0.693462016607852,0.0428571306254732,0,-0.0321030174548314,0.367243626390898,0.399737047760205,NaN,NaN,NaN,NaN,NaN,,,NaN,NaN,NaN,NaN,0,0.05,0.75,0.01,0.1,0.01,0.02,0.2,0.2,2
MLspike,10,spike_bins,14,0.479641705723958,0.488028484255911,0.128963067787071,0.451365126446365,0.67174648389977,0.0357142826129615,0,-0.0360402781245263,0.340309018338468,0.365031879030211,NaN,NaN,NaN,NaN,NaN,,,NaN,NaN,NaN,NaN,0,0.05,0.75,0.02,0.1,0.01,0.02,0.2,0.2,2
MLspike,10,spike_bins,14,0.476859587621364,0.48506595471253,0.0958075058285777,0.483722904038866,0.619083894251831,0.0500000163152698,0.0499996251571728,-0.0379970230246811,0.305080845273314,0.327746709404624,NaN,NaN,NaN,NaN,NaN,,,NaN,NaN,NaN,NaN,0,0.05,0.75,0.04,0.1,0.01,0.02,0.2,0.2,2
MLspike,10,spike_bins,14,0.449677870481419,0.498842592592593,0.120886694436753,0.526525309687205,0.513321110809319,0.057142775261857,0.0999989855694897,-0.0415789614553809,0.239541622123243,0.239980449657869,NaN,NaN,NaN,NaN,NaN,,,NaN,NaN,NaN,NaN,0,0.05,0.75,0.08,0.1,0.01,0.02,0.2,0.2,2
MLspike,10,spike_bins,14,0.459189371715108,0.472378092749666,0.144576030549416,0.423690769048843,0.669840493806603,0.0357142826129615,0,-0.0295855365611019,0.360022024971496,0.383849122045877,NaN,NaN,NaN,NaN,NaN,,,NaN,NaN,NaN,NaN,0,0.05,1,0.005,0.1,0.01,0.02,0.2,0.2,2
MLspike,10,spike_bins,14,0.473583639999456,0.473127511929572,0.137197742636032,0.450773850329385,0.659254378848893,0.0428571306254732,0,-0.0317807071607117,0.34729957426424,0.365178457356275,NaN,NaN,NaN,NaN,NaN,,,NaN,NaN,NaN,NaN,0,0.05,1,0.01,0.1,0.01,0.02,0.2,0.2,2
MLspike,10,spike_bins,14,0.486912124715398,0.487130980313743,0.117289868688582,0.478637333346021,0.644315681961799,0.0285714790190797,0,-0.0349352114933105,0.33346567663398,0.349787256897734,NaN,NaN,NaN,NaN,NaN,,,NaN,NaN,NaN,NaN,0,0.05,1,0.02,0.1,0.01,0.02,0.2,0.2,2
MLspike,10,spike_bins,14,0.483832285391444,0.498651968540179,0.0875936515442977,0.507687109704072,0.601071826058316,0.0500000163152698,0.0499996251571728,-0.0396587455221395,0.28759941842351,0.306034053702789,NaN,NaN,NaN,NaN,NaN,,,NaN,NaN,NaN,NaN,0,0.05,1,0.04,0.1,0.01,0.02,0.2,0.2,2
MLspike,10,spike_bins,14,0.453338768490429,0.488480261057415,0.120447389514462,0.546062036929897,0.502615323722581,0.0535713642804765,0.0749992850681868,-0.0402190622638401,0.235673901190773,0.254028397904454,NaN,NaN,NaN,NaN,NaN,,,NaN,NaN,NaN,NaN,0,0.05,1,0.08,0.1,0.01,0.02,0.2,0.2,2
MLspike,10,spike_bins,14,0.464360261627169,0.473501120693517,0.13418063732226,0.444828165427592,0.641675346574469,0.0285714790190797,0,-0.0283048406465407,0.35388701183109,0.402715277537934,NaN,NaN,NaN,NaN,NaN,,,NaN,NaN,NaN,NaN,0,0.05,1.25,0.005,0.1,0.01,0.02,0.2,0.2,2
MLspike,10,spike_bins,14,0.478536098644214,0.471729085603113,0.127769978807574,0.47300752433185,0.633644081172559,0.0285714790190797,0,-0.0299452328722804,0.347269636023242,0.392629189889431,NaN,NaN,NaN,NaN,NaN,,,NaN,NaN,NaN,NaN,0,0.05,1.25,0.01,0.1,0.01,0.02,0.2,0.2,2
MLspike,10,spike_bins,14,0.491743966968991,0.500432503069432,0.106626702312646,0.503798422635177,0.61747350424257,0.0285714790190797,0,-0.0325948124765903,0.329218803410058,0.360447950609314,NaN,NaN,NaN,NaN,NaN,,,NaN,NaN,NaN,NaN,0,0.05,1.25,0.02,0.1,0.01,0.02,0.2,0.2,2
MLspike,10,spike_bins,14,0.487600997067351,0.507686307436749,0.087555483979289,0.535040441901643,0.573420548090233,0.0357142826129615,0,-0.0360701104757599,0.289529103566908,0.28518443131221,NaN,NaN,NaN,NaN,NaN,,,NaN,NaN,NaN,NaN,0,0.05,1.25,0.04,0.1,0.01,0.02,0.2,0.2,2
MLspike,10,spike_bins,14,0.46367278963721,0.476871282312098,0.12345333011191,0.586522243156772,0.490199876615239,0.042857180699307,0,-0.0347768633842668,0.248244868606811,0.24833332534469,NaN,NaN,NaN,NaN,NaN,,,NaN,NaN,NaN,NaN,0,0.05,1.25,0.08,0.1,0.01,0.02,0.2,0.2,2
MLspike,10,spike_bins,14,0.469077888084825,0.477379306308481,0.1278331509904,0.466505602062623,0.617818746787162,0.0285714790190797,0,-0.0285088726826998,0.344222226553166,0.394462404775849,NaN,NaN,NaN,NaN,NaN,,,NaN,NaN,NaN,NaN,0,0.05,1.5,0.005,0.1,0.01,0.02,0.2,0.2,2
MLspike,10,spike_bins,14,0.481920978800705,0.495196155828207,0.121491982609419,0.494433628509704,0.611576315395805,0.0285714790190797,0,-0.0292334237502238,0.34190482557442,0.390803127200127,NaN,NaN,NaN,NaN,NaN,,,NaN,NaN,NaN,NaN,0,0.05,1.5,0.01,0.1,0.01,0.02,0.2,0.2,2
MLspike,10,spike_bins,14,0.492895715627934,0.515959886746493,0.101207584284538,0.524200987971596,0.593787541447413,0.0285714790190797,0,-0.0313322577517396,0.323058224705872,0.349419070048485,NaN,NaN,NaN,NaN,NaN,,,NaN,NaN,NaN,NaN,0,0.05,1.5,0.02,0.1,0.01,0.02,0.2,0.2,2
MLspike,10,spike_bins,14,0.493504602769191,0.504908738738479,0.0916488507459815,0.567123752014082,0.553430021489774,0.0357142826129615,0,-0.0321417036725828,0.298002400650407,0.287043221280406,NaN,NaN,NaN,NaN,NaN,,,NaN,NaN,NaN,NaN,0,0.05,1.5,0.04,0.1,0.01,0.02,0.2,0.2,2
MLspike,10,spike_bins,14,0.465738485234076,0.460306808526141,0.132034031313183,0.618418533805857,0.472211771343012,0.0285714469969987,0,-0.0321324111445345,0.248300945517984,0.224404461511158,NaN,NaN,NaN,NaN,NaN,,,NaN,NaN,NaN,NaN,0,0.05,1.5,0.08,0.1,0.01,0.02,0.2,0.2,2
MLspike,10,spike_bins,14,0.426222856840611,0.425432787589557,0.168474930224828,0.347807269286391,0.755641493575722,0.0357142826129615,0,-0.0323942472902874,0.394279083662514,0.41683332206237,NaN,NaN,NaN,NaN,NaN,,,NaN,NaN,NaN,NaN,0,0.07,0.5,0.005,0.1,0.01,0.02,0.2,0.2,2
MLspike,10,spike_bins,14,0.450228748224893,0.488452773850375,0.163532490834565,0.383305336711478,0.741812344689016,0.0357142826129615,0,-0.0324757967729967,0.38820055626077,0.413522392271746,NaN,NaN,NaN,NaN,NaN,,,NaN,NaN,NaN,NaN,0,0.07,0.5,0.01,0.1,0.01,0.02,0.2,0.2,2
MLspike,10,spike_bins,14,0.464679592497938,0.489296960457553,0.144325502544197,0.411328619092038,0.712927719039996,0.0428571306254732,0,-0.0349585153259311,0.365087295731133,0.382449858092232,NaN,NaN,NaN,NaN,NaN,,,NaN,NaN,NaN,NaN,0,0.07,0.5,0.02,0.1,0.01,0.02,0.2,0.2,2
MLspike,10,spike_bins,14,0.470664588468114,0.490464825080684,0.11279119543248,0.450218215763474,0.661090987141411,0.0571427820884579,0.0999989855694897,-0.0371076618780934,0.325290048605326,0.3208413519543,NaN,NaN,NaN,NaN,NaN,,,NaN,NaN,NaN,NaN,0,0.07,0.5,0.04,0.1,0.01,0.02,0.2,0.2,2
MLspike,10,spike_bins,14,0.448348683761012,0.479708568943019,0.120598344946432,0.49917676316028,0.551119817065858,0.057142775261857,0.0999989855694897,-0.0371497762550653,0.279210359056155,0.283347915263347,NaN,NaN,NaN,NaN,NaN,,,NaN,NaN,NaN,NaN,0,0.07,0.5,0.08,0.1,0.01,0.02,0.2,0.2,2
MLspike,10,spike_bins,14,0.451957177835018,0.452624610546937,0.160654409294823,0.393350909157606,0.712812901241617,0.0285714790190797,0,-0.0278095514274643,0.394914962813963,0.422103371594292,NaN,NaN,NaN,NaN,NaN,,,NaN,NaN,NaN,NaN,0,0.07,0.75,0.005,0.1,0.01,0.02,0.2,0.2,2
MLspike,10,spike_bins,14,0.471084963251787,0.479875915025072,0.152857411593406,0.426699055747635,0.701909724568666,0.0285714790190797,0,-0.0286453434503851,0.389355942253286,0.423414188114721,NaN,NaN,NaN,NaN,NaN,,,NaN,NaN,NaN,NaN,0,0.07,0.75,0.01,0.1,0.01,0.02,0.2,0.2,2
MLspike,10,spike_bins,14,0.487041877808996,0.491772211276855,0.133348147547055,0.457051319253159,0.682213278708958,0.0357142826129615,0,-0.0316187650459913,0.366806651352133,0.407089829061836,NaN,NaN,NaN,NaN,NaN,,,NaN,NaN,NaN,NaN,0,0.07,0.75,0.02,0.1,0.01,0.02,0.2,0.2,2
MLspike,10,spike_bins,14,0.486598194221115,0.508499469287923,0.101213746499985,0.486892565565648,0.637174225441466,0.0500000163152698,0.0499996251571728,-0.0356350386266882,0.319450463280971,0.343641780529946,NaN,NaN,NaN,NaN,NaN,,,NaN,NaN,NaN,NaN,0,0.07,0.75,0.04,0.1,0.01,0.02,0.2,0.2,2
MLspike,10,spike_bins,14,0.461795078250034,0.503974884804294,0.113536634995253,0.527943342969801,0.546354061606365,0.0499999396458942,0.0499993604123169,-0.0385667260599747,0.262499404533003,0.274687937944069,NaN,NaN,NaN,NaN,NaN,,,NaN,NaN,NaN,NaN,0,0.07,0.75,0.08,0.1,0.01,0.02,0.2,0.2,2
MLspike,10,spike_bins,14,0.462706462822985,0.477756553201723,0.149523562487348,0.425701265998402,0.674108736644863,0.0214286434031168,0,-0.0265468945388104,0.380561292830924,0.406466026701446,NaN,NaN,NaN,NaN,NaN,,,NaN,NaN,NaN,NaN,0,0.07,1,0.005,0.1,0.01,0.02,0.2,0.2,2
MLspike,10,spike_bins,14,0.480843429165264,0.481295800827193,0.141720832982815,0.458888405204596,0.666191475232737,0.0285714790190797,0,-0.027138249057267,0.375674748983857,0.411080795518861,NaN,NaN,NaN,NaN,NaN,,,NaN,NaN,NaN,NaN,0,0.07,1,0.01,0.1,0.01,0.02,0.2,0.2,2
MLspike,10,spike_bins,14,0.493969329559111,0.493635589612601,0.121303473177333,0.484651977849775,0.650542896142938,0.0285714790190797,0,-0.0310398544548723,0.356036711274138,0.391792231037286,NaN,NaN,NaN,NaN,NaN,,,NaN,NaN,NaN,NaN,0,0.07,1,0.02,0.1,0.01,0.02,0.2,0.2,2
MLspike,10,spike_bins,14,0.492037392954094,0.50756842570907,0.0914111595624189,0.5116934648029,0.611782085991774,0.0428571683027581,0,-0.0356164778679531,0.30945945753707,0.323402612108052,NaN,NaN,NaN,NaN,NaN,,,NaN,NaN,NaN,NaN,0,0.07,1,0.04,0.1,0.01,0.02,0.2,0.2,2
MLspike,10,spike_bins,14,0.467268771884895,0.505230641895387,0.110973672058942,0.54886905776821,0.531994579623421,0.0499999464724951,0.0499993604123169,-0.0387436666531602,0.253243004902982,0.272666984191759,NaN,NaN,NaN,NaN,NaN,,,NaN,NaN,NaN,NaN,0,0.07,1,0.08,0.1,0.01,0.02,0.2,0.2,2
MLspike,10,spike_bins,14,0.470019759227073,0.484062590553463,0.14127627168063,0.451961017656231,0.644165572590417,0.0178571689811637,0,-0.0246296740848267,0.374365109945899,0.414306871886915,NaN,NaN,NaN,NaN,NaN,,,NaN,NaN,NaN,NaN,0,0.07,1.25,0.005,0.1,0.01,0.02,0.2,0.2,2
MLspike,10,spike_bins,14,0.485554906535178,0.481083549179784,0.13516141910572,0.481659235092536,0.638124815505155,0.0250000045971265,0,-0.0261412732556035,0.365874403281807,0.407879831483327,NaN,NaN,NaN,NaN,NaN,,,NaN,NaN,NaN,NaN,0,0.07,1.25,0.01,0.1,0.01,0.02,0.2,0.2,2
MLspike,10,spike_bins,14,0.498077843758076,0.497017221247229,0.112963080106362,0.510729712883629,0.622021901765311,0.0285714790190797,0,-0.0291361448149202,0.350371652430624,0.386796790068631,NaN,NaN,NaN,NaN,NaN,,,NaN,NaN,NaN,NaN,0,0.07,1.25,0.02,0.1,0.01,0.02,0.2,0.2,2
MLspike,10,spike_bins,14,0.49879901480612,0.513784146137087,0.0895526229400795,0.542145570451399,0.587975368941969,0.0428571683027581,0,-0.0328502118411586,0.313991168659575,0.313822878721186,NaN,NaN,NaN,NaN,NaN,,,NaN,NaN,NaN,NaN,0,0.07,1.25,0.04,0.1,0.01,0.02,0.2,0.2,2
MLspike,10,spike_bins,14,0.47610123314374,0.490572424692593,0.115830386099015,0.586414100655951,0.514326014901466,0.0392857504947767,0,-0.0329491405874055,0.268685736078316,0.254607768500447,NaN,NaN,NaN,NaN,NaN,,,NaN,NaN,NaN,NaN,0,0.07,1.25,0.08,0.1,0.01,0.02,0.2,0.2,2
MLspike,10,spike_bins,14,0.471735744150829,0.480883271579056,0.133735199458343,0.470355716165911,0.618895276393784,0.0250000612110983,0,-0.0247040240106944,0.357086997741486,0.402838961756167,NaN,NaN,NaN,NaN,NaN,,,NaN,NaN,NaN,NaN,0,0.07,1.5,0.005,0.1,0.01,0.02,0.2,0.2,2
MLspike,10,spike_bins,14,0.487696937090451,0.500162131613812,0.126489594245817,0.502650431793512,0.615091309475365,0.0142856945592105,0,-0.0248878125141792,0.360857467422174,0.405907738228273,NaN,NaN,NaN,NaN,NaN,,,NaN,NaN,NaN,NaN,0,0.07,1.5,0.01,0.1,0.01,0.02,0.2,0.2,2
MLspike,10,spike_bins,14,0.499324810977215,0.513643271621995,0.108624095108023,0.533771106276753,0.595798200026873,0.0285714790190797,0,-0.0271121329860451,0.343289611255027,0.36682074807037,NaN,NaN,NaN,NaN,NaN,,,NaN,NaN,NaN,NaN,0,0.07,1.5,0.02,0.1,0.01,0.02,0.2,0.2,2
MLspike,10,spike_bins,14,0.499196618796539,0.50970688998858,0.0937279575868428,0.568752309572022,0.560090190041121,0.0357142826129615,0,-0.0296097277335926,0.307271006258431,0.294147936972511,NaN,NaN,NaN,NaN,NaN,,,NaN,NaN,NaN,NaN,0,0.07,1.5,0.04,0.1,0.01,0.02,0.2,0.2,2
MLspike,10,spike_bins,14,0.479341701656416,0.488734567901234,0.121771219111981,0.620208666756962,0.493438121263357,0.0285714469969987,0,-0.0289742059645463,0.268072694431449,0.231998703134737,NaN,NaN,NaN,NaN,NaN,,,NaN,NaN,NaN,NaN,0,0.07,1.5,0.08,0.1,0.01,0.02,0.2,0.2,2
MLspike,10,spike_bins,14,0.428418807825299,0.434907377275248,0.174503523078862,0.346288973173125,0.767813435018796,0.0285714790190797,0,-0.0289334089044593,0.425663998898475,0.449844640303072,NaN,NaN,NaN,NaN,NaN,,,NaN,NaN,NaN,NaN,0,0.1,0.5,0.005,0.1,0.01,0.02,0.2,0.2,2
MLspike,10,spike_bins,14,0.449993666280858,0.494851087717473,0.166296935579584,0.377570908285649,0.754286711809295,0.0285714790190797,0,-0.0296640102836508,0.417035391122027,0.44091953549785,NaN,NaN,NaN,NaN,NaN,,,NaN,NaN,NaN,NaN,0,0.1,0.5,0.01,0.1,0.01,0.02,0.2,0.2,2
MLspike,10,spike_bins,14,0.472201934384364,0.501772314444894,0.150479036227453,0.413662379227318,0.727515242224457,0.0321428808160206,0,-0.0311803745304735,0.394291612044757,0.417792553275953,NaN,NaN,NaN,NaN,NaN,,,NaN,NaN,NaN,NaN,0,0.1,0.5,0.02,0.1,0.01,0.02,0.2,0.2,2
MLspike,10,spike_bins,14,0.481442097762302,0.501015351449933,0.120797938882106,0.452959537613,0.682351536405411,0.046428592309014,0.0249999680437908,-0.0332774063654076,0.353135198151811,0.373537566082281,NaN,NaN,NaN,NaN,NaN,,,NaN,NaN,NaN,NaN,0,0.1,0.5,0.04,0.1,0.01,0.02,0.2,0.2,2
MLspike,10,spike_bins,14,0.46025355549868,0.492485384705929,0.115565609445739,0.501127519250299,0.581789655571853,0.046428465223941,0.0250003209536723,-0.0338682031803668,0.304834945035673,0.313636464524466,NaN,NaN,NaN,NaN,NaN,,,NaN,NaN,NaN,NaN,0,0.1,0.5,0.08,0.1,0.01,0.02,0.2,0.2,2
MLspike,10,spike_bins,14,0.454030857722335,0.452469085399599,0.164406592091289,0.390689356371873,0.724930608983883,0.0214286434031168,0,-0.0252823727556725,0.413526934481734,0.437963612206879,NaN,NaN,NaN,NaN,NaN,,,NaN,NaN,NaN,NaN,0,0.1,0.75,0.005,0.1,0.01,0.02,0.2,0.2,2
MLspike,10,spike_bins,14,0.476534504436991,0.506739625770294,0.157753706143735,0.429748302452606,0.712413640969163,0.0214286434031168,0,-0.0260070198528264,0.408884274659067,0.435508448525794,NaN,NaN,NaN,NaN,NaN,,,NaN,NaN,NaN,NaN,0,0.1,0.75,0.01,0.1,0.01,0.02,0.2,0.2,2
MLspike,10,spike_bins,14,0.494980638292046,0.505314990809644,0.136317526371389,0.461682315464688,0.691236150923759,0.0250000045971265,0,-0.0276078556568276,0.390029333049802,0.418844365094442,NaN,NaN,NaN,NaN,NaN,,,NaN,NaN,NaN,NaN,0,0.1,0.75,0.02,0.1,0.01,0.02,0.2,0.2,2
MLspike,10,spike_bins,14,0.497772609165853,0.513884787141694,0.107236370270799,0.493947917918605,0.652449425857586,0.0428571683027581,0,-0.0321556128129438,0.344621172033906,0.371986371402558,NaN,NaN,NaN,NaN,NaN,,,NaN,NaN,NaN,NaN,0,0.1,0.75,0.04,0.1,0.01,0.02,0.2,0.2,2
MLspike,10,spike_bins,14,0.476385355089231,0.516126558032739,0.108494237396761,0.533507105931281,0.57360210583139,0.0500000094886689,0.0499996251571728,-0.0334589440829749,0.285045866857803,0.306784359455083,NaN,NaN,NaN,NaN,NaN,,,NaN,NaN,NaN,NaN,0,0.1,0.75,0.08,0.1,0.01,0.02,0.2,0.2,2
MLspike,10,spike_bins,14,0.466814814802336,0.483574990885718,0.155858790471879,0.426220271825969,0.684605357762279,0.0214286434031168,0,-0.0231529878977784,0.400187292240688,0.432630321196856,NaN,NaN,NaN,NaN,NaN,,,NaN,NaN,NaN,NaN,0,0.1,1,0.005,0.1,0.01,0.02,0.2,0.2,2
MLspike,10,spike_bins,14,0.486899759529958,0.491709111488398,0.148020333824196,0.462721779093969,0.675901276622797,0.0214286434031168,0,-0.0247167825383928,0.392389047657936,0.434166176363813,NaN,NaN,NaN,NaN,NaN,,,NaN,NaN,NaN,NaN,0,0.1,1,0.01,0.1,0.01,0.02,0.2,0.2,2
MLspike,10,spike_bins,14,0.503724962341377,0.503656848794371,0.127684132097376,0.494654781361203,0.658278472012588,0.0250000562153985,0,-0.0271273993030536,0.374193637456108,0.401803522552953,NaN,NaN,NaN,NaN,NaN,,,NaN,NaN,NaN,NaN,0,0.1,1,0.02,0.1,0.01,0.02,0.2,0.2,2
MLspike,10,spike_bins,14,0.504308231698348,0.524603060095774,0.0982589137691481,0.523020439868995,0.622981554459,0.0285714370055991,0,-0.0319506598091592,0.334764448923618,0.342270867621,NaN,NaN,NaN,NaN,NaN,,,NaN,NaN,NaN,NaN,0,0.1,1,0.04,0.1,0.01,0.02,0.2,0.2,2
MLspike,10,spike_bins,14,0.487111094611757,0.516824043597906,0.10786783333933,0.56044852207376,0.56143432500361,0.0499999364810955,0.0499993604123169,-0.035298561563798,0.272316663900596,0.27551940302135,NaN,NaN,NaN,NaN,NaN,,,NaN,NaN,NaN,NaN,0,0.1,1,0.08,0.1,0.01,0.02,0.2,0.2,2
MLspike,10,spike_bins,14,0.473883485201092,0.491732177570208,0.148599267528742,0.451000978008609,0.656050035840249,0.0214286434031168,0,-0.022505499838837,0.385021279309049,0.41705414485666,NaN,NaN,NaN,NaN,NaN,,,NaN,NaN,NaN,NaN,0,0.1,1.25,0.005,0.1,0.01,0.02,0.2,0.2,2
MLspike,10,spike_bins,14,0.491158106149912,0.485571130506333,0.141138718927921,0.488626415538649,0.645589435680779,0.0214285301751733,0,-0.02402205647839,0.378437028392119,0.415214237718306,NaN,NaN,NaN,NaN,NaN,,,NaN,NaN,NaN,NaN,0,0.1,1.25,0.01,0.1,0.01,0.02,0.2,0.2,2
MLspike,10,spike_bins,14,0.506158729287861,0.510536398467433,0.118973836320933,0.520344233232122,0.627942714745507,0.0285714790190797,0,-0.0260317917024087,0.361265647671546,0.397336358715951,NaN,NaN,NaN,NaN,NaN,,,NaN,NaN,NaN,NaN,0,0.1,1.25,0.02,0.1,0.01,0.02,0.2,0.2,2
MLspike,10,spike_bins,14,0.511725580843168,0.526068283972662,0.0957669004077023,0.552631756542671,0.600068354400799,0.0357142826129615,0,-0.0285192772607976,0.33939081560747,0.349191956951516,NaN,NaN,NaN,NaN,NaN,,,NaN,NaN,NaN,NaN,0,0.1,1.25,0.04,0.1,0.01,0.02,0.2,0.2,2
MLspike,10,spike_bins,14,0.488931944177745,0.499230319782467,0.112608152600255,0.592544241742091,0.534761315683,0.0285714870794329,0,-0.0298432476802362,0.282397147123387,0.265207355636717,NaN,NaN,NaN,NaN,NaN,,,NaN,NaN,NaN,NaN,0,0.1,1.25,0.08,0.1,0.01,0.02,0.2,0.2,2
MLspike,10,spike_bins,14,0.4756597131693,0.479131024807338,0.139756108033379,0.470665152023709,0.628178818686073,0.0142856945592105,0,-0.0216775301390688,0.374513743736572,0.41224600711604,NaN,NaN,NaN,NaN,NaN,,,NaN,NaN,NaN,NaN,0,0.1,1.5,0.005,0.1,0.01,0.02,0.2,0.2,2
MLspike,10,spike_bins,14,0.491595559936087,0.499474862731865,0.132246210929284,0.507367775093646,0.619661082120199,0.0142856945592105,0,-0.0228184450733557,0.370428915192995,0.411607026865738,NaN,NaN,NaN,NaN,NaN,,,NaN,NaN,NaN,NaN,0,0.1,1.5,0.01,0.1,0.01,0.02,0.2,0.2,2
MLspike,10,spike_bins,14,0.505404378094958,0.517673252432053,0.113975417293438,0.538243717432173,0.602004577343397,0.0285714790190797,0,-0.0250598105698488,0.352559139862681,0.379146068023645,NaN,NaN,NaN,NaN,NaN,,,NaN,NaN,NaN,NaN,0,0.1,1.5,0.02,0.1,0.01,0.02,0.2,0.2,2
MLspike,10,spike_bins,14,0.511145890327483,0.519064827335816,0.0953956007422517,0.579227401346188,0.572097966192614,0.0357142826129615,0,-0.027297129112182,0.333748646712505,0.332024593996789,NaN,NaN,NaN,NaN,NaN,,,NaN,NaN,NaN,NaN,0,0.1,1.5,0.04,0.1,0.01,0.02,0.2,0.2,2
MLspike,10,spike_bins,14,0.493117545447417,0.506738890144182,0.122904685880377,0.626895269547023,0.514316642945335,0.0214286013896363,0,-0.0257903454808114,0.284791422571311,0.244103891358948,NaN,NaN,NaN,NaN,NaN,,,NaN,NaN,NaN,NaN,0,0.1,1.5,0.08,0.1,0.01,0.02,0.2,0.2,2
MLspike,10,spike_bins,14,0.423181124992542,0.437905296792911,0.177406105023583,0.334281098886453,0.783918196689905,0.0178572205994356,0,-0.0289618413100116,0.440920888803408,0.45849031074375,NaN,NaN,NaN,NaN,NaN,,,NaN,NaN,NaN,NaN,0,0.14,0.5,0.005,0.1,0.01,0.02,0.2,0.2,2
MLspike,10,spike_bins,14,0.451395703078318,0.510485756982467,0.172467517767355,0.374496216113626,0.768697757489948,0.0178572156037358,0,-0.0283708392049729,0.434732771263227,0.45185048034192,NaN,NaN,NaN,NaN,NaN,,,NaN,NaN,NaN,NaN,0,0.14,0.5,0.01,0.1,0.01,0.02,0.2,0.2,2
MLspike,10,spike_bins,14,0.475126531890618,0.516158498591807,0.152766692557743,0.410931415624684,0.740848291221846,0.0214286434031168,0,-0.0279887130165141,0.41425060525602,0.443845268545808,NaN,NaN,NaN,NaN,NaN,,,NaN,NaN,NaN,NaN,0,0.14,0.5,0.02,0.1,0.01,0.02,0.2,0.2,2
MLspike,10,spike_bins,14,0.487766834690361,0.510777417682764,0.12644182504293,0.45648703240472,0.695707665972896,0.0285713337690551,0,-0.0292275621234295,0.379723185118778,0.391908067805556,NaN,NaN,NaN,NaN,NaN,,,NaN,NaN,NaN,NaN,0,0.14,0.5,0.04,0.1,0.01,0.02,0.2,0.2,2
MLspike,10,spike_bins,14,0.476760657327173,0.511195514370234,0.111349761919084,0.506201572686004,0.612583245443984,0.0357142972712508,0,-0.0305375536560189,0.320893242367352,0.332995857189406,NaN,NaN,NaN,NaN,NaN,,,NaN,NaN,NaN,NaN,0,0.14,0.5,0.08,0.1,0.01,0.02,0.2,0.2,2
MLspike,10,spike_bins,14,0.454142300488053,0.461064472778695,0.171171277406518,0.385979288189347,0.738943164398396,0.0214286434031168,0,-0.0241234735712382,0.430284435500547,0.443915476007193,NaN,NaN,NaN,NaN,NaN,,,NaN,NaN,NaN,NaN,0,0.14,0.75,0.005,0.1,0.01,0.02,0.2,0.2,2
MLspike,10,spike_bins,14,0.476587484831694,0.518195166294128,0.163025151976021,0.426197094722334,0.722506151522522,0.0214286434031168,0,-0.0241863415242953,0.427136537515324,0.457833259678467,NaN,NaN,NaN,NaN,NaN,,,NaN,NaN,NaN,NaN,0,0.14,0.75,0.01,0.1,0.01,0.02,0.2,0.2,2
MLspike,10,spike_bins,14,0.499144669295339,0.518576546785233,0.140113134033525,0.463233434016856,0.700370059690157,0.0214286434031168,0,-0.0249531987355439,0.405652036477611,0.430812152195493,NaN,NaN,NaN,NaN,NaN,,,NaN,NaN,NaN,NaN,0,0.14,0.75,0.02,0.1,0.01,0.02,0.2,0.2,2
MLspike,10,spike_bins,14,0.509317885892214,0.526763420040477,0.113729430008859,0.504150963158753,0.665853474917808,0.00714284895184805,0,-0.0269005701900103,0.380926121947509,0.413274036905598,NaN,NaN,NaN,NaN,NaN,,,NaN,NaN,NaN,NaN,0,0.14,0.75,0.04,0.1,0.01,0.02,0.2,0.2,2
MLspike,10,spike_bins,14,0.491911527379648,0.533511282414791,0.110734666845638,0.544374426433542,0.592289542726389,0.0214285826541563,0,-0.0296645104196902,0.324586360378554,0.340851868165084,NaN,NaN,NaN,NaN,NaN,,,NaN,NaN,NaN,NaN,0,0.14,0.75,0.08,0.1,0.01,0.02,0.2,0.2,2
MLspike,10,spike_bins,14,0.468640778379909,0.490366506571528,0.160896952065994,0.418721432993808,0.699658334860673,0.0178571689811637,0,-0.0208423608508117,0.422362598936647,0.454179844913699,NaN,NaN,NaN,NaN,NaN,,,NaN,NaN,NaN,NaN,0,0.14,1,0.005,0.1,0.01,0.02,0.2,0.2,2
MLspike,10,spike_bins,14,0.491128415707294,0.504121188165086,0.154235208007678,0.464533738726059,0.68615152355497,0.0214286434031168,0,-0.0220517636764659,0.407541684220131,0.41935880535382,NaN,NaN,NaN,NaN,NaN,,,NaN,NaN,NaN,NaN,0,0.14,1,0.01,0.1,0.01,0.02,0.2,0.2,2
MLspike,10,spike_bins,14,0.511500482575903,0.513706022015972,0.131326885311662,0.498959002854633,0.66970130976316,0.0142857977957544,0,-0.0231401615972268,0.391411501051272,0.414679522332415,NaN,NaN,NaN,NaN,NaN,,,NaN,NaN,NaN,NaN,0,0.14,1,0.02,0.1,0.01,0.02,0.2,0.2,2
MLspike,10,spike_bins,14,0.51692618353478,0.538633413863116,0.106673698876694,0.53389276317001,0.636349005177923,0.0142857977957544,0,-0.0272602843922574,0.362752119212167,0.366332167137709,NaN,NaN,NaN,NaN,NaN,,,NaN,NaN,NaN,NaN,0,0.14,1,0.04,0.1,0.01,0.02,0.2,0.2,2
MLspike,10,spike_bins,14,0.503313710479209,0.53383668686806,0.111629264429234,0.575461424337893,0.579100751250962,0.0285714870794329,0,-0.029246898788871,0.301847721086988,0.307469314629591,NaN,NaN,NaN,NaN,NaN,,,NaN,NaN,NaN,NaN,0,0.14,1,0.08,0.1,0.01,0.02,0.2,0.2,2
MLspike,10,spike_bins,14,0.471993939441635,0.504105808148635,0.150771724155646,0.444282639021032,0.661634539227126,0.0142856945592105,0,-0.019797649808492,0.405506807617104,0.439964661298781,NaN,NaN,NaN,NaN,NaN,,,NaN,NaN,NaN,NaN,0,0.14,1.25,0.005,0.1,0.01,0.02,0.2,0.2,2
MLspike,10,spike_bins,14,0.491815980199034,0.493093543447039,0.146484142429707,0.487951136707826,0.65072264467879,0.0214286434031168,0,-0.0206962979101013,0.393139521682929,0.420312101263902,NaN,NaN,NaN,NaN,NaN,,,NaN,NaN,NaN,NaN,0,0.14,1.25,0.01,0.1,0.01,0.02,0.2,0.2,2
MLspike,10,spike_bins,14,0.513798045520855,0.50906907966864,0.12537466321957,0.525447823584483,0.637846857844502,0.0142857977957544,0,-0.0220452569122499,0.38512305032859,0.411185242107815,NaN,NaN,NaN,NaN,NaN,,,NaN,NaN,NaN,NaN,0,0.14,1.25,0.02,0.1,0.01,0.02,0.2,0.2,2
MLspike,10,spike_bins,14,0.518144804224468,0.543977455716586,0.103565251449215,0.560656973607288,0.605141738760628,0.0142857977957544,0,-0.0253507985335098,0.351339575756818,0.341382516583805,NaN,NaN,NaN,NaN,NaN,,,NaN,NaN,NaN,NaN,0,0.14,1.25,0.04,0.1,0.01,0.02,0.2,0.2,2
MLspike,10,spike_bins,14,0.502482344175834,0.52354272778721,0.115999143662282,0.603912963779129,0.550430039482815,0.021428683485551,0,-0.0267562153316603,0.304304966851344,0.304804844703133,NaN,NaN,NaN,NaN,NaN,,,NaN,NaN,NaN,NaN,0,0.14,1.25,0.08,0.1,0.01,0.02,0.2,0.2,2
MLspike,10,spike_bins,14,0.476726476668953,0.493900883548239,0.143490108891331,0.464298826826598,0.638761968666812,0.00714284895184805,0,-0.0181902607373193,0.398293406800562,0.448001602991004,NaN,NaN,NaN,NaN,NaN,,,NaN,NaN,NaN,NaN,0,0.14,1.5,0.005,0.1,0.01,0.02,0.2,0.2,2
MLspike,10,spike_bins,14,0.49702210621455,0.501831343961559,0.139875752784048,0.51146373654577,0.629766566953947,0.0107143233738012,0,-0.0195220095763687,0.390063244550792,0.442296084771343,NaN,NaN,NaN,NaN,NaN,,,NaN,NaN,NaN,NaN,0,0.14,1.5,0.01,0.1,0.01,0.02,0.2,0.2,2
MLspike,10,spike_bins,14,0.515884615788355,0.523952617629559,0.120614532114987,0.550814348351007,0.611273362228021,0.0142857977957544,0,-0.0214282212081702,0.370391735369635,0.380690024557899,NaN,NaN,NaN,NaN,NaN,,,NaN,NaN,NaN,NaN,0,0.14,1.5,0.02,0.1,0.01,0.02,0.2,0.2,2
MLspike,10,spike_bins,14,0.518814336212367,0.532234148080297,0.101958233758738,0.585978009307695,0.580370557867357,0.0214286434031168,0,-0.0238282476274513,0.339062175638904,0.320873523455638,NaN,NaN,NaN,NaN,NaN,,,NaN,NaN,NaN,NaN,0,0.14,1.5,0.04,0.1,0.01,0.02,0.2,0.2,2
MLspike,10,spike_bins,14,0.503739411260248,0.524683893612139,0.125167455058645,0.635826898295249,0.525464376700329,0.0142857977957544,0,-0.0235449994237778,0.306977396493454,0.291483295521016,NaN,NaN,NaN,NaN,NaN,,,NaN,NaN,NaN,NaN,0,0.14,1.5,0.08,0.1,0.01,0.02,0.2,0.2,2
