model,target_fps,optimization_mode,n_validation_recordings,mean_F1,median_F1,std_F1,mean_precision,mean_recall,mean_median_abs_timing_error_sec,median_median_abs_timing_error_sec,mean_signed_timing_error_sec,mean_timing_weighted_recall,median_timing_weighted_recall,smoothing_window_sec,derivative_weight,amplitude_weight,event_score_threshold,baseline_min_event_distance_sec,ar_model,method,optimize_b,optimize_pars,oasis_threshold_z,oasis_min_event_distance_sec,mlspike_use_autocalibration,mlspike_a,mlspike_tau,mlspike_sigma,mlspike_saturation,mlspike_drift_parameter,mlspike_amin,mlspike_amax,mlspike_taumin,mlspike_taumax
SimpleBaseline,100,burst_onsets,14,0.269574308347033,0.263310131079838,0.143395335795263,0.175607210030789,0.834583642217397,0.0557142011647538,0.0499999504338126,-0.0232107529004396,0.400309737962112,0.431741667677822,0.1,0.5,0.5,0.4,0.03,,,NaN,NaN,NaN,NaN,NaN,NaN,NaN,NaN,NaN,NaN,NaN,NaN,NaN,NaN
SimpleBaseline,100,burst_onsets,14,0.302203896804126,0.294785419102576,0.140770990877427,0.200905093202725,0.829369818665416,0.0471427565704545,0.0499997025344209,-0.0152930700659457,0.435437568995869,0.447049067313351,0.1,0.5,0.5,0.4,0.05,,,NaN,NaN,NaN,NaN,NaN,NaN,NaN,NaN,NaN,NaN,NaN,NaN,NaN,NaN
SimpleBaseline,100,burst_onsets,14,0.336400065062867,0.326340169957191,0.138583457370801,0.231530631142477,0.811208338388039,0.0421427558317948,0.0400003790762141,-0.00429385056389926,0.458622160046567,0.475811389486389,0.1,0.5,0.5,0.4,0.08,,,NaN,NaN,NaN,NaN,NaN,NaN,NaN,NaN,NaN,NaN,NaN,NaN,NaN,NaN
SimpleBaseline,100,burst_onsets,14,0.338782912870905,0.331977351183822,0.138427592708067,0.233986010898599,0.807493562643606,0.0414284609474042,0.0400001429356304,-0.00260082160812713,0.46109104228692,0.477464275414332,0.1,0.5,0.5,0.4,0.1,,,NaN,NaN,NaN,NaN,NaN,NaN,NaN,NaN,NaN,NaN,NaN,NaN,NaN,NaN
SimpleBaseline,100,burst_onsets,14,0.349391184264761,0.359884722921553,0.134226618431407,0.252108472259063,0.744074597436602,0.0435713109888874,0.0449998004179567,0.00493707819986459,0.420452619914144,0.44982118231368,0.1,0.5,0.5,0.4,0.15,,,NaN,NaN,NaN,NaN,NaN,NaN,NaN,NaN,NaN,NaN,NaN,NaN,NaN,NaN
SimpleBaseline,100,burst_onsets,14,0.283822254663722,0.272189980964762,0.145956090867025,0.190688314240684,0.794622911962277,0.0535713369183757,0.0499999504338126,-0.0217566269290197,0.385265493872963,0.416237954346432,0.1,0.5,0.5,0.5,0.03,,,NaN,NaN,NaN,NaN,NaN,NaN,NaN,NaN,NaN,NaN,NaN,NaN,NaN,NaN
SimpleBaseline,100,burst_onsets,14,0.316687055496468,0.323694412958126,0.140271586595895,0.217397522013958,0.788789918440374,0.0471427556472795,0.0499997025344209,-0.01435443591215,0.415422728532746,0.432430299008134,0.1,0.5,0.5,0.5,0.05,,,NaN,NaN,NaN,NaN,NaN,NaN,NaN,NaN,NaN,NaN,NaN,NaN,NaN,NaN
SimpleBaseline,100,burst_onsets,14,0.350820739480897,0.350761095441947,0.135637539149937,0.249618250336027,0.772130899877698,0.0428570407269796,0.0449999348676182,-0.0036256335288141,0.437825399724864,0.447368150513871,0.1,0.5,0.5,0.5,0.08,,,NaN,NaN,NaN,NaN,NaN,NaN,NaN,NaN,NaN,NaN,NaN,NaN,NaN,NaN
SimpleBaseline,100,burst_onsets,14,0.353507630950251,0.356838929363927,0.13519873008032,0.252497972417289,0.769237173805573,0.0414284609474042,0.0400001429356304,-0.0021898797609276,0.439910460247245,0.450122963552843,0.1,0.5,0.5,0.5,0.1,,,NaN,NaN,NaN,NaN,NaN,NaN,NaN,NaN,NaN,NaN,NaN,NaN,NaN,NaN
SimpleBaseline,100,burst_onsets,14,0.363273414997492,0.382960935054843,0.132277064430251,0.271621092693415,0.71028440667391,0.0432141713049081,0.0424999224039722,0.0052484960724675,0.401863142615547,0.432961679234105,0.1,0.5,0.5,0.5,0.15,,,NaN,NaN,NaN,NaN,NaN,NaN,NaN,NaN,NaN,NaN,NaN,NaN,NaN,NaN
SimpleBaseline,100,burst_onsets,14,0.300495431250378,0.277100598874841,0.151427711006156,0.209465406032598,0.758056240920362,0.0528570563328135,0.0499999504338126,-0.0202011022768435,0.374752520243727,0.389934802298615,0.1,0.5,0.5,0.6,0.03,,,NaN,NaN,NaN,NaN,NaN,NaN,NaN,NaN,NaN,NaN,NaN,NaN,NaN,NaN
SimpleBaseline,100,burst_onsets,14,0.333681185852398,0.352963430670646,0.143052912591482,0.237723575528642,0.752473519820663,0.0464284717692033,0.0499997025344209,-0.0130601832036893,0.401182642404182,0.416069742913796,0.1,0.5,0.5,0.6,0.05,,,NaN,NaN,NaN,NaN,NaN,NaN,NaN,NaN,NaN,NaN,NaN,NaN,NaN,NaN
SimpleBaseline,100,burst_onsets,14,0.366339494482121,0.384049990423291,0.135791848282021,0.270707133344581,0.734427315870468,0.0428570407269796,0.0449999348676182,-0.0029674309829961,0.417855048660138,0.428053187609968,0.1,0.5,0.5,0.6,0.08,,,NaN,NaN,NaN,NaN,NaN,NaN,NaN,NaN,NaN,NaN,NaN,NaN,NaN,NaN
SimpleBaseline,100,burst_onsets,14,0.369161751809236,0.388195001616631,0.135385642924003,0.273915550167308,0.731210765194768,0.0414284609474042,0.0400001429356304,-0.00141470629115003,0.419162188387944,0.430945739958285,0.1,0.5,0.5,0.6,0.1,,,NaN,NaN,NaN,NaN,NaN,NaN,NaN,NaN,NaN,NaN,NaN,NaN,NaN,NaN
SimpleBaseline,100,burst_onsets,14,0.376449065654591,0.395905106415557,0.130598920648421,0.292693311430224,0.676150001639792,0.0435713109888874,0.0449998004179567,0.0055367736916109,0.384780459253846,0.408889935466433,0.1,0.5,0.5,0.6,0.15,,,NaN,NaN,NaN,NaN,NaN,NaN,NaN,NaN,NaN,NaN,NaN,NaN,NaN,NaN
SimpleBaseline,100,burst_onsets,14,0.312000095583487,0.274677116195864,0.152630156839658,0.226148010068596,0.715373278805275,0.0514284801594517,0.0499997025344209,-0.018322004507248,0.361443781593537,0.379393035776829,0.1,0.5,0.5,0.7,0.03,,,NaN,NaN,NaN,NaN,NaN,NaN,NaN,NaN,NaN,NaN,NaN,NaN,NaN,NaN
SimpleBaseline,100,burst_onsets,14,0.345180110599019,0.354358529036124,0.141756811607891,0.256170475739587,0.70916935916734,0.0453570373097922,0.0474997013048288,-0.0114327839073595,0.38382646318543,0.395727586326538,0.1,0.5,0.5,0.7,0.05,,,NaN,NaN,NaN,NaN,NaN,NaN,NaN,NaN,NaN,NaN,NaN,NaN,NaN,NaN
SimpleBaseline,100,burst_onsets,14,0.377193229458769,0.41425136184343,0.132491239780882,0.29056210145175,0.691956536717371,0.0428570393316597,0.0425000568536337,-0.00232017511002826,0.395026700500221,0.401875149143921,0.1,0.5,0.5,0.7,0.08,,,NaN,NaN,NaN,NaN,NaN,NaN,NaN,NaN,NaN,NaN,NaN,NaN,NaN,NaN
SimpleBaseline,100,burst_onsets,14,0.379920081607061,0.416001568948464,0.132347405292273,0.293968516132141,0.688951376382932,0.0417855978407437,0.0400001429356304,-0.000964070636198489,0.396318861872571,0.399689358766277,0.1,0.5,0.5,0.7,0.1,,,NaN,NaN,NaN,NaN,NaN,NaN,NaN,NaN,NaN,NaN,NaN,NaN,NaN,NaN
SimpleBaseline,100,burst_onsets,14,0.385147049973898,0.417012210815294,0.127297045214031,0.31278162202143,0.638548657605878,0.04285702952411,0.0424999224039722,0.0059318755677984,0.365139407318351,0.377713537019461,0.1,0.5,0.5,0.7,0.15,,,NaN,NaN,NaN,NaN,NaN,NaN,NaN,NaN,NaN,NaN,NaN,NaN,NaN,NaN
SimpleBaseline,100,burst_onsets,14,0.321044323170653,0.284956224964622,0.155063105009096,0.245062982063667,0.660701560512173,0.0507142017596826,0.0499994559832313,-0.016856141341974,0.337712600082229,0.349326137590278,0.1,0.5,0.5,0.8,0.03,,,NaN,NaN,NaN,NaN,NaN,NaN,NaN,NaN,NaN,NaN,NaN,NaN,NaN,NaN
SimpleBaseline,100,burst_onsets,14,0.353329288315089,0.366820775733162,0.143224715864755,0.276161912629182,0.654708888361795,0.0446427536319533,0.0425004111715814,-0.010239098731801,0.357150981528591,0.373118352536863,0.1,0.5,0.5,0.8,0.05,,,NaN,NaN,NaN,NaN,NaN,NaN,NaN,NaN,NaN,NaN,NaN,NaN,NaN,NaN
SimpleBaseline,100,burst_onsets,14,0.385136440454557,0.418852272270394,0.132268997541547,0.312609910822182,0.641936479788828,0.041785601405322,0.0399999976875287,-0.000930434627043595,0.368005820255548,0.374621103230363,0.1,0.5,0.5,0.8,0.08,,,NaN,NaN,NaN,NaN,NaN,NaN,NaN,NaN,NaN,NaN,NaN,NaN,NaN,NaN
SimpleBaseline,100,burst_onsets,14,0.38795919446299,0.422375496843582,0.132475658876913,0.316396591983842,0.638975461092598,0.0414284539631267,0.0399999976875287,0.000193927180115095,0.36941866018919,0.374431708837804,0.1,0.5,0.5,0.8,0.1,,,NaN,NaN,NaN,NaN,NaN,NaN,NaN,NaN,NaN,NaN,NaN,NaN,NaN,NaN
SimpleBaseline,100,burst_onsets,14,0.39014940987564,0.415786240786241,0.127837983855159,0.334287521548314,0.590017693234563,0.0428570274272912,0.0400002022447069,0.00631840075112729,0.338611629034123,0.346470690023262,0.1,0.5,0.5,0.8,0.15,,,NaN,NaN,NaN,NaN,NaN,NaN,NaN,NaN,NaN,NaN,NaN,NaN,NaN,NaN
SimpleBaseline,100,burst_onsets,14,0.326502395108566,0.286902064130638,0.156342934449114,0.262673726159289,0.60894248125874,0.0489284878850854,0.0499996027605503,-0.0150907905860878,0.312289361417945,0.331281113398248,0.1,0.5,0.5,0.9,0.03,,,NaN,NaN,NaN,NaN,NaN,NaN,NaN,NaN,NaN,NaN,NaN,NaN,NaN,NaN
SimpleBaseline,100,burst_onsets,14,0.358190817203626,0.347089845359409,0.142869703970486,0.294740405190926,0.604475976967609,0.0442856286904674,0.0449998004179567,-0.00867152953082092,0.328722320141577,0.337687191988179,0.1,0.5,0.5,0.9,0.05,,,NaN,NaN,NaN,NaN,NaN,NaN,NaN,NaN,NaN,NaN,NaN,NaN,NaN,NaN
SimpleBaseline,100,burst_onsets,14,0.387929786165022,0.399501075268817,0.130972317180701,0.332285485659762,0.591055732695643,0.042142753041155,0.0400001429356304,0.000794887982419858,0.338168223699502,0.339189942681679,0.1,0.5,0.5,0.9,0.08,,,NaN,NaN,NaN,NaN,NaN,NaN,NaN,NaN,NaN,NaN,NaN,NaN,NaN,NaN
SimpleBaseline,100,burst_onsets,14,0.390193316259452,0.406553373359113,0.130933814929418,0.335979111736948,0.587903481002298,0.0414284581567644,0.0399999976875287,0.00188475161826956,0.339458950363361,0.339420520913893,0.1,0.5,0.5,0.9,0.1,,,NaN,NaN,NaN,NaN,NaN,NaN,NaN,NaN,NaN,NaN,NaN,NaN,NaN,NaN
SimpleBaseline,100,burst_onsets,14,0.391382266449376,0.393234462435582,0.126871381367725,0.354239688434655,0.545697331062182,0.0428570288573157,0.0424999224039722,0.00735558529638584,0.313434086351016,0.308104396576259,0.1,0.5,0.5,0.9,0.15,,,NaN,NaN,NaN,NaN,NaN,NaN,NaN,NaN,NaN,NaN,NaN,NaN,NaN,NaN
SimpleBaseline,100,burst_onsets,14,0.326690200677264,0.276002592946868,0.152145646360067,0.277214823843655,0.560111101033803,0.0496427809951844,0.0499998036564936,-0.0118056077971506,0.287202270998212,0.310391924894662,0.1,0.5,0.5,1,0.03,,,NaN,NaN,NaN,NaN,NaN,NaN,NaN,NaN,NaN,NaN,NaN,NaN,NaN,NaN
SimpleBaseline,100,burst_onsets,14,0.356724536681609,0.343251867095193,0.138747666840029,0.309936181192786,0.554724910488613,0.0460713366665447,0.0474997100688339,-0.00574038369068847,0.300825457899384,0.310264242692722,0.1,0.5,0.5,1,0.05,,,NaN,NaN,NaN,NaN,NaN,NaN,NaN,NaN,NaN,NaN,NaN,NaN,NaN,NaN
SimpleBaseline,100,burst_onsets,14,0.384797101230809,0.379054982817869,0.12761723684187,0.348477598825467,0.543279672410829,0.042499897989115,0.0400001429356304,0.00310777543430142,0.310578085212901,0.317054452979435,0.1,0.5,0.5,1,0.08,,,NaN,NaN,NaN,NaN,NaN,NaN,NaN,NaN,NaN,NaN,NaN,NaN,NaN,NaN
SimpleBaseline,100,burst_onsets,14,0.386947429206096,0.380637615871091,0.127574066354159,0.352469986338994,0.54085532486637,0.0417856031047244,0.0399999976875287,0.00423568045103682,0.312359756080336,0.315401555994758,0.1,0.5,0.5,1,0.1,,,NaN,NaN,NaN,NaN,NaN,NaN,NaN,NaN,NaN,NaN,NaN,NaN,NaN,NaN
SimpleBaseline,100,burst_onsets,14,0.386438330691521,0.366750848520919,0.12402794899809,0.371015272649676,0.501759285722073,0.0432141765688889,0.0400002022447069,0.00907148193382688,0.288823263621337,0.271336321491873,0.1,0.5,0.5,1,0.15,,,NaN,NaN,NaN,NaN,NaN,NaN,NaN,NaN,NaN,NaN,NaN,NaN,NaN,NaN
SimpleBaseline,100,burst_onsets,14,0.32642259368055,0.270842689036061,0.151576634450941,0.293180567377998,0.514143399537834,0.049999919008254,0.0499997025344209,-0.0106512769496308,0.266168503462908,0.283735717973942,0.1,0.5,0.5,1.1,0.03,,,NaN,NaN,NaN,NaN,NaN,NaN,NaN,NaN,NaN,NaN,NaN,NaN,NaN,NaN
SimpleBaseline,100,burst_onsets,14,0.354970221828891,0.334743880164768,0.138589533934733,0.326620895072646,0.508894565676749,0.0464284866712751,0.0499997025344209,-0.00502159133125431,0.277631406041884,0.282026624189254,0.1,0.5,0.5,1.1,0.05,,,NaN,NaN,NaN,NaN,NaN,NaN,NaN,NaN,NaN,NaN,NaN,NaN,NaN,NaN
SimpleBaseline,100,burst_onsets,14,0.38021169107976,0.351716352519044,0.127551779316556,0.364591592551639,0.497722140139956,0.0424998923277178,0.0399999976875287,0.00355583279608611,0.286232343515797,0.289189137774674,0.1,0.5,0.5,1.1,0.08,,,NaN,NaN,NaN,NaN,NaN,NaN,NaN,NaN,NaN,NaN,NaN,NaN,NaN,NaN
SimpleBaseline,100,burst_onsets,14,0.382463320368666,0.352982282133357,0.12758673202294,0.369043941851996,0.495834753274231,0.0421427448855225,0.0399999976875287,0.00470641541786979,0.288537002395713,0.288638169480559,0.1,0.5,0.5,1.1,0.1,,,NaN,NaN,NaN,NaN,NaN,NaN,NaN,NaN,NaN,NaN,NaN,NaN,NaN,NaN
SimpleBaseline,100,burst_onsets,14,0.382390404165305,0.341853992721045,0.124313437951975,0.389996462546639,0.461155019938997,0.0432141759020946,0.0400002022447069,0.00910455671570011,0.266222974357396,0.245821788381993,0.1,0.5,0.5,1.1,0.15,,,NaN,NaN,NaN,NaN,NaN,NaN,NaN,NaN,NaN,NaN,NaN,NaN,NaN,NaN
SimpleBaseline,100,burst_onsets,14,0.323782937593924,0.275463420283536,0.14596297177101,0.310165999415853,0.471032466553852,0.0489284940208576,0.0474996349500822,-0.00978270958871123,0.244994207178818,0.257892836482852,0.1,0.5,0.5,1.2,0.03,,,NaN,NaN,NaN,NaN,NaN,NaN,NaN,NaN,NaN,NaN,NaN,NaN,NaN,NaN
SimpleBaseline,100,burst_onsets,14,0.351212868845194,0.318762626104686,0.133082422530456,0.344884196364997,0.466726058793681,0.0453570607607037,0.0474996349500822,-0.00410032374254312,0.255700030903608,0.254067695926664,0.1,0.5,0.5,1.2,0.05,,,NaN,NaN,NaN,NaN,NaN,NaN,NaN,NaN,NaN,NaN,NaN,NaN,NaN,NaN
SimpleBaseline,100,burst_onsets,14,0.374484091433086,0.334889629593321,0.123094073778139,0.383509158928752,0.457428845812037,0.0421427512183975,0.0399999976875287,0.00380481195191574,0.264832909828952,0.262126886285675,0.1,0.5,0.5,1.2,0.08,,,NaN,NaN,NaN,NaN,NaN,NaN,NaN,NaN,NaN,NaN,NaN,NaN,NaN,NaN
SimpleBaseline,100,burst_onsets,14,0.37650236243638,0.333364895081466,0.122799373312917,0.387783472932169,0.455912101716359,0.0410713271988834,0.0399999976875287,0.00485987311197711,0.266812165148366,0.26198914223773,0.1,0.5,0.5,1.2,0.1,,,NaN,NaN,NaN,NaN,NaN,NaN,NaN,NaN,NaN,NaN,NaN,NaN,NaN,NaN
SimpleBaseline,100,burst_onsets,14,0.375812867274186,0.324520534989871,0.1211801241196,0.408995200314139,0.425601569775938,0.0432141726398562,0.0424998326074886,0.00888119472433976,0.247604459613432,0.227246323979074,0.1,0.5,0.5,1.2,0.15,,,NaN,NaN,NaN,NaN,NaN,NaN,NaN,NaN,NaN,NaN,NaN,NaN,NaN,NaN
SimpleBaseline,100,burst_onsets,14,0.312761940665171,0.269007888055507,0.134702182264504,0.316872177542036,0.421955218190908,0.0492856322794959,0.0499996027605503,-0.00865657724874623,0.221810055712247,0.220236862178576,0.1,0.5,0.5,1.3,0.03,,,NaN,NaN,NaN,NaN,NaN,NaN,NaN,NaN,NaN,NaN,NaN,NaN,NaN,NaN
SimpleBaseline,100,burst_onsets,14,0.338455110121727,0.295165857605178,0.12338445197697,0.351918922988,0.418538204386006,0.047142759562242,0.0474999669629854,-0.00308546203644532,0.230091031113523,0.216411721622388,0.1,0.5,0.5,1.3,0.05,,,NaN,NaN,NaN,NaN,NaN,NaN,NaN,NaN,NaN,NaN,NaN,NaN,NaN,NaN
SimpleBaseline,100,burst_onsets,14,0.360162597670528,0.315208600922887,0.115517505944778,0.391751897143055,0.409544701064284,0.0424998894770358,0.0399999976875287,0.00505132722068116,0.237049293863997,0.220236873447622,0.1,0.5,0.5,1.3,0.08,,,NaN,NaN,NaN,NaN,NaN,NaN,NaN,NaN,NaN,NaN,NaN,NaN,NaN,NaN
SimpleBaseline,100,burst_onsets,14,0.36150343037645,0.314947868834747,0.115635351687147,0.395718105805375,0.407943333232237,0.0421427420348405,0.0399999976875287,0.00588379942267423,0.238181516167611,0.218431728713064,0.1,0.5,0.5,1.3,0.1,,,NaN,NaN,NaN,NaN,NaN,NaN,NaN,NaN,NaN,NaN,NaN,NaN,NaN,NaN
SimpleBaseline,100,burst_onsets,14,0.359088547553857,0.305896805896806,0.116417417915312,0.415680263986827,0.381876889194763,0.0428570269300253,0.0400001429356304,0.0103540450233269,0.222376437806017,0.201864907413278,0.1,0.5,0.5,1.3,0.15,,,NaN,NaN,NaN,NaN,NaN,NaN,NaN,NaN,NaN,NaN,NaN,NaN,NaN,NaN
SimpleBaseline,100,burst_onsets,14,0.300462120027915,0.255475420823704,0.125359532068131,0.329009043079199,0.375998451694505,0.0467856275548072,0.0449998004179567,-0.00530315302230824,0.204034875253375,0.198590265944014,0.1,0.5,0.5,1.4,0.03,,,NaN,NaN,NaN,NaN,NaN,NaN,NaN,NaN,NaN,NaN,NaN,NaN,NaN,NaN
SimpleBaseline,100,burst_onsets,14,0.324465855220593,0.277200858576698,0.115968408445138,0.36496183978673,0.373325660620047,0.044285620573355,0.0400003790762141,-0.000436066810331524,0.209769655630998,0.195311575447341,0.1,0.5,0.5,1.4,0.05,,,NaN,NaN,NaN,NaN,NaN,NaN,NaN,NaN,NaN,NaN,NaN,NaN,NaN,NaN
SimpleBaseline,100,burst_onsets,14,0.341352564604561,0.297844611528822,0.11170289779834,0.402225294800617,0.362888112038077,0.0414284584732442,0.0399999167898705,0.00648064781133159,0.212634962631593,0.19831705570488,0.1,0.5,0.5,1.4,0.08,,,NaN,NaN,NaN,NaN,NaN,NaN,NaN,NaN,NaN,NaN,NaN,NaN,NaN,NaN
SimpleBaseline,100,burst_onsets,14,0.342976473224612,0.298007662835249,0.111783279927608,0.40654731989264,0.361972991719113,0.0407141818959254,0.0399999167898705,0.00722965866825399,0.213980385307004,0.195163829380087,0.1,0.5,0.5,1.4,0.1,,,NaN,NaN,NaN,NaN,NaN,NaN,NaN,NaN,NaN,NaN,NaN,NaN,NaN,NaN
SimpleBaseline,100,burst_onsets,14,0.341673095224469,0.28759746693663,0.113227567867133,0.428908716594002,0.340526762822285,0.0417856009208366,0.0399999603470501,0.0115466039409765,0.201365657501253,0.181626275886044,0.1,0.5,0.5,1.4,0.15,,,NaN,NaN,NaN,NaN,NaN,NaN,NaN,NaN,NaN,NaN,NaN,NaN,NaN,NaN
SimpleBaseline,100,burst_onsets,14,0.257189260926678,0.246101890777231,0.141648158856274,0.16310985547585,0.888449368283514,0.054285637918719,0.0499999504338126,-0.0266783168268895,0.421002992098149,0.450269280006489,0.1,0.6,0.4,0.4,0.03,,,NaN,NaN,NaN,NaN,NaN,NaN,NaN,NaN,NaN,NaN,NaN,NaN,NaN,NaN
SimpleBaseline,100,burst_onsets,14,0.288544851461429,0.276572488489947,0.142997663059634,0.186045895420044,0.882666526074839,0.0449999059504464,0.0449998004179567,-0.018686107735859,0.463368241293355,0.459664463107561,0.1,0.6,0.4,0.4,0.05,,,NaN,NaN,NaN,NaN,NaN,NaN,NaN,NaN,NaN,NaN,NaN,NaN,NaN,NaN
SimpleBaseline,100,burst_onsets,14,0.322653347804298,0.295011666771773,0.145587193489523,0.214417458854805,0.862715854023421,0.0414284764638362,0.0400001429356304,-0.00680623593480585,0.490142280988681,0.490307032878418,0.1,0.6,0.4,0.4,0.08,,,NaN,NaN,NaN,NaN,NaN,NaN,NaN,NaN,NaN,NaN,NaN,NaN,NaN,NaN
SimpleBaseline,100,burst_onsets,14,0.324893560958334,0.300140401426903,0.145784556678483,0.216509575528967,0.859090117268132,0.0410713290216409,0.0399999976875287,-0.00510070983245325,0.492055704180683,0.488654135893741,0.1,0.6,0.4,0.4,0.1,,,NaN,NaN,NaN,NaN,NaN,NaN,NaN,NaN,NaN,NaN,NaN,NaN,NaN,NaN
SimpleBaseline,100,burst_onsets,14,0.33556365787756,0.329806998556999,0.142963723239015,0.232711377970325,0.787519310857208,0.0424998961555417,0.0400003790762141,0.00247301224668569,0.447298215141179,0.465972032220423,0.1,0.6,0.4,0.4,0.15,,,NaN,NaN,NaN,NaN,NaN,NaN,NaN,NaN,NaN,NaN,NaN,NaN,NaN,NaN
SimpleBaseline,100,burst_onsets,14,0.273332942995105,0.264473249599824,0.145907526714915,0.178263230844739,0.852613395159123,0.0535713531174678,0.0499999504338126,-0.0243199682068653,0.410469235875027,0.438378543908382,0.1,0.6,0.4,0.5,0.03,,,NaN,NaN,NaN,NaN,NaN,NaN,NaN,NaN,NaN,NaN,NaN,NaN,NaN,NaN
SimpleBaseline,100,burst_onsets,14,0.304555155945503,0.293275588067596,0.144578094306825,0.202266424609093,0.845230316386115,0.0453570483510719,0.0449998004179567,-0.0167898117325277,0.446043526715849,0.447028826497199,0.1,0.6,0.4,0.5,0.05,,,NaN,NaN,NaN,NaN,NaN,NaN,NaN,NaN,NaN,NaN,NaN,NaN,NaN,NaN
SimpleBaseline,100,burst_onsets,14,0.336667147955428,0.326300549818196,0.143072906300738,0.230496712364593,0.825006389029242,0.0414284764638362,0.0400001429356304,-0.0058172061101011,0.468419006013666,0.478523661781288,0.1,0.6,0.4,0.5,0.08,,,NaN,NaN,NaN,NaN,NaN,NaN,NaN,NaN,NaN,NaN,NaN,NaN,NaN,NaN
SimpleBaseline,100,burst_onsets,14,0.338847997229065,0.332258296132887,0.143195346532949,0.232727526277361,0.821540757880161,0.0410713290216409,0.0399999976875287,-0.0042535826007404,0.470582960900744,0.4784843440195,0.1,0.6,0.4,0.5,0.1,,,NaN,NaN,NaN,NaN,NaN,NaN,NaN,NaN,NaN,NaN,NaN,NaN,NaN,NaN
SimpleBaseline,100,burst_onsets,14,0.349444957334004,0.358163345889344,0.141477188578176,0.24980867477038,0.757778278702965,0.0424998961555417,0.0400003790762141,0.00289030257755211,0.431173296428557,0.455224245056197,0.1,0.6,0.4,0.5,0.15,,,NaN,NaN,NaN,NaN,NaN,NaN,NaN,NaN,NaN,NaN,NaN,NaN,NaN,NaN
SimpleBaseline,100,burst_onsets,14,0.291202271983951,0.287747070872905,0.149518299614235,0.196185364145132,0.816416836325722,0.0514284956758837,0.0499996027605503,-0.0225402430536045,0.400895220156014,0.427303440733193,0.1,0.6,0.4,0.6,0.03,,,NaN,NaN,NaN,NaN,NaN,NaN,NaN,NaN,NaN,NaN,NaN,NaN,NaN,NaN
SimpleBaseline,100,burst_onsets,14,0.323183635283554,0.324336634042763,0.146384134925756,0.221975353722121,0.809683437250561,0.0453570478894844,0.0449998004179567,-0.0153405405101022,0.431325929849388,0.449273580500933,0.1,0.6,0.4,0.6,0.05,,,NaN,NaN,NaN,NaN,NaN,NaN,NaN,NaN,NaN,NaN,NaN,NaN,NaN,NaN
SimpleBaseline,100,burst_onsets,14,0.354590773407688,0.358580140963371,0.143222094045328,0.251198763851106,0.789704325993646,0.0414284764638362,0.0400001429356304,-0.00522326241952374,0.449401453856621,0.456734564127915,0.1,0.6,0.4,0.6,0.08,,,NaN,NaN,NaN,NaN,NaN,NaN,NaN,NaN,NaN,NaN,NaN,NaN,NaN,NaN
SimpleBaseline,100,burst_onsets,14,0.35672762197219,0.363060074728191,0.14299404160748,0.253495131281797,0.786607306806075,0.0407141815794456,0.0399999976875287,-0.00374297649634352,0.451939245714504,0.455908109317443,0.1,0.6,0.4,0.6,0.1,,,NaN,NaN,NaN,NaN,NaN,NaN,NaN,NaN,NaN,NaN,NaN,NaN,NaN,NaN
SimpleBaseline,100,burst_onsets,14,0.36495488731169,0.377438619774386,0.139467528519707,0.270207638985525,0.727563653580201,0.0428570379363398,0.0400003790762141,0.00329278126473109,0.414154408010861,0.433600549203818,0.1,0.6,0.4,0.6,0.15,,,NaN,NaN,NaN,NaN,NaN,NaN,NaN,NaN,NaN,NaN,NaN,NaN,NaN,NaN
SimpleBaseline,100,burst_onsets,14,0.307698303295926,0.293472773731326,0.153605569391941,0.215704584036802,0.775628708548011,0.0507142059533203,0.0499996027605503,-0.0199345000871644,0.388068283279248,0.401228966599412,0.1,0.6,0.4,0.7,0.03,,,NaN,NaN,NaN,NaN,NaN,NaN,NaN,NaN,NaN,NaN,NaN,NaN,NaN,NaN
SimpleBaseline,100,burst_onsets,14,0.339644844187682,0.355986746896184,0.148107224415692,0.243029321193803,0.767461951573392,0.0446427650880922,0.0449998004179567,-0.0134445942045469,0.413316212961472,0.424317361567151,0.1,0.6,0.4,0.7,0.05,,,NaN,NaN,NaN,NaN,NaN,NaN,NaN,NaN,NaN,NaN,NaN,NaN,NaN,NaN
SimpleBaseline,100,burst_onsets,14,0.370130568932511,0.383177872781448,0.142468315619947,0.273246527105685,0.748441759090213,0.0410713385520404,0.0400003790762141,-0.00377324414907129,0.42947338426096,0.432645420711963,0.1,0.6,0.4,0.7,0.08,,,NaN,NaN,NaN,NaN,NaN,NaN,NaN,NaN,NaN,NaN,NaN,NaN,NaN,NaN
SimpleBaseline,100,burst_onsets,14,0.372214812796511,0.388880864687899,0.142372073546659,0.275683135302191,0.745369204248447,0.0407141815794456,0.0399999976875287,-0.00266318089304856,0.430937361832507,0.433196376369811,0.1,0.6,0.4,0.7,0.1,,,NaN,NaN,NaN,NaN,NaN,NaN,NaN,NaN,NaN,NaN,NaN,NaN,NaN,NaN
SimpleBaseline,100,burst_onsets,14,0.378421676075346,0.3987814077266,0.137809421013899,0.292172502545399,0.69211430073298,0.0428570379363398,0.0400003790762141,0.00372524846107079,0.395468126245924,0.405757551087685,0.1,0.6,0.4,0.7,0.15,,,NaN,NaN,NaN,NaN,NaN,NaN,NaN,NaN,NaN,NaN,NaN,NaN,NaN,NaN
SimpleBaseline,100,burst_onsets,14,0.322758214379172,0.303361627341734,0.156797744173847,0.23561787596036,0.735496571381117,0.0492856420323358,0.0449998004179567,-0.0183503918321991,0.37345043342846,0.382667612969623,0.1,0.6,0.4,0.8,0.03,,,NaN,NaN,NaN,NaN,NaN,NaN,NaN,NaN,NaN,NaN,NaN,NaN,NaN,NaN
SimpleBaseline,100,burst_onsets,14,0.354722836114524,0.384987016270995,0.149053901735369,0.264459015199016,0.728515610537288,0.042857064769483,0.0400002022447069,-0.0121059488222167,0.394970512223045,0.40753468077635,0.1,0.6,0.4,0.8,0.05,,,NaN,NaN,NaN,NaN,NaN,NaN,NaN,NaN,NaN,NaN,NaN,NaN,NaN,NaN
SimpleBaseline,100,burst_onsets,14,0.382634412725756,0.414994476372528,0.142100806106667,0.294397795278157,0.708341280991028,0.0407141974380365,0.0400001429356304,-0.00328507564787308,0.408175254265457,0.405185523929044,0.1,0.6,0.4,0.8,0.08,,,NaN,NaN,NaN,NaN,NaN,NaN,NaN,NaN,NaN,NaN,NaN,NaN,NaN,NaN
SimpleBaseline,100,burst_onsets,14,0.384415144494762,0.421304104856736,0.142311284746282,0.296831321754016,0.70487679319399,0.0392856176584611,0.0399999167898705,-0.00217285061554206,0.409172952186632,0.405047773562965,0.1,0.6,0.4,0.8,0.1,,,NaN,NaN,NaN,NaN,NaN,NaN,NaN,NaN,NaN,NaN,NaN,NaN,NaN,NaN
SimpleBaseline,100,burst_onsets,14,0.390057510381708,0.428864381368638,0.137314766186707,0.31450437634304,0.656487231392941,0.0414284740153553,0.0400001429356304,0.0039732482688864,0.376842090425498,0.386670328815126,0.1,0.6,0.4,0.8,0.15,,,NaN,NaN,NaN,NaN,NaN,NaN,NaN,NaN,NaN,NaN,NaN,NaN,NaN,NaN
SimpleBaseline,100,burst_onsets,14,0.33054918021978,0.300093832115823,0.156127090790534,0.253372945873384,0.679858904701447,0.0485713606292897,0.0474996102949633,-0.0165934587704909,0.350641663888342,0.357687340689834,0.1,0.6,0.4,0.9,0.03,,,NaN,NaN,NaN,NaN,NaN,NaN,NaN,NaN,NaN,NaN,NaN,NaN,NaN,NaN
SimpleBaseline,100,burst_onsets,14,0.361393510614511,0.377158434345429,0.146494028945128,0.282949513447392,0.673377842912338,0.0432142065502811,0.0425000545035592,-0.0105585519516527,0.368546224927775,0.378418231147211,0.1,0.6,0.4,0.9,0.05,,,NaN,NaN,NaN,NaN,NaN,NaN,NaN,NaN,NaN,NaN,NaN,NaN,NaN,NaN
SimpleBaseline,100,burst_onsets,14,0.388666235467271,0.428325826083967,0.138590683310953,0.31457393362952,0.655002754918433,0.0399999068814545,0.0399999976875287,-0.00211156013073072,0.378805713779682,0.371724256303344,0.1,0.6,0.4,0.9,0.08,,,NaN,NaN,NaN,NaN,NaN,NaN,NaN,NaN,NaN,NaN,NaN,NaN,NaN,NaN
SimpleBaseline,100,burst_onsets,14,0.390697921637466,0.430611197834227,0.139102786014189,0.31739256921797,0.652048547242271,0.0396427594392592,0.0399999976875287,-0.00113949815941722,0.379953421383621,0.368985537406365,0.1,0.6,0.4,0.9,0.1,,,NaN,NaN,NaN,NaN,NaN,NaN,NaN,NaN,NaN,NaN,NaN,NaN,NaN,NaN
SimpleBaseline,100,burst_onsets,14,0.394274952415318,0.42941106478337,0.1358607763547,0.334697152285851,0.607176806870427,0.0421427569229378,0.0400002022447069,0.0041689780366078,0.351161605472103,0.3452215347685,0.1,0.6,0.4,0.9,0.15,,,NaN,NaN,NaN,NaN,NaN,NaN,NaN,NaN,NaN,NaN,NaN,NaN,NaN,NaN
SimpleBaseline,100,burst_onsets,14,0.341309621565004,0.309223116436687,0.155660817104679,0.275093854450205,0.632538425813149,0.0492856444808166,0.0499996027605503,-0.0141415554823044,0.329097920639473,0.348996804542243,0.1,0.6,0.4,1,0.03,,,NaN,NaN,NaN,NaN,NaN,NaN,NaN,NaN,NaN,NaN,NaN,NaN,NaN,NaN
SimpleBaseline,100,burst_onsets,14,0.371868634544627,0.375539921215187,0.144974832028928,0.306375793944141,0.627440021298438,0.0442856286904674,0.0449998004179567,-0.00832903558749136,0.343336381327343,0.363741455171374,0.1,0.6,0.4,1,0.05,,,NaN,NaN,NaN,NaN,NaN,NaN,NaN,NaN,NaN,NaN,NaN,NaN,NaN,NaN
SimpleBaseline,100,burst_onsets,14,0.397489988422329,0.419492452417414,0.136100059956176,0.339266820841679,0.611043335627224,0.0410713290216409,0.0399999976875287,0.000246345360614944,0.352545497021155,0.355817972271648,0.1,0.6,0.4,1,0.08,,,NaN,NaN,NaN,NaN,NaN,NaN,NaN,NaN,NaN,NaN,NaN,NaN,NaN,NaN
SimpleBaseline,100,burst_onsets,14,0.399058196848644,0.421075837742504,0.136254969409623,0.342012716811141,0.608069305564731,0.0407141815794456,0.0399999976875287,0.0010840744918427,0.353720322738212,0.349943659135061,0.1,0.6,0.4,1,0.1,,,NaN,NaN,NaN,NaN,NaN,NaN,NaN,NaN,NaN,NaN,NaN,NaN,NaN,NaN
SimpleBaseline,100,burst_onsets,14,0.400418679144431,0.410080720856017,0.133224810206645,0.358905680842796,0.56705221933263,0.0432141790631242,0.0400002022447069,0.0054404638806545,0.327152954756239,0.330681372364015,0.1,0.6,0.4,1,0.15,,,NaN,NaN,NaN,NaN,NaN,NaN,NaN,NaN,NaN,NaN,NaN,NaN,NaN,NaN
SimpleBaseline,100,burst_onsets,14,0.349160100998836,0.312498392145093,0.157043034157932,0.297969559036607,0.586071361722651,0.0482142113377877,0.0474996349500822,-0.0122515162388729,0.305599111397602,0.335846576692023,0.1,0.6,0.4,1.1,0.03,,,NaN,NaN,NaN,NaN,NaN,NaN,NaN,NaN,NaN,NaN,NaN,NaN,NaN,NaN
SimpleBaseline,100,burst_onsets,14,0.378995890279326,0.375234404150067,0.146097621105534,0.330735007874411,0.581298100554449,0.0446427706595266,0.0424998326074886,-0.00676645259035834,0.317275546182946,0.336942279063989,0.1,0.6,0.4,1.1,0.05,,,NaN,NaN,NaN,NaN,NaN,NaN,NaN,NaN,NaN,NaN,NaN,NaN,NaN,NaN
SimpleBaseline,100,burst_onsets,14,0.402784796913946,0.398355897491405,0.137387861036834,0.364495779057531,0.566437084122993,0.0417856147825167,0.0400001429356304,0.00149494317594107,0.326227771713216,0.328882182592911,0.1,0.6,0.4,1.1,0.08,,,NaN,NaN,NaN,NaN,NaN,NaN,NaN,NaN,NaN,NaN,NaN,NaN,NaN,NaN
SimpleBaseline,100,burst_onsets,14,0.40392197835371,0.399624996774628,0.137445857156032,0.366993021631776,0.563788624397973,0.0403570433208073,0.0399999976875287,0.00219517014529556,0.327455784872628,0.322734645130881,0.1,0.6,0.4,1.1,0.1,,,NaN,NaN,NaN,NaN,NaN,NaN,NaN,NaN,NaN,NaN,NaN,NaN,NaN,NaN
SimpleBaseline,100,burst_onsets,14,0.403674870156366,0.387981955803138,0.135010362822461,0.38426828400159,0.526390567745295,0.0417856120558121,0.0400001429356304,0.00613900056879514,0.30426932927879,0.300178496806244,0.1,0.6,0.4,1.1,0.15,,,NaN,NaN,NaN,NaN,NaN,NaN,NaN,NaN,NaN,NaN,NaN,NaN,NaN,NaN
SimpleBaseline,100,burst_onsets,14,0.349857648740366,0.318673237817884,0.155192879728397,0.316031445312541,0.538445375169879,0.0467856427293716,0.0400002022447069,-0.0103728630905938,0.287392743614315,0.307988239530151,0.1,0.6,0.4,1.2,0.03,,,NaN,NaN,NaN,NaN,NaN,NaN,NaN,NaN,NaN,NaN,NaN,NaN,NaN,NaN
SimpleBaseline,100,burst_onsets,14,0.378093673568039,0.362059642911057,0.144960138203322,0.349713112522308,0.534109401286559,0.0439284942704689,0.0400002022447069,-0.0056050006302452,0.296679540335557,0.305255999092992,0.1,0.6,0.4,1.2,0.05,,,NaN,NaN,NaN,NaN,NaN,NaN,NaN,NaN,NaN,NaN,NaN,NaN,NaN,NaN
SimpleBaseline,100,burst_onsets,14,0.399551731852904,0.373844469479396,0.137543093069362,0.383822201538291,0.519724778359826,0.0403570581657615,0.0399999976875287,0.00264407591143977,0.302564527554343,0.301206427085306,0.1,0.6,0.4,1.2,0.08,,,NaN,NaN,NaN,NaN,NaN,NaN,NaN,NaN,NaN,NaN,NaN,NaN,NaN,NaN
SimpleBaseline,100,burst_onsets,14,0.400506393012032,0.375109833053758,0.137829804311773,0.38653016629,0.517171204975259,0.0396427632813708,0.0399998271280437,0.00306442918399251,0.302894255819251,0.298313860521188,0.1,0.6,0.4,1.2,0.1,,,NaN,NaN,NaN,NaN,NaN,NaN,NaN,NaN,NaN,NaN,NaN,NaN,NaN,NaN
SimpleBaseline,100,burst_onsets,14,0.399545424500159,0.366687668451818,0.136075536168013,0.404855804515728,0.483954444933726,0.0414284721960698,0.0399998706852233,0.0070479072717415,0.282146902106229,0.273264239466269,0.1,0.6,0.4,1.2,0.15,,,NaN,NaN,NaN,NaN,NaN,NaN,NaN,NaN,NaN,NaN,NaN,NaN,NaN,NaN
SimpleBaseline,100,burst_onsets,14,0.346414325672094,0.317073620480354,0.149452194827129,0.332379835982504,0.49163323154468,0.0464285006320936,0.0400002022447069,-0.00770648630491601,0.263453919645001,0.277758304139346,0.1,0.6,0.4,1.3,0.03,,,NaN,NaN,NaN,NaN,NaN,NaN,NaN,NaN,NaN,NaN,NaN,NaN,NaN,NaN
SimpleBaseline,100,burst_onsets,14,0.372956717965697,0.334454194704723,0.139808203794959,0.366952124674266,0.487844808419308,0.0446427743399264,0.0400002022447069,-0.00281118126235423,0.273110155498767,0.275982347432604,0.1,0.6,0.4,1.3,0.05,,,NaN,NaN,NaN,NaN,NaN,NaN,NaN,NaN,NaN,NaN,NaN,NaN,NaN,NaN
SimpleBaseline,100,burst_onsets,14,0.392022716477351,0.354318771435226,0.132725439568932,0.401890671018622,0.474035962302641,0.0414284801742571,0.0399999976875287,0.00378457743568684,0.276192202238381,0.272293834534075,0.1,0.6,0.4,1.3,0.08,,,NaN,NaN,NaN,NaN,NaN,NaN,NaN,NaN,NaN,NaN,NaN,NaN,NaN,NaN
SimpleBaseline,100,burst_onsets,14,0.392974762032215,0.351681154666229,0.132964613749103,0.404786985056571,0.472246577536212,0.0414284751796542,0.0399998706852233,0.00440695345433609,0.276984068746337,0.268499384771865,0.1,0.6,0.4,1.3,0.1,,,NaN,NaN,NaN,NaN,NaN,NaN,NaN,NaN,NaN,NaN,NaN,NaN,NaN,NaN
SimpleBaseline,100,burst_onsets,14,0.391117620205046,0.338998037803333,0.132972784895175,0.423665876190449,0.443513511682694,0.0428570452971394,0.0400001429356304,0.00843248542844799,0.26010889364568,0.241925340037654,0.1,0.6,0.4,1.3,0.15,,,NaN,NaN,NaN,NaN,NaN,NaN,NaN,NaN,NaN,NaN,NaN,NaN,NaN,NaN
SimpleBaseline,100,burst_onsets,14,0.336847013115571,0.301145940122674,0.136649901266132,0.346135778326662,0.444293527278194,0.0457142202727054,0.0400002022447069,-0.00641349298453345,0.24001677390319,0.235717847846726,0.1,0.6,0.4,1.4,0.03,,,NaN,NaN,NaN,NaN,NaN,NaN,NaN,NaN,NaN,NaN,NaN,NaN,NaN,NaN
SimpleBaseline,100,burst_onsets,14,0.361046573522089,0.309223260119498,0.128233329155304,0.380766651289123,0.440285437225979,0.0435713556918788,0.0400002022447069,-0.00188388107226709,0.248210363422521,0.233395443897731,0.1,0.6,0.4,1.4,0.05,,,NaN,NaN,NaN,NaN,NaN,NaN,NaN,NaN,NaN,NaN,NaN,NaN,NaN,NaN
SimpleBaseline,100,burst_onsets,14,0.378598462980404,0.331228710020562,0.122164982309311,0.416279462456332,0.429204436774678,0.0414284883604324,0.0400001429356304,0.00415372801407852,0.251508619289176,0.232302559273639,0.1,0.6,0.4,1.4,0.08,,,NaN,NaN,NaN,NaN,NaN,NaN,NaN,NaN,NaN,NaN,NaN,NaN,NaN,NaN
SimpleBaseline,100,burst_onsets,14,0.379619113554547,0.331119388225987,0.122361662913859,0.419574667075742,0.427684380266362,0.0410713409182371,0.0399998429251949,0.00468072914640862,0.252267596630389,0.230706297320676,0.1,0.6,0.4,1.4,0.1,,,NaN,NaN,NaN,NaN,NaN,NaN,NaN,NaN,NaN,NaN,NaN,NaN,NaN,NaN
SimpleBaseline,100,burst_onsets,14,0.376671901110695,0.323754517294786,0.124167268836895,0.437494535931888,0.403032957079575,0.0421427649377512,0.0400001429356304,0.00843707447289194,0.237484810939041,0.215940492470413,0.1,0.6,0.4,1.4,0.15,,,NaN,NaN,NaN,NaN,NaN,NaN,NaN,NaN,NaN,NaN,NaN,NaN,NaN,NaN
SimpleBaseline,100,burst_onsets,14,0.240790920879427,0.225875693254835,0.1383829436984,0.149565082062272,0.917528786767161,0.0539284926758032,0.0549996420253328,-0.0302237302207554,0.429737110689875,0.440025209764889,0.1,0.7,0.3,0.4,0.03,,,NaN,NaN,NaN,NaN,NaN,NaN,NaN,NaN,NaN,NaN,NaN,NaN,NaN,NaN
SimpleBaseline,100,burst_onsets,14,0.271223631541744,0.255608583309948,0.141112566322239,0.170818547899772,0.912559850383672,0.0453570553822613,0.0424998326074886,-0.0215013784065008,0.479346156021925,0.467768973562071,0.1,0.7,0.3,0.4,0.05,,,NaN,NaN,NaN,NaN,NaN,NaN,NaN,NaN,NaN,NaN,NaN,NaN,NaN,NaN
SimpleBaseline,100,burst_onsets,14,0.305760526302401,0.264447244730777,0.145618023875461,0.198027170519802,0.893747420971512,0.0399999144639075,0.0399999976875287,-0.00925973340774419,0.511184800356826,0.507688761276972,0.1,0.7,0.3,0.4,0.08,,,NaN,NaN,NaN,NaN,NaN,NaN,NaN,NaN,NaN,NaN,NaN,NaN,NaN,NaN
SimpleBaseline,100,burst_onsets,14,0.307773644902548,0.266088949889032,0.145444990129974,0.199885587148172,0.889016382598416,0.0399999144639075,0.0399999976875287,-0.0080590685087683,0.509447059084955,0.503306665085266,0.1,0.7,0.3,0.4,0.1,,,NaN,NaN,NaN,NaN,NaN,NaN,NaN,NaN,NaN,NaN,NaN,NaN,NaN,NaN
SimpleBaseline,100,burst_onsets,14,0.319049166926224,0.29158237255246,0.144198879058366,0.215641548460287,0.806301090902075,0.0417856161161052,0.0400001429356304,0.000716282006538996,0.454492759655686,0.479345530604803,0.1,0.7,0.3,0.4,0.15,,,NaN,NaN,NaN,NaN,NaN,NaN,NaN,NaN,NaN,NaN,NaN,NaN,NaN,NaN
SimpleBaseline,100,burst_onsets,14,0.257926255891806,0.243720966853004,0.141931349652685,0.163711329463645,0.895075639070797,0.0524999293761775,0.0499997059841011,-0.0272311586123174,0.429924975797956,0.45052817896685,0.1,0.7,0.3,0.5,0.03,,,NaN,NaN,NaN,NaN,NaN,NaN,NaN,NaN,NaN,NaN,NaN,NaN,NaN,NaN
SimpleBaseline,100,burst_onsets,14,0.288569563776635,0.273135530044546,0.144033202256087,0.185919246944831,0.889636531617335,0.043928482209156,0.0400002022447069,-0.0189823335902783,0.473756787307906,0.478896753079048,0.1,0.7,0.3,0.5,0.05,,,NaN,NaN,NaN,NaN,NaN,NaN,NaN,NaN,NaN,NaN,NaN,NaN,NaN,NaN
SimpleBaseline,100,burst_onsets,14,0.321084567480707,0.294054155815632,0.146656313919616,0.212669034904984,0.867802383176371,0.0399999125428517,0.0399999976875287,-0.00788491506942452,0.496125494290643,0.493762571333497,0.1,0.7,0.3,0.5,0.08,,,NaN,NaN,NaN,NaN,NaN,NaN,NaN,NaN,NaN,NaN,NaN,NaN,NaN,NaN
SimpleBaseline,100,burst_onsets,14,0.322939402959073,0.298836789510166,0.146664300828617,0.214472952463315,0.863185807484583,0.0399999125428517,0.0399999976875287,-0.00672273898812908,0.49449880560116,0.488752871985683,0.1,0.7,0.3,0.5,0.1,,,NaN,NaN,NaN,NaN,NaN,NaN,NaN,NaN,NaN,NaN,NaN,NaN,NaN,NaN
SimpleBaseline,100,burst_onsets,14,0.33293770607932,0.322176106517992,0.144603434504796,0.229714726109355,0.788928126007759,0.0417856141950494,0.0400001429356304,0.0014018555991135,0.446124471505701,0.46333172181902,0.1,0.7,0.3,0.5,0.15,,,NaN,NaN,NaN,NaN,NaN,NaN,NaN,NaN,NaN,NaN,NaN,NaN,NaN,NaN
SimpleBaseline,100,burst_onsets,14,0.276375939018618,0.265325167909542,0.147345916682676,0.180367495997267,0.863377928107711,0.0521427809868919,0.0499997059841011,-0.0251470582513972,0.419573215186811,0.440958355615522,0.1,0.7,0.3,0.6,0.03,,,NaN,NaN,NaN,NaN,NaN,NaN,NaN,NaN,NaN,NaN,NaN,NaN,NaN,NaN
SimpleBaseline,100,burst_onsets,14,0.307133750962973,0.292822915603878,0.147829215694921,0.203766210809783,0.857058544377655,0.0442856223888501,0.0400002022447069,-0.0173367279090102,0.458165586453886,0.465579364655954,0.1,0.7,0.3,0.6,0.05,,,NaN,NaN,NaN,NaN,NaN,NaN,NaN,NaN,NaN,NaN,NaN,NaN,NaN,NaN
SimpleBaseline,100,burst_onsets,14,0.338180159877503,0.329843344268452,0.147466549422856,0.230613632893421,0.835859928546157,0.0403570527225458,0.0399999976875287,-0.0067483883136155,0.477455137710457,0.479549589720169,0.1,0.7,0.3,0.6,0.08,,,NaN,NaN,NaN,NaN,NaN,NaN,NaN,NaN,NaN,NaN,NaN,NaN,NaN,NaN
SimpleBaseline,100,burst_onsets,14,0.340124051097062,0.334038502957161,0.147663259595134,0.232613103836106,0.832034275169565,0.0403570527225458,0.0399999976875287,-0.00567077420157569,0.47701789017361,0.477130626554056,0.1,0.7,0.3,0.6,0.1,,,NaN,NaN,NaN,NaN,NaN,NaN,NaN,NaN,NaN,NaN,NaN,NaN,NaN,NaN
SimpleBaseline,100,burst_onsets,14,0.349234917977102,0.352113793953641,0.146592179171221,0.247938780542251,0.765193920010092,0.0421427543747435,0.0400001429356304,0.00180179609264752,0.432845390410278,0.450181692710779,0.1,0.7,0.3,0.6,0.15,,,NaN,NaN,NaN,NaN,NaN,NaN,NaN,NaN,NaN,NaN,NaN,NaN,NaN,NaN
SimpleBaseline,100,burst_onsets,14,0.294560158185036,0.292615214435563,0.150959606220372,0.19851973432016,0.830182834854116,0.0507142179587747,0.0449998004179567,-0.0228724256167189,0.412150236206567,0.426723982675322,0.1,0.7,0.3,0.7,0.03,,,NaN,NaN,NaN,NaN,NaN,NaN,NaN,NaN,NaN,NaN,NaN,NaN,NaN,NaN
SimpleBaseline,100,burst_onsets,14,0.324839685153379,0.325664830841857,0.149466165146346,0.222892214775942,0.820864526055704,0.0442856223888501,0.0400002022447069,-0.0158031525925323,0.443577626976639,0.455109210684649,0.1,0.7,0.3,0.7,0.05,,,NaN,NaN,NaN,NaN,NaN,NaN,NaN,NaN,NaN,NaN,NaN,NaN,NaN,NaN
SimpleBaseline,100,burst_onsets,14,0.35473806832682,0.354765067458457,0.147932846327855,0.250284997487686,0.800015829696575,0.0407141929022399,0.0399999976875287,-0.00552013421477165,0.457136122031338,0.463145999490716,0.1,0.7,0.3,0.7,0.08,,,NaN,NaN,NaN,NaN,NaN,NaN,NaN,NaN,NaN,NaN,NaN,NaN,NaN,NaN
SimpleBaseline,100,burst_onsets,14,0.356493255411263,0.356160915079243,0.148063120913347,0.252266487485983,0.796200766399196,0.0407141929022399,0.0399999976875287,-0.00443197579178785,0.45753434535596,0.459606303103243,0.1,0.7,0.3,0.7,0.1,,,NaN,NaN,NaN,NaN,NaN,NaN,NaN,NaN,NaN,NaN,NaN,NaN,NaN,NaN
SimpleBaseline,100,burst_onsets,14,0.364404173346238,0.371096165739023,0.146127701879256,0.267663072396952,0.736493318307,0.0421427543747435,0.0400001429356304,0.00230503649790873,0.417788232554966,0.432832329750217,0.1,0.7,0.3,0.7,0.15,,,NaN,NaN,NaN,NaN,NaN,NaN,NaN,NaN,NaN,NaN,NaN,NaN,NaN,NaN
SimpleBaseline,100,burst_onsets,14,0.3127912895723,0.310862266622994,0.154880136539486,0.219159518998784,0.792638080528245,0.0492856485028537,0.0449998004179567,-0.0197275736532054,0.399992582123878,0.409438529288377,0.1,0.7,0.3,0.8,0.03,,,NaN,NaN,NaN,NaN,NaN,NaN,NaN,NaN,NaN,NaN,NaN,NaN,NaN,NaN
SimpleBaseline,100,burst_onsets,14,0.342477364525098,0.350353982300885,0.151795722556289,0.244453799146572,0.783696625209795,0.042857061250795,0.0400002022447069,-0.0130368708158234,0.426700259474766,0.434619936464619,0.1,0.7,0.3,0.8,0.05,,,NaN,NaN,NaN,NaN,NaN,NaN,NaN,NaN,NaN,NaN,NaN,NaN,NaN,NaN
SimpleBaseline,100,burst_onsets,14,0.370002316327917,0.388375677811598,0.147992621149716,0.27156682675633,0.762323073214729,0.0414284777974247,0.0400001429356304,-0.00402782591285697,0.436983708562665,0.435023376557179,0.1,0.7,0.3,0.8,0.08,,,NaN,NaN,NaN,NaN,NaN,NaN,NaN,NaN,NaN,NaN,NaN,NaN,NaN,NaN
SimpleBaseline,100,burst_onsets,14,0.371656674226188,0.390955687830688,0.148284927694082,0.273528011692687,0.75889672616223,0.0414284777974247,0.0400001429356304,-0.00338151097830462,0.436373760792527,0.432447866391856,0.1,0.7,0.3,0.8,0.1,,,NaN,NaN,NaN,NaN,NaN,NaN,NaN,NaN,NaN,NaN,NaN,NaN,NaN,NaN
SimpleBaseline,100,burst_onsets,14,0.378157411598914,0.399529132531965,0.145746948113995,0.289318898595877,0.704021994593708,0.0417856141950494,0.0400001429356304,0.00292699428848744,0.400090112253602,0.408187311205905,0.1,0.7,0.3,0.8,0.15,,,NaN,NaN,NaN,NaN,NaN,NaN,NaN,NaN,NaN,NaN,NaN,NaN,NaN,NaN
SimpleBaseline,100,burst_onsets,14,0.328016231187957,0.322100074619807,0.154990009247706,0.239978109502911,0.747452196603453,0.0474999368614501,0.0449998004179567,-0.0178790716874607,0.382492639882773,0.388440934700894,0.1,0.7,0.3,0.9,0.03,,,NaN,NaN,NaN,NaN,NaN,NaN,NaN,NaN,NaN,NaN,NaN,NaN,NaN,NaN
SimpleBaseline,100,burst_onsets,14,0.357958150286432,0.383779592723868,0.150745534862426,0.26696516884398,0.739355919739484,0.0421427736289056,0.0400002022447069,-0.0115733312947084,0.404068108120394,0.417971283630656,0.1,0.7,0.3,0.9,0.05,,,NaN,NaN,NaN,NaN,NaN,NaN,NaN,NaN,NaN,NaN,NaN,NaN,NaN,NaN
SimpleBaseline,100,burst_onsets,14,0.383557296167227,0.424007655149356,0.146472238629366,0.294381033742221,0.717077461537099,0.0407141974380365,0.0400001429356304,-0.00339108055785778,0.412101059909268,0.40840845759554,0.1,0.7,0.3,0.9,0.08,,,NaN,NaN,NaN,NaN,NaN,NaN,NaN,NaN,NaN,NaN,NaN,NaN,NaN,NaN
SimpleBaseline,100,burst_onsets,14,0.38497774005603,0.427281339940229,0.146920295119024,0.296388569795873,0.713604857585886,0.0407141974380365,0.0400001429356304,-0.00276119631866608,0.411187046413498,0.405424586529397,0.1,0.7,0.3,0.9,0.1,,,NaN,NaN,NaN,NaN,NaN,NaN,NaN,NaN,NaN,NaN,NaN,NaN,NaN,NaN
SimpleBaseline,100,burst_onsets,14,0.390243317050668,0.431507818024672,0.14451496976632,0.312596370120867,0.665858436625391,0.0414284740153553,0.0400001429356304,0.00325066967742494,0.379629102162096,0.383307087406884,0.1,0.7,0.3,0.9,0.15,,,NaN,NaN,NaN,NaN,NaN,NaN,NaN,NaN,NaN,NaN,NaN,NaN,NaN,NaN
SimpleBaseline,100,burst_onsets,14,0.342978675638827,0.33171791147872,0.15760885382493,0.262243258168,0.70111554429557,0.0464285081127764,0.0400002022447069,-0.0160639435936348,0.363978692714181,0.358791362005552,0.1,0.7,0.3,1,0.03,,,NaN,NaN,NaN,NaN,NaN,NaN,NaN,NaN,NaN,NaN,NaN,NaN,NaN,NaN
SimpleBaseline,100,burst_onsets,14,0.372691965419045,0.408357260049221,0.151716606890061,0.290854079780344,0.694563249832244,0.0435713493302192,0.0400002022447069,-0.0100024427809409,0.381369723105261,0.389568850198061,0.1,0.7,0.3,1,0.05,,,NaN,NaN,NaN,NaN,NaN,NaN,NaN,NaN,NaN,NaN,NaN,NaN,NaN,NaN
SimpleBaseline,100,burst_onsets,14,0.395851845665096,0.446541231992052,0.147194507442385,0.318445007571456,0.672206693346548,0.0403570499958412,0.0399999603470501,-0.00227332129737992,0.388378425293146,0.378913126861176,0.1,0.7,0.3,1,0.08,,,NaN,NaN,NaN,NaN,NaN,NaN,NaN,NaN,NaN,NaN,NaN,NaN,NaN,NaN
SimpleBaseline,100,burst_onsets,14,0.397088567339604,0.447004132231405,0.147787319595731,0.320484617708898,0.668948268020309,0.0399999075482488,0.0399999603470501,-0.00170872076249071,0.387447505071943,0.373201195695782,0.1,0.7,0.3,1,0.1,,,NaN,NaN,NaN,NaN,NaN,NaN,NaN,NaN,NaN,NaN,NaN,NaN,NaN,NaN
SimpleBaseline,100,burst_onsets,14,0.400369599033623,0.437221187117381,0.145832809270193,0.336216971432682,0.626136274823218,0.0414284740153553,0.0400001429356304,0.00331346819406147,0.358579918164409,0.356798625087699,0.1,0.7,0.3,1,0.15,,,NaN,NaN,NaN,NaN,NaN,NaN,NaN,NaN,NaN,NaN,NaN,NaN,NaN,NaN
SimpleBaseline,100,burst_onsets,14,0.349613219907325,0.341339220956525,0.152808135277598,0.281361373011402,0.650504904235247,0.0453570669572815,0.0400002022447069,-0.0132032408472106,0.346862588982628,0.370409136913626,0.1,0.7,0.3,1.1,0.03,,,NaN,NaN,NaN,NaN,NaN,NaN,NaN,NaN,NaN,NaN,NaN,NaN,NaN,NaN
SimpleBaseline,100,burst_onsets,14,0.378641092642984,0.411372374362033,0.146151058694257,0.31130601340236,0.64529789846678,0.0424999100647864,0.0400002022447069,-0.00783945862257087,0.36000886641533,0.36842491413093,0.1,0.7,0.3,1.1,0.05,,,NaN,NaN,NaN,NaN,NaN,NaN,NaN,NaN,NaN,NaN,NaN,NaN,NaN,NaN
SimpleBaseline,100,burst_onsets,14,0.400708387609131,0.426128870792303,0.142044802333124,0.340054803572836,0.625588633150235,0.0403570499958412,0.0399999603470501,-0.000440047434192548,0.36338260275208,0.353944048829227,0.1,0.7,0.3,1.1,0.08,,,NaN,NaN,NaN,NaN,NaN,NaN,NaN,NaN,NaN,NaN,NaN,NaN,NaN,NaN
SimpleBaseline,100,burst_onsets,14,0.401851750919331,0.427070039060989,0.142578252756095,0.342209361471568,0.622902235014239,0.0396427651006564,0.0399999167898705,4.22742788411621e-05,0.361708209439019,0.35016435447341,0.1,0.7,0.3,1.1,0.1,,,NaN,NaN,NaN,NaN,NaN,NaN,NaN,NaN,NaN,NaN,NaN,NaN,NaN,NaN
SimpleBaseline,100,burst_onsets,14,0.402759364439369,0.42191033574393,0.140919309790389,0.357384605920408,0.582054926823269,0.042142762584335,0.0400002022447069,0.00499795895528952,0.334435027800062,0.329900341997469,0.1,0.7,0.3,1.1,0.15,,,NaN,NaN,NaN,NaN,NaN,NaN,NaN,NaN,NaN,NaN,NaN,NaN,NaN,NaN
SimpleBaseline,100,burst_onsets,14,0.35720594751641,0.336266477002039,0.154277100035905,0.304361137333869,0.599565439119739,0.0435713691471954,0.0400000196561265,-0.012107949264295,0.322099083902657,0.35036914396688,0.1,0.7,0.3,1.2,0.03,,,NaN,NaN,NaN,NaN,NaN,NaN,NaN,NaN,NaN,NaN,NaN,NaN,NaN,NaN
SimpleBaseline,100,burst_onsets,14,0.384592999327151,0.386717221135029,0.146597744767566,0.33490130657897,0.594513392455291,0.0417856372913231,0.0400001005537847,-0.00707249401704111,0.332712803411255,0.35270677240165,0.1,0.7,0.3,1.2,0.05,,,NaN,NaN,NaN,NaN,NaN,NaN,NaN,NaN,NaN,NaN,NaN,NaN,NaN,NaN
SimpleBaseline,100,burst_onsets,14,0.405954986339352,0.400533758104181,0.142218840563156,0.365643275386177,0.576759386466932,0.0399999163849633,0.0399999167898705,0.000205291074866139,0.335399376219125,0.34013847456078,0.1,0.7,0.3,1.2,0.08,,,NaN,NaN,NaN,NaN,NaN,NaN,NaN,NaN,NaN,NaN,NaN,NaN,NaN,NaN
SimpleBaseline,100,burst_onsets,14,0.407148438819777,0.401471248876909,0.142382067035543,0.368263096810831,0.574213988716398,0.040714204953943,0.0399999976875287,0.000597226409684718,0.333527049295579,0.334947220829166,0.1,0.7,0.3,1.2,0.1,,,NaN,NaN,NaN,NaN,NaN,NaN,NaN,NaN,NaN,NaN,NaN,NaN,NaN,NaN
SimpleBaseline,100,burst_onsets,14,0.405441177067393,0.393165024630542,0.140423558174575,0.382111855723863,0.53853633151482,0.0417856262467525,0.0400001005537847,0.00511439888062057,0.310835729985145,0.317460889356232,0.1,0.7,0.3,1.2,0.15,,,NaN,NaN,NaN,NaN,NaN,NaN,NaN,NaN,NaN,NaN,NaN,NaN,NaN,NaN
SimpleBaseline,100,burst_onsets,14,0.363699149206079,0.346012570507655,0.152713736869141,0.327894709969658,0.557937227506839,0.0449999321753125,0.0400001005537847,-0.0108895768075465,0.300417757942032,0.32819133586172,0.1,0.7,0.3,1.3,0.03,,,NaN,NaN,NaN,NaN,NaN,NaN,NaN,NaN,NaN,NaN,NaN,NaN,NaN,NaN
SimpleBaseline,100,burst_onsets,14,0.39102135114309,0.373956780094808,0.145100132230812,0.360714029728095,0.55409125615507,0.0421427737272039,0.0400001005537847,-0.00578401683094413,0.311285083877578,0.324502813102776,0.1,0.7,0.3,1.3,0.05,,,NaN,NaN,NaN,NaN,NaN,NaN,NaN,NaN,NaN,NaN,NaN,NaN,NaN,NaN
SimpleBaseline,100,burst_onsets,14,0.410595031445721,0.383976876899133,0.139793043550851,0.392525208199686,0.538849577266458,0.0399999163849633,0.0399999167898705,0.00108433329769795,0.313194630474118,0.31548642726676,0.1,0.7,0.3,1.3,0.08,,,NaN,NaN,NaN,NaN,NaN,NaN,NaN,NaN,NaN,NaN,NaN,NaN,NaN,NaN
SimpleBaseline,100,burst_onsets,14,0.411051540266288,0.384025259313738,0.140349802896099,0.394552811644028,0.535951746239389,0.0399999163849633,0.0399999167898705,0.00129881830986834,0.311486927842272,0.311388070836914,0.1,0.7,0.3,1.3,0.1,,,NaN,NaN,NaN,NaN,NaN,NaN,NaN,NaN,NaN,NaN,NaN,NaN,NaN,NaN
SimpleBaseline,100,burst_onsets,14,0.408064741122893,0.377296633215079,0.139694046736723,0.408535357996111,0.502990119787803,0.0421427664264466,0.0400001005537847,0.00550083976769234,0.290673675849071,0.29344542555564,0.1,0.7,0.3,1.3,0.15,,,NaN,NaN,NaN,NaN,NaN,NaN,NaN,NaN,NaN,NaN,NaN,NaN,NaN,NaN
SimpleBaseline,100,burst_onsets,14,0.363733433244409,0.346259338954407,0.148707517378502,0.346865806094893,0.512189094118748,0.043928504373729,0.0400001005537847,-0.00818090858046015,0.278033628045699,0.294211020684689,0.1,0.7,0.3,1.4,0.03,,,NaN,NaN,NaN,NaN,NaN,NaN,NaN,NaN,NaN,NaN,NaN,NaN,NaN,NaN
SimpleBaseline,100,burst_onsets,14,0.38848065245836,0.354231055431098,0.142247568906135,0.379589696112942,0.508020801178748,0.0424999246880872,0.0400001005537847,-0.00361231440127863,0.287738667263575,0.291068945167998,0.1,0.7,0.3,1.4,0.05,,,NaN,NaN,NaN,NaN,NaN,NaN,NaN,NaN,NaN,NaN,NaN,NaN,NaN,NaN
SimpleBaseline,100,burst_onsets,14,0.405862418025555,0.364687432259663,0.138350434028661,0.412150240180432,0.49386509151707,0.040357062859798,0.0399999603470501,0.00237747737338383,0.28767024539235,0.286014309233629,0.1,0.7,0.3,1.4,0.08,,,NaN,NaN,NaN,NaN,NaN,NaN,NaN,NaN,NaN,NaN,NaN,NaN,NaN,NaN
SimpleBaseline,100,burst_onsets,14,0.406607254932429,0.3633964357286,0.13917612141454,0.414657945343538,0.491870561538767,0.040357062859798,0.0399999603470501,0.00254668558240001,0.286271251857107,0.283145459451011,0.1,0.7,0.3,1.4,0.1,,,NaN,NaN,NaN,NaN,NaN,NaN,NaN,NaN,NaN,NaN,NaN,NaN,NaN,NaN
SimpleBaseline,100,burst_onsets,14,0.402337565814476,0.356623941184366,0.140978141548759,0.428867329895616,0.462505613720546,0.0414284813761549,0.0399999603470501,0.00608139356684667,0.268479753141586,0.263873180100905,0.1,0.7,0.3,1.4,0.15,,,NaN,NaN,NaN,NaN,NaN,NaN,NaN,NaN,NaN,NaN,NaN,NaN,NaN,NaN
SimpleBaseline,100,burst_onsets,14,0.225011428291753,0.207847146176504,0.133814395517552,0.137668544941339,0.929381738158859,0.053571358618513,0.0549996420253328,-0.0332034587913186,0.428514739239838,0.428906168561923,0.1,0.8,0.2,0.4,0.03,,,NaN,NaN,NaN,NaN,NaN,NaN,NaN,NaN,NaN,NaN,NaN,NaN,NaN,NaN
SimpleBaseline,100,burst_onsets,14,0.255215649366427,0.236749404253132,0.137817430423723,0.158195192033143,0.924268663022541,0.0446427810487247,0.0425002122361357,-0.0243841608137739,0.48224740499851,0.475643688931908,0.1,0.8,0.2,0.4,0.05,,,NaN,NaN,NaN,NaN,NaN,NaN,NaN,NaN,NaN,NaN,NaN,NaN,NaN,NaN
SimpleBaseline,100,burst_onsets,14,0.291128708253531,0.240324497801022,0.144794544407497,0.185537193432898,0.906463949199853,0.0392856360255751,0.0399999167898705,-0.0114381653756445,0.516912696256326,0.510702120250425,0.1,0.8,0.2,0.4,0.08,,,NaN,NaN,NaN,NaN,NaN,NaN,NaN,NaN,NaN,NaN,NaN,NaN,NaN,NaN
SimpleBaseline,100,burst_onsets,14,0.29296642688245,0.242177268209031,0.144444252264335,0.187273890056945,0.900822024034607,0.0399999125428517,0.0399999976875287,-0.0099793929483802,0.516636729901164,0.505765200348455,0.1,0.8,0.2,0.4,0.1,,,NaN,NaN,NaN,NaN,NaN,NaN,NaN,NaN,NaN,NaN,NaN,NaN,NaN,NaN
SimpleBaseline,100,burst_onsets,14,0.306031471677557,0.26323433232024,0.142184405701305,0.203744770742668,0.817966574922838,0.042142762584335,0.0400002022447069,-0.000149225270480168,0.462989895685998,0.48420839944787,0.1,0.8,0.2,0.4,0.15,,,NaN,NaN,NaN,NaN,NaN,NaN,NaN,NaN,NaN,NaN,NaN,NaN,NaN,NaN
SimpleBaseline,100,burst_onsets,14,0.241313345782711,0.224093312701807,0.138310740933178,0.150352752336217,0.914663125537098,0.052142797480458,0.0499997059841011,-0.0305062223027718,0.43097784779361,0.442604888154677,0.1,0.8,0.2,0.5,0.03,,,NaN,NaN,NaN,NaN,NaN,NaN,NaN,NaN,NaN,NaN,NaN,NaN,NaN,NaN
SimpleBaseline,100,burst_onsets,14,0.271091714902051,0.252712799155316,0.141288956962356,0.171131653787854,0.908960873466546,0.0435713519629837,0.0400002022447069,-0.0219179720905907,0.479079423470215,0.468506384532746,0.1,0.8,0.2,0.5,0.05,,,NaN,NaN,NaN,NaN,NaN,NaN,NaN,NaN,NaN,NaN,NaN,NaN,NaN,NaN
SimpleBaseline,100,burst_onsets,14,0.30469405564664,0.262890098851677,0.145499798237411,0.197459770253841,0.889968017774996,0.0392856360255751,0.0399999167898705,-0.00976886172991004,0.511511810588816,0.503240479631054,0.1,0.8,0.2,0.5,0.08,,,NaN,NaN,NaN,NaN,NaN,NaN,NaN,NaN,NaN,NaN,NaN,NaN,NaN,NaN
SimpleBaseline,100,burst_onsets,14,0.306264820236026,0.264340773707411,0.144968059188456,0.19900367338807,0.884917111982698,0.0392856360255751,0.0399999167898705,-0.00866010689245126,0.509455256751645,0.498515936991055,0.1,0.8,0.2,0.5,0.1,,,NaN,NaN,NaN,NaN,NaN,NaN,NaN,NaN,NaN,NaN,NaN,NaN,NaN,NaN
SimpleBaseline,100,burst_onsets,14,0.316538658840589,0.283167495854063,0.143216464884671,0.213926116458417,0.801400142734521,0.0414284860670584,0.0400001005537847,0.000179802235071821,0.454360836078449,0.473172128509157,0.1,0.8,0.2,0.5,0.15,,,NaN,NaN,NaN,NaN,NaN,NaN,NaN,NaN,NaN,NaN,NaN,NaN,NaN,NaN
SimpleBaseline,100,burst_onsets,14,0.259065492336391,0.24233872331431,0.142663843175236,0.164929403784831,0.893704935950756,0.0514285126792068,0.0499997059841011,-0.027387046813466,0.432029850108669,0.444130568838135,0.1,0.8,0.2,0.6,0.03,,,NaN,NaN,NaN,NaN,NaN,NaN,NaN,NaN,NaN,NaN,NaN,NaN,NaN,NaN
SimpleBaseline,100,burst_onsets,14,0.288382178209933,0.269893321015459,0.145105446984801,0.186189319750889,0.886579498805135,0.0435713519629837,0.0400002022447069,-0.0193822215118165,0.474226566961885,0.474935001768769,0.1,0.8,0.2,0.6,0.05,,,NaN,NaN,NaN,NaN,NaN,NaN,NaN,NaN,NaN,NaN,NaN,NaN,NaN,NaN
SimpleBaseline,100,burst_onsets,14,0.319548193918173,0.292299998829023,0.146696326045173,0.211588233174953,0.866604096803145,0.0392856360255751,0.0399999167898705,-0.00839520290344212,0.498831985448717,0.488834339932051,0.1,0.8,0.2,0.6,0.08,,,NaN,NaN,NaN,NaN,NaN,NaN,NaN,NaN,NaN,NaN,NaN,NaN,NaN,NaN
SimpleBaseline,100,burst_onsets,14,0.321078317886626,0.297803948696229,0.146219246168399,0.213162579564171,0.861685142447218,0.0392856360255751,0.0399999167898705,-0.007277792237089,0.497198439153528,0.484856538028294,0.1,0.8,0.2,0.6,0.1,,,NaN,NaN,NaN,NaN,NaN,NaN,NaN,NaN,NaN,NaN,NaN,NaN,NaN,NaN
SimpleBaseline,100,burst_onsets,14,0.330300655764244,0.312815470337594,0.145226954221903,0.227505100748278,0.786143319898252,0.0414284860670584,0.0400001005537847,0.000523319330329854,0.446308622984245,0.458527712435137,0.1,0.8,0.2,0.6,0.15,,,NaN,NaN,NaN,NaN,NaN,NaN,NaN,NaN,NaN,NaN,NaN,NaN,NaN,NaN
SimpleBaseline,100,burst_onsets,14,0.27976190648234,0.266820513415205,0.148798789490825,0.182884011132245,0.87195313172606,0.0499999475329083,0.045000148091219,-0.0248774646861496,0.430379264460309,0.443088551285697,0.1,0.8,0.2,0.7,0.03,,,NaN,NaN,NaN,NaN,NaN,NaN,NaN,NaN,NaN,NaN,NaN,NaN,NaN,NaN
SimpleBaseline,100,burst_onsets,14,0.309089131625794,0.294123022867604,0.15004962723433,0.20510667951437,0.863175374090114,0.0428570655121853,0.0400001005537847,-0.0172763164359297,0.465665359187074,0.468994634657709,0.1,0.8,0.2,0.7,0.05,,,NaN,NaN,NaN,NaN,NaN,NaN,NaN,NaN,NaN,NaN,NaN,NaN,NaN,NaN
SimpleBaseline,100,burst_onsets,14,0.338610503534952,0.324953071947877,0.150159507543658,0.230362205217373,0.84119856671263,0.0392856360255751,0.0399999167898705,-0.00690070425233364,0.482886953672329,0.479306833935514,0.1,0.8,0.2,0.7,0.08,,,NaN,NaN,NaN,NaN,NaN,NaN,NaN,NaN,NaN,NaN,NaN,NaN,NaN,NaN
SimpleBaseline,100,burst_onsets,14,0.340172156067002,0.327870877744165,0.150376201733991,0.232004729914618,0.837160347603885,0.0392856360255751,0.0399999167898705,-0.00596099548422424,0.481636106124703,0.477420037691784,0.1,0.8,0.2,0.7,0.1,,,NaN,NaN,NaN,NaN,NaN,NaN,NaN,NaN,NaN,NaN,NaN,NaN,NaN,NaN
SimpleBaseline,100,burst_onsets,14,0.348884560135424,0.346317051796504,0.1487661906278,0.246551334681089,0.771224452030057,0.0414284860670584,0.0400001005537847,0.00102801185181969,0.438253081042839,0.449349635658798,0.1,0.8,0.2,0.7,0.15,,,NaN,NaN,NaN,NaN,NaN,NaN,NaN,NaN,NaN,NaN,NaN,NaN,NaN,NaN
SimpleBaseline,100,burst_onsets,14,0.296042401574933,0.294067513797972,0.150198088154873,0.199374826933267,0.835723345398638,0.0485713761869251,0.0400001429356304,-0.0225314840723505,0.419515692934778,0.424523593319323,0.1,0.8,0.2,0.8,0.03,,,NaN,NaN,NaN,NaN,NaN,NaN,NaN,NaN,NaN,NaN,NaN,NaN,NaN,NaN
SimpleBaseline,100,burst_onsets,14,0.325370226024718,0.325459813312262,0.150629574304529,0.222777445710834,0.827092172152269,0.0421427889348665,0.0400001005537847,-0.0156817467998884,0.449128656990202,0.450089171062792,0.1,0.8,0.2,0.8,0.05,,,NaN,NaN,NaN,NaN,NaN,NaN,NaN,NaN,NaN,NaN,NaN,NaN,NaN,NaN
SimpleBaseline,100,burst_onsets,14,0.352223664985761,0.348566112170842,0.149163253876826,0.247386694659004,0.803072768933621,0.0392856360255751,0.0399999167898705,-0.00594616234277921,0.46172705567227,0.457317162054997,0.1,0.8,0.2,0.8,0.08,,,NaN,NaN,NaN,NaN,NaN,NaN,NaN,NaN,NaN,NaN,NaN,NaN,NaN,NaN
SimpleBaseline,100,burst_onsets,14,0.353797904501414,0.350998004635435,0.149626006973095,0.249085080308228,0.799843194805167,0.0392856360255751,0.0399999167898705,-0.00502941789570185,0.460450052290382,0.454676163426154,0.1,0.8,0.2,0.8,0.1,,,NaN,NaN,NaN,NaN,NaN,NaN,NaN,NaN,NaN,NaN,NaN,NaN,NaN,NaN
SimpleBaseline,100,burst_onsets,14,0.361830037046994,0.364492679750757,0.147899992563589,0.263909021243321,0.742190527417286,0.0414284860670584,0.0400001005537847,0.00142442467268458,0.422691700028902,0.422636787663667,0.1,0.8,0.2,0.8,0.15,,,NaN,NaN,NaN,NaN,NaN,NaN,NaN,NaN,NaN,NaN,NaN,NaN,NaN,NaN
SimpleBaseline,100,burst_onsets,14,0.313129297646069,0.32078666682604,0.152203794139296,0.218854711636593,0.797994501830522,0.0478570915661467,0.0449998004179567,-0.0200976061341252,0.406283003717493,0.413223944323006,0.1,0.8,0.2,0.9,0.03,,,NaN,NaN,NaN,NaN,NaN,NaN,NaN,NaN,NaN,NaN,NaN,NaN,NaN,NaN
SimpleBaseline,100,burst_onsets,14,0.341339781372708,0.353619649219549,0.151325569867329,0.242670983371999,0.788360128471202,0.0421427808914068,0.0400002022447069,-0.0137314412178342,0.431782539187717,0.436212462124436,0.1,0.8,0.2,0.9,0.05,,,NaN,NaN,NaN,NaN,NaN,NaN,NaN,NaN,NaN,NaN,NaN,NaN,NaN,NaN
SimpleBaseline,100,burst_onsets,14,0.366071764351575,0.381543826746221,0.149394382782792,0.266938553193662,0.764813294994208,0.0396427651006564,0.0399999167898705,-0.0049636568570594,0.441854413360931,0.438705961379546,0.1,0.8,0.2,0.9,0.08,,,NaN,NaN,NaN,NaN,NaN,NaN,NaN,NaN,NaN,NaN,NaN,NaN,NaN,NaN
SimpleBaseline,100,burst_onsets,14,0.367557702587448,0.384439852897223,0.149844764208112,0.268670179491517,0.76177888089698,0.0399999125428517,0.0399999976875287,-0.00401338360188724,0.438986418013616,0.433651116793941,0.1,0.8,0.2,0.9,0.1,,,NaN,NaN,NaN,NaN,NaN,NaN,NaN,NaN,NaN,NaN,NaN,NaN,NaN,NaN
SimpleBaseline,100,burst_onsets,14,0.373706789068659,0.391009866905953,0.148020898266972,0.283239027667733,0.706913062266095,0.0414284740153553,0.0400001429356304,0.00202739251816487,0.403905088780725,0.402069828810081,0.1,0.8,0.2,0.9,0.15,,,NaN,NaN,NaN,NaN,NaN,NaN,NaN,NaN,NaN,NaN,NaN,NaN,NaN,NaN
SimpleBaseline,100,burst_onsets,14,0.330324854663739,0.347093382807669,0.153536679544295,0.240856610477343,0.757630183338187,0.047142796681756,0.0449998004179567,-0.0173098874649242,0.392002949133232,0.395642434128607,0.1,0.8,0.2,1,0.03,,,NaN,NaN,NaN,NaN,NaN,NaN,NaN,NaN,NaN,NaN,NaN,NaN,NaN,NaN
SimpleBaseline,100,burst_onsets,14,0.358656785460361,0.386849315068493,0.151692538382544,0.26644861448542,0.749697373884745,0.0414284860070162,0.0400002022447069,-0.0113873495656233,0.412440833508207,0.421646727769033,0.1,0.8,0.2,1,0.05,,,NaN,NaN,NaN,NaN,NaN,NaN,NaN,NaN,NaN,NaN,NaN,NaN,NaN,NaN
SimpleBaseline,100,burst_onsets,14,0.381266725873773,0.416503616821498,0.148906460010038,0.290745220841936,0.726502291127781,0.0407141974380365,0.0400001429356304,-0.00328487738244484,0.418019781312824,0.417680932122249,0.1,0.8,0.2,1,0.08,,,NaN,NaN,NaN,NaN,NaN,NaN,NaN,NaN,NaN,NaN,NaN,NaN,NaN,NaN
SimpleBaseline,100,burst_onsets,14,0.382733706767749,0.419820383122106,0.149409048108704,0.292678633373407,0.723776799142275,0.0399999125428517,0.0399999976875287,-0.00293326917175708,0.416158579192796,0.415931872028797,0.1,0.8,0.2,1,0.1,,,NaN,NaN,NaN,NaN,NaN,NaN,NaN,NaN,NaN,NaN,NaN,NaN,NaN,NaN
SimpleBaseline,100,burst_onsets,14,0.386422773723171,0.426498056225984,0.147831283026474,0.306387257697842,0.672946492422067,0.042142762584335,0.0400002022447069,0.0028425662098134,0.384036094746867,0.385634245719065,0.1,0.8,0.2,1,0.15,,,NaN,NaN,NaN,NaN,NaN,NaN,NaN,NaN,NaN,NaN,NaN,NaN,NaN,NaN
SimpleBaseline,100,burst_onsets,14,0.344682211103088,0.352080453635149,0.153755539346117,0.262410866981478,0.716562418374845,0.047142796681756,0.0449998004179567,-0.0155011008878263,0.374421389887011,0.371244013286119,0.1,0.8,0.2,1.1,0.03,,,NaN,NaN,NaN,NaN,NaN,NaN,NaN,NaN,NaN,NaN,NaN,NaN,NaN,NaN
SimpleBaseline,100,burst_onsets,14,0.372110209724512,0.412855210363407,0.150761652941077,0.288868357822636,0.708409184506152,0.042857064769483,0.0400002022447069,-0.00988342138539958,0.390506247638151,0.394326753917529,0.1,0.8,0.2,1.1,0.05,,,NaN,NaN,NaN,NaN,NaN,NaN,NaN,NaN,NaN,NaN,NaN,NaN,NaN,NaN
SimpleBaseline,100,burst_onsets,14,0.393194217557104,0.440790172819171,0.14752381157961,0.313813916040384,0.685915629048115,0.0407141974380365,0.0400001429356304,-0.00237690686037662,0.396341015753871,0.386958712081854,0.1,0.8,0.2,1.1,0.08,,,NaN,NaN,NaN,NaN,NaN,NaN,NaN,NaN,NaN,NaN,NaN,NaN,NaN,NaN
SimpleBaseline,100,burst_onsets,14,0.394401107792241,0.441032341285672,0.147776267758582,0.315632520458199,0.683738604651181,0.0399999125428517,0.0399999976875287,-0.00196997429322895,0.395366197047622,0.384100016266957,0.1,0.8,0.2,1.1,0.1,,,NaN,NaN,NaN,NaN,NaN,NaN,NaN,NaN,NaN,NaN,NaN,NaN,NaN,NaN
SimpleBaseline,100,burst_onsets,14,0.396419016446511,0.442742605572457,0.146719218311459,0.328954019418984,0.638144449813572,0.042142762584335,0.0400002022447069,0.00318149449456129,0.366008236684032,0.361290151976512,0.1,0.8,0.2,1.1,0.15,,,NaN,NaN,NaN,NaN,NaN,NaN,NaN,NaN,NaN,NaN,NaN,NaN,NaN,NaN
SimpleBaseline,100,burst_onsets,14,0.355489896732479,0.359282622416929,0.152347363121873,0.284379529071081,0.667648405310354,0.0449999367111091,0.0400001005537847,-0.0135946189295187,0.356590998551081,0.369580221770287,0.1,0.8,0.2,1.2,0.03,,,NaN,NaN,NaN,NaN,NaN,NaN,NaN,NaN,NaN,NaN,NaN,NaN,NaN,NaN
SimpleBaseline,100,burst_onsets,14,0.383066995258366,0.432914951526194,0.148834891146466,0.312620735359213,0.661828472339928,0.0421427882522064,0.0400001005537847,-0.0086195539905592,0.367980136812118,0.374727257239515,0.1,0.8,0.2,1.2,0.05,,,NaN,NaN,NaN,NaN,NaN,NaN,NaN,NaN,NaN,NaN,NaN,NaN,NaN,NaN
SimpleBaseline,100,burst_onsets,14,0.402829252769357,0.434240852780179,0.146980757660307,0.338532785372226,0.641079088801012,0.0396427734785646,0.0399997620275367,-0.00174376667869276,0.372433446721471,0.367893904558203,0.1,0.8,0.2,1.2,0.08,,,NaN,NaN,NaN,NaN,NaN,NaN,NaN,NaN,NaN,NaN,NaN,NaN,NaN,NaN
SimpleBaseline,100,burst_onsets,14,0.403538290088791,0.435156052222343,0.147216191207787,0.340019898524381,0.638573233279027,0.0396427734785646,0.0399997620275367,-0.00137923147012677,0.370984142587211,0.362702649417959,0.1,0.8,0.2,1.2,0.1,,,NaN,NaN,NaN,NaN,NaN,NaN,NaN,NaN,NaN,NaN,NaN,NaN,NaN,NaN
SimpleBaseline,100,burst_onsets,14,0.403928045653994,0.433522149906998,0.145792749440719,0.352958943703177,0.598785425600788,0.0414284860670584,0.0400001005537847,0.00380467180316255,0.344695137599114,0.34576276941317,0.1,0.8,0.2,1.2,0.15,,,NaN,NaN,NaN,NaN,NaN,NaN,NaN,NaN,NaN,NaN,NaN,NaN,NaN,NaN
SimpleBaseline,100,burst_onsets,14,0.36289324810999,0.367727770430079,0.148739920314042,0.304769862507542,0.624296919058956,0.0439285065847368,0.0400000476320454,-0.0117622436607008,0.338075917003627,0.35794534070532,0.1,0.8,0.2,1.3,0.03,,,NaN,NaN,NaN,NaN,NaN,NaN,NaN,NaN,NaN,NaN,NaN,NaN,NaN,NaN
SimpleBaseline,100,burst_onsets,14,0.389588438432089,0.406614244523692,0.144460050570885,0.334018974025128,0.619002260487466,0.042142777928552,0.0400001005537847,-0.00691531293043569,0.348941972538407,0.356713271785001,0.1,0.8,0.2,1.3,0.05,,,NaN,NaN,NaN,NaN,NaN,NaN,NaN,NaN,NaN,NaN,NaN,NaN,NaN,NaN
SimpleBaseline,100,burst_onsets,14,0.408649258344563,0.420391684472347,0.143043338235808,0.361698663557423,0.600528844040474,0.0389284885833798,0.0399997620275367,-0.00058675189170393,0.350355066149822,0.34814169049276,0.1,0.8,0.2,1.3,0.08,,,NaN,NaN,NaN,NaN,NaN,NaN,NaN,NaN,NaN,NaN,NaN,NaN,NaN,NaN
SimpleBaseline,100,burst_onsets,14,0.409270215683005,0.421881811917251,0.143769988507575,0.363358819036108,0.598013440839768,0.0396427771523595,0.0399999167898705,-0.000289796915251049,0.348906416741367,0.341986245971298,0.1,0.8,0.2,1.3,0.1,,,NaN,NaN,NaN,NaN,NaN,NaN,NaN,NaN,NaN,NaN,NaN,NaN,NaN,NaN
SimpleBaseline,100,burst_onsets,14,0.406805236977099,0.409988755839429,0.142505955997663,0.374669589246497,0.559602722631971,0.0414284860670584,0.0400001005537847,0.0040335178691771,0.324142490191178,0.323649650816663,0.1,0.8,0.2,1.3,0.15,,,NaN,NaN,NaN,NaN,NaN,NaN,NaN,NaN,NaN,NaN,NaN,NaN,NaN,NaN
SimpleBaseline,100,burst_onsets,14,0.366360423792871,0.356182391073113,0.146376978856901,0.325387483744954,0.572383847389145,0.0428570887878072,0.0400000196561265,-0.0100550147455154,0.311685275859128,0.338630558013644,0.1,0.8,0.2,1.4,0.03,,,NaN,NaN,NaN,NaN,NaN,NaN,NaN,NaN,NaN,NaN,NaN,NaN,NaN,NaN
SimpleBaseline,100,burst_onsets,14,0.39115280014811,0.381155303030303,0.141675685880356,0.355427603541607,0.567147648688401,0.0417856382372889,0.0400000196561265,-0.00562563444869381,0.319777735821109,0.334532198766537,0.1,0.8,0.2,1.4,0.05,,,NaN,NaN,NaN,NaN,NaN,NaN,NaN,NaN,NaN,NaN,NaN,NaN,NaN,NaN
SimpleBaseline,100,burst_onsets,14,0.40808768998447,0.38713924963925,0.139507459083556,0.383162463213354,0.55106082232038,0.039999922249103,0.0399999167898705,0.000474360117164891,0.319530461393119,0.323193404755632,0.1,0.8,0.2,1.4,0.08,,,NaN,NaN,NaN,NaN,NaN,NaN,NaN,NaN,NaN,NaN,NaN,NaN,NaN,NaN
SimpleBaseline,100,burst_onsets,14,0.408952801890986,0.386769048310582,0.140092578014126,0.385261154824616,0.549447677767948,0.0399999245945548,0.0399999976875287,0.000672987158519315,0.318333149410221,0.319427237111693,0.1,0.8,0.2,1.4,0.1,,,NaN,NaN,NaN,NaN,NaN,NaN,NaN,NaN,NaN,NaN,NaN,NaN,NaN,NaN
SimpleBaseline,100,burst_onsets,14,0.40576981201534,0.380839646464646,0.1401795238457,0.397394814491637,0.517883780808958,0.0421427699451346,0.0400001005537847,0.00416064582883227,0.300351874502317,0.308029480048955,0.1,0.8,0.2,1.4,0.15,,,NaN,NaN,NaN,NaN,NaN,NaN,NaN,NaN,NaN,NaN,NaN,NaN,NaN,NaN
SimpleBaseline,100,burst_onsets,14,0.214705236618697,0.197356257232472,0.13117983655978,0.130053991569044,0.937406407451229,0.0557142075828454,0.0549996420253328,-0.0353894412638226,0.425683498544654,0.423243650428474,0.1,0.9,0.1,0.4,0.03,,,NaN,NaN,NaN,NaN,NaN,NaN,NaN,NaN,NaN,NaN,NaN,NaN,NaN,NaN
SimpleBaseline,100,burst_onsets,14,0.245077322899467,0.226174762742177,0.135491291688765,0.150337490476536,0.933340342842544,0.0464284867456759,0.0499996138373456,-0.0260134927608877,0.484943899927572,0.48684764945157,0.1,0.9,0.1,0.4,0.05,,,NaN,NaN,NaN,NaN,NaN,NaN,NaN,NaN,NaN,NaN,NaN,NaN,NaN,NaN
SimpleBaseline,100,burst_onsets,14,0.282974171494751,0.230245034648636,0.144487071069944,0.178585262825115,0.916813296651889,0.0399999125428517,0.0399999976875287,-0.0128429966019495,0.525523061239374,0.515512574293669,0.1,0.9,0.1,0.4,0.08,,,NaN,NaN,NaN,NaN,NaN,NaN,NaN,NaN,NaN,NaN,NaN,NaN,NaN,NaN
SimpleBaseline,100,burst_onsets,14,0.285238645083315,0.230005461053913,0.144512743269271,0.180619327147349,0.911266898628338,0.0399999125428517,0.0399999976875287,-0.0113945901164333,0.523624685359674,0.511841398945346,0.1,0.9,0.1,0.4,0.1,,,NaN,NaN,NaN,NaN,NaN,NaN,NaN,NaN,NaN,NaN,NaN,NaN,NaN,NaN
SimpleBaseline,100,burst_onsets,14,0.29910869144257,0.247409874363162,0.142216350105834,0.197358409118425,0.826103857073129,0.0417856141950494,0.0400001429356304,-0.00141167313735446,0.468368947609876,0.496354013264136,0.1,0.9,0.1,0.4,0.15,,,NaN,NaN,NaN,NaN,NaN,NaN,NaN,NaN,NaN,NaN,NaN,NaN,NaN,NaN
SimpleBaseline,100,burst_onsets,14,0.228385821722903,0.210911371980367,0.135186152652707,0.140344767986057,0.92588717156356,0.0535713545967832,0.0549996420253328,-0.0328008809554903,0.428933084805994,0.437191137532599,0.1,0.9,0.1,0.5,0.03,,,NaN,NaN,NaN,NaN,NaN,NaN,NaN,NaN,NaN,NaN,NaN,NaN,NaN,NaN
SimpleBaseline,100,burst_onsets,14,0.258305102625717,0.238934708271379,0.139199203152935,0.160772893900588,0.920085402430128,0.0446427750228731,0.0424998326074886,-0.0238770076348999,0.482272761237839,0.4777953326929,0.1,0.9,0.1,0.5,0.05,,,NaN,NaN,NaN,NaN,NaN,NaN,NaN,NaN,NaN,NaN,NaN,NaN,NaN,NaN
SimpleBaseline,100,burst_onsets,14,0.293029617609837,0.244463733556339,0.144679963879538,0.187298609946037,0.900788056651614,0.0396427742842134,0.0399999976875287,-0.0115014549949974,0.516608214964577,0.503129646754054,0.1,0.9,0.1,0.5,0.08,,,NaN,NaN,NaN,NaN,NaN,NaN,NaN,NaN,NaN,NaN,NaN,NaN,NaN,NaN
SimpleBaseline,100,burst_onsets,14,0.295107316977503,0.246323679942048,0.14450960125637,0.189185624659981,0.896080450734793,0.0399999125428517,0.0399999976875287,-0.0103426661088799,0.515517316778717,0.498399904583884,0.1,0.9,0.1,0.5,0.1,,,NaN,NaN,NaN,NaN,NaN,NaN,NaN,NaN,NaN,NaN,NaN,NaN,NaN,NaN
SimpleBaseline,100,burst_onsets,14,0.30718052901722,0.261628612541391,0.142301200075112,0.204924610629486,0.813946507901539,0.0417856201908799,0.0400001429356304,-0.000889778843478553,0.462202682455926,0.484197334254667,0.1,0.9,0.1,0.5,0.15,,,NaN,NaN,NaN,NaN,NaN,NaN,NaN,NaN,NaN,NaN,NaN,NaN,NaN,NaN
SimpleBaseline,100,burst_onsets,14,0.243249380764994,0.226860148602767,0.138033342520102,0.152065631665494,0.909467232939476,0.0521427891964834,0.0499997059841011,-0.029957238104888,0.43301331487107,0.440675341130947,0.1,0.9,0.1,0.6,0.03,,,NaN,NaN,NaN,NaN,NaN,NaN,NaN,NaN,NaN,NaN,NaN,NaN,NaN,NaN
SimpleBaseline,100,burst_onsets,14,0.272770589873069,0.254375371748887,0.141726814588577,0.172742374001942,0.903400341598041,0.0435713519029414,0.0449998004179567,-0.0214214380807862,0.480527350438852,0.478260891404984,0.1,0.9,0.1,0.6,0.05,,,NaN,NaN,NaN,NaN,NaN,NaN,NaN,NaN,NaN,NaN,NaN,NaN,NaN,NaN
SimpleBaseline,100,burst_onsets,14,0.304020625846724,0.265761284719359,0.143968591004658,0.197347087842648,0.881314446167025,0.0399999125428517,0.0399999976875287,-0.00982014236864813,0.508855917515928,0.494971587390024,0.1,0.9,0.1,0.6,0.08,,,NaN,NaN,NaN,NaN,NaN,NaN,NaN,NaN,NaN,NaN,NaN,NaN,NaN,NaN
SimpleBaseline,100,burst_onsets,14,0.305623622364114,0.267805388668659,0.144013971799046,0.198972085509799,0.875775421512295,0.0399999125428517,0.0399999976875287,-0.00899174647276568,0.505442127827634,0.492535750873868,0.1,0.9,0.1,0.6,0.1,,,NaN,NaN,NaN,NaN,NaN,NaN,NaN,NaN,NaN,NaN,NaN,NaN,NaN,NaN
SimpleBaseline,100,burst_onsets,14,0.316386536666878,0.281188118811881,0.142294371406652,0.214070929525148,0.798900686927648,0.0407141974380365,0.0400001429356304,-0.000463011127211656,0.454526974697749,0.466952935924923,0.1,0.9,0.1,0.6,0.15,,,NaN,NaN,NaN,NaN,NaN,NaN,NaN,NaN,NaN,NaN,NaN,NaN,NaN,NaN
SimpleBaseline,100,burst_onsets,14,0.260668792667102,0.242843315184513,0.143079712854567,0.16637315770336,0.891939351693014,0.0517856449119935,0.0499997059841011,-0.0276127126934887,0.432879220626973,0.449040158594986,0.1,0.9,0.1,0.7,0.03,,,NaN,NaN,NaN,NaN,NaN,NaN,NaN,NaN,NaN,NaN,NaN,NaN,NaN,NaN
SimpleBaseline,100,burst_onsets,14,0.289359136921567,0.268785080105835,0.145542659867759,0.187217785882963,0.883815016834455,0.0439284901916008,0.0449998004179567,-0.0196390819849654,0.473831522676442,0.468948930356032,0.1,0.9,0.1,0.7,0.05,,,NaN,NaN,NaN,NaN,NaN,NaN,NaN,NaN,NaN,NaN,NaN,NaN,NaN,NaN
SimpleBaseline,100,burst_onsets,14,0.318091204007478,0.292760594917982,0.145448461545869,0.210678107619843,0.860534917917691,0.0399999125428517,0.0399999976875287,-0.00880333945200795,0.496317827934204,0.48157987296876,0.1,0.9,0.1,0.7,0.08,,,NaN,NaN,NaN,NaN,NaN,NaN,NaN,NaN,NaN,NaN,NaN,NaN,NaN,NaN
SimpleBaseline,100,burst_onsets,14,0.319364728663249,0.296402969790067,0.145306942548235,0.212006278483208,0.855823556837,0.0399999125428517,0.0399999976875287,-0.00801976160750409,0.493084676481248,0.48000754118611,0.1,0.9,0.1,0.7,0.1,,,NaN,NaN,NaN,NaN,NaN,NaN,NaN,NaN,NaN,NaN,NaN,NaN,NaN,NaN
SimpleBaseline,100,burst_onsets,14,0.329300943741891,0.310951650822856,0.144846916152333,0.226624636924507,0.783545391978923,0.0407141974380365,0.0400001429356304,-0.000466182508556093,0.445517292353505,0.456343279577796,0.1,0.9,0.1,0.7,0.15,,,NaN,NaN,NaN,NaN,NaN,NaN,NaN,NaN,NaN,NaN,NaN,NaN,NaN,NaN
SimpleBaseline,100,burst_onsets,14,0.279476816004087,0.269447766544322,0.14713773932624,0.182689943052251,0.871146449826774,0.0492856527042017,0.0449998004179567,-0.0247099986985529,0.432951179695505,0.44278230391545,0.1,0.9,0.1,0.8,0.03,,,NaN,NaN,NaN,NaN,NaN,NaN,NaN,NaN,NaN,NaN,NaN,NaN,NaN,NaN
SimpleBaseline,100,burst_onsets,14,0.307717875361782,0.295702246860398,0.148510887770639,0.203999517681068,0.862264873388826,0.0428570654521431,0.0400002022447069,-0.0173759571358444,0.467496309192455,0.468022872531508,0.1,0.9,0.1,0.8,0.05,,,NaN,NaN,NaN,NaN,NaN,NaN,NaN,NaN,NaN,NaN,NaN,NaN,NaN,NaN
SimpleBaseline,100,burst_onsets,14,0.334704838588353,0.318969472307961,0.148335753382031,0.227172128644924,0.83637070945474,0.0399999125428517,0.0399999976875287,-0.00733712755353679,0.483031252961283,0.475649281277147,0.1,0.9,0.1,0.8,0.08,,,NaN,NaN,NaN,NaN,NaN,NaN,NaN,NaN,NaN,NaN,NaN,NaN,NaN,NaN
SimpleBaseline,100,burst_onsets,14,0.335794930936062,0.321222655079413,0.148382009475867,0.228497775002998,0.831506002162849,0.0399999125428517,0.0399999976875287,-0.00669141038231291,0.479380464951562,0.472488976203291,0.1,0.9,0.1,0.8,0.1,,,NaN,NaN,NaN,NaN,NaN,NaN,NaN,NaN,NaN,NaN,NaN,NaN,NaN,NaN
SimpleBaseline,100,burst_onsets,14,0.344483456937499,0.336724767393724,0.147235995017056,0.242614772960661,0.767414566036902,0.0407141974380365,0.0400001429356304,0.000114787495651988,0.437518025317384,0.444643465373984,0.1,0.9,0.1,0.8,0.15,,,NaN,NaN,NaN,NaN,NaN,NaN,NaN,NaN,NaN,NaN,NaN,NaN,NaN,NaN
SimpleBaseline,100,burst_onsets,14,0.295807439352613,0.293651508422799,0.149031979515967,0.198936624638,0.840284425220632,0.0485713578198111,0.0449998004179567,-0.0223051230207253,0.424888273576387,0.42450692780259,0.1,0.9,0.1,0.9,0.03,,,NaN,NaN,NaN,NaN,NaN,NaN,NaN,NaN,NaN,NaN,NaN,NaN,NaN,NaN
SimpleBaseline,100,burst_onsets,14,0.323361392959014,0.321640118770012,0.150266328916919,0.220814056508529,0.829780232667566,0.0428570654521431,0.0400002022447069,-0.0155527789421584,0.452189303905066,0.450745289749921,0.1,0.9,0.1,0.9,0.05,,,NaN,NaN,NaN,NaN,NaN,NaN,NaN,NaN,NaN,NaN,NaN,NaN,NaN,NaN
SimpleBaseline,100,burst_onsets,14,0.349384185253217,0.344598467531408,0.148909516545212,0.244201426389059,0.806657885368298,0.0399999125428517,0.0399999976875287,-0.00601048913763406,0.467329227819006,0.454112215149136,0.1,0.9,0.1,0.9,0.08,,,NaN,NaN,NaN,NaN,NaN,NaN,NaN,NaN,NaN,NaN,NaN,NaN,NaN,NaN
SimpleBaseline,100,burst_onsets,14,0.350720345265482,0.346965510447257,0.149213744901899,0.245702470321261,0.803454848943998,0.0399999125428517,0.0399999976875287,-0.0057059554343391,0.463599835042886,0.452539883366486,0.1,0.9,0.1,0.9,0.1,,,NaN,NaN,NaN,NaN,NaN,NaN,NaN,NaN,NaN,NaN,NaN,NaN,NaN,NaN
SimpleBaseline,100,burst_onsets,14,0.356512861740126,0.356934331826609,0.147533391120438,0.258341540818656,0.740862803704344,0.0410713376177306,0.0400001429356304,0.000692274480073004,0.423064130308233,0.422524178861272,0.1,0.9,0.1,0.9,0.15,,,NaN,NaN,NaN,NaN,NaN,NaN,NaN,NaN,NaN,NaN,NaN,NaN,NaN,NaN
SimpleBaseline,100,burst_onsets,14,0.312723096502152,0.323617414556159,0.151316929889109,0.217900477467226,0.804377334657043,0.0478570812424923,0.0449998004179567,-0.019742274667092,0.413216800499703,0.419534037440301,0.1,0.9,0.1,1,0.03,,,NaN,NaN,NaN,NaN,NaN,NaN,NaN,NaN,NaN,NaN,NaN,NaN,NaN,NaN
SimpleBaseline,100,burst_onsets,14,0.339769755065301,0.353445557821722,0.151866219440513,0.240720606319249,0.793877214232013,0.0428570654521431,0.0400002022447069,-0.0137133201257853,0.43654038345081,0.440290586768118,0.1,0.9,0.1,1,0.05,,,NaN,NaN,NaN,NaN,NaN,NaN,NaN,NaN,NaN,NaN,NaN,NaN,NaN,NaN
SimpleBaseline,100,burst_onsets,14,0.3639056206723,0.376288720807737,0.150747860693259,0.264070725413199,0.770762972280337,0.0399999125428517,0.0399999976875287,-0.00499692326431222,0.447399905477075,0.443207233097006,0.1,0.9,0.1,1,0.08,,,NaN,NaN,NaN,NaN,NaN,NaN,NaN,NaN,NaN,NaN,NaN,NaN,NaN,NaN
SimpleBaseline,100,burst_onsets,14,0.365237768362043,0.378753482612733,0.151234762499893,0.265608984093174,0.768144569607317,0.0399999125428517,0.0399999976875287,-0.00471459960508379,0.444213092837664,0.439431042353698,0.1,0.9,0.1,1,0.1,,,NaN,NaN,NaN,NaN,NaN,NaN,NaN,NaN,NaN,NaN,NaN,NaN,NaN,NaN
SimpleBaseline,100,burst_onsets,14,0.369508642093863,0.384072596058285,0.149175534724935,0.278027082152678,0.710167417778765,0.0407141974380365,0.0400001429356304,0.00147223361504293,0.406814770049051,0.409893144996567,0.1,0.9,0.1,1,0.15,,,NaN,NaN,NaN,NaN,NaN,NaN,NaN,NaN,NaN,NaN,NaN,NaN,NaN,NaN
SimpleBaseline,100,burst_onsets,14,0.328646264568847,0.348071534250124,0.151844454059491,0.237469285143618,0.766063112174634,0.0471427926735126,0.0400002022447069,-0.0178906031207923,0.398537436303679,0.401703023762017,0.1,0.9,0.1,1.1,0.03,,,NaN,NaN,NaN,NaN,NaN,NaN,NaN,NaN,NaN,NaN,NaN,NaN,NaN,NaN
SimpleBaseline,100,burst_onsets,14,0.354626612195376,0.386668166453053,0.151102016458568,0.26083230324489,0.755776273054779,0.0424999231717749,0.0400002022447069,-0.012058553402112,0.418433010608517,0.420716383165982,0.1,0.9,0.1,1.1,0.05,,,NaN,NaN,NaN,NaN,NaN,NaN,NaN,NaN,NaN,NaN,NaN,NaN,NaN,NaN
SimpleBaseline,100,burst_onsets,14,0.376552406684957,0.413951315642654,0.1494933943082,0.284041336991217,0.732935726919566,0.0407141974380365,0.0400001429356304,-0.00434829107376396,0.425927540837961,0.421532846620411,0.1,0.9,0.1,1.1,0.08,,,NaN,NaN,NaN,NaN,NaN,NaN,NaN,NaN,NaN,NaN,NaN,NaN,NaN,NaN
SimpleBaseline,100,burst_onsets,14,0.377814044271786,0.415767634854772,0.150107887963137,0.285611962396308,0.730472942049223,0.0403570549904441,0.0400001429356304,-0.00399987627250467,0.423751921918643,0.415913686408989,0.1,0.9,0.1,1.1,0.1,,,NaN,NaN,NaN,NaN,NaN,NaN,NaN,NaN,NaN,NaN,NaN,NaN,NaN,NaN
SimpleBaseline,100,burst_onsets,14,0.380528455431309,0.416767634854772,0.148546685705397,0.297486415998209,0.677789101605915,0.0407141974380365,0.0400001429356304,0.00179944541763925,0.388903905347293,0.390728776473964,0.1,0.9,0.1,1.1,0.15,,,NaN,NaN,NaN,NaN,NaN,NaN,NaN,NaN,NaN,NaN,NaN,NaN,NaN,NaN
SimpleBaseline,100,burst_onsets,14,0.342470559470352,0.367403271975466,0.151386898228789,0.257594859089089,0.726562732499075,0.0471427863581017,0.0449998004179567,-0.0162877996458028,0.381523210388609,0.384102425101722,0.1,0.9,0.1,1.2,0.03,,,NaN,NaN,NaN,NaN,NaN,NaN,NaN,NaN,NaN,NaN,NaN,NaN,NaN,NaN
SimpleBaseline,100,burst_onsets,14,0.367973042033197,0.414320206945593,0.150293926575751,0.281971690300877,0.717654386636047,0.0421427808914068,0.0400002022447069,-0.0110104740212739,0.39686298686891,0.395788545269671,0.1,0.9,0.1,1.2,0.05,,,NaN,NaN,NaN,NaN,NaN,NaN,NaN,NaN,NaN,NaN,NaN,NaN,NaN,NaN
SimpleBaseline,100,burst_onsets,14,0.387966882648086,0.42692808181075,0.148566187267065,0.305312836810523,0.694956714702969,0.0407141974380365,0.0400001429356304,-0.0038491603009111,0.402436248356259,0.391963420208421,0.1,0.9,0.1,1.2,0.08,,,NaN,NaN,NaN,NaN,NaN,NaN,NaN,NaN,NaN,NaN,NaN,NaN,NaN,NaN
SimpleBaseline,100,burst_onsets,14,0.389326746706408,0.427159907924855,0.149218983268953,0.307137180811029,0.693360877074946,0.0407141974380365,0.0400001429356304,-0.00349894147799905,0.40163522384807,0.389597312406115,0.1,0.9,0.1,1.2,0.1,,,NaN,NaN,NaN,NaN,NaN,NaN,NaN,NaN,NaN,NaN,NaN,NaN,NaN,NaN
SimpleBaseline,100,burst_onsets,14,0.391282319066586,0.428178583246532,0.148138674142774,0.319201631598854,0.646738855994998,0.0410713376177306,0.0400001429356304,0.00199036198331249,0.371488329705767,0.370378732305641,0.1,0.9,0.1,1.2,0.15,,,NaN,NaN,NaN,NaN,NaN,NaN,NaN,NaN,NaN,NaN,NaN,NaN,NaN,NaN
SimpleBaseline,100,burst_onsets,14,0.35472071252718,0.378110444321886,0.150903863583057,0.279861755176209,0.683543282974968,0.0442856499258622,0.0400000476320454,-0.0139204736570072,0.366379510318805,0.375203874437786,0.1,0.9,0.1,1.3,0.03,,,NaN,NaN,NaN,NaN,NaN,NaN,NaN,NaN,NaN,NaN,NaN,NaN,NaN,NaN
SimpleBaseline,100,burst_onsets,14,0.380789166096491,0.425393296239368,0.149671108175706,0.306305610553333,0.676486520491828,0.0417856457094673,0.0400000476320454,-0.00906612645368431,0.377127740834659,0.37894090520274,0.1,0.9,0.1,1.3,0.05,,,NaN,NaN,NaN,NaN,NaN,NaN,NaN,NaN,NaN,NaN,NaN,NaN,NaN,NaN
SimpleBaseline,100,burst_onsets,14,0.398995032010519,0.436364141551233,0.148859318647274,0.329733132787384,0.655284950353779,0.0396427776953608,0.0399997620275367,-0.00274970984665547,0.381766991298665,0.377345062079372,0.1,0.9,0.1,1.3,0.08,,,NaN,NaN,NaN,NaN,NaN,NaN,NaN,NaN,NaN,NaN,NaN,NaN,NaN,NaN
SimpleBaseline,100,burst_onsets,14,0.400057146342104,0.437277362426074,0.149637595508684,0.331463132873033,0.653449965212263,0.0399999209207599,0.0399999603470501,-0.00237948332016737,0.380160055978445,0.371330743216632,0.1,0.9,0.1,1.3,0.1,,,NaN,NaN,NaN,NaN,NaN,NaN,NaN,NaN,NaN,NaN,NaN,NaN,NaN,NaN
SimpleBaseline,100,burst_onsets,14,0.398899992046345,0.437406739690176,0.14841469310142,0.342256635234534,0.608325138676685,0.0407142094897396,0.0400001005537847,0.00231234028722714,0.350536906340958,0.346280855981082,0.1,0.9,0.1,1.3,0.15,,,NaN,NaN,NaN,NaN,NaN,NaN,NaN,NaN,NaN,NaN,NaN,NaN,NaN,NaN
SimpleBaseline,100,burst_onsets,14,0.36326693792094,0.381016994026443,0.149084516207283,0.300882783011284,0.63925035616845,0.0442856499258622,0.0400000476320454,-0.0115131933280811,0.346641938031072,0.359836711993878,0.1,0.9,0.1,1.4,0.03,,,NaN,NaN,NaN,NaN,NaN,NaN,NaN,NaN,NaN,NaN,NaN,NaN,NaN,NaN
SimpleBaseline,100,burst_onsets,14,0.387911902768944,0.420254106731751,0.1472420182004,0.327853725997009,0.632602518841045,0.0414284907950936,0.0400000196561265,-0.00697809773662335,0.35645557867364,0.363142482270231,0.1,0.9,0.1,1.4,0.05,,,NaN,NaN,NaN,NaN,NaN,NaN,NaN,NaN,NaN,NaN,NaN,NaN,NaN,NaN
SimpleBaseline,100,burst_onsets,14,0.404446684952162,0.426245711959998,0.14726315510401,0.351608917218706,0.612720240153168,0.0392856344699616,0.0399997620275367,-0.00154258900923613,0.357162884050452,0.355524391935898,0.1,0.9,0.1,1.4,0.08,,,NaN,NaN,NaN,NaN,NaN,NaN,NaN,NaN,NaN,NaN,NaN,NaN,NaN,NaN
SimpleBaseline,100,burst_onsets,14,0.4054121750958,0.427150545482857,0.148038045430551,0.353462127684135,0.610836726521462,0.0399999209207599,0.0399999603470501,-0.0012213964691862,0.355573619645754,0.348959109517643,0.1,0.9,0.1,1.4,0.1,,,NaN,NaN,NaN,NaN,NaN,NaN,NaN,NaN,NaN,NaN,NaN,NaN,NaN,NaN
SimpleBaseline,100,burst_onsets,14,0.40332128916313,0.42264085121228,0.145922911477256,0.364060889945052,0.573557049771117,0.0399999230389413,0.0400000196561265,0.00275318529354495,0.332244959233789,0.329072879260832,0.1,0.9,0.1,1.4,0.15,,,NaN,NaN,NaN,NaN,NaN,NaN,NaN,NaN,NaN,NaN,NaN,NaN,NaN,NaN
SimpleBaseline,100,burst_onsets,14,0.302048897521495,0.29454860049836,0.16184667089255,0.207539210226989,0.813988452374131,0.052499914096975,0.0499999854037112,-0.024889690527441,0.385347185034199,0.397514464093779,0.15,0.5,0.5,0.4,0.03,,,NaN,NaN,NaN,NaN,NaN,NaN,NaN,NaN,NaN,NaN,NaN,NaN,NaN,NaN
SimpleBaseline,100,burst_onsets,14,0.336294238092314,0.34577571108208,0.154540121828079,0.235067647941365,0.807096813675824,0.0474999166136976,0.0499998714653304,-0.0178760231436947,0.419531755253935,0.447353631126251,0.15,0.5,0.5,0.4,0.05,,,NaN,NaN,NaN,NaN,NaN,NaN,NaN,NaN,NaN,NaN,NaN,NaN,NaN,NaN
SimpleBaseline,100,burst_onsets,14,0.363892141006869,0.377736739509593,0.14944400994677,0.260365459028015,0.793239704094869,0.0432141840187645,0.0400000569966051,-0.0100155849510594,0.437005729880622,0.462635599984401,0.15,0.5,0.5,0.4,0.08,,,NaN,NaN,NaN,NaN,NaN,NaN,NaN,NaN,NaN,NaN,NaN,NaN,NaN,NaN
SimpleBaseline,100,burst_onsets,14,0.377442795993232,0.393479563878869,0.147225496370578,0.274141268714503,0.783906940901623,0.043214195025079,0.0399999447657893,-0.00449275589510376,0.43162356931797,0.45405375349356,0.15,0.5,0.5,0.4,0.1,,,NaN,NaN,NaN,NaN,NaN,NaN,NaN,NaN,NaN,NaN,NaN,NaN,NaN,NaN
SimpleBaseline,100,burst_onsets,14,0.385538346043179,0.406788156528588,0.143045255792009,0.292124610734435,0.729882836612217,0.0449999088396484,0.0449998004179567,0.00392270022916915,0.396791359725924,0.419367437160402,0.15,0.5,0.5,0.4,0.15,,,NaN,NaN,NaN,NaN,NaN,NaN,NaN,NaN,NaN,NaN,NaN,NaN,NaN,NaN
SimpleBaseline,100,burst_onsets,14,0.318102327872099,0.299590854392298,0.166402881563909,0.226737661707494,0.775511932498832,0.0521427690556665,0.0499999854037112,-0.0234135361895146,0.36920289441553,0.381735544248032,0.15,0.5,0.5,0.5,0.03,,,NaN,NaN,NaN,NaN,NaN,NaN,NaN,NaN,NaN,NaN,NaN,NaN,NaN,NaN
SimpleBaseline,100,burst_onsets,14,0.352096567580214,0.379808674078998,0.156444373672965,0.25554013109921,0.768236878213777,0.0471427715723891,0.0499998714653304,-0.0168214370951162,0.39969044359018,0.427110717288622,0.15,0.5,0.5,0.5,0.05,,,NaN,NaN,NaN,NaN,NaN,NaN,NaN,NaN,NaN,NaN,NaN,NaN,NaN,NaN
SimpleBaseline,100,burst_onsets,14,0.379108926342824,0.421113306982872,0.149157930958603,0.281947812701229,0.754371295393444,0.0424998970384179,0.0400000569966051,-0.00900222992105846,0.417294482354101,0.448821963772517,0.15,0.5,0.5,0.5,0.08,,,NaN,NaN,NaN,NaN,NaN,NaN,NaN,NaN,NaN,NaN,NaN,NaN,NaN,NaN
SimpleBaseline,100,burst_onsets,14,0.392054424275303,0.422816114878341,0.146315684303122,0.29639782103773,0.744899781644972,0.0432141898586407,0.0400001005537847,-0.00354887193483466,0.411499454586446,0.436563000969319,0.15,0.5,0.5,0.5,0.1,,,NaN,NaN,NaN,NaN,NaN,NaN,NaN,NaN,NaN,NaN,NaN,NaN,NaN,NaN
SimpleBaseline,100,burst_onsets,14,0.39835658074343,0.435326653670037,0.142305083967903,0.31443922756149,0.694236950859351,0.0442856187570314,0.0449997580361109,0.00438635931499341,0.378058831861171,0.401493058440261,0.15,0.5,0.5,0.5,0.15,,,NaN,NaN,NaN,NaN,NaN,NaN,NaN,NaN,NaN,NaN,NaN,NaN,NaN,NaN
SimpleBaseline,100,burst_onsets,14,0.331813900153193,0.302700672293387,0.169146740486943,0.247288450075667,0.735432644689069,0.0521427690556665,0.0499999854037112,-0.0224431932487619,0.352594098836074,0.366164878399294,0.15,0.5,0.5,0.6,0.03,,,NaN,NaN,NaN,NaN,NaN,NaN,NaN,NaN,NaN,NaN,NaN,NaN,NaN,NaN
SimpleBaseline,100,burst_onsets,14,0.365285018635687,0.382119288722645,0.156652907963907,0.277219271228552,0.727195060759046,0.0474999190145845,0.0499998714653304,-0.0160506161098963,0.379309982462789,0.413746510846605,0.15,0.5,0.5,0.6,0.05,,,NaN,NaN,NaN,NaN,NaN,NaN,NaN,NaN,NaN,NaN,NaN,NaN,NaN,NaN
SimpleBaseline,100,burst_onsets,14,0.391807320103138,0.428236166007905,0.147991066508677,0.305078464608576,0.712589529936847,0.0421427525266576,0.0399999976875287,-0.00825968301100461,0.394359727561687,0.416549131286059,0.15,0.5,0.5,0.6,0.08,,,NaN,NaN,NaN,NaN,NaN,NaN,NaN,NaN,NaN,NaN,NaN,NaN,NaN,NaN
SimpleBaseline,100,burst_onsets,14,0.403925171458305,0.444131712223614,0.144586649518238,0.32005806879529,0.702415919044779,0.0435713323062331,0.0400001005537847,-0.00318396288792563,0.388710178930703,0.406506097212268,0.15,0.5,0.5,0.6,0.1,,,NaN,NaN,NaN,NaN,NaN,NaN,NaN,NaN,NaN,NaN,NaN,NaN,NaN,NaN
SimpleBaseline,100,burst_onsets,14,0.410810110761534,0.447129285419248,0.140976205400136,0.34029093910569,0.659014712848808,0.0446427637983399,0.0449997580361109,0.00472310745692422,0.359060748480719,0.380980161368218,0.15,0.5,0.5,0.6,0.15,,,NaN,NaN,NaN,NaN,NaN,NaN,NaN,NaN,NaN,NaN,NaN,NaN,NaN,NaN
SimpleBaseline,100,burst_onsets,14,0.343615427456144,0.295280042091869,0.174608184131941,0.269320754373748,0.68843874444923,0.0521427825609647,0.0499999854037112,-0.0212490833153884,0.333054816282431,0.340812293514487,0.15,0.5,0.5,0.7,0.03,,,NaN,NaN,NaN,NaN,NaN,NaN,NaN,NaN,NaN,NaN,NaN,NaN,NaN,NaN
SimpleBaseline,100,burst_onsets,14,0.375977855231443,0.364679248347766,0.160422605078945,0.300098734412379,0.679358961883314,0.0478570616550061,0.0499998714653304,-0.015565690699281,0.354612749935052,0.379555663774321,0.15,0.5,0.5,0.7,0.05,,,NaN,NaN,NaN,NaN,NaN,NaN,NaN,NaN,NaN,NaN,NaN,NaN,NaN,NaN
SimpleBaseline,100,burst_onsets,14,0.401504682815977,0.41044189814545,0.150934012908821,0.328990140238405,0.664985612307421,0.0442856139552578,0.0400003790762141,-0.00779454519970387,0.367422556095113,0.389377039554027,0.15,0.5,0.5,0.7,0.08,,,NaN,NaN,NaN,NaN,NaN,NaN,NaN,NaN,NaN,NaN,NaN,NaN,NaN,NaN
SimpleBaseline,100,burst_onsets,14,0.412971841796777,0.436252308504089,0.147429935647466,0.344564329075891,0.655288455706497,0.0449999088396484,0.0449998004179567,-0.00297761492104246,0.36232077260613,0.379184196402141,0.15,0.5,0.5,0.7,0.1,,,NaN,NaN,NaN,NaN,NaN,NaN,NaN,NaN,NaN,NaN,NaN,NaN,NaN,NaN
SimpleBaseline,100,burst_onsets,14,0.420248684031542,0.449525655711223,0.144964263576128,0.367786431372794,0.616843670391062,0.0449999033364912,0.0425004111715814,0.00468063921388706,0.336406790133076,0.354711178182989,0.15,0.5,0.5,0.7,0.15,,,NaN,NaN,NaN,NaN,NaN,NaN,NaN,NaN,NaN,NaN,NaN,NaN,NaN,NaN
SimpleBaseline,100,burst_onsets,14,0.34836714098964,0.296811328443358,0.1735522188156,0.286945929183093,0.638500828869069,0.051428493991985,0.0499999854037112,-0.0191606077233739,0.310443697233137,0.319935642249976,0.15,0.5,0.5,0.8,0.03,,,NaN,NaN,NaN,NaN,NaN,NaN,NaN,NaN,NaN,NaN,NaN,NaN,NaN,NaN
SimpleBaseline,100,burst_onsets,14,0.381231273808622,0.357118328100471,0.157989637756486,0.320132255650928,0.631504754702641,0.0485713565393968,0.0499998714653304,-0.0137643221487135,0.328349712496268,0.345138470251076,0.15,0.5,0.5,0.8,0.05,,,NaN,NaN,NaN,NaN,NaN,NaN,NaN,NaN,NaN,NaN,NaN,NaN,NaN,NaN
SimpleBaseline,100,burst_onsets,14,0.405571074269261,0.400984909095925,0.148661234607282,0.349997732039804,0.618186574802064,0.0442856139552578,0.0400003790762141,-0.00629135568623409,0.340537603356201,0.361107057174685,0.15,0.5,0.5,0.8,0.08,,,NaN,NaN,NaN,NaN,NaN,NaN,NaN,NaN,NaN,NaN,NaN,NaN,NaN,NaN
SimpleBaseline,100,burst_onsets,14,0.416359135393838,0.421631562339763,0.14459282047118,0.366048766159866,0.609541732474408,0.0435713338198704,0.0400001429356304,-0.00197352778785102,0.33683867685785,0.354582010138136,0.15,0.5,0.5,0.8,0.1,,,NaN,NaN,NaN,NaN,NaN,NaN,NaN,NaN,NaN,NaN,NaN,NaN,NaN,NaN
SimpleBaseline,100,burst_onsets,14,0.424376063724801,0.426690059456675,0.141595632872737,0.391201829059603,0.57869062955414,0.0446427613974531,0.0425004111715814,0.00541105448829671,0.315484062242728,0.322098925888071,0.15,0.5,0.5,0.8,0.15,,,NaN,NaN,NaN,NaN,NaN,NaN,NaN,NaN,NaN,NaN,NaN,NaN,NaN,NaN
SimpleBaseline,100,burst_onsets,14,0.349936750030985,0.30202096183742,0.172491253117567,0.305282212232438,0.588361555106177,0.0521427778700612,0.0499999854037112,-0.0169672395681958,0.285897089761616,0.290074402761708,0.15,0.5,0.5,0.9,0.03,,,NaN,NaN,NaN,NaN,NaN,NaN,NaN,NaN,NaN,NaN,NaN,NaN,NaN,NaN
SimpleBaseline,100,burst_onsets,14,0.382388373577209,0.353749742108521,0.15642635337384,0.339904293533772,0.582584713353433,0.0474999150250646,0.0499996138373456,-0.0115760244718382,0.304603187198575,0.317893899521098,0.15,0.5,0.5,0.9,0.05,,,NaN,NaN,NaN,NaN,NaN,NaN,NaN,NaN,NaN,NaN,NaN,NaN,NaN,NaN
SimpleBaseline,100,burst_onsets,14,0.405044251001607,0.400251921991052,0.147479449679132,0.370460389709237,0.568852454894716,0.0442856139552578,0.0400003790762141,-0.00385076462742279,0.3140624801481,0.320947604408979,0.15,0.5,0.5,0.9,0.08,,,NaN,NaN,NaN,NaN,NaN,NaN,NaN,NaN,NaN,NaN,NaN,NaN,NaN,NaN
SimpleBaseline,100,burst_onsets,14,0.414703371024542,0.405132841841703,0.143664918824093,0.38671338047646,0.560206330962959,0.0439284728284735,0.0425004111715814,0.000219351662402681,0.309084749578297,0.313293388451367,0.15,0.5,0.5,0.9,0.1,,,NaN,NaN,NaN,NaN,NaN,NaN,NaN,NaN,NaN,NaN,NaN,NaN,NaN,NaN
SimpleBaseline,100,burst_onsets,14,0.423298323267717,0.405772146738892,0.142261101594452,0.414521231349675,0.533793377072059,0.0457141817114101,0.0400003790762141,0.00756572378813414,0.29096117084622,0.291605355308652,0.15,0.5,0.5,0.9,0.15,,,NaN,NaN,NaN,NaN,NaN,NaN,NaN,NaN,NaN,NaN,NaN,NaN,NaN,NaN
SimpleBaseline,100,burst_onsets,14,0.351072460518914,0.303821216322089,0.169052680166971,0.325602191863895,0.543603046793411,0.0503570693311295,0.0499999854037112,-0.0149045662677397,0.268735605884667,0.275295604002524,0.15,0.5,0.5,1,0.03,,,NaN,NaN,NaN,NaN,NaN,NaN,NaN,NaN,NaN,NaN,NaN,NaN,NaN,NaN
SimpleBaseline,100,burst_onsets,14,0.381904440611201,0.35586257346662,0.154019381201886,0.360714899654482,0.537698781912149,0.0457142095712013,0.04499990343328,-0.00981713494995785,0.282885910991585,0.299848883780853,0.15,0.5,0.5,1,0.05,,,NaN,NaN,NaN,NaN,NaN,NaN,NaN,NaN,NaN,NaN,NaN,NaN,NaN,NaN
SimpleBaseline,100,burst_onsets,14,0.404745185785367,0.388776515075105,0.144991449777683,0.393237472775521,0.527264295012277,0.0428570473553642,0.0400000476320454,-0.00246850240468149,0.293218616851281,0.294768981837771,0.15,0.5,0.5,1,0.08,,,NaN,NaN,NaN,NaN,NaN,NaN,NaN,NaN,NaN,NaN,NaN,NaN,NaN,NaN
SimpleBaseline,100,burst_onsets,14,0.413414759944106,0.392471664679418,0.142061274458126,0.409824078866408,0.518509042623564,0.0421427587863845,0.0399999074253107,0.00162726120427318,0.287703227947913,0.283472986468927,0.15,0.5,0.5,1,0.1,,,NaN,NaN,NaN,NaN,NaN,NaN,NaN,NaN,NaN,NaN,NaN,NaN,NaN,NaN
SimpleBaseline,100,burst_onsets,14,0.420307155587064,0.393880684925744,0.141008397174941,0.437792801732002,0.495876276961752,0.0442856114611378,0.0400003366943684,0.00841064031851787,0.271735316921118,0.26437032437044,0.15,0.5,0.5,1,0.15,,,NaN,NaN,NaN,NaN,NaN,NaN,NaN,NaN,NaN,NaN,NaN,NaN,NaN,NaN
SimpleBaseline,100,burst_onsets,14,0.343809347037727,0.300660687498005,0.162819132250648,0.33698159277718,0.497241413411619,0.0499999267094314,0.0449999934785575,-0.0129682423996296,0.247158818493707,0.26231746967349,0.15,0.5,0.5,1.1,0.03,,,NaN,NaN,NaN,NaN,NaN,NaN,NaN,NaN,NaN,NaN,NaN,NaN,NaN,NaN
SimpleBaseline,100,burst_onsets,14,0.372791605652403,0.350401135288552,0.148543403985869,0.372333087818375,0.491754200775727,0.0460713468193358,0.0400000476320454,-0.00805938798445872,0.259113765801053,0.274183145701649,0.15,0.5,0.5,1.1,0.05,,,NaN,NaN,NaN,NaN,NaN,NaN,NaN,NaN,NaN,NaN,NaN,NaN,NaN,NaN
SimpleBaseline,100,burst_onsets,14,0.394574674293427,0.368808484625677,0.139576134799605,0.406256287764057,0.482471013328734,0.0435713312334404,0.0400000476320454,-0.000886084678526968,0.269342866963111,0.266646368381531,0.15,0.5,0.5,1.1,0.08,,,NaN,NaN,NaN,NaN,NaN,NaN,NaN,NaN,NaN,NaN,NaN,NaN,NaN,NaN
SimpleBaseline,100,burst_onsets,14,0.402906622622365,0.371103861605276,0.13704868472254,0.423381296335199,0.474960674992556,0.0428570426644607,0.0399999074253107,0.00312909803399099,0.264093004162956,0.253699957233315,0.15,0.5,0.5,1.1,0.1,,,NaN,NaN,NaN,NaN,NaN,NaN,NaN,NaN,NaN,NaN,NaN,NaN,NaN,NaN
SimpleBaseline,100,burst_onsets,14,0.407636112130044,0.369850724496742,0.138362902105984,0.450421088591726,0.453864392272384,0.0435713312334404,0.0400000476320454,0.00953522242833183,0.249010702842484,0.236014715489434,0.15,0.5,0.5,1.1,0.15,,,NaN,NaN,NaN,NaN,NaN,NaN,NaN,NaN,NaN,NaN,NaN,NaN,NaN,NaN
SimpleBaseline,100,burst_onsets,14,0.339242664649431,0.289794584500467,0.154022874711218,0.351587192925821,0.459922869491689,0.0485713469298559,0.044999939032083,-0.00970108190126026,0.236170675348983,0.251239268492083,0.15,0.5,0.5,1.2,0.03,,,NaN,NaN,NaN,NaN,NaN,NaN,NaN,NaN,NaN,NaN,NaN,NaN,NaN,NaN
SimpleBaseline,100,burst_onsets,14,0.367925398896844,0.338024780464333,0.139936959371198,0.388829062716431,0.456169706585569,0.0464284896815489,0.0400000476320454,-0.00467539185203847,0.246614407932299,0.253121669542665,0.15,0.5,0.5,1.2,0.05,,,NaN,NaN,NaN,NaN,NaN,NaN,NaN,NaN,NaN,NaN,NaN,NaN,NaN,NaN
SimpleBaseline,100,burst_onsets,14,0.387036485419201,0.349964564138909,0.132158313355116,0.422582469969403,0.446179365142105,0.0435713248929896,0.0399999074253107,0.00099025700652983,0.251213713889202,0.24660888642991,0.15,0.5,0.5,1.2,0.08,,,NaN,NaN,NaN,NaN,NaN,NaN,NaN,NaN,NaN,NaN,NaN,NaN,NaN,NaN
SimpleBaseline,100,burst_onsets,14,0.393718798007553,0.349888309754281,0.130717755366142,0.439274729119885,0.437862114963637,0.0424998981527004,0.0399999074253107,0.0048459606968305,0.245167924695731,0.22569515002533,0.15,0.5,0.5,1.2,0.1,,,NaN,NaN,NaN,NaN,NaN,NaN,NaN,NaN,NaN,NaN,NaN,NaN,NaN,NaN
SimpleBaseline,100,burst_onsets,14,0.396668538175917,0.346869754122642,0.132961709388202,0.465907191268477,0.418431718818879,0.0446427534001759,0.0400003366943684,0.0108631990356991,0.230271467567901,0.203147057712388,0.15,0.5,0.5,1.2,0.15,,,NaN,NaN,NaN,NaN,NaN,NaN,NaN,NaN,NaN,NaN,NaN,NaN,NaN,NaN
SimpleBaseline,100,burst_onsets,14,0.326307490977545,0.284933645589383,0.143679583860063,0.363507122038871,0.412258306647475,0.0474999185156307,0.0400000196561265,-0.00863215112673535,0.214933688453079,0.229157191015464,0.15,0.5,0.5,1.3,0.03,,,NaN,NaN,NaN,NaN,NaN,NaN,NaN,NaN,NaN,NaN,NaN,NaN,NaN,NaN
SimpleBaseline,100,burst_onsets,14,0.352710700295571,0.312313960864685,0.131873669934025,0.400275204377587,0.409215271425057,0.0460713495018548,0.0400000476320454,-0.00405999161244904,0.221885345471169,0.231226027627545,0.15,0.5,0.5,1.3,0.05,,,NaN,NaN,NaN,NaN,NaN,NaN,NaN,NaN,NaN,NaN,NaN,NaN,NaN,NaN
SimpleBaseline,100,burst_onsets,14,0.369529311843739,0.322058035931642,0.126391782229603,0.433684966106128,0.399692587829865,0.0439284711640939,0.0399999074253107,0.00177414036588488,0.226289541003093,0.228473800208203,0.15,0.5,0.5,1.3,0.08,,,NaN,NaN,NaN,NaN,NaN,NaN,NaN,NaN,NaN,NaN,NaN,NaN,NaN,NaN
SimpleBaseline,100,burst_onsets,14,0.376796466429178,0.326138716356108,0.124650886506141,0.451877262589038,0.393257476998191,0.0439284812472334,0.0399999074253107,0.00598589031456695,0.220881169558358,0.210793052857323,0.15,0.5,0.5,1.3,0.1,,,NaN,NaN,NaN,NaN,NaN,NaN,NaN,NaN,NaN,NaN,NaN,NaN,NaN,NaN
SimpleBaseline,100,burst_onsets,14,0.37904080127049,0.325159519216501,0.128163242157085,0.477269829998037,0.376883086194008,0.0457141865732259,0.044999760137589,0.0109604754752724,0.207522687071346,0.183728094033806,0.15,0.5,0.5,1.3,0.15,,,NaN,NaN,NaN,NaN,NaN,NaN,NaN,NaN,NaN,NaN,NaN,NaN,NaN,NaN
SimpleBaseline,100,burst_onsets,14,0.313671077281969,0.271648500161589,0.138910312859072,0.372830997630513,0.370799242727244,0.0474999258163881,0.0400000196561265,-0.00770381945018265,0.19322315645955,0.210799432322236,0.15,0.5,0.5,1.4,0.03,,,NaN,NaN,NaN,NaN,NaN,NaN,NaN,NaN,NaN,NaN,NaN,NaN,NaN,NaN
SimpleBaseline,100,burst_onsets,14,0.338395360056149,0.293472906403941,0.12918166502521,0.410659010154221,0.367900278859095,0.046785633379931,0.0400000476320454,-0.00307851085326057,0.198712101654115,0.203110964956199,0.15,0.5,0.5,1.4,0.05,,,NaN,NaN,NaN,NaN,NaN,NaN,NaN,NaN,NaN,NaN,NaN,NaN,NaN,NaN
SimpleBaseline,100,burst_onsets,14,0.354095601359545,0.311597567203677,0.125657022555525,0.444532476974848,0.360659535971973,0.0442856186062892,0.0399999074253107,0.00281176744823581,0.202305502737068,0.191732760656509,0.15,0.5,0.5,1.4,0.08,,,NaN,NaN,NaN,NaN,NaN,NaN,NaN,NaN,NaN,NaN,NaN,NaN,NaN,NaN
SimpleBaseline,100,burst_onsets,14,0.360155736601423,0.316290371570315,0.125123789408204,0.463258119909767,0.353818917168307,0.0446427578245522,0.0449996479067732,0.00739466731217729,0.196413236965161,0.173150120410628,0.15,0.5,0.5,1.4,0.1,,,NaN,NaN,NaN,NaN,NaN,NaN,NaN,NaN,NaN,NaN,NaN,NaN,NaN,NaN
SimpleBaseline,100,burst_onsets,14,0.363656367539107,0.336534613845538,0.129149252648316,0.49167022285626,0.341329215363285,0.0457141865732259,0.044999760137589,0.0124404991267325,0.186123829003053,0.157040802971131,0.15,0.5,0.5,1.4,0.15,,,NaN,NaN,NaN,NaN,NaN,NaN,NaN,NaN,NaN,NaN,NaN,NaN,NaN,NaN
SimpleBaseline,100,burst_onsets,14,0.288653824737876,0.278485464907879,0.159170539814029,0.19215168706204,0.861917292069386,0.0524999338910103,0.0499999854037112,-0.0281947583830635,0.401979290882972,0.404779674336981,0.15,0.6,0.4,0.4,0.03,,,NaN,NaN,NaN,NaN,NaN,NaN,NaN,NaN,NaN,NaN,NaN,NaN,NaN,NaN
SimpleBaseline,100,burst_onsets,14,0.321363122352942,0.311117716317296,0.156005234103411,0.217053005411045,0.854358288296291,0.0460713529543627,0.0499998714653304,-0.0213436759575654,0.443165622133874,0.470021645454538,0.15,0.6,0.4,0.4,0.05,,,NaN,NaN,NaN,NaN,NaN,NaN,NaN,NaN,NaN,NaN,NaN,NaN,NaN,NaN
SimpleBaseline,100,burst_onsets,14,0.348817901775185,0.350173776857642,0.154135969753582,0.240425332114038,0.840045512960973,0.040357050030555,0.0399999447657893,-0.0121877724065013,0.462990107221125,0.483207118513998,0.15,0.6,0.4,0.4,0.08,,,NaN,NaN,NaN,NaN,NaN,NaN,NaN,NaN,NaN,NaN,NaN,NaN,NaN,NaN
SimpleBaseline,100,burst_onsets,14,0.361378093149302,0.369863599733368,0.151939801515652,0.252496702334713,0.827295261095197,0.0410713449149456,0.0399999447657893,-0.00634628989091058,0.458505598971331,0.481052339568692,0.15,0.6,0.4,0.4,0.1,,,NaN,NaN,NaN,NaN,NaN,NaN,NaN,NaN,NaN,NaN,NaN,NaN,NaN,NaN
SimpleBaseline,100,burst_onsets,14,0.371244092046414,0.385026053881645,0.14962349031141,0.269234176323594,0.769922530358998,0.043214192126539,0.0400001005537847,0.00201109820545935,0.424090293883178,0.444403887672751,0.15,0.6,0.4,0.4,0.15,,,NaN,NaN,NaN,NaN,NaN,NaN,NaN,NaN,NaN,NaN,NaN,NaN,NaN,NaN
SimpleBaseline,100,burst_onsets,14,0.305970389764744,0.303357129929615,0.162150305594349,0.210556791084433,0.828602193295131,0.0507142038950272,0.0499999854037112,-0.0260996461940816,0.393973061156658,0.408349120338985,0.15,0.6,0.4,0.5,0.03,,,NaN,NaN,NaN,NaN,NaN,NaN,NaN,NaN,NaN,NaN,NaN,NaN,NaN,NaN
SimpleBaseline,100,burst_onsets,14,0.339675201484434,0.347161803713528,0.157313108978857,0.237445337905596,0.820906960416475,0.046428491213001,0.0499998714653304,-0.0194851639992765,0.429596485061924,0.459118890871975,0.15,0.6,0.4,0.5,0.05,,,NaN,NaN,NaN,NaN,NaN,NaN,NaN,NaN,NaN,NaN,NaN,NaN,NaN,NaN
SimpleBaseline,100,burst_onsets,14,0.366756473331672,0.380940415240129,0.154241857161659,0.261971500256438,0.806933322939437,0.0414284721672694,0.0399999976875287,-0.0108286058413969,0.446662802991795,0.459893961790491,0.15,0.6,0.4,0.5,0.08,,,NaN,NaN,NaN,NaN,NaN,NaN,NaN,NaN,NaN,NaN,NaN,NaN,NaN,NaN
SimpleBaseline,100,burst_onsets,14,0.379433013951913,0.40266527630362,0.152339298075358,0.274933507276785,0.795932403819521,0.0414284831735839,0.0399999447657893,-0.00521803529510462,0.442428590356417,0.459893961790491,0.15,0.6,0.4,0.5,0.1,,,NaN,NaN,NaN,NaN,NaN,NaN,NaN,NaN,NaN,NaN,NaN,NaN,NaN,NaN
SimpleBaseline,100,burst_onsets,14,0.386382805923585,0.413005632360471,0.149593947031903,0.291173214770984,0.73921702744778,0.0428570519468449,0.0400001005537847,0.00234640780493017,0.406704220305816,0.426561748811505,0.15,0.6,0.4,0.5,0.15,,,NaN,NaN,NaN,NaN,NaN,NaN,NaN,NaN,NaN,NaN,NaN,NaN,NaN,NaN
SimpleBaseline,100,burst_onsets,14,0.324160386538908,0.31938900446304,0.166307927372235,0.232080986384002,0.791757264667283,0.049999920016951,0.0499998953584337,-0.0241106616934684,0.379649460670267,0.392182268864851,0.15,0.6,0.4,0.6,0.03,,,NaN,NaN,NaN,NaN,NaN,NaN,NaN,NaN,NaN,NaN,NaN,NaN,NaN,NaN
SimpleBaseline,100,burst_onsets,14,0.357831726425007,0.388618384116776,0.158480272389673,0.260371018419618,0.783813182440472,0.046428491213001,0.0499998714653304,-0.0178101196633566,0.40923935567706,0.438298859235701,0.15,0.6,0.4,0.6,0.05,,,NaN,NaN,NaN,NaN,NaN,NaN,NaN,NaN,NaN,NaN,NaN,NaN,NaN,NaN
SimpleBaseline,100,burst_onsets,14,0.38401330739405,0.414412345174901,0.153408545929136,0.285682257529119,0.769460846869726,0.0421427570624542,0.0400001005537847,-0.00997582637557141,0.426708628736551,0.445832347639882,0.15,0.6,0.4,0.6,0.08,,,NaN,NaN,NaN,NaN,NaN,NaN,NaN,NaN,NaN,NaN,NaN,NaN,NaN,NaN
SimpleBaseline,100,burst_onsets,14,0.396508843399428,0.434721943510761,0.152266170073114,0.299549303668217,0.758903581135342,0.0421427670516601,0.0399999976875287,-0.00476901855166125,0.422333543176049,0.440766819078121,0.15,0.6,0.4,0.6,0.1,,,NaN,NaN,NaN,NaN,NaN,NaN,NaN,NaN,NaN,NaN,NaN,NaN,NaN,NaN
SimpleBaseline,100,burst_onsets,14,0.403454330819645,0.443723010171712,0.150897235035634,0.317454719296569,0.708734592010754,0.0428570478420491,0.0399999883229689,0.00270358296105994,0.390547867575749,0.412478633149221,0.15,0.6,0.4,0.6,0.15,,,NaN,NaN,NaN,NaN,NaN,NaN,NaN,NaN,NaN,NaN,NaN,NaN,NaN,NaN
SimpleBaseline,100,burst_onsets,14,0.340014120138938,0.326298839814429,0.170322312083531,0.254532588719046,0.750014762027084,0.0507142038950272,0.0499999854037112,-0.0228759534174011,0.362992374983667,0.376009712710529,0.15,0.6,0.4,0.7,0.03,,,NaN,NaN,NaN,NaN,NaN,NaN,NaN,NaN,NaN,NaN,NaN,NaN,NaN,NaN
SimpleBaseline,100,burst_onsets,14,0.373312319800648,0.405376318072774,0.160501182193307,0.284362677510343,0.742306807309128,0.046428491213001,0.0499998714653304,-0.0170531699880916,0.389202029713549,0.422087179197108,0.15,0.6,0.4,0.7,0.05,,,NaN,NaN,NaN,NaN,NaN,NaN,NaN,NaN,NaN,NaN,NaN,NaN,NaN,NaN
SimpleBaseline,100,burst_onsets,14,0.39850827414837,0.444276623213408,0.153666165899679,0.310826516736804,0.727671120450657,0.0421427570624542,0.0400001005537847,-0.00932845037045205,0.405240870514406,0.428430665501917,0.15,0.6,0.4,0.7,0.08,,,NaN,NaN,NaN,NaN,NaN,NaN,NaN,NaN,NaN,NaN,NaN,NaN,NaN,NaN
SimpleBaseline,100,burst_onsets,14,0.409786856300327,0.457434321060205,0.151990301943464,0.324805132396145,0.716575418801078,0.0417856209302728,0.0399999883229689,-0.00444336280272645,0.399928870690009,0.416066962709305,0.15,0.6,0.4,0.7,0.1,,,NaN,NaN,NaN,NaN,NaN,NaN,NaN,NaN,NaN,NaN,NaN,NaN,NaN,NaN
SimpleBaseline,100,burst_onsets,14,0.416174274424561,0.454937712392448,0.151692569346871,0.344264980329872,0.671708135179533,0.0421427633778652,0.0399999883229689,0.00280326717571146,0.370767836623012,0.385997722655953,0.15,0.6,0.4,0.7,0.15,,,NaN,NaN,NaN,NaN,NaN,NaN,NaN,NaN,NaN,NaN,NaN,NaN,NaN,NaN
SimpleBaseline,100,burst_onsets,14,0.351344650354116,0.326138080400349,0.171450681002123,0.2758227459048,0.704108622286866,0.0492856517236068,0.0499998953584337,-0.0212440124104288,0.343605243512362,0.363795002127314,0.15,0.6,0.4,0.8,0.03,,,NaN,NaN,NaN,NaN,NaN,NaN,NaN,NaN,NaN,NaN,NaN,NaN,NaN,NaN
SimpleBaseline,100,burst_onsets,14,0.383581740658324,0.387628430604409,0.16003235131465,0.306794794948772,0.694276759821548,0.0460713621379197,0.0499998714653304,-0.0157417144123393,0.366109932434324,0.401796331758639,0.15,0.6,0.4,0.8,0.05,,,NaN,NaN,NaN,NaN,NaN,NaN,NaN,NaN,NaN,NaN,NaN,NaN,NaN,NaN
SimpleBaseline,100,burst_onsets,14,0.408929259150536,0.436022356776898,0.153175077631918,0.335016531323472,0.682505624976287,0.0414284805451777,0.0399999883229689,-0.00827333389567102,0.380240158871618,0.402890632030565,0.15,0.6,0.4,0.8,0.08,,,NaN,NaN,NaN,NaN,NaN,NaN,NaN,NaN,NaN,NaN,NaN,NaN,NaN,NaN
SimpleBaseline,100,burst_onsets,14,0.419603878579113,0.448251299720556,0.151263293739221,0.349637085746041,0.672177147911716,0.0414284868605886,0.0399999074253107,-0.00382684708906143,0.37523394798637,0.39277535114534,0.15,0.6,0.4,0.8,0.1,,,NaN,NaN,NaN,NaN,NaN,NaN,NaN,NaN,NaN,NaN,NaN,NaN,NaN,NaN
SimpleBaseline,100,burst_onsets,14,0.426024666692444,0.45008210180624,0.151874262590713,0.371279976967027,0.63319855111497,0.0417856287996267,0.0399999074253107,0.00304763447911196,0.349511722734347,0.360913382393334,0.15,0.6,0.4,0.8,0.15,,,NaN,NaN,NaN,NaN,NaN,NaN,NaN,NaN,NaN,NaN,NaN,NaN,NaN,NaN
SimpleBaseline,100,burst_onsets,14,0.359548253286829,0.315726779724774,0.172338249698707,0.299001548089229,0.655030824070804,0.0499999273177084,0.0499999854037112,-0.0189341984259252,0.32050075810823,0.339665796606367,0.15,0.6,0.4,0.9,0.03,,,NaN,NaN,NaN,NaN,NaN,NaN,NaN,NaN,NaN,NaN,NaN,NaN,NaN,NaN
SimpleBaseline,100,burst_onsets,14,0.39199247258471,0.38599519409754,0.159851033464366,0.332139211527439,0.646537674025855,0.046785633152039,0.0499998953584337,-0.0137915132049065,0.340719533000481,0.371885075280621,0.15,0.6,0.4,0.9,0.05,,,NaN,NaN,NaN,NaN,NaN,NaN,NaN,NaN,NaN,NaN,NaN,NaN,NaN,NaN
SimpleBaseline,100,burst_onsets,14,0.416142064709414,0.424946281278159,0.152895966515907,0.361637844032026,0.634497145950536,0.0421427570624542,0.0400001005537847,-0.00677298607785404,0.352536449857869,0.368946529450313,0.15,0.6,0.4,0.9,0.08,,,NaN,NaN,NaN,NaN,NaN,NaN,NaN,NaN,NaN,NaN,NaN,NaN,NaN,NaN
SimpleBaseline,100,burst_onsets,14,0.425067201771683,0.426365888962489,0.150109961365451,0.376062364250225,0.623353035333082,0.0421427633778652,0.0399999883229689,-0.00278164637108987,0.348185574439194,0.362803180638691,0.15,0.6,0.4,0.9,0.1,,,NaN,NaN,NaN,NaN,NaN,NaN,NaN,NaN,NaN,NaN,NaN,NaN,NaN,NaN
SimpleBaseline,100,burst_onsets,14,0.431425893071937,0.432711688670768,0.150978717292201,0.399290256277218,0.590427998655877,0.0428570464436876,0.0400001005537847,0.0035079622918818,0.326108682891238,0.335042903339361,0.15,0.6,0.4,0.9,0.15,,,NaN,NaN,NaN,NaN,NaN,NaN,NaN,NaN,NaN,NaN,NaN,NaN,NaN,NaN
SimpleBaseline,100,burst_onsets,14,0.36532557694497,0.330200122483652,0.172612567916084,0.319411179147672,0.60814288458869,0.0492856470327033,0.0499999854037112,-0.0172139484951193,0.303216979491146,0.317476700925249,0.15,0.6,0.4,1,0.03,,,NaN,NaN,NaN,NaN,NaN,NaN,NaN,NaN,NaN,NaN,NaN,NaN,NaN,NaN
SimpleBaseline,100,burst_onsets,14,0.397102789536346,0.386135909569239,0.159218987326741,0.354282570469578,0.600973027203259,0.0442856415660085,0.0400000476320454,-0.0124675935292651,0.319577244807791,0.33786392975955,0.15,0.6,0.4,1,0.05,,,NaN,NaN,NaN,NaN,NaN,NaN,NaN,NaN,NaN,NaN,NaN,NaN,NaN,NaN
SimpleBaseline,100,burst_onsets,14,0.4198478396234,0.417624684295408,0.152057617053723,0.38509597409072,0.58899025531037,0.0421427653464288,0.0399999883229689,-0.0053821984529701,0.329693627972117,0.335017997924643,0.15,0.6,0.4,1,0.08,,,NaN,NaN,NaN,NaN,NaN,NaN,NaN,NaN,NaN,NaN,NaN,NaN,NaN,NaN
SimpleBaseline,100,burst_onsets,14,0.427975585850068,0.421833078962166,0.149560178856779,0.400124728826601,0.579083409532528,0.0414284868605886,0.0399999074253107,-0.00134465658915792,0.323927942553958,0.332328372119537,0.15,0.6,0.4,1,0.1,,,NaN,NaN,NaN,NaN,NaN,NaN,NaN,NaN,NaN,NaN,NaN,NaN,NaN,NaN
SimpleBaseline,100,burst_onsets,14,0.433855226715467,0.419779286926995,0.151009721937526,0.42495235964648,0.551109972379425,0.041785627987373,0.0399999883229689,0.00413655081045442,0.305073161840376,0.310475283953102,0.15,0.6,0.4,1,0.15,,,NaN,NaN,NaN,NaN,NaN,NaN,NaN,NaN,NaN,NaN,NaN,NaN,NaN,NaN
SimpleBaseline,100,burst_onsets,14,0.368008409883484,0.342817209646917,0.169434562207737,0.340899358329901,0.563993716420087,0.0485713621375185,0.0499999309572367,-0.0148736460106549,0.284299879914572,0.297019441865461,0.15,0.6,0.4,1.1,0.03,,,NaN,NaN,NaN,NaN,NaN,NaN,NaN,NaN,NaN,NaN,NaN,NaN,NaN,NaN
SimpleBaseline,100,burst_onsets,14,0.398787223598821,0.398583736575003,0.156551425544005,0.376850891620545,0.558255701970529,0.0446427816149844,0.0400001005537847,-0.0101441438813788,0.298471530781659,0.325544180633474,0.15,0.6,0.4,1.1,0.05,,,NaN,NaN,NaN,NaN,NaN,NaN,NaN,NaN,NaN,NaN,NaN,NaN,NaN,NaN
SimpleBaseline,100,burst_onsets,14,0.420821702541594,0.412636368620141,0.149933823075547,0.409219104210527,0.547926876701482,0.0414284786613134,0.0399999074253107,-0.00334048818490079,0.30831077872169,0.313687253967552,0.15,0.6,0.4,1.1,0.08,,,NaN,NaN,NaN,NaN,NaN,NaN,NaN,NaN,NaN,NaN,NaN,NaN,NaN,NaN
SimpleBaseline,100,burst_onsets,14,0.427713330385981,0.414435544286291,0.147727341749573,0.424590218952802,0.537665041130309,0.0410713394183933,0.0399999074253107,0.000775990991952931,0.30225981745178,0.311911308529855,0.15,0.6,0.4,1.1,0.1,,,NaN,NaN,NaN,NaN,NaN,NaN,NaN,NaN,NaN,NaN,NaN,NaN,NaN,NaN
SimpleBaseline,100,burst_onsets,14,0.432506315667827,0.410522645224811,0.150417163585968,0.45040722027193,0.512309615587085,0.0432141905816981,0.0400001005537847,0.0056941395229838,0.285017451982717,0.289645431897977,0.15,0.6,0.4,1.1,0.15,,,NaN,NaN,NaN,NaN,NaN,NaN,NaN,NaN,NaN,NaN,NaN,NaN,NaN,NaN
SimpleBaseline,100,burst_onsets,14,0.365000987396714,0.345984984984985,0.164382521002048,0.357055542435963,0.51798258441289,0.0492856460155946,0.0499999309572367,-0.0134147454886073,0.264047374598626,0.280623471305489,0.15,0.6,0.4,1.2,0.03,,,NaN,NaN,NaN,NaN,NaN,NaN,NaN,NaN,NaN,NaN,NaN,NaN,NaN,NaN
SimpleBaseline,100,burst_onsets,14,0.394429688566413,0.381642917954922,0.152378641187878,0.394343129601045,0.512332313206941,0.0457142100048209,0.0450000156640958,-0.00862489372974305,0.275464948158406,0.302235018667909,0.15,0.6,0.4,1.2,0.05,,,NaN,NaN,NaN,NaN,NaN,NaN,NaN,NaN,NaN,NaN,NaN,NaN,NaN,NaN
SimpleBaseline,100,burst_onsets,14,0.414795496036042,0.395016316018243,0.145806578828498,0.42801191480861,0.502337942846144,0.0414284758542742,0.0399999074253107,-0.0024545384880981,0.284257341736878,0.292246892477451,0.15,0.6,0.4,1.2,0.08,,,NaN,NaN,NaN,NaN,NaN,NaN,NaN,NaN,NaN,NaN,NaN,NaN,NaN,NaN
SimpleBaseline,100,burst_onsets,14,0.42220976100795,0.396876297854667,0.144379276646266,0.445285640402318,0.494360975385294,0.0414284758542742,0.0399999074253107,0.00166623534001103,0.279470189909216,0.289906095413567,0.15,0.6,0.4,1.2,0.1,,,NaN,NaN,NaN,NaN,NaN,NaN,NaN,NaN,NaN,NaN,NaN,NaN,NaN,NaN
SimpleBaseline,100,burst_onsets,14,0.427960729504923,0.392196707986182,0.147687017146953,0.473845465682707,0.475654090764356,0.0439284748011043,0.0400001005537847,0.00660740204183522,0.265066905345907,0.265102004334048,0.15,0.6,0.4,1.2,0.15,,,NaN,NaN,NaN,NaN,NaN,NaN,NaN,NaN,NaN,NaN,NaN,NaN,NaN,NaN
SimpleBaseline,100,burst_onsets,14,0.359261601649913,0.333598738247261,0.161946740245476,0.373605775522819,0.474133642260521,0.0485713474574091,0.0450000395571991,-0.0110311694748071,0.24741922304481,0.278784117346775,0.15,0.6,0.4,1.3,0.03,,,NaN,NaN,NaN,NaN,NaN,NaN,NaN,NaN,NaN,NaN,NaN,NaN,NaN,NaN
SimpleBaseline,100,burst_onsets,14,0.387197250179319,0.358355754524243,0.150976128493556,0.41186201333561,0.469661879861073,0.0460713512611988,0.0400000476320454,-0.00659276773340536,0.256723554529892,0.278101064984954,0.15,0.6,0.4,1.3,0.05,,,NaN,NaN,NaN,NaN,NaN,NaN,NaN,NaN,NaN,NaN,NaN,NaN,NaN,NaN
SimpleBaseline,100,burst_onsets,14,0.405933033780773,0.372432215148018,0.145808029405805,0.446249682690552,0.460784287725922,0.0417856190796733,0.0399999074253107,-0.000624224239096876,0.262171555894781,0.265586716472734,0.15,0.6,0.4,1.3,0.08,,,NaN,NaN,NaN,NaN,NaN,NaN,NaN,NaN,NaN,NaN,NaN,NaN,NaN,NaN
SimpleBaseline,100,burst_onsets,14,0.41232641140108,0.37353984857487,0.145114399451299,0.463645300140469,0.452601132652705,0.0414284758542742,0.0399999074253107,0.00319630339405083,0.256945425414459,0.255649177543141,0.15,0.6,0.4,1.3,0.1,,,NaN,NaN,NaN,NaN,NaN,NaN,NaN,NaN,NaN,NaN,NaN,NaN,NaN,NaN
SimpleBaseline,100,burst_onsets,14,0.416788484566157,0.369810668778346,0.149799565995771,0.491822515428404,0.436836133590457,0.043214190240368,0.0399999883229689,0.00815155590412941,0.244709049989294,0.237266627631104,0.15,0.6,0.4,1.3,0.15,,,NaN,NaN,NaN,NaN,NaN,NaN,NaN,NaN,NaN,NaN,NaN,NaN,NaN,NaN
SimpleBaseline,100,burst_onsets,14,0.35014172671857,0.31952369562989,0.151006389093049,0.389492799750163,0.431033096704679,0.0464284932002369,0.0400000476320454,-0.00975179838818779,0.228232212581292,0.25483058787355,0.15,0.6,0.4,1.4,0.03,,,NaN,NaN,NaN,NaN,NaN,NaN,NaN,NaN,NaN,NaN,NaN,NaN,NaN,NaN
SimpleBaseline,100,burst_onsets,14,0.375922861979314,0.333357455958978,0.140880158124805,0.427718477934193,0.42662443613545,0.0449999228713624,0.0399999883229689,-0.0056497590745,0.236242023263745,0.252918027455872,0.15,0.6,0.4,1.4,0.05,,,NaN,NaN,NaN,NaN,NaN,NaN,NaN,NaN,NaN,NaN,NaN,NaN,NaN,NaN
SimpleBaseline,100,burst_onsets,14,0.392068608971808,0.347364996254625,0.137998354247963,0.461219319669148,0.418189479108001,0.0421427597323503,0.0399999074253107,-0.000200351334141905,0.238709117990825,0.240501139727515,0.15,0.6,0.4,1.4,0.08,,,NaN,NaN,NaN,NaN,NaN,NaN,NaN,NaN,NaN,NaN,NaN,NaN,NaN,NaN
SimpleBaseline,100,burst_onsets,14,0.397477425271403,0.347262073958864,0.138273065210787,0.477753395024734,0.410632968325078,0.0428570546167409,0.0399999074253107,0.00402365036504608,0.233306445904633,0.226995686623892,0.15,0.6,0.4,1.4,0.1,,,NaN,NaN,NaN,NaN,NaN,NaN,NaN,NaN,NaN,NaN,NaN,NaN,NaN,NaN
SimpleBaseline,100,burst_onsets,14,0.401485178364997,0.34482035256758,0.142593612960987,0.506346360149725,0.396431758276305,0.04392848147438,0.0400001005537847,0.00855667956289587,0.221608800357003,0.208364105617373,0.15,0.6,0.4,1.4,0.15,,,NaN,NaN,NaN,NaN,NaN,NaN,NaN,NaN,NaN,NaN,NaN,NaN,NaN,NaN
SimpleBaseline,100,burst_onsets,14,0.270150357058817,0.251556494119272,0.152558822170067,0.175016325157406,0.890295459417089,0.053214220466736,0.0549999486571409,-0.0307806547209678,0.411326212936412,0.422207486346881,0.15,0.7,0.3,0.4,0.03,,,NaN,NaN,NaN,NaN,NaN,NaN,NaN,NaN,NaN,NaN,NaN,NaN,NaN,NaN
SimpleBaseline,100,burst_onsets,14,0.301976001500564,0.281918283529245,0.151570018847198,0.198062801772669,0.884337976052652,0.0453570700741673,0.0499998714653304,-0.0233882688467682,0.456647824583009,0.474078852326454,0.15,0.7,0.3,0.4,0.05,,,NaN,NaN,NaN,NaN,NaN,NaN,NaN,NaN,NaN,NaN,NaN,NaN,NaN,NaN
SimpleBaseline,100,burst_onsets,14,0.328885017277274,0.314434198186933,0.15192950325741,0.219768842813697,0.868726257723218,0.041071336512347,0.0399999256513067,-0.0138332828222038,0.47907005325023,0.488293509784173,0.15,0.7,0.3,0.4,0.08,,,NaN,NaN,NaN,NaN,NaN,NaN,NaN,NaN,NaN,NaN,NaN,NaN,NaN,NaN
SimpleBaseline,100,burst_onsets,14,0.341267986182297,0.3334087537042,0.150172118607595,0.230962380226843,0.854601768035562,0.0407142048969634,0.039999916286747,-0.0078750835321809,0.474736249542511,0.487408488173929,0.15,0.7,0.3,0.4,0.1,,,NaN,NaN,NaN,NaN,NaN,NaN,NaN,NaN,NaN,NaN,NaN,NaN,NaN,NaN
SimpleBaseline,100,burst_onsets,14,0.353104044746791,0.3526754739661,0.148561368957843,0.247617918934598,0.796605087029866,0.0421427754295683,0.0399999883229689,0.000560298711410896,0.4410836766823,0.460178926509544,0.15,0.7,0.3,0.4,0.15,,,NaN,NaN,NaN,NaN,NaN,NaN,NaN,NaN,NaN,NaN,NaN,NaN,NaN,NaN
SimpleBaseline,100,burst_onsets,14,0.29044762344251,0.280544415915431,0.158591464073205,0.194179196227868,0.863939133010504,0.0521427953918571,0.0549999486571409,-0.0286606261211939,0.40515521346609,0.41537703828904,0.15,0.7,0.3,0.5,0.03,,,NaN,NaN,NaN,NaN,NaN,NaN,NaN,NaN,NaN,NaN,NaN,NaN,NaN,NaN
SimpleBaseline,100,burst_onsets,14,0.322597354166174,0.315135597755878,0.156023242554903,0.218517523937633,0.857195601011269,0.0453570722950988,0.0499998714653304,-0.0215081557428117,0.444852351102359,0.46228879298501,0.15,0.7,0.3,0.5,0.05,,,NaN,NaN,NaN,NaN,NaN,NaN,NaN,NaN,NaN,NaN,NaN,NaN,NaN,NaN
SimpleBaseline,100,burst_onsets,14,0.348650854490842,0.35291961159788,0.154653255174911,0.240853095401444,0.840041460021579,0.0414284827834513,0.0399999256513067,-0.0127803579482743,0.463928616090512,0.47461810256941,0.15,0.7,0.3,0.5,0.08,,,NaN,NaN,NaN,NaN,NaN,NaN,NaN,NaN,NaN,NaN,NaN,NaN,NaN,NaN
SimpleBaseline,100,burst_onsets,14,0.360559352132479,0.368680404454115,0.152660066804328,0.252294897355526,0.827364440260597,0.0414284905343835,0.0399999447657893,-0.00698536699816596,0.459229135113303,0.474928583979903,0.15,0.7,0.3,0.5,0.1,,,NaN,NaN,NaN,NaN,NaN,NaN,NaN,NaN,NaN,NaN,NaN,NaN,NaN,NaN
SimpleBaseline,100,burst_onsets,14,0.371062459375968,0.383505881021811,0.150901539757357,0.268942834220181,0.773492219476556,0.0421427754295683,0.0399999883229689,0.00117167329512866,0.42832423956207,0.448840622582722,0.15,0.7,0.3,0.5,0.15,,,NaN,NaN,NaN,NaN,NaN,NaN,NaN,NaN,NaN,NaN,NaN,NaN,NaN,NaN
SimpleBaseline,100,burst_onsets,14,0.310503708906187,0.312913714600731,0.163766236593349,0.214548935357744,0.835928731329039,0.0507142229448013,0.0499999615106079,-0.026456365783042,0.397223750460241,0.403422536949081,0.15,0.7,0.3,0.6,0.03,,,NaN,NaN,NaN,NaN,NaN,NaN,NaN,NaN,NaN,NaN,NaN,NaN,NaN,NaN
SimpleBaseline,100,burst_onsets,14,0.343622832949789,0.350345588643405,0.160330104813906,0.240917800602408,0.828816289697757,0.0457142146957244,0.0499998714653304,-0.0198073040222392,0.431620249200252,0.457358854592742,0.15,0.7,0.3,0.6,0.05,,,NaN,NaN,NaN,NaN,NaN,NaN,NaN,NaN,NaN,NaN,NaN,NaN,NaN,NaN
SimpleBaseline,100,burst_onsets,14,0.369124547436942,0.393262039913277,0.157752992880747,0.264108709215378,0.811992307204922,0.0421427651059139,0.0400001005537847,-0.011707688331915,0.447550777850086,0.457643091016877,0.15,0.7,0.3,0.6,0.08,,,NaN,NaN,NaN,NaN,NaN,NaN,NaN,NaN,NaN,NaN,NaN,NaN,NaN,NaN
SimpleBaseline,100,burst_onsets,14,0.38069902145352,0.411130221130221,0.156942056460737,0.276191708854711,0.799142293823354,0.0407142066563073,0.039999916286747,-0.00625425227839012,0.443010617631841,0.458613970740823,0.15,0.7,0.3,0.6,0.1,,,NaN,NaN,NaN,NaN,NaN,NaN,NaN,NaN,NaN,NaN,NaN,NaN,NaN,NaN
SimpleBaseline,100,burst_onsets,14,0.388717198253974,0.419560127022143,0.15442502364934,0.292343863422021,0.747979532215862,0.0421427754295683,0.0399999883229689,0.00176833237818288,0.414351341437379,0.431492658819955,0.15,0.7,0.3,0.6,0.15,,,NaN,NaN,NaN,NaN,NaN,NaN,NaN,NaN,NaN,NaN,NaN,NaN,NaN,NaN
SimpleBaseline,100,burst_onsets,14,0.328761885401882,0.332779189286937,0.167464163576689,0.23591402476963,0.801709910448921,0.0496427857800426,0.0499999615106079,-0.0245380159261247,0.387740455172985,0.395995332964287,0.15,0.7,0.3,0.7,0.03,,,NaN,NaN,NaN,NaN,NaN,NaN,NaN,NaN,NaN,NaN,NaN,NaN,NaN,NaN
SimpleBaseline,100,burst_onsets,14,0.361894178479399,0.388906208781985,0.162240931845831,0.263776962541196,0.794056293157164,0.0457142146957244,0.0499998714653304,-0.0184103619129131,0.414655190521229,0.443217555084755,0.15,0.7,0.3,0.7,0.05,,,NaN,NaN,NaN,NaN,NaN,NaN,NaN,NaN,NaN,NaN,NaN,NaN,NaN,NaN
SimpleBaseline,100,burst_onsets,14,0.387290722560859,0.432461648710692,0.158970136540229,0.288261702762184,0.778995724548958,0.0421427651059139,0.0400001005537847,-0.0104815987091946,0.431318890995421,0.44401728439367,0.15,0.7,0.3,0.7,0.08,,,NaN,NaN,NaN,NaN,NaN,NaN,NaN,NaN,NaN,NaN,NaN,NaN,NaN,NaN
SimpleBaseline,100,burst_onsets,14,0.39889914625989,0.440872336628537,0.158802115470912,0.301116343377597,0.768339392852091,0.0414284915514921,0.039999916286747,-0.00534461174643383,0.428281419422742,0.443836590881139,0.15,0.7,0.3,0.7,0.1,,,NaN,NaN,NaN,NaN,NaN,NaN,NaN,NaN,NaN,NaN,NaN,NaN,NaN,NaN
SimpleBaseline,100,burst_onsets,14,0.404630660696856,0.441380477291869,0.157009951286693,0.317305810960995,0.718162123970825,0.0421427754295683,0.0399999883229689,0.00181018201956022,0.398837582843316,0.419537905568539,0.15,0.7,0.3,0.7,0.15,,,NaN,NaN,NaN,NaN,NaN,NaN,NaN,NaN,NaN,NaN,NaN,NaN,NaN,NaN
SimpleBaseline,100,burst_onsets,14,0.343913423271838,0.34478487163538,0.167072617057794,0.257652860845562,0.760590365671868,0.0496427854387125,0.0499999854037112,-0.0219529553919151,0.371283556168376,0.379954418092511,0.15,0.7,0.3,0.8,0.03,,,NaN,NaN,NaN,NaN,NaN,NaN,NaN,NaN,NaN,NaN,NaN,NaN,NaN,NaN
SimpleBaseline,100,burst_onsets,14,0.377401016882008,0.42253906158469,0.160502381169007,0.28766171715415,0.753393440135607,0.0457142146957244,0.0499998714653304,-0.0161252062257639,0.396373795388462,0.425175532503906,0.15,0.7,0.3,0.8,0.05,,,NaN,NaN,NaN,NaN,NaN,NaN,NaN,NaN,NaN,NaN,NaN,NaN,NaN,NaN
SimpleBaseline,100,burst_onsets,14,0.401901512577074,0.457358756383779,0.156648032567822,0.31343440056397,0.738032271717005,0.0421427651059139,0.0400001005537847,-0.009017222586149,0.410776866439021,0.423931206981986,0.15,0.7,0.3,0.8,0.08,,,NaN,NaN,NaN,NaN,NaN,NaN,NaN,NaN,NaN,NaN,NaN,NaN,NaN,NaN
SimpleBaseline,100,burst_onsets,14,0.411795992162759,0.459294734915502,0.156675632432299,0.326325850851397,0.725403937461395,0.0410713444129962,0.0399999074253107,-0.00411575485168272,0.405525068279577,0.423659566300818,0.15,0.7,0.3,0.8,0.1,,,NaN,NaN,NaN,NaN,NaN,NaN,NaN,NaN,NaN,NaN,NaN,NaN,NaN,NaN
SimpleBaseline,100,burst_onsets,14,0.417737281043428,0.460482603470061,0.157146452230326,0.344683500930639,0.681303842653876,0.0421427754295683,0.0399999883229689,0.00270421172344171,0.378939626680427,0.394793752140882,0.15,0.7,0.3,0.8,0.15,,,NaN,NaN,NaN,NaN,NaN,NaN,NaN,NaN,NaN,NaN,NaN,NaN,NaN,NaN
SimpleBaseline,100,burst_onsets,14,0.354621771846888,0.352067209203717,0.16571715171759,0.27869286623772,0.71413838306098,0.0485713669223556,0.0499998953584337,-0.0199208846488614,0.353777642901215,0.381376709563719,0.15,0.7,0.3,0.9,0.03,,,NaN,NaN,NaN,NaN,NaN,NaN,NaN,NaN,NaN,NaN,NaN,NaN,NaN,NaN
SimpleBaseline,100,burst_onsets,14,0.387563746172587,0.423171191553544,0.158091517776058,0.310484235682274,0.706168453867522,0.0457142146957244,0.0499998714653304,-0.014625951439133,0.37473118502989,0.403348202142377,0.15,0.7,0.3,0.9,0.05,,,NaN,NaN,NaN,NaN,NaN,NaN,NaN,NaN,NaN,NaN,NaN,NaN,NaN,NaN
SimpleBaseline,100,burst_onsets,14,0.411698087152954,0.448723138683669,0.154038124348335,0.337696650085926,0.694214710519352,0.0421427666615275,0.0400000569966051,-0.00809409711972912,0.388780790191314,0.401146950914816,0.15,0.7,0.3,0.9,0.08,,,NaN,NaN,NaN,NaN,NaN,NaN,NaN,NaN,NaN,NaN,NaN,NaN,NaN,NaN
SimpleBaseline,100,burst_onsets,14,0.421158955715327,0.448949963260566,0.154316341478208,0.351352581782034,0.683147006890137,0.0407142019654038,0.0399999074253107,-0.00376214598328222,0.383027221635417,0.400730934889961,0.15,0.7,0.3,0.9,0.1,,,NaN,NaN,NaN,NaN,NaN,NaN,NaN,NaN,NaN,NaN,NaN,NaN,NaN,NaN
SimpleBaseline,100,burst_onsets,14,0.425896411149377,0.451038295882269,0.15523065350626,0.370786442769387,0.643067434536324,0.0421427754295683,0.0399999883229689,0.0027408620753025,0.358087235132006,0.372131217710471,0.15,0.7,0.3,0.9,0.15,,,NaN,NaN,NaN,NaN,NaN,NaN,NaN,NaN,NaN,NaN,NaN,NaN,NaN,NaN
SimpleBaseline,100,burst_onsets,14,0.368757735585394,0.339052215532377,0.170806653666318,0.30513155804835,0.674339318358244,0.0492856470327033,0.0499999854037112,-0.0178288487783007,0.336421041865439,0.36394371142572,0.15,0.7,0.3,1,0.03,,,NaN,NaN,NaN,NaN,NaN,NaN,NaN,NaN,NaN,NaN,NaN,NaN,NaN,NaN
SimpleBaseline,100,burst_onsets,14,0.40096658461591,0.413978794642857,0.161412326656306,0.338274316604155,0.66699914914873,0.0457142146957244,0.0499998714653304,-0.0130465650675783,0.354869134324588,0.382263229112641,0.15,0.7,0.3,1,0.05,,,NaN,NaN,NaN,NaN,NaN,NaN,NaN,NaN,NaN,NaN,NaN,NaN,NaN,NaN
SimpleBaseline,100,burst_onsets,14,0.423318015108043,0.43342951217997,0.157035896825173,0.366096658138947,0.653749767199925,0.0435713447915557,0.0400001005537847,-0.00661785693108682,0.364469992289203,0.375241026240394,0.15,0.7,0.3,1,0.08,,,NaN,NaN,NaN,NaN,NaN,NaN,NaN,NaN,NaN,NaN,NaN,NaN,NaN,NaN
SimpleBaseline,100,burst_onsets,14,0.431833106605111,0.436138931946144,0.156788709867866,0.380312489868825,0.642741567228924,0.0414284868605886,0.0399999074253107,-0.00276918863117887,0.359654362256451,0.372613450688063,0.15,0.7,0.3,1,0.1,,,NaN,NaN,NaN,NaN,NaN,NaN,NaN,NaN,NaN,NaN,NaN,NaN,NaN,NaN
SimpleBaseline,100,burst_onsets,14,0.436817298042792,0.439720090011901,0.157878857592451,0.401967822103272,0.60962924800612,0.0424999173686064,0.0399999883229689,0.00272211276481792,0.338469040843275,0.348295045599739,0.15,0.7,0.3,1,0.15,,,NaN,NaN,NaN,NaN,NaN,NaN,NaN,NaN,NaN,NaN,NaN,NaN,NaN,NaN
SimpleBaseline,100,burst_onsets,14,0.37329932404898,0.354120090096879,0.170690231848783,0.324960635027168,0.624491291603669,0.0492856470327033,0.0499999854037112,-0.0161287158319409,0.314591557418636,0.335997823121264,0.15,0.7,0.3,1.1,0.03,,,NaN,NaN,NaN,NaN,NaN,NaN,NaN,NaN,NaN,NaN,NaN,NaN,NaN,NaN
SimpleBaseline,100,burst_onsets,14,0.404836632010407,0.404849312946274,0.161042460861388,0.35994712457825,0.617990341478617,0.0449999261267447,0.0450000156640958,-0.0114698321643971,0.331173560928286,0.354314755067507,0.15,0.7,0.3,1.1,0.05,,,NaN,NaN,NaN,NaN,NaN,NaN,NaN,NaN,NaN,NaN,NaN,NaN,NaN,NaN
SimpleBaseline,100,burst_onsets,14,0.425485983653661,0.41492944418158,0.157134381286753,0.388962782014909,0.604477613009622,0.0414284818190189,0.0399999074253107,-0.00499398319642989,0.339777507137187,0.346564347772488,0.15,0.7,0.3,1.1,0.08,,,NaN,NaN,NaN,NaN,NaN,NaN,NaN,NaN,NaN,NaN,NaN,NaN,NaN,NaN
SimpleBaseline,100,burst_onsets,14,0.433381910377048,0.417594559747373,0.155839390560557,0.403735447614513,0.595229810653777,0.0410713444129962,0.0399999074253107,-0.000913500956468316,0.33523592064767,0.346291131898831,0.15,0.7,0.3,1.1,0.1,,,NaN,NaN,NaN,NaN,NaN,NaN,NaN,NaN,NaN,NaN,NaN,NaN,NaN,NaN
SimpleBaseline,100,burst_onsets,14,0.438494157965286,0.415241264879781,0.157798645946248,0.427035376447243,0.567462175676747,0.0424999173686064,0.0399999883229689,0.00373779414274148,0.316973130039683,0.327366036072457,0.15,0.7,0.3,1.1,0.15,,,NaN,NaN,NaN,NaN,NaN,NaN,NaN,NaN,NaN,NaN,NaN,NaN,NaN,NaN
SimpleBaseline,100,burst_onsets,14,0.379526875616275,0.371829816230489,0.167593122176287,0.348791650338957,0.582246062803503,0.0485713622314521,0.0499999854037112,-0.0147395293755268,0.296902088132733,0.311472072262149,0.15,0.7,0.3,1.2,0.03,,,NaN,NaN,NaN,NaN,NaN,NaN,NaN,NaN,NaN,NaN,NaN,NaN,NaN,NaN
SimpleBaseline,100,burst_onsets,14,0.410022688409131,0.411969261695039,0.157839652772315,0.385272451485116,0.57647137196086,0.0453570680657828,0.0450000156640958,-0.0102541351384282,0.310549767191664,0.33667617513238,0.15,0.7,0.3,1.2,0.05,,,NaN,NaN,NaN,NaN,NaN,NaN,NaN,NaN,NaN,NaN,NaN,NaN,NaN,NaN
SimpleBaseline,100,burst_onsets,14,0.42928400839283,0.423172983346522,0.153924073131763,0.415022008425163,0.563797283669643,0.0417856228255458,0.0400001005537847,-0.00405577739174586,0.317419983459776,0.324752803289885,0.15,0.7,0.3,1.2,0.08,,,NaN,NaN,NaN,NaN,NaN,NaN,NaN,NaN,NaN,NaN,NaN,NaN,NaN,NaN
SimpleBaseline,100,burst_onsets,14,0.436547218782882,0.425781701414214,0.153150501343975,0.430613726296301,0.554775489072274,0.0414284868605886,0.0399999074253107,5.02573702775781e-05,0.312645747594722,0.323113467197649,0.15,0.7,0.3,1.2,0.1,,,NaN,NaN,NaN,NaN,NaN,NaN,NaN,NaN,NaN,NaN,NaN,NaN,NaN,NaN
SimpleBaseline,100,burst_onsets,14,0.441805474638543,0.422424819919911,0.15512980589292,0.456672368318415,0.530617964295927,0.0432141957435253,0.0399999883229689,0.00425271113453051,0.297134108259626,0.306921783683514,0.15,0.7,0.3,1.2,0.15,,,NaN,NaN,NaN,NaN,NaN,NaN,NaN,NaN,NaN,NaN,NaN,NaN,NaN,NaN
SimpleBaseline,100,burst_onsets,14,0.379211093704909,0.372914179305365,0.161592545694113,0.369383924523312,0.537588691353775,0.0471427871177404,0.0400001005537847,-0.0129909844364063,0.280295686057326,0.306601772478307,0.15,0.7,0.3,1.3,0.03,,,NaN,NaN,NaN,NaN,NaN,NaN,NaN,NaN,NaN,NaN,NaN,NaN,NaN,NaN
SimpleBaseline,100,burst_onsets,14,0.408440159325392,0.400601247872944,0.152319068407785,0.407118605288252,0.531938725796523,0.0449999235540225,0.0400001005537847,-0.00863740779199106,0.291377392066727,0.313844443704291,0.15,0.7,0.3,1.3,0.05,,,NaN,NaN,NaN,NaN,NaN,NaN,NaN,NaN,NaN,NaN,NaN,NaN,NaN,NaN
SimpleBaseline,100,burst_onsets,14,0.426832627775138,0.412439519275792,0.149381780684986,0.438841248933635,0.520375574379123,0.0414284755198256,0.0399999167898705,-0.0031188100267645,0.296018311276391,0.301124078485305,0.15,0.7,0.3,1.3,0.08,,,NaN,NaN,NaN,NaN,NaN,NaN,NaN,NaN,NaN,NaN,NaN,NaN,NaN,NaN
SimpleBaseline,100,burst_onsets,14,0.433326561538039,0.413953488372093,0.149843538400313,0.455090525111652,0.511677462164394,0.0424999078572057,0.0399999603470501,0.000823160880322191,0.290800646753658,0.297298947789532,0.15,0.7,0.3,1.3,0.1,,,NaN,NaN,NaN,NaN,NaN,NaN,NaN,NaN,NaN,NaN,NaN,NaN,NaN,NaN
SimpleBaseline,100,burst_onsets,14,0.438353358707036,0.411089052750993,0.152206943285872,0.48250710048955,0.491807764056398,0.0435713328620662,0.0400001005537847,0.00477631640034123,0.277685528281766,0.285260513770089,0.15,0.7,0.3,1.3,0.15,,,NaN,NaN,NaN,NaN,NaN,NaN,NaN,NaN,NaN,NaN,NaN,NaN,NaN,NaN
SimpleBaseline,100,burst_onsets,14,0.372594810212968,0.351250796685787,0.156933185885471,0.384788299340827,0.487807295629462,0.0482142100044196,0.0450000395571991,-0.0113341703280847,0.256686388544303,0.278872598964979,0.15,0.7,0.3,1.4,0.03,,,NaN,NaN,NaN,NaN,NaN,NaN,NaN,NaN,NaN,NaN,NaN,NaN,NaN,NaN
SimpleBaseline,100,burst_onsets,14,0.399632696670808,0.384435601902671,0.148068522138488,0.422834615836768,0.483153540518176,0.0460713555942376,0.0450000395571991,-0.007011707725711,0.26666388470636,0.294185202723639,0.15,0.7,0.3,1.4,0.05,,,NaN,NaN,NaN,NaN,NaN,NaN,NaN,NaN,NaN,NaN,NaN,NaN,NaN,NaN
SimpleBaseline,100,burst_onsets,14,0.415171090536646,0.393990787269682,0.146286939558013,0.453995469302608,0.472034745541498,0.0417856177933122,0.0399999074253107,-0.00219470470580407,0.269748314015743,0.275522707911351,0.15,0.7,0.3,1.4,0.08,,,NaN,NaN,NaN,NaN,NaN,NaN,NaN,NaN,NaN,NaN,NaN,NaN,NaN,NaN
SimpleBaseline,100,burst_onsets,14,0.420353215764081,0.394290525858322,0.147669550623925,0.469971906179047,0.464070227098158,0.0417856232964695,0.0399999074253107,0.00184953856340472,0.264548944809421,0.267908348084873,0.15,0.7,0.3,1.4,0.1,,,NaN,NaN,NaN,NaN,NaN,NaN,NaN,NaN,NaN,NaN,NaN,NaN,NaN,NaN
SimpleBaseline,100,burst_onsets,14,0.425545860644606,0.395382882882883,0.149297822359335,0.498247227679932,0.450259860646784,0.0424999071745456,0.0399999074253107,0.00629570342867261,0.254613078520846,0.252977778960045,0.15,0.7,0.3,1.4,0.15,,,NaN,NaN,NaN,NaN,NaN,NaN,NaN,NaN,NaN,NaN,NaN,NaN,NaN,NaN
SimpleBaseline,100,burst_onsets,14,0.254998223559785,0.236197577622598,0.149770904526868,0.162273601588622,0.908375921879316,0.0549999181828885,0.0599995391265884,-0.0338431961144226,0.413256355862371,0.417060586266394,0.15,0.8,0.2,0.4,0.03,,,NaN,NaN,NaN,NaN,NaN,NaN,NaN,NaN,NaN,NaN,NaN,NaN,NaN,NaN
SimpleBaseline,100,burst_onsets,14,0.285968650430232,0.262772175829962,0.149616539113432,0.183970269451607,0.902950426736697,0.0464284949807294,0.0499998714653304,-0.0261646983982654,0.462037150484391,0.476381404480683,0.15,0.8,0.2,0.4,0.05,,,NaN,NaN,NaN,NaN,NaN,NaN,NaN,NaN,NaN,NaN,NaN,NaN,NaN,NaN
SimpleBaseline,100,burst_onsets,14,0.312998890187558,0.289489761855274,0.150783046331616,0.204971817122158,0.887001847389764,0.0417856111385889,0.0400001005537847,-0.0160227745774022,0.488074801567368,0.49713136650244,0.15,0.8,0.2,0.4,0.08,,,NaN,NaN,NaN,NaN,NaN,NaN,NaN,NaN,NaN,NaN,NaN,NaN,NaN,NaN
SimpleBaseline,100,burst_onsets,14,0.325875938778245,0.307263663949724,0.150222652009493,0.21597875844572,0.873493782016554,0.0414284831735839,0.0399999447657893,-0.00985557539191381,0.485842787236574,0.493538284031508,0.15,0.8,0.2,0.4,0.1,,,NaN,NaN,NaN,NaN,NaN,NaN,NaN,NaN,NaN,NaN,NaN,NaN,NaN,NaN
SimpleBaseline,100,burst_onsets,14,0.339172352233021,0.322941824803527,0.148204592883557,0.232920142300453,0.813256148724797,0.0428570519468449,0.0400001005537847,-0.00091355407778899,0.450308547889709,0.470811510685637,0.15,0.8,0.2,0.4,0.15,,,NaN,NaN,NaN,NaN,NaN,NaN,NaN,NaN,NaN,NaN,NaN,NaN,NaN,NaN
SimpleBaseline,100,burst_onsets,14,0.274757384803183,0.264665631340628,0.155158875879791,0.17894279366132,0.892429914625514,0.0532142148652804,0.0524999550838744,-0.0306769818412635,0.41555574231496,0.441832543557128,0.15,0.8,0.2,0.5,0.03,,,NaN,NaN,NaN,NaN,NaN,NaN,NaN,NaN,NaN,NaN,NaN,NaN,NaN,NaN
SimpleBaseline,100,burst_onsets,14,0.306058772689375,0.295925733343238,0.153829391625616,0.201640754774575,0.886178918320819,0.0457142064117498,0.0499998714653304,-0.023598609877812,0.458148838319266,0.47204994742495,0.15,0.8,0.2,0.5,0.05,,,NaN,NaN,NaN,NaN,NaN,NaN,NaN,NaN,NaN,NaN,NaN,NaN,NaN,NaN
SimpleBaseline,100,burst_onsets,14,0.332666256489344,0.312370244139967,0.153906824500965,0.22315322506582,0.869416864390382,0.0414284731843781,0.0399999883229689,-0.013894918418534,0.481760535773017,0.485667902741493,0.15,0.8,0.2,0.5,0.08,,,NaN,NaN,NaN,NaN,NaN,NaN,NaN,NaN,NaN,NaN,NaN,NaN,NaN,NaN
SimpleBaseline,100,burst_onsets,14,0.344836008266811,0.33075817627137,0.152870882123425,0.234142987270796,0.855735775513569,0.0414284831735839,0.0399999447657893,-0.0082026075104825,0.47714773406271,0.483111791143043,0.15,0.8,0.2,0.5,0.1,,,NaN,NaN,NaN,NaN,NaN,NaN,NaN,NaN,NaN,NaN,NaN,NaN,NaN,NaN
SimpleBaseline,100,burst_onsets,14,0.356014476423468,0.350065698355766,0.151166602988511,0.250241338073412,0.797031575745003,0.0428570519468449,0.0400001005537847,-2.56628290903897e-05,0.442108588709295,0.459962487378209,0.15,0.8,0.2,0.5,0.15,,,NaN,NaN,NaN,NaN,NaN,NaN,NaN,NaN,NaN,NaN,NaN,NaN,NaN,NaN
SimpleBaseline,100,burst_onsets,14,0.295629544737637,0.292413251772858,0.161283046614674,0.198462749124836,0.87006715955773,0.0507142085859307,0.0499998953584337,-0.0282834976856663,0.411170416535338,0.433572316714362,0.15,0.8,0.2,0.6,0.03,,,NaN,NaN,NaN,NaN,NaN,NaN,NaN,NaN,NaN,NaN,NaN,NaN,NaN,NaN
SimpleBaseline,100,burst_onsets,14,0.327267174283717,0.32749621542725,0.159005646131213,0.222440516410083,0.862731081984916,0.046428491213001,0.0499998714653304,-0.0214591005157746,0.44863967697285,0.460454496835684,0.15,0.8,0.2,0.6,0.05,,,NaN,NaN,NaN,NaN,NaN,NaN,NaN,NaN,NaN,NaN,NaN,NaN,NaN,NaN
SimpleBaseline,100,burst_onsets,14,0.351860025298447,0.352432175939423,0.157585807735823,0.243606991203444,0.842495575575647,0.0421427570624542,0.0400001005537847,-0.0127985671853871,0.465857217721937,0.468627248547061,0.15,0.8,0.2,0.6,0.08,,,NaN,NaN,NaN,NaN,NaN,NaN,NaN,NaN,NaN,NaN,NaN,NaN,NaN,NaN
SimpleBaseline,100,burst_onsets,14,0.363947398708962,0.366823906141391,0.156758936940846,0.255155684062019,0.829810553630205,0.0414284831735839,0.0399999447657893,-0.00745895785680286,0.461478370452643,0.466614331009213,0.15,0.8,0.2,0.6,0.1,,,NaN,NaN,NaN,NaN,NaN,NaN,NaN,NaN,NaN,NaN,NaN,NaN,NaN,NaN
SimpleBaseline,100,burst_onsets,14,0.373161225725135,0.379461524682642,0.154900140325214,0.270739231711567,0.775093228502168,0.0428570519468449,0.0400001005537847,0.000294414172272836,0.430013662932898,0.444123055173313,0.15,0.8,0.2,0.6,0.15,,,NaN,NaN,NaN,NaN,NaN,NaN,NaN,NaN,NaN,NaN,NaN,NaN,NaN,NaN
SimpleBaseline,100,burst_onsets,14,0.315450079933152,0.31676475346843,0.166867206681026,0.219126568883415,0.839916068192674,0.0507142045776873,0.0499999615106079,-0.026118512860299,0.40185267702328,0.411323230761834,0.15,0.8,0.2,0.7,0.03,,,NaN,NaN,NaN,NaN,NaN,NaN,NaN,NaN,NaN,NaN,NaN,NaN,NaN,NaN
SimpleBaseline,100,burst_onsets,14,0.348029697163883,0.367164463925842,0.164374994834077,0.245112616451885,0.832626059874834,0.046428491213001,0.0499998714653304,-0.0196444611494332,0.433865444345231,0.456782581425498,0.15,0.8,0.2,0.7,0.05,,,NaN,NaN,NaN,NaN,NaN,NaN,NaN,NaN,NaN,NaN,NaN,NaN,NaN,NaN
SimpleBaseline,100,burst_onsets,14,0.371959257489758,0.396171618209823,0.162297440911901,0.267190821885053,0.81227151254014,0.0414284731843781,0.0399999883229689,-0.0116366332491559,0.450102136472519,0.455000668849923,0.15,0.8,0.2,0.7,0.08,,,NaN,NaN,NaN,NaN,NaN,NaN,NaN,NaN,NaN,NaN,NaN,NaN,NaN,NaN
SimpleBaseline,100,burst_onsets,14,0.382559034768788,0.411463773477763,0.161764793259497,0.278270909951094,0.799296488300204,0.0417856256211763,0.0399999883229689,-0.00653468786598004,0.445627981500737,0.454666649178083,0.15,0.8,0.2,0.7,0.1,,,NaN,NaN,NaN,NaN,NaN,NaN,NaN,NaN,NaN,NaN,NaN,NaN,NaN,NaN
SimpleBaseline,100,burst_onsets,14,0.389971549550996,0.424285560631038,0.159937472832444,0.293602623262224,0.747635646273891,0.0428570519468449,0.0400001005537847,0.00106778163154276,0.41520147617355,0.433694795141786,0.15,0.8,0.2,0.7,0.15,,,NaN,NaN,NaN,NaN,NaN,NaN,NaN,NaN,NaN,NaN,NaN,NaN,NaN,NaN
SimpleBaseline,100,burst_onsets,14,0.333101589035207,0.34625944146293,0.167960785380604,0.239773218263709,0.807410090104467,0.0492856441222923,0.0499998714653304,-0.0241308143207235,0.390507026884635,0.399858372529583,0.15,0.8,0.2,0.8,0.03,,,NaN,NaN,NaN,NaN,NaN,NaN,NaN,NaN,NaN,NaN,NaN,NaN,NaN,NaN
SimpleBaseline,100,burst_onsets,14,0.365620455897586,0.406926961358314,0.164830104750687,0.267256377344805,0.79878036592403,0.046428491213001,0.0499998714653304,-0.0182585035403235,0.417776063112419,0.440925677795981,0.15,0.8,0.2,0.8,0.05,,,NaN,NaN,NaN,NaN,NaN,NaN,NaN,NaN,NaN,NaN,NaN,NaN,NaN,NaN
SimpleBaseline,100,burst_onsets,14,0.390253769171654,0.440550755361406,0.163178684407766,0.291331917278665,0.781989416122924,0.0414284731843781,0.0399999883229689,-0.0105325856994674,0.434166698334742,0.44072380420986,0.15,0.8,0.2,0.8,0.08,,,NaN,NaN,NaN,NaN,NaN,NaN,NaN,NaN,NaN,NaN,NaN,NaN,NaN,NaN
SimpleBaseline,100,burst_onsets,14,0.400057956501008,0.442860579814748,0.163216239721308,0.302647437223458,0.76953253067373,0.0414284831735839,0.0399999447657893,-0.00566520268595098,0.429984409981114,0.441694683933806,0.15,0.8,0.2,0.8,0.1,,,NaN,NaN,NaN,NaN,NaN,NaN,NaN,NaN,NaN,NaN,NaN,NaN,NaN,NaN
SimpleBaseline,100,burst_onsets,14,0.404299176292794,0.442297207245411,0.16148515491463,0.317071872584781,0.717985502783259,0.0428570519468449,0.0400001005537847,0.00127610607528321,0.399117595708777,0.416096519452938,0.15,0.8,0.2,0.8,0.15,,,NaN,NaN,NaN,NaN,NaN,NaN,NaN,NaN,NaN,NaN,NaN,NaN,NaN,NaN
SimpleBaseline,100,burst_onsets,14,0.347304463494488,0.359497605440984,0.168272389652877,0.26009167758736,0.769091671085717,0.0485713595615561,0.0499998714653304,-0.0215505920694946,0.379375438612148,0.400725548133557,0.15,0.8,0.2,0.9,0.03,,,NaN,NaN,NaN,NaN,NaN,NaN,NaN,NaN,NaN,NaN,NaN,NaN,NaN,NaN
SimpleBaseline,100,burst_onsets,14,0.380015812319574,0.433700947528381,0.164684824900571,0.289584136013304,0.760486725975028,0.046428491213001,0.0499998714653304,-0.0161181875062408,0.402750661887314,0.423180897084508,0.15,0.8,0.2,0.9,0.05,,,NaN,NaN,NaN,NaN,NaN,NaN,NaN,NaN,NaN,NaN,NaN,NaN,NaN,NaN
SimpleBaseline,100,burst_onsets,14,0.403967249806736,0.454817390569418,0.163122348576316,0.314792311244351,0.744877170545713,0.0428570416231905,0.0400003366943684,-0.00907990191132692,0.414786420081112,0.420130133520416,0.15,0.8,0.2,0.9,0.08,,,NaN,NaN,NaN,NaN,NaN,NaN,NaN,NaN,NaN,NaN,NaN,NaN,NaN,NaN
SimpleBaseline,100,burst_onsets,14,0.413088907454049,0.454817390569418,0.164728172688818,0.32684966644942,0.731643683254083,0.0421427670516601,0.0399999976875287,-0.00466966192870403,0.409385335304277,0.421101013244362,0.15,0.8,0.2,0.9,0.1,,,NaN,NaN,NaN,NaN,NaN,NaN,NaN,NaN,NaN,NaN,NaN,NaN,NaN,NaN
SimpleBaseline,100,burst_onsets,14,0.416205737093541,0.455202573441705,0.164245205074374,0.341966140240448,0.684226509618634,0.0428570519468449,0.0400001005537847,0.00185562559468783,0.38085388490599,0.396948727710111,0.15,0.8,0.2,0.9,0.15,,,NaN,NaN,NaN,NaN,NaN,NaN,NaN,NaN,NaN,NaN,NaN,NaN,NaN,NaN
SimpleBaseline,100,burst_onsets,14,0.359144441480443,0.367714936667021,0.166765820512209,0.281357218308489,0.724725202047009,0.0492856434396322,0.0499998953584337,-0.0196704285751118,0.361049595454879,0.385009232592931,0.15,0.8,0.2,1,0.03,,,NaN,NaN,NaN,NaN,NaN,NaN,NaN,NaN,NaN,NaN,NaN,NaN,NaN,NaN
SimpleBaseline,100,burst_onsets,14,0.391810122709995,0.444591897286508,0.162255265581897,0.312981814250027,0.717380447752387,0.046428491213001,0.0499998714653304,-0.0147794286900092,0.38178688386543,0.403806177929411,0.15,0.8,0.2,1,0.05,,,NaN,NaN,NaN,NaN,NaN,NaN,NaN,NaN,NaN,NaN,NaN,NaN,NaN,NaN
SimpleBaseline,100,burst_onsets,14,0.413736907176084,0.4529167755422,0.161047066727619,0.338703639500335,0.700843692299567,0.0428570418637054,0.0400001005537847,-0.00803828301090764,0.392587621034176,0.401425011447758,0.15,0.8,0.2,1,0.08,,,NaN,NaN,NaN,NaN,NaN,NaN,NaN,NaN,NaN,NaN,NaN,NaN,NaN,NaN
SimpleBaseline,100,burst_onsets,14,0.422379051955828,0.458356404577335,0.162694572004518,0.351694315409316,0.688577682326267,0.0414284784826804,0.0399999447657893,-0.00394273613225074,0.386197960983222,0.40075541436532,0.15,0.8,0.2,1,0.1,,,NaN,NaN,NaN,NaN,NaN,NaN,NaN,NaN,NaN,NaN,NaN,NaN,NaN,NaN
SimpleBaseline,100,burst_onsets,14,0.425675680611771,0.461531007751938,0.163966371846456,0.369437758302518,0.646782830557573,0.0428570519468449,0.0400001005537847,0.00210377490848063,0.360197257890912,0.37702513120731,0.15,0.8,0.2,1,0.15,,,NaN,NaN,NaN,NaN,NaN,NaN,NaN,NaN,NaN,NaN,NaN,NaN,NaN,NaN
SimpleBaseline,100,burst_onsets,14,0.371430982660379,0.372222222222222,0.167331120109146,0.304941918779634,0.684143272956877,0.0492856399883836,0.0499999854037112,-0.017934236952483,0.342509033007295,0.365833093288934,0.15,0.8,0.2,1.1,0.03,,,NaN,NaN,NaN,NaN,NaN,NaN,NaN,NaN,NaN,NaN,NaN,NaN,NaN,NaN
SimpleBaseline,100,burst_onsets,14,0.402395116942187,0.441525304374665,0.161598125452771,0.337321434836913,0.675863039678513,0.0457142076514047,0.0499998714653304,-0.0133862325185127,0.360703841794376,0.386080983420155,0.15,0.8,0.2,1.1,0.05,,,NaN,NaN,NaN,NaN,NaN,NaN,NaN,NaN,NaN,NaN,NaN,NaN,NaN,NaN
SimpleBaseline,100,burst_onsets,14,0.423502208765778,0.452753794176007,0.160538573856326,0.364187248985084,0.660984637366149,0.0428570481791164,0.0399999883229689,-0.00679070355976798,0.370337554978856,0.381622934518981,0.15,0.8,0.2,1.1,0.08,,,NaN,NaN,NaN,NaN,NaN,NaN,NaN,NaN,NaN,NaN,NaN,NaN,NaN,NaN
SimpleBaseline,100,burst_onsets,14,0.431296629076497,0.454860207032927,0.161321911642674,0.377682592015504,0.649716185099949,0.0421427633778652,0.0399999883229689,-0.0029710706059052,0.365363056990609,0.375031211935536,0.15,0.8,0.2,1.1,0.1,,,NaN,NaN,NaN,NaN,NaN,NaN,NaN,NaN,NaN,NaN,NaN,NaN,NaN,NaN
SimpleBaseline,100,burst_onsets,14,0.433947804677166,0.448552572002284,0.162452902355508,0.396688242953805,0.613193223687012,0.0428570519468449,0.0400001005537847,0.00225453425749544,0.342519141081912,0.356740796597065,0.15,0.8,0.2,1.1,0.15,,,NaN,NaN,NaN,NaN,NaN,NaN,NaN,NaN,NaN,NaN,NaN,NaN,NaN,NaN
SimpleBaseline,100,burst_onsets,14,0.378941813853137,0.365252671856445,0.166215194987109,0.326022858652823,0.644790214447637,0.0485713548706525,0.0499998953584337,-0.016100811065515,0.325211417035987,0.341213802849573,0.15,0.8,0.2,1.2,0.03,,,NaN,NaN,NaN,NaN,NaN,NaN,NaN,NaN,NaN,NaN,NaN,NaN,NaN,NaN
SimpleBaseline,100,burst_onsets,14,0.410150261527641,0.414615490866397,0.159751040935832,0.360548419725465,0.638272933061,0.0457142026440213,0.0499996138373456,-0.0117519124850534,0.342075443761227,0.363496300940462,0.15,0.8,0.2,1.2,0.05,,,NaN,NaN,NaN,NaN,NaN,NaN,NaN,NaN,NaN,NaN,NaN,NaN,NaN,NaN
SimpleBaseline,100,burst_onsets,14,0.429770747420807,0.425112998219422,0.157927890657892,0.387746484347985,0.624284373997582,0.0428570481791164,0.0399999883229689,-0.00593915373013204,0.349831589352783,0.356359863152934,0.15,0.8,0.2,1.2,0.08,,,NaN,NaN,NaN,NaN,NaN,NaN,NaN,NaN,NaN,NaN,NaN,NaN,NaN,NaN
SimpleBaseline,100,burst_onsets,14,0.436518191426022,0.426620121732904,0.158822804727643,0.40149126401699,0.612617702676241,0.0421427633778652,0.0399999883229689,-0.00222507302726248,0.343962837594481,0.350087918440664,0.15,0.8,0.2,1.2,0.1,,,NaN,NaN,NaN,NaN,NaN,NaN,NaN,NaN,NaN,NaN,NaN,NaN,NaN,NaN
SimpleBaseline,100,burst_onsets,14,0.439390509328862,0.419596720157178,0.160952954966877,0.42231501155921,0.581501115437103,0.0432141938858829,0.0400001005537847,0.00230910225344391,0.324991838777332,0.336904680145659,0.15,0.8,0.2,1.2,0.15,,,NaN,NaN,NaN,NaN,NaN,NaN,NaN,NaN,NaN,NaN,NaN,NaN,NaN,NaN
SimpleBaseline,100,burst_onsets,14,0.384475256069925,0.374032507739938,0.164185296980393,0.350997905423586,0.599064768771514,0.0471427934581912,0.0499998953584337,-0.0143008899328665,0.308062021627251,0.32215320934552,0.15,0.8,0.2,1.3,0.03,,,NaN,NaN,NaN,NaN,NaN,NaN,NaN,NaN,NaN,NaN,NaN,NaN,NaN,NaN
SimpleBaseline,100,burst_onsets,14,0.414165286135052,0.407987744324437,0.157031345945978,0.386544864703467,0.592846390697769,0.0449999261267447,0.0450000156640958,-0.0096031490887277,0.323680186643267,0.344414760738191,0.15,0.8,0.2,1.3,0.05,,,NaN,NaN,NaN,NaN,NaN,NaN,NaN,NaN,NaN,NaN,NaN,NaN,NaN,NaN
SimpleBaseline,100,burst_onsets,14,0.432451923549043,0.418058710315052,0.15438959121665,0.414609289095871,0.580279522475183,0.0407141969708009,0.0399999074253107,-0.00470820030130511,0.3275959220194,0.334534748139817,0.15,0.8,0.2,1.3,0.08,,,NaN,NaN,NaN,NaN,NaN,NaN,NaN,NaN,NaN,NaN,NaN,NaN,NaN,NaN
SimpleBaseline,100,burst_onsets,14,0.437682896083543,0.419309331110573,0.155621235111486,0.428003001699682,0.568866044804166,0.0407142019654038,0.0399999074253107,-0.000959211534977175,0.321323930042305,0.332758798476229,0.15,0.8,0.2,1.3,0.1,,,NaN,NaN,NaN,NaN,NaN,NaN,NaN,NaN,NaN,NaN,NaN,NaN,NaN,NaN
SimpleBaseline,100,burst_onsets,14,0.441454000190212,0.415470788534472,0.157347946165941,0.451027493946116,0.543666997219589,0.0428570593076444,0.0399999883229689,0.0036815684802364,0.306367716059872,0.317366691760823,0.15,0.8,0.2,1.3,0.15,,,NaN,NaN,NaN,NaN,NaN,NaN,NaN,NaN,NaN,NaN,NaN,NaN,NaN,NaN
SimpleBaseline,100,burst_onsets,14,0.387338465459047,0.390593573431649,0.160476122196205,0.371899833807358,0.559639859148614,0.046071355797469,0.0400001005537847,-0.0127090733347667,0.291729756731714,0.324023309723022,0.15,0.8,0.2,1.4,0.03,,,NaN,NaN,NaN,NaN,NaN,NaN,NaN,NaN,NaN,NaN,NaN,NaN,NaN,NaN
SimpleBaseline,100,burst_onsets,14,0.41506111208809,0.420014510666069,0.153426753490883,0.408004192156817,0.553539828240474,0.0449999235540225,0.0400001005537847,-0.00831607676823374,0.304221465475279,0.323067028809867,0.15,0.8,0.2,1.4,0.05,,,NaN,NaN,NaN,NaN,NaN,NaN,NaN,NaN,NaN,NaN,NaN,NaN,NaN,NaN
SimpleBaseline,100,burst_onsets,14,0.431897298472741,0.429050953676221,0.151818194223538,0.436905780331553,0.540779744103009,0.0417856232964695,0.0399999074253107,-0.00387698117589205,0.306821720050428,0.310619890733585,0.15,0.8,0.2,1.4,0.08,,,NaN,NaN,NaN,NaN,NaN,NaN,NaN,NaN,NaN,NaN,NaN,NaN,NaN,NaN
SimpleBaseline,100,burst_onsets,14,0.437018767558502,0.431085570620454,0.154001595380284,0.451870518504033,0.530636060427402,0.0421427707386648,0.0399999074253107,-0.000155245045654853,0.301116746641006,0.309253776149529,0.15,0.8,0.2,1.4,0.1,,,NaN,NaN,NaN,NaN,NaN,NaN,NaN,NaN,NaN,NaN,NaN,NaN,NaN,NaN
SimpleBaseline,100,burst_onsets,14,0.439558137659241,0.428173842361485,0.155874195478337,0.47513330980079,0.508652135446755,0.0435713431857206,0.0399999883229689,0.00448831462109755,0.288051735224557,0.298176953769315,0.15,0.8,0.2,1.4,0.15,,,NaN,NaN,NaN,NaN,NaN,NaN,NaN,NaN,NaN,NaN,NaN,NaN,NaN,NaN
SimpleBaseline,100,burst_onsets,14,0.242149278113748,0.222585365026481,0.146610017989289,0.152123927083239,0.918196806047158,0.0549999181828885,0.0599995391265884,-0.0355186726827855,0.413741868320763,0.415913587143035,0.15,0.9,0.1,0.4,0.03,,,NaN,NaN,NaN,NaN,NaN,NaN,NaN,NaN,NaN,NaN,NaN,NaN,NaN,NaN
SimpleBaseline,100,burst_onsets,14,0.272928790850007,0.250759458910556,0.146888575623434,0.173159111561341,0.913834880790703,0.0464284949807294,0.0499998714653304,-0.0276481560092101,0.465983739953393,0.478231350001678,0.15,0.9,0.1,0.4,0.05,,,NaN,NaN,NaN,NaN,NaN,NaN,NaN,NaN,NaN,NaN,NaN,NaN,NaN,NaN
SimpleBaseline,100,burst_onsets,14,0.300621215776675,0.273409849355611,0.149152497945815,0.19411553266716,0.898509872525033,0.0407141809884359,0.0399999447657893,-0.0174219133219494,0.495243216794057,0.506281831849847,0.15,0.9,0.1,0.4,0.08,,,NaN,NaN,NaN,NaN,NaN,NaN,NaN,NaN,NaN,NaN,NaN,NaN,NaN,NaN
SimpleBaseline,100,burst_onsets,14,0.314480513671948,0.285051505944,0.149877761923261,0.205673626663328,0.885183819739758,0.0407141992955078,0.039999916286747,-0.0109268334660612,0.493993931014189,0.500445397296047,0.15,0.9,0.1,0.4,0.1,,,NaN,NaN,NaN,NaN,NaN,NaN,NaN,NaN,NaN,NaN,NaN,NaN,NaN,NaN
SimpleBaseline,100,burst_onsets,14,0.328912441133142,0.301513153738732,0.148030325969126,0.22328238597259,0.821475694987896,0.0424999045046496,0.0400001005537847,-0.00159666848911592,0.457688124008877,0.478110826795018,0.15,0.9,0.1,0.4,0.15,,,NaN,NaN,NaN,NaN,NaN,NaN,NaN,NaN,NaN,NaN,NaN,NaN,NaN,NaN
SimpleBaseline,100,burst_onsets,14,0.257213269424966,0.239755637190234,0.149609034622858,0.164512140993348,0.90208464049182,0.0535713384972467,0.0599995391265884,-0.0333320550274716,0.411318306907327,0.425874402350564,0.15,0.9,0.1,0.5,0.03,,,NaN,NaN,NaN,NaN,NaN,NaN,NaN,NaN,NaN,NaN,NaN,NaN,NaN,NaN
SimpleBaseline,100,burst_onsets,14,0.288067975500378,0.26742205244683,0.149181872316438,0.186178479549066,0.896891167177029,0.0464284949807294,0.0499998714653304,-0.0257961539506715,0.458767682726161,0.473425619750477,0.15,0.9,0.1,0.5,0.05,,,NaN,NaN,NaN,NaN,NaN,NaN,NaN,NaN,NaN,NaN,NaN,NaN,NaN,NaN
SimpleBaseline,100,burst_onsets,14,0.314559366076301,0.29487848597861,0.150065433236991,0.206939041985902,0.879900086932427,0.0417856144476376,0.0400001005537847,-0.0159981895752772,0.484866729795944,0.488944629231731,0.15,0.9,0.1,0.5,0.08,,,NaN,NaN,NaN,NaN,NaN,NaN,NaN,NaN,NaN,NaN,NaN,NaN,NaN,NaN
SimpleBaseline,100,burst_onsets,14,0.327210948920919,0.308216074423988,0.149577325321829,0.217976387955542,0.865601901444041,0.0414284831735839,0.0399999447657893,-0.00989245574469026,0.483109797763439,0.492673937153382,0.15,0.9,0.1,0.5,0.1,,,NaN,NaN,NaN,NaN,NaN,NaN,NaN,NaN,NaN,NaN,NaN,NaN,NaN,NaN
SimpleBaseline,100,burst_onsets,14,0.340740140030675,0.32376814723196,0.148905271962116,0.235138032630607,0.806785754385389,0.0424999045046496,0.0400001005537847,-0.00110513181657183,0.449706069543075,0.466958161320375,0.15,0.9,0.1,0.5,0.15,,,NaN,NaN,NaN,NaN,NaN,NaN,NaN,NaN,NaN,NaN,NaN,NaN,NaN,NaN
SimpleBaseline,100,burst_onsets,14,0.276189192325625,0.266828491634693,0.155146867561997,0.180898558965967,0.883784840440509,0.0521427780418517,0.0499999615106079,-0.0304607648754024,0.413247918095327,0.438699774103046,0.15,0.9,0.1,0.6,0.03,,,NaN,NaN,NaN,NaN,NaN,NaN,NaN,NaN,NaN,NaN,NaN,NaN,NaN,NaN
SimpleBaseline,100,burst_onsets,14,0.306789476124269,0.297114623639194,0.154289662840248,0.203224131156834,0.876687728790382,0.0457142064117498,0.0499998714653304,-0.023426961236378,0.454249900848898,0.466446211858437,0.15,0.9,0.1,0.6,0.05,,,NaN,NaN,NaN,NaN,NaN,NaN,NaN,NaN,NaN,NaN,NaN,NaN,NaN,NaN
SimpleBaseline,100,burst_onsets,14,0.331873626588561,0.314001251985965,0.154048268333203,0.223755330921992,0.857430131333724,0.0399999044111171,0.039999916286747,-0.0141652805224889,0.474774164588289,0.476942143580276,0.15,0.9,0.1,0.6,0.08,,,NaN,NaN,NaN,NaN,NaN,NaN,NaN,NaN,NaN,NaN,NaN,NaN,NaN,NaN
SimpleBaseline,100,burst_onsets,14,0.343910069956825,0.327481079756105,0.153293846981285,0.234597093288935,0.844230929022842,0.0414284831735839,0.0399999447657893,-0.0086477051269088,0.471677812614271,0.479454682315017,0.15,0.9,0.1,0.6,0.1,,,NaN,NaN,NaN,NaN,NaN,NaN,NaN,NaN,NaN,NaN,NaN,NaN,NaN,NaN
SimpleBaseline,100,burst_onsets,14,0.354822489754181,0.341721775666789,0.151375275201015,0.250289476418684,0.788815904162594,0.0424999045046496,0.0400001005537847,-0.000569548312123346,0.439830322269041,0.455682041169621,0.15,0.9,0.1,0.6,0.15,,,NaN,NaN,NaN,NaN,NaN,NaN,NaN,NaN,NaN,NaN,NaN,NaN,NaN,NaN
SimpleBaseline,100,burst_onsets,14,0.297338971196408,0.299327428424418,0.16096156647453,0.200272822335036,0.865768419200408,0.0514284931466669,0.0499999615106079,-0.0279869971870834,0.411020707566433,0.424540992010258,0.15,0.9,0.1,0.7,0.03,,,NaN,NaN,NaN,NaN,NaN,NaN,NaN,NaN,NaN,NaN,NaN,NaN,NaN,NaN
SimpleBaseline,100,burst_onsets,14,0.328380241479121,0.335665740088047,0.159444420751561,0.223867044222726,0.857455486325754,0.0457142064117498,0.0499998714653304,-0.0213505615299552,0.44628354931509,0.463826654510859,0.15,0.9,0.1,0.7,0.05,,,NaN,NaN,NaN,NaN,NaN,NaN,NaN,NaN,NaN,NaN,NaN,NaN,NaN,NaN
SimpleBaseline,100,burst_onsets,14,0.352570850962242,0.356473471829529,0.158212122828903,0.244697600427522,0.837358578742383,0.0421427570624542,0.0400001005537847,-0.0128946488194749,0.463954889224955,0.46778843711465,0.15,0.9,0.1,0.7,0.08,,,NaN,NaN,NaN,NaN,NaN,NaN,NaN,NaN,NaN,NaN,NaN,NaN,NaN,NaN
SimpleBaseline,100,burst_onsets,14,0.364209623491115,0.37051615154923,0.157665808031495,0.25583968782302,0.82459119334981,0.0414284831735839,0.0399999447657893,-0.00782718036709579,0.460963886386191,0.466132592936817,0.15,0.9,0.1,0.7,0.1,,,NaN,NaN,NaN,NaN,NaN,NaN,NaN,NaN,NaN,NaN,NaN,NaN,NaN,NaN
SimpleBaseline,100,burst_onsets,14,0.372782691949553,0.3810942943054,0.155751075343452,0.270807107988505,0.770102396439249,0.0424999045046496,0.0400001005537847,-0.000455912500684362,0.42994215139774,0.442491886422575,0.15,0.9,0.1,0.7,0.15,,,NaN,NaN,NaN,NaN,NaN,NaN,NaN,NaN,NaN,NaN,NaN,NaN,NaN,NaN
SimpleBaseline,100,burst_onsets,14,0.315671035164754,0.326070460704607,0.165060532827689,0.219404932378822,0.840198664116051,0.0507142045776873,0.0499999615106079,-0.0257985992133653,0.403396052013366,0.414175017079674,0.15,0.9,0.1,0.8,0.03,,,NaN,NaN,NaN,NaN,NaN,NaN,NaN,NaN,NaN,NaN,NaN,NaN,NaN,NaN
SimpleBaseline,100,burst_onsets,14,0.347093774405003,0.371770948168464,0.163400440970864,0.24451034115966,0.831861424073848,0.046428491213001,0.0499998714653304,-0.0194445308710991,0.435995526581155,0.453702224263503,0.15,0.9,0.1,0.8,0.05,,,NaN,NaN,NaN,NaN,NaN,NaN,NaN,NaN,NaN,NaN,NaN,NaN,NaN,NaN
SimpleBaseline,100,burst_onsets,14,0.369762453535476,0.39729180276464,0.161547031880836,0.265515280802435,0.809561077219333,0.0421427570624542,0.0400001005537847,-0.0115655493602676,0.449570685433008,0.454051960696877,0.15,0.9,0.1,0.8,0.08,,,NaN,NaN,NaN,NaN,NaN,NaN,NaN,NaN,NaN,NaN,NaN,NaN,NaN,NaN
SimpleBaseline,100,burst_onsets,14,0.380486990722715,0.412074971704315,0.161650064055105,0.276592943681161,0.797219259945711,0.0421427670516601,0.0399999976875287,-0.00681099064983078,0.446143043584876,0.453882692906105,0.15,0.9,0.1,0.8,0.1,,,NaN,NaN,NaN,NaN,NaN,NaN,NaN,NaN,NaN,NaN,NaN,NaN,NaN,NaN
SimpleBaseline,100,burst_onsets,14,0.387472402912552,0.421776271665078,0.159572363988692,0.291419837578168,0.745867955989712,0.0424999045046496,0.0400001005537847,0.000399023686436002,0.416208510419845,0.431098483724603,0.15,0.9,0.1,0.8,0.15,,,NaN,NaN,NaN,NaN,NaN,NaN,NaN,NaN,NaN,NaN,NaN,NaN,NaN,NaN
SimpleBaseline,100,burst_onsets,14,0.331640027411263,0.345704445231274,0.166767940672511,0.23854717590912,0.804876358943394,0.0499999280003684,0.0499999615106079,-0.0240511388059842,0.390340705610409,0.403426953327465,0.15,0.9,0.1,0.9,0.03,,,NaN,NaN,NaN,NaN,NaN,NaN,NaN,NaN,NaN,NaN,NaN,NaN,NaN,NaN
SimpleBaseline,100,burst_onsets,14,0.362938821236406,0.410157013411323,0.16533996550498,0.265148659484305,0.795388136994945,0.0457142047622026,0.0499996138373456,-0.0181347568917999,0.418899125155273,0.43426886965757,0.15,0.9,0.1,0.9,0.05,,,NaN,NaN,NaN,NaN,NaN,NaN,NaN,NaN,NaN,NaN,NaN,NaN,NaN,NaN
SimpleBaseline,100,burst_onsets,14,0.385416005203151,0.433447050073141,0.16390701414162,0.287447303056884,0.775383810600295,0.0421427570624542,0.0400001005537847,-0.0108052134353614,0.429854954954725,0.431218106093479,0.15,0.9,0.1,0.9,0.08,,,NaN,NaN,NaN,NaN,NaN,NaN,NaN,NaN,NaN,NaN,NaN,NaN,NaN,NaN
SimpleBaseline,100,burst_onsets,14,0.395548724074321,0.433659578463127,0.164657383047613,0.298926158494644,0.763293669838382,0.0421427670516601,0.0399999976875287,-0.00603394456876916,0.426356386504211,0.43373382178212,0.15,0.9,0.1,0.9,0.1,,,NaN,NaN,NaN,NaN,NaN,NaN,NaN,NaN,NaN,NaN,NaN,NaN,NaN,NaN
SimpleBaseline,100,burst_onsets,14,0.40103964797489,0.434338334674387,0.163125921063885,0.313879676407191,0.715536094436855,0.0424999045046496,0.0400001005537847,0.000796351761703091,0.399235452755311,0.411613686529307,0.15,0.9,0.1,0.9,0.15,,,NaN,NaN,NaN,NaN,NaN,NaN,NaN,NaN,NaN,NaN,NaN,NaN,NaN,NaN
SimpleBaseline,100,burst_onsets,14,0.343748466822668,0.367158036708388,0.166397207590488,0.255995389016716,0.767215593755465,0.0492856444387722,0.0499999615106079,-0.0218428015022785,0.377206817920339,0.4026879728117,0.15,0.9,0.1,1,0.03,,,NaN,NaN,NaN,NaN,NaN,NaN,NaN,NaN,NaN,NaN,NaN,NaN,NaN,NaN
SimpleBaseline,100,burst_onsets,14,0.375672202305708,0.43412134237064,0.165051012845984,0.284652916952945,0.759033660246933,0.0449999212006063,0.0499996138373456,-0.0162613480498099,0.402561827135035,0.419004319646537,0.15,0.9,0.1,1,0.05,,,NaN,NaN,NaN,NaN,NaN,NaN,NaN,NaN,NaN,NaN,NaN,NaN,NaN,NaN
SimpleBaseline,100,burst_onsets,14,0.398010937857937,0.438724637681159,0.165028580227201,0.308439187753868,0.740855393510889,0.0428570418637054,0.0400001005537847,-0.00921077841282768,0.412958143539883,0.416803068418976,0.15,0.9,0.1,1,0.08,,,NaN,NaN,NaN,NaN,NaN,NaN,NaN,NaN,NaN,NaN,NaN,NaN,NaN,NaN
SimpleBaseline,100,burst_onsets,14,0.407159353056301,0.438967261904762,0.16655132335908,0.32011526350877,0.72862835586951,0.0417856227671702,0.0399999447657893,-0.00509774041966306,0.408066891435394,0.416803068418976,0.15,0.9,0.1,1,0.1,,,NaN,NaN,NaN,NaN,NaN,NaN,NaN,NaN,NaN,NaN,NaN,NaN,NaN,NaN
SimpleBaseline,100,burst_onsets,14,0.410216023642998,0.439556055493063,0.165569456774379,0.334549577527519,0.682965306239123,0.0424999045046496,0.0400001005537847,0.0011571542219157,0.382129935473244,0.396425192360042,0.15,0.9,0.1,1,0.15,,,NaN,NaN,NaN,NaN,NaN,NaN,NaN,NaN,NaN,NaN,NaN,NaN,NaN,NaN
SimpleBaseline,100,burst_onsets,14,0.357619376231081,0.376785941215983,0.164073731943469,0.277397038135376,0.73229538742404,0.0489285004900904,0.0499999854037112,-0.019769789405591,0.365056741005418,0.387071244761708,0.15,0.9,0.1,1.1,0.03,,,NaN,NaN,NaN,NaN,NaN,NaN,NaN,NaN,NaN,NaN,NaN,NaN,NaN,NaN
SimpleBaseline,100,burst_onsets,14,0.389537067445964,0.440769660465342,0.161885950679498,0.308031612657781,0.724444894016465,0.0453570665035643,0.0474996460268775,-0.0148928115732734,0.385383793848987,0.403078055246062,0.15,0.9,0.1,1.1,0.05,,,NaN,NaN,NaN,NaN,NaN,NaN,NaN,NaN,NaN,NaN,NaN,NaN,NaN,NaN
SimpleBaseline,100,burst_onsets,14,0.410024225613797,0.453027865634202,0.161928606525348,0.332041307584056,0.706776472921684,0.0424999036050671,0.0400001005537847,-0.00842940377154213,0.394967663590161,0.400876804018502,0.15,0.9,0.1,1.1,0.08,,,NaN,NaN,NaN,NaN,NaN,NaN,NaN,NaN,NaN,NaN,NaN,NaN,NaN,NaN
SimpleBaseline,100,burst_onsets,14,0.41866903579974,0.458395112132998,0.164434548188372,0.344685471215163,0.694273622028306,0.0417856251192269,0.0399999883229689,-0.00443739881652116,0.389356303679814,0.398368543781048,0.15,0.9,0.1,1.1,0.1,,,NaN,NaN,NaN,NaN,NaN,NaN,NaN,NaN,NaN,NaN,NaN,NaN,NaN,NaN
SimpleBaseline,100,burst_onsets,14,0.421485745194813,0.46109437389186,0.164588170631526,0.360480698705741,0.653630823620901,0.0421427662460113,0.0400001005537847,0.00122226052126972,0.366177509666703,0.382936690964413,0.15,0.9,0.1,1.1,0.15,,,NaN,NaN,NaN,NaN,NaN,NaN,NaN,NaN,NaN,NaN,NaN,NaN,NaN,NaN
SimpleBaseline,100,burst_onsets,14,0.367915139508343,0.388366727383121,0.162594925669794,0.298465829936243,0.691346605974493,0.0478570713090563,0.0499998953584337,-0.0187373147746931,0.348825345776427,0.365539404291799,0.15,0.9,0.1,1.2,0.03,,,NaN,NaN,NaN,NaN,NaN,NaN,NaN,NaN,NaN,NaN,NaN,NaN,NaN,NaN
SimpleBaseline,100,burst_onsets,14,0.398428457654804,0.446766025772984,0.159645038849103,0.330079463228876,0.682902434230685,0.0442856326316266,0.0449997580361109,-0.0141575692561916,0.367227570647349,0.387876642535508,0.15,0.9,0.1,1.2,0.05,,,NaN,NaN,NaN,NaN,NaN,NaN,NaN,NaN,NaN,NaN,NaN,NaN,NaN,NaN
SimpleBaseline,100,burst_onsets,14,0.419238838748929,0.447257122815704,0.160154572529728,0.35583065133636,0.669495245212503,0.0428570418637054,0.0400001005537847,-0.00773840529310049,0.376022321508037,0.385617429773661,0.15,0.9,0.1,1.2,0.08,,,NaN,NaN,NaN,NaN,NaN,NaN,NaN,NaN,NaN,NaN,NaN,NaN,NaN,NaN
SimpleBaseline,100,burst_onsets,14,0.426225412161622,0.447257122815704,0.16190523053849,0.368471427058212,0.656825537168904,0.0421427633778652,0.0399999883229689,-0.00401498292533112,0.368736309623404,0.374212011933738,0.15,0.9,0.1,1.2,0.1,,,NaN,NaN,NaN,NaN,NaN,NaN,NaN,NaN,NaN,NaN,NaN,NaN,NaN,NaN
SimpleBaseline,100,burst_onsets,14,0.429326403386199,0.452454405226386,0.163335711545469,0.387127512989782,0.620472369053915,0.0424999045046496,0.0400001005537847,0.00152301809287042,0.348290528443673,0.362297930371722,0.15,0.9,0.1,1.2,0.15,,,NaN,NaN,NaN,NaN,NaN,NaN,NaN,NaN,NaN,NaN,NaN,NaN,NaN,NaN
SimpleBaseline,100,burst_onsets,14,0.37716432221693,0.381704873323522,0.162574789425763,0.320268844223692,0.655081084021818,0.0478570713090563,0.0499998953584337,-0.0170155223878114,0.331957662793035,0.349039037846768,0.15,0.9,0.1,1.3,0.03,,,NaN,NaN,NaN,NaN,NaN,NaN,NaN,NaN,NaN,NaN,NaN,NaN,NaN,NaN
SimpleBaseline,100,burst_onsets,14,0.407446026493622,0.436978885039286,0.158812492052139,0.353760353174556,0.647562829984562,0.044999919082425,0.0499996138373456,-0.0123512002628819,0.349821518436778,0.376356021814961,0.15,0.9,0.1,1.3,0.05,,,NaN,NaN,NaN,NaN,NaN,NaN,NaN,NaN,NaN,NaN,NaN,NaN,NaN,NaN
SimpleBaseline,100,burst_onsets,14,0.426927440146751,0.446942528398788,0.158362758226827,0.379900974656752,0.635032992648002,0.0432141924636062,0.0399999883229689,-0.0067377198908667,0.356307785325148,0.35993774849568,0.15,0.9,0.1,1.3,0.08,,,NaN,NaN,NaN,NaN,NaN,NaN,NaN,NaN,NaN,NaN,NaN,NaN,NaN,NaN
SimpleBaseline,100,burst_onsets,14,0.433594692858083,0.448584835022213,0.160092505970161,0.39336181744339,0.623410954677976,0.0421427633778652,0.0399999883229689,-0.00336151752118523,0.351601617258148,0.356936531548555,0.15,0.9,0.1,1.3,0.1,,,NaN,NaN,NaN,NaN,NaN,NaN,NaN,NaN,NaN,NaN,NaN,NaN,NaN,NaN
SimpleBaseline,100,burst_onsets,14,0.436061309874332,0.441275951284155,0.161923138317357,0.413506244069474,0.590785911979666,0.0428570464436876,0.0400001005537847,0.00193264563516567,0.33329801297295,0.344133367210222,0.15,0.9,0.1,1.3,0.15,,,NaN,NaN,NaN,NaN,NaN,NaN,NaN,NaN,NaN,NaN,NaN,NaN,NaN,NaN
SimpleBaseline,100,burst_onsets,14,0.384516083931155,0.375765539050843,0.160306436582854,0.341934983974897,0.618169514539037,0.0467856526945017,0.0499998714653304,-0.0147411577096821,0.317909903768436,0.343793971508068,0.15,0.9,0.1,1.4,0.03,,,NaN,NaN,NaN,NaN,NaN,NaN,NaN,NaN,NaN,NaN,NaN,NaN,NaN,NaN
SimpleBaseline,100,burst_onsets,14,0.413108503734958,0.419395019136842,0.155134784466946,0.37599226056653,0.610898932284013,0.0442856411205474,0.042500103131579,-0.0101481028004636,0.335107231943487,0.351422632895309,0.15,0.9,0.1,1.4,0.05,,,NaN,NaN,NaN,NaN,NaN,NaN,NaN,NaN,NaN,NaN,NaN,NaN,NaN,NaN
SimpleBaseline,100,burst_onsets,14,0.430113847465836,0.426773746339303,0.154284953853076,0.402072995334578,0.596982156741702,0.0421427716618398,0.0399999074253107,-0.0055810124476319,0.337198470397697,0.334984177003039,0.15,0.9,0.1,1.4,0.08,,,NaN,NaN,NaN,NaN,NaN,NaN,NaN,NaN,NaN,NaN,NaN,NaN,NaN,NaN
SimpleBaseline,100,burst_onsets,14,0.43606142845745,0.428416411763701,0.155622508757842,0.415982164427814,0.586129137071451,0.0414284868605886,0.0399999074253107,-0.00223246945478395,0.331869797012763,0.331573084538347,0.15,0.9,0.1,1.4,0.1,,,NaN,NaN,NaN,NaN,NaN,NaN,NaN,NaN,NaN,NaN,NaN,NaN,NaN,NaN
SimpleBaseline,100,burst_onsets,14,0.437470702904475,0.418932124675421,0.157135738442068,0.435821313772967,0.55802261857179,0.0417856232964695,0.0399999074253107,0.00284814005646752,0.316334652941809,0.315255039836082,0.15,0.9,0.1,1.4,0.15,,,NaN,NaN,NaN,NaN,NaN,NaN,NaN,NaN,NaN,NaN,NaN,NaN,NaN,NaN
SimpleBaseline,100,burst_onsets,14,0.325132760928128,0.30853786044464,0.179267420319598,0.237538588889324,0.786179511322909,0.0560713454213505,0.0574995718357355,-0.0255706635081059,0.356430980714755,0.364382882341929,0.2,0.5,0.5,0.4,0.03,,,NaN,NaN,NaN,NaN,NaN,NaN,NaN,NaN,NaN,NaN,NaN,NaN,NaN,NaN
SimpleBaseline,100,burst_onsets,14,0.360416475617615,0.391898597794388,0.168981383815326,0.266643064323709,0.780018533666011,0.0485713373091499,0.0499998953584337,-0.0192845236638524,0.390067971031884,0.410069330147711,0.2,0.5,0.5,0.4,0.05,,,NaN,NaN,NaN,NaN,NaN,NaN,NaN,NaN,NaN,NaN,NaN,NaN,NaN,NaN
SimpleBaseline,100,burst_onsets,14,0.392575946451316,0.432786595535527,0.160756146463084,0.29680928008132,0.769434188178658,0.0435713337509765,0.0400000993784508,-0.0101096699586271,0.419066905777335,0.421798993540087,0.2,0.5,0.5,0.4,0.08,,,NaN,NaN,NaN,NaN,NaN,NaN,NaN,NaN,NaN,NaN,NaN,NaN,NaN,NaN
SimpleBaseline,100,burst_onsets,14,0.402879717288169,0.443365547487873,0.160028450742622,0.308736508559574,0.75798641671127,0.0449998939658565,0.0449999348676182,-0.00571098291185338,0.410421941199735,0.416963322248755,0.2,0.5,0.5,0.4,0.1,,,NaN,NaN,NaN,NaN,NaN,NaN,NaN,NaN,NaN,NaN,NaN,NaN,NaN,NaN
SimpleBaseline,100,burst_onsets,14,0.411427908061654,0.468904651036873,0.156217709213841,0.331802541660214,0.686144352455236,0.0457141787671077,0.0499993583108388,0.00563277673392486,0.362966784062085,0.38176782003204,0.2,0.5,0.5,0.4,0.15,,,NaN,NaN,NaN,NaN,NaN,NaN,NaN,NaN,NaN,NaN,NaN,NaN,NaN,NaN
SimpleBaseline,100,burst_onsets,14,0.339792266322127,0.318703475450566,0.181156583599297,0.259111995146093,0.747577120842179,0.0542856296768179,0.0549996420253328,-0.0235089053580178,0.341656914483934,0.36470926540533,0.2,0.5,0.5,0.5,0.03,,,NaN,NaN,NaN,NaN,NaN,NaN,NaN,NaN,NaN,NaN,NaN,NaN,NaN,NaN
SimpleBaseline,100,burst_onsets,14,0.375560298345184,0.397279675057453,0.16892205710315,0.290235106062471,0.741835992730384,0.0489284847513453,0.0499998953584337,-0.0173309905030504,0.371649240651442,0.392805041178493,0.2,0.5,0.5,0.5,0.05,,,NaN,NaN,NaN,NaN,NaN,NaN,NaN,NaN,NaN,NaN,NaN,NaN,NaN,NaN
SimpleBaseline,100,burst_onsets,14,0.407550168388177,0.445873682007882,0.160163774475237,0.322466217461206,0.7284046310465,0.043571329060073,0.0400002022447069,-0.00836150114604539,0.395762069638373,0.40069626738505,0.2,0.5,0.5,0.5,0.08,,,NaN,NaN,NaN,NaN,NaN,NaN,NaN,NaN,NaN,NaN,NaN,NaN,NaN,NaN
SimpleBaseline,100,burst_onsets,14,0.417500297682129,0.454758118298877,0.158778176859038,0.33493461155397,0.71775221977565,0.0449998939658565,0.0449999348676182,-0.00409602148747158,0.387548536224349,0.395183521345913,0.2,0.5,0.5,0.5,0.1,,,NaN,NaN,NaN,NaN,NaN,NaN,NaN,NaN,NaN,NaN,NaN,NaN,NaN,NaN
SimpleBaseline,100,burst_onsets,14,0.42222156426658,0.45619905699437,0.155450608164851,0.357673797722918,0.649389312403128,0.0457141787671077,0.0499993583108388,0.0063537970045014,0.343053580063506,0.354741558837156,0.2,0.5,0.5,0.5,0.15,,,NaN,NaN,NaN,NaN,NaN,NaN,NaN,NaN,NaN,NaN,NaN,NaN,NaN,NaN
SimpleBaseline,100,burst_onsets,14,0.348922500146095,0.304687310261081,0.183196641746917,0.280126149479095,0.699064705709717,0.0549999161276163,0.0599995391265884,-0.0225481515879186,0.320972146412292,0.343290218570889,0.2,0.5,0.5,0.6,0.03,,,NaN,NaN,NaN,NaN,NaN,NaN,NaN,NaN,NaN,NaN,NaN,NaN,NaN,NaN
SimpleBaseline,100,burst_onsets,14,0.384215315152182,0.379615786512338,0.168889986833343,0.312598426168939,0.692545372785197,0.0496427695525964,0.0499998953584337,-0.0166301978501151,0.346335321396426,0.367664797632465,0.2,0.5,0.5,0.6,0.05,,,NaN,NaN,NaN,NaN,NaN,NaN,NaN,NaN,NaN,NaN,NaN,NaN,NaN,NaN
SimpleBaseline,100,burst_onsets,14,0.415041045862751,0.43416813204875,0.158920399276746,0.346079915340919,0.68007814089388,0.0435713337509765,0.0400000993784508,-0.00804222130488845,0.367388044857938,0.387979052025402,0.2,0.5,0.5,0.6,0.08,,,NaN,NaN,NaN,NaN,NaN,NaN,NaN,NaN,NaN,NaN,NaN,NaN,NaN,NaN
SimpleBaseline,100,burst_onsets,14,0.425282817824114,0.4549637236869,0.157273267934583,0.359763058387463,0.67121309265617,0.0457141787671077,0.0499993583108388,-0.00345453554662944,0.361197566745407,0.383226437845235,0.2,0.5,0.5,0.6,0.1,,,NaN,NaN,NaN,NaN,NaN,NaN,NaN,NaN,NaN,NaN,NaN,NaN,NaN,NaN
SimpleBaseline,100,burst_onsets,14,0.428804791478,0.446402086453101,0.155715755592006,0.384513785967519,0.607783768232975,0.0457141787671077,0.0499993583108388,0.00700413034529084,0.321368507043374,0.329421601407387,0.2,0.5,0.5,0.6,0.15,,,NaN,NaN,NaN,NaN,NaN,NaN,NaN,NaN,NaN,NaN,NaN,NaN,NaN,NaN
SimpleBaseline,100,burst_onsets,14,0.355359125023336,0.305435651478817,0.182201003118338,0.299551020764339,0.656656182874614,0.0542856379007503,0.0499999854037112,-0.0202824043672486,0.306928431205497,0.331163104707003,0.2,0.5,0.5,0.7,0.03,,,NaN,NaN,NaN,NaN,NaN,NaN,NaN,NaN,NaN,NaN,NaN,NaN,NaN,NaN
SimpleBaseline,100,burst_onsets,14,0.390157488638528,0.374287856651438,0.166439782107365,0.333400375610386,0.650805305885382,0.0489284847513453,0.0499998953584337,-0.0145095812597926,0.327600751905037,0.358674578468645,0.2,0.5,0.5,0.7,0.05,,,NaN,NaN,NaN,NaN,NaN,NaN,NaN,NaN,NaN,NaN,NaN,NaN,NaN,NaN
SimpleBaseline,100,burst_onsets,14,0.420623358006327,0.430401268314017,0.155460622975586,0.369205691355757,0.63883661994437,0.0442856103282953,0.0400003790762141,-0.00595865119672795,0.347070413025003,0.369685880333489,0.2,0.5,0.5,0.7,0.08,,,NaN,NaN,NaN,NaN,NaN,NaN,NaN,NaN,NaN,NaN,NaN,NaN,NaN,NaN
SimpleBaseline,100,burst_onsets,14,0.429462940071719,0.441055760313875,0.154369225405417,0.382843411263109,0.627935598704507,0.0464284626451839,0.0499993583108388,-0.00154129602834201,0.339733813394382,0.355220854112504,0.2,0.5,0.5,0.7,0.1,,,NaN,NaN,NaN,NaN,NaN,NaN,NaN,NaN,NaN,NaN,NaN,NaN,NaN,NaN
SimpleBaseline,100,burst_onsets,14,0.432794411641441,0.422545235022735,0.153808459457965,0.410064253068249,0.571713925332121,0.0457141787671077,0.0499993583108388,0.00771420690429892,0.303461035135527,0.30426038805127,0.2,0.5,0.5,0.7,0.15,,,NaN,NaN,NaN,NaN,NaN,NaN,NaN,NaN,NaN,NaN,NaN,NaN,NaN,NaN
SimpleBaseline,100,burst_onsets,14,0.358448112144683,0.307677002740168,0.181331667108894,0.320831940315006,0.612687870003147,0.0542856379007503,0.0499999854037112,-0.0196917904969507,0.28719424196468,0.308027561506267,0.2,0.5,0.5,0.8,0.03,,,NaN,NaN,NaN,NaN,NaN,NaN,NaN,NaN,NaN,NaN,NaN,NaN,NaN,NaN
SimpleBaseline,100,burst_onsets,14,0.392832869471091,0.362788904510097,0.164164457751431,0.355964078863767,0.607415108814019,0.0496427695525964,0.0499998953584337,-0.0137855777737814,0.306825159888897,0.331862849570546,0.2,0.5,0.5,0.8,0.05,,,NaN,NaN,NaN,NaN,NaN,NaN,NaN,NaN,NaN,NaN,NaN,NaN,NaN,NaN
SimpleBaseline,100,burst_onsets,14,0.422534505390321,0.4224610976773,0.152556552940949,0.392832430404209,0.596091765122908,0.0442856103282953,0.0400003790762141,-0.00560798712182031,0.323937474258269,0.345044435506995,0.2,0.5,0.5,0.8,0.08,,,NaN,NaN,NaN,NaN,NaN,NaN,NaN,NaN,NaN,NaN,NaN,NaN,NaN,NaN
SimpleBaseline,100,burst_onsets,14,0.430496167229814,0.421297836938436,0.151409400864803,0.406977616923979,0.584967895960597,0.0464284626451839,0.0499993583108388,-0.00149327097909145,0.316675876274052,0.328471281598997,0.2,0.5,0.5,0.8,0.1,,,NaN,NaN,NaN,NaN,NaN,NaN,NaN,NaN,NaN,NaN,NaN,NaN,NaN,NaN
SimpleBaseline,100,burst_onsets,14,0.432911232784255,0.416635120925342,0.15091414763007,0.435686999874777,0.532982554574107,0.0449998886844907,0.0499993583108388,0.00804045132059382,0.283698171730759,0.279576038598071,0.2,0.5,0.5,0.8,0.15,,,NaN,NaN,NaN,NaN,NaN,NaN,NaN,NaN,NaN,NaN,NaN,NaN,NaN,NaN
SimpleBaseline,100,burst_onsets,14,0.355012465385267,0.297215876207012,0.178326983816011,0.339150215531753,0.559009137783006,0.054285630599993,0.0549996420253328,-0.0171134812119335,0.263006812253864,0.27393653221871,0.2,0.5,0.5,0.9,0.03,,,NaN,NaN,NaN,NaN,NaN,NaN,NaN,NaN,NaN,NaN,NaN,NaN,NaN,NaN
SimpleBaseline,100,burst_onsets,14,0.387088573785116,0.348945596314017,0.161686045165816,0.374374523637754,0.552419380688807,0.0496427695525964,0.0499998953584337,-0.0116275013589691,0.278474655446314,0.288792995948015,0.2,0.5,0.5,0.9,0.05,,,NaN,NaN,NaN,NaN,NaN,NaN,NaN,NaN,NaN,NaN,NaN,NaN,NaN,NaN
SimpleBaseline,100,burst_onsets,14,0.414431857412193,0.398991395119199,0.150912391141054,0.411370475932853,0.541083330143838,0.0449998952234801,0.0449999348676182,-0.00378911190372442,0.293562011684879,0.30410924448237,0.2,0.5,0.5,0.9,0.08,,,NaN,NaN,NaN,NaN,NaN,NaN,NaN,NaN,NaN,NaN,NaN,NaN,NaN,NaN
SimpleBaseline,100,burst_onsets,14,0.421425932774986,0.398629404168973,0.14962379627362,0.425276330305065,0.530772296094813,0.0453570313249124,0.0499993583108388,0.000144184273329551,0.287004294749525,0.290379418101874,0.2,0.5,0.5,0.9,0.1,,,NaN,NaN,NaN,NaN,NaN,NaN,NaN,NaN,NaN,NaN,NaN,NaN,NaN,NaN
SimpleBaseline,100,burst_onsets,14,0.421926151041905,0.393709498972657,0.151239262837443,0.45433031465025,0.483514517363263,0.0471427392225027,0.0499996138373456,0.0102402814259943,0.257470382323149,0.246617305416067,0.2,0.5,0.5,0.9,0.15,,,NaN,NaN,NaN,NaN,NaN,NaN,NaN,NaN,NaN,NaN,NaN,NaN,NaN,NaN
SimpleBaseline,100,burst_onsets,14,0.346100213383835,0.293636167819448,0.16815727739222,0.352036522317652,0.510582928637961,0.0535713540827164,0.0549996420253328,-0.0154118843189719,0.24015268865283,0.251672149073835,0.2,0.5,0.5,1,0.03,,,NaN,NaN,NaN,NaN,NaN,NaN,NaN,NaN,NaN,NaN,NaN,NaN,NaN,NaN
SimpleBaseline,100,burst_onsets,14,0.377293902076702,0.347728732421059,0.151857797930919,0.388227703715914,0.504094005938764,0.0492856404775152,0.0499998953584337,-0.010517572817617,0.253363075970454,0.262715124158453,0.2,0.5,0.5,1,0.05,,,NaN,NaN,NaN,NaN,NaN,NaN,NaN,NaN,NaN,NaN,NaN,NaN,NaN,NaN
SimpleBaseline,100,burst_onsets,14,0.402779643917356,0.392688762297243,0.141987633488494,0.425367420005714,0.493737593069154,0.0435713338110187,0.0400000993784508,-0.00311777674474861,0.266568859391121,0.272102956758737,0.2,0.5,0.5,1,0.08,,,NaN,NaN,NaN,NaN,NaN,NaN,NaN,NaN,NaN,NaN,NaN,NaN,NaN,NaN
SimpleBaseline,100,burst_onsets,14,0.409287061439642,0.391676518973228,0.140650536515685,0.439560013745169,0.485821231511729,0.0446427548076358,0.0449998025194348,0.000990647503217046,0.261940949802813,0.264995733934289,0.2,0.5,0.5,1,0.1,,,NaN,NaN,NaN,NaN,NaN,NaN,NaN,NaN,NaN,NaN,NaN,NaN,NaN,NaN
SimpleBaseline,100,burst_onsets,14,0.407537158715576,0.384451841715241,0.143792466531802,0.467377507562007,0.442263391686349,0.0467856016465245,0.0474996460268775,0.0106460754556002,0.235163840994585,0.214620884360827,0.2,0.5,0.5,1,0.15,,,NaN,NaN,NaN,NaN,NaN,NaN,NaN,NaN,NaN,NaN,NaN,NaN,NaN,NaN
SimpleBaseline,100,burst_onsets,14,0.338064544822896,0.292308170687065,0.158039682787425,0.365962988686431,0.467081353340165,0.0532142102050994,0.0549996420253328,-0.0143742227055015,0.217960928414535,0.223714099491041,0.2,0.5,0.5,1.1,0.03,,,NaN,NaN,NaN,NaN,NaN,NaN,NaN,NaN,NaN,NaN,NaN,NaN,NaN,NaN
SimpleBaseline,100,burst_onsets,14,0.368386612786023,0.345115860149022,0.142433212285437,0.403325534102928,0.463318961149241,0.0482142017155075,0.0499998953584337,-0.00897554285753792,0.234572560903138,0.236356727132002,0.2,0.5,0.5,1.1,0.05,,,NaN,NaN,NaN,NaN,NaN,NaN,NaN,NaN,NaN,NaN,NaN,NaN,NaN,NaN
SimpleBaseline,100,burst_onsets,14,0.391757661709095,0.370121269620598,0.134461754234968,0.441163131618183,0.453300365666324,0.0435713323809942,0.0425000568536337,-0.00207352419732777,0.245149721790994,0.251427011927259,0.2,0.5,0.5,1.1,0.08,,,NaN,NaN,NaN,NaN,NaN,NaN,NaN,NaN,NaN,NaN,NaN,NaN,NaN,NaN
SimpleBaseline,100,burst_onsets,14,0.398344837378092,0.370592031919263,0.133819964240126,0.456325470904523,0.446781595751447,0.0453570341755944,0.0499994580847094,0.00207013683642793,0.24158333673612,0.24170253589055,0.2,0.5,0.5,1.1,0.1,,,NaN,NaN,NaN,NaN,NaN,NaN,NaN,NaN,NaN,NaN,NaN,NaN,NaN,NaN
SimpleBaseline,100,burst_onsets,14,0.395079315258369,0.358424957491129,0.138884236479526,0.484483903708174,0.406832205089526,0.0467856014205077,0.0499997136112162,0.011840251057628,0.217468031928357,0.188856533794642,0.2,0.5,0.5,1.1,0.15,,,NaN,NaN,NaN,NaN,NaN,NaN,NaN,NaN,NaN,NaN,NaN,NaN,NaN,NaN
SimpleBaseline,100,burst_onsets,14,0.330075628841855,0.292854078213031,0.150013185670979,0.378736254415131,0.428089525467009,0.0517856510815882,0.0499999854037112,-0.0130166160087149,0.202648122626199,0.204521986202187,0.2,0.5,0.5,1.2,0.03,,,NaN,NaN,NaN,NaN,NaN,NaN,NaN,NaN,NaN,NaN,NaN,NaN,NaN,NaN
SimpleBaseline,100,burst_onsets,14,0.357436186567776,0.332278481012658,0.136671131505729,0.415225567501508,0.423342654747237,0.0467856300285967,0.0499996159388237,-0.00765933610631663,0.216687342275833,0.220342386688259,0.2,0.5,0.5,1.2,0.05,,,NaN,NaN,NaN,NaN,NaN,NaN,NaN,NaN,NaN,NaN,NaN,NaN,NaN,NaN
SimpleBaseline,100,burst_onsets,14,0.378845784968295,0.359830635240458,0.130139337413749,0.452895246611318,0.412738466982046,0.0442856190226834,0.0400003790762141,-0.0008910183930642,0.222807974699514,0.234596459742015,0.2,0.5,0.5,1.2,0.08,,,NaN,NaN,NaN,NaN,NaN,NaN,NaN,NaN,NaN,NaN,NaN,NaN,NaN,NaN
SimpleBaseline,100,burst_onsets,14,0.38538350029715,0.362415927901908,0.12931320324821,0.467930174090115,0.407522972861592,0.044642760469033,0.0400003790762141,0.00301956706747823,0.220627427361122,0.225203378705647,0.2,0.5,0.5,1.2,0.1,,,NaN,NaN,NaN,NaN,NaN,NaN,NaN,NaN,NaN,NaN,NaN,NaN,NaN,NaN
SimpleBaseline,100,burst_onsets,14,0.379935538152103,0.34722120455045,0.135534979944269,0.496597947540178,0.369958615547335,0.0464284617557885,0.0474996460268775,0.0128339797297078,0.198957211468111,0.164966410384033,0.2,0.5,0.5,1.2,0.15,,,NaN,NaN,NaN,NaN,NaN,NaN,NaN,NaN,NaN,NaN,NaN,NaN,NaN,NaN
SimpleBaseline,100,burst_onsets,14,0.314643271114079,0.2867974947104,0.137045182492243,0.384336784118967,0.386046457691087,0.0521427892528978,0.0499999854037112,-0.0117072944146259,0.18278381205856,0.191781156742748,0.2,0.5,0.5,1.3,0.03,,,NaN,NaN,NaN,NaN,NaN,NaN,NaN,NaN,NaN,NaN,NaN,NaN,NaN,NaN
SimpleBaseline,100,burst_onsets,14,0.339515674789077,0.301560533601812,0.12683811811954,0.421119921410506,0.378422770709684,0.0482142043050149,0.0499996159388237,-0.00671063797684625,0.192313371841406,0.197481944283934,0.2,0.5,0.5,1.3,0.05,,,NaN,NaN,NaN,NaN,NaN,NaN,NaN,NaN,NaN,NaN,NaN,NaN,NaN,NaN
SimpleBaseline,100,burst_onsets,14,0.358481242700289,0.335682731369459,0.122790880690644,0.458399562505934,0.36830542520382,0.0442856190226834,0.0400003790762141,-9.55191195543454e-06,0.198023612846542,0.203078028691102,0.2,0.5,0.5,1.3,0.08,,,NaN,NaN,NaN,NaN,NaN,NaN,NaN,NaN,NaN,NaN,NaN,NaN,NaN,NaN
SimpleBaseline,100,burst_onsets,14,0.36419822284497,0.338442087085235,0.123349284841852,0.473586506404211,0.363734926193503,0.0442856180055747,0.0400003790762141,0.00344854607885872,0.196724248688017,0.198077664607081,0.2,0.5,0.5,1.3,0.1,,,NaN,NaN,NaN,NaN,NaN,NaN,NaN,NaN,NaN,NaN,NaN,NaN,NaN,NaN
SimpleBaseline,100,burst_onsets,14,0.360313135679899,0.308028919330289,0.129732072577168,0.504995026209903,0.33306056356582,0.0460713236553901,0.0450001924956031,0.0130357168254999,0.179443825033878,0.148758531790565,0.2,0.5,0.5,1.3,0.15,,,NaN,NaN,NaN,NaN,NaN,NaN,NaN,NaN,NaN,NaN,NaN,NaN,NaN,NaN
SimpleBaseline,100,burst_onsets,14,0.296383624410928,0.25845223325062,0.133086305617234,0.388464265702797,0.340166006217973,0.0510713662718114,0.0499997059841011,-0.0099341576927351,0.163665566648926,0.16796840693475,0.2,0.5,0.5,1.4,0.03,,,NaN,NaN,NaN,NaN,NaN,NaN,NaN,NaN,NaN,NaN,NaN,NaN,NaN,NaN
SimpleBaseline,100,burst_onsets,14,0.319527458443677,0.290258164165931,0.126048962775536,0.424762463028109,0.333422266464669,0.0482142133268601,0.0499996159388237,-0.00515521906679161,0.169638347378183,0.162565588068266,0.2,0.5,0.5,1.4,0.05,,,NaN,NaN,NaN,NaN,NaN,NaN,NaN,NaN,NaN,NaN,NaN,NaN,NaN,NaN
SimpleBaseline,100,burst_onsets,14,0.336425696476831,0.320338259538389,0.124809574128269,0.462002770644137,0.325346905053147,0.0446427858103783,0.0474996223655571,0.0005031108933635,0.173888278059781,0.171747715600409,0.2,0.5,0.5,1.4,0.08,,,NaN,NaN,NaN,NaN,NaN,NaN,NaN,NaN,NaN,NaN,NaN,NaN,NaN,NaN
SimpleBaseline,100,burst_onsets,14,0.342067478933599,0.328258323573699,0.125951832565835,0.477881163155058,0.321729050670642,0.0435713376461866,0.0400003790762141,0.00409997358116274,0.174290973766625,0.165849234274256,0.2,0.5,0.5,1.4,0.1,,,NaN,NaN,NaN,NaN,NaN,NaN,NaN,NaN,NaN,NaN,NaN,NaN,NaN,NaN
SimpleBaseline,100,burst_onsets,14,0.339118340888749,0.334094263051098,0.133350483398134,0.510916154011171,0.295250283598978,0.0460713249190193,0.0474997358233611,0.0141491728514317,0.158537804361356,0.123786303222023,0.2,0.5,0.5,1.4,0.15,,,NaN,NaN,NaN,NaN,NaN,NaN,NaN,NaN,NaN,NaN,NaN,NaN,NaN,NaN
SimpleBaseline,100,burst_onsets,14,0.316751618697108,0.309960934513707,0.1796662299587,0.223816678066768,0.836360941010421,0.0571427712633149,0.0599995391265884,-0.0286925900809425,0.375432560720892,0.367551172084478,0.2,0.6,0.4,0.4,0.03,,,NaN,NaN,NaN,NaN,NaN,NaN,NaN,NaN,NaN,NaN,NaN,NaN,NaN,NaN
SimpleBaseline,100,burst_onsets,14,0.351362017211878,0.370077723552044,0.173180777598539,0.250808363598171,0.830888625972677,0.0499999157551369,0.0499998953584337,-0.0224657616574298,0.41191579041718,0.430659121699028,0.2,0.6,0.4,0.4,0.05,,,NaN,NaN,NaN,NaN,NaN,NaN,NaN,NaN,NaN,NaN,NaN,NaN,NaN,NaN
SimpleBaseline,100,burst_onsets,14,0.381744878627291,0.406318940440743,0.16699709553001,0.277488373827563,0.8184840337703,0.0442856173125728,0.0400003790762141,-0.0130832990376971,0.443758986267169,0.443169793537834,0.2,0.6,0.4,0.4,0.08,,,NaN,NaN,NaN,NaN,NaN,NaN,NaN,NaN,NaN,NaN,NaN,NaN,NaN,NaN
SimpleBaseline,100,burst_onsets,14,0.391663666113953,0.41833383142335,0.166412125764941,0.287903454688248,0.806414827649416,0.0457141775274528,0.0499993583108388,-0.00878812703886867,0.43442943633757,0.435822614252817,0.2,0.6,0.4,0.4,0.1,,,NaN,NaN,NaN,NaN,NaN,NaN,NaN,NaN,NaN,NaN,NaN,NaN,NaN,NaN
SimpleBaseline,100,burst_onsets,14,0.401931292160795,0.456108144192256,0.162703465165692,0.309248287741267,0.729814886649255,0.046428462328704,0.0499996048620284,0.00261900539758635,0.384800938548179,0.402745187987565,0.2,0.6,0.4,0.4,0.15,,,NaN,NaN,NaN,NaN,NaN,NaN,NaN,NaN,NaN,NaN,NaN,NaN,NaN,NaN
SimpleBaseline,100,burst_onsets,14,0.334826378763686,0.323554252782194,0.184592470179215,0.247107924236234,0.799144178744424,0.0557142038236425,0.0599995391265884,-0.0269837829214964,0.36422106367192,0.372362296810425,0.2,0.6,0.4,0.5,0.03,,,NaN,NaN,NaN,NaN,NaN,NaN,NaN,NaN,NaN,NaN,NaN,NaN,NaN,NaN
SimpleBaseline,100,burst_onsets,14,0.36943517393259,0.403866903442617,0.176030692380372,0.275667137348976,0.792601100736292,0.0492856321935406,0.0499998953584337,-0.0211874181223412,0.395724067774279,0.41556432357312,0.2,0.6,0.4,0.5,0.05,,,NaN,NaN,NaN,NaN,NaN,NaN,NaN,NaN,NaN,NaN,NaN,NaN,NaN,NaN
SimpleBaseline,100,burst_onsets,14,0.40006963689625,0.445457869645309,0.168538417026954,0.304307283422533,0.78067367992545,0.0432141905255773,0.0400000993784508,-0.0118938693136591,0.424392764320134,0.433302757570793,0.2,0.6,0.4,0.5,0.08,,,NaN,NaN,NaN,NaN,NaN,NaN,NaN,NaN,NaN,NaN,NaN,NaN,NaN,NaN
SimpleBaseline,100,burst_onsets,14,0.40971398663511,0.459453895051085,0.167727718574284,0.315405454188,0.769243564872148,0.0457141767026792,0.0474997013048288,-0.00800370436331838,0.415118683184234,0.422836774050907,0.2,0.6,0.4,0.5,0.1,,,NaN,NaN,NaN,NaN,NaN,NaN,NaN,NaN,NaN,NaN,NaN,NaN,NaN,NaN
SimpleBaseline,100,burst_onsets,14,0.417366135462838,0.478804233913226,0.165533434020582,0.337611803864115,0.695053919375912,0.0471427472238888,0.0499998603885351,0.00339822823316324,0.365901754677031,0.37819705305049,0.2,0.6,0.4,0.5,0.15,,,NaN,NaN,NaN,NaN,NaN,NaN,NaN,NaN,NaN,NaN,NaN,NaN,NaN,NaN
SimpleBaseline,100,burst_onsets,14,0.349243437740408,0.331971419914544,0.18463763678674,0.268856649587831,0.762561345945565,0.0546427721402762,0.0599995391265884,-0.0247854987833684,0.351195469843748,0.375613005969863,0.2,0.6,0.4,0.6,0.03,,,NaN,NaN,NaN,NaN,NaN,NaN,NaN,NaN,NaN,NaN,NaN,NaN,NaN,NaN
SimpleBaseline,100,burst_onsets,14,0.384344838733017,0.416571158902447,0.174380303745861,0.29956226283252,0.75508474140597,0.0496427748975137,0.0499998714653304,-0.0190501123462533,0.378441267813406,0.401290277909648,0.2,0.6,0.4,0.6,0.05,,,NaN,NaN,NaN,NaN,NaN,NaN,NaN,NaN,NaN,NaN,NaN,NaN,NaN,NaN
SimpleBaseline,100,burst_onsets,14,0.415141899969656,0.461321294803052,0.166923050616109,0.330506439724632,0.742155671108591,0.0439284715235312,0.0400003790762141,-0.0103364052532117,0.401175733201501,0.415659168919385,0.2,0.6,0.4,0.6,0.08,,,NaN,NaN,NaN,NaN,NaN,NaN,NaN,NaN,NaN,NaN,NaN,NaN,NaN,NaN
SimpleBaseline,100,burst_onsets,14,0.423876399967066,0.478670694864048,0.165795648786704,0.341677924669964,0.730490926293535,0.046428462328704,0.0499996048620284,-0.00693321234730598,0.39219025907045,0.407050046251528,0.2,0.6,0.4,0.6,0.1,,,NaN,NaN,NaN,NaN,NaN,NaN,NaN,NaN,NaN,NaN,NaN,NaN,NaN,NaN
SimpleBaseline,100,burst_onsets,14,0.427956477192194,0.456209419161501,0.164104380418041,0.364121003179207,0.659617737493512,0.046428462328704,0.0499996048620284,0.00414302469579897,0.347492456155912,0.361786814661183,0.2,0.6,0.4,0.6,0.15,,,NaN,NaN,NaN,NaN,NaN,NaN,NaN,NaN,NaN,NaN,NaN,NaN,NaN,NaN
SimpleBaseline,100,burst_onsets,14,0.361980666996832,0.328984860582719,0.184717364337288,0.293026226018473,0.720555534477203,0.0528570636995422,0.0549999486571409,-0.0224507666987725,0.334082347913888,0.356117702017829,0.2,0.6,0.4,0.7,0.03,,,NaN,NaN,NaN,NaN,NaN,NaN,NaN,NaN,NaN,NaN,NaN,NaN,NaN,NaN
SimpleBaseline,100,burst_onsets,14,0.396933682767145,0.411487925989174,0.17275217093625,0.325653374030537,0.712295712214759,0.0492856269121747,0.0499998953584337,-0.0171550440758786,0.357489060641798,0.384056659818604,0.2,0.6,0.4,0.7,0.05,,,NaN,NaN,NaN,NaN,NaN,NaN,NaN,NaN,NaN,NaN,NaN,NaN,NaN,NaN
SimpleBaseline,100,burst_onsets,14,0.428603261388041,0.476057312807467,0.164474488871335,0.359527387932688,0.701660268262352,0.0432141850036966,0.0400002338281124,-0.00862461121800475,0.3803416277368,0.395920681981212,0.2,0.6,0.4,0.7,0.08,,,NaN,NaN,NaN,NaN,NaN,NaN,NaN,NaN,NaN,NaN,NaN,NaN,NaN,NaN
SimpleBaseline,100,burst_onsets,14,0.435713467273813,0.478713768115942,0.163463268122425,0.370536277493581,0.687800117686612,0.0442856022336923,0.0449999348676182,-0.0054588076896285,0.369272543783936,0.388270413546513,0.2,0.6,0.4,0.7,0.1,,,NaN,NaN,NaN,NaN,NaN,NaN,NaN,NaN,NaN,NaN,NaN,NaN,NaN,NaN
SimpleBaseline,100,burst_onsets,14,0.438291483452078,0.463092700876186,0.165377850503897,0.394590777344634,0.623424571194172,0.0453570311320831,0.0499993583108388,0.00474659752150528,0.32950415851711,0.332228368521585,0.2,0.6,0.4,0.7,0.15,,,NaN,NaN,NaN,NaN,NaN,NaN,NaN,NaN,NaN,NaN,NaN,NaN,NaN,NaN
SimpleBaseline,100,burst_onsets,14,0.366803065064384,0.321702629747212,0.184523707995686,0.31274742710032,0.669684687571862,0.0528570636995422,0.0549999486571409,-0.0209368644072615,0.315073788530986,0.341659848641859,0.2,0.6,0.4,0.8,0.03,,,NaN,NaN,NaN,NaN,NaN,NaN,NaN,NaN,NaN,NaN,NaN,NaN,NaN,NaN
SimpleBaseline,100,burst_onsets,14,0.402206995772324,0.400012028145861,0.170216755913083,0.347444987304072,0.66377918139609,0.0492856269121747,0.0499998953584337,-0.0156277998997476,0.335569481340251,0.367103763772862,0.2,0.6,0.4,0.8,0.05,,,NaN,NaN,NaN,NaN,NaN,NaN,NaN,NaN,NaN,NaN,NaN,NaN,NaN,NaN
SimpleBaseline,100,burst_onsets,14,0.432640578722421,0.458316886397726,0.161351908196819,0.382380088823976,0.653260239995542,0.0442856048064145,0.0449999348676182,-0.00739646563086439,0.354578872710596,0.379045160368526,0.2,0.6,0.4,0.8,0.08,,,NaN,NaN,NaN,NaN,NaN,NaN,NaN,NaN,NaN,NaN,NaN,NaN,NaN,NaN
SimpleBaseline,100,burst_onsets,14,0.439909660842722,0.460934253179287,0.160465498247602,0.394807799163184,0.640586316894893,0.0442856022336923,0.0449999348676182,-0.00399804637818196,0.344715904055368,0.364002149107917,0.2,0.6,0.4,0.8,0.1,,,NaN,NaN,NaN,NaN,NaN,NaN,NaN,NaN,NaN,NaN,NaN,NaN,NaN,NaN
SimpleBaseline,100,burst_onsets,14,0.441543806377228,0.447257417695885,0.163541222004601,0.42033200331465,0.582364083893343,0.0449998886844907,0.0499993583108388,0.00547209585447213,0.307979185238354,0.309271316606348,0.2,0.6,0.4,0.8,0.15,,,NaN,NaN,NaN,NaN,NaN,NaN,NaN,NaN,NaN,NaN,NaN,NaN,NaN,NaN
SimpleBaseline,100,burst_onsets,14,0.373937457242291,0.324456423729593,0.186304306203493,0.337494227423982,0.629162219224948,0.0532142170248253,0.0549999486571409,-0.0195556217197126,0.298651458142148,0.31990548017776,0.2,0.6,0.4,0.9,0.03,,,NaN,NaN,NaN,NaN,NaN,NaN,NaN,NaN,NaN,NaN,NaN,NaN,NaN,NaN
SimpleBaseline,100,burst_onsets,14,0.408201808673187,0.384800627240143,0.170856432409266,0.373251963688831,0.623136245373763,0.0482142106349555,0.0499998953584337,-0.0144652717335046,0.316395465722386,0.351288054863774,0.2,0.6,0.4,0.9,0.05,,,NaN,NaN,NaN,NaN,NaN,NaN,NaN,NaN,NaN,NaN,NaN,NaN,NaN,NaN
SimpleBaseline,100,burst_onsets,14,0.437248169612395,0.438742071422993,0.160889739633497,0.409942872895831,0.611726895247016,0.0439284733304465,0.0400002338281124,-0.00670697212677987,0.332084321505788,0.353974230881623,0.2,0.6,0.4,0.9,0.08,,,NaN,NaN,NaN,NaN,NaN,NaN,NaN,NaN,NaN,NaN,NaN,NaN,NaN,NaN
SimpleBaseline,100,burst_onsets,14,0.444158330924552,0.438317318852784,0.160684054851069,0.423248489656239,0.599507966557075,0.0435713336237353,0.0425002799630862,-0.00325357845136909,0.322523344390664,0.344556394581432,0.2,0.6,0.4,0.9,0.1,,,NaN,NaN,NaN,NaN,NaN,NaN,NaN,NaN,NaN,NaN,NaN,NaN,NaN,NaN
SimpleBaseline,100,burst_onsets,14,0.442583917141872,0.431399065650357,0.162462326950209,0.447962590130241,0.544466597972406,0.0435713318078259,0.0449999369690963,0.0062002841756427,0.288603342377967,0.285095048228021,0.2,0.6,0.4,0.9,0.15,,,NaN,NaN,NaN,NaN,NaN,NaN,NaN,NaN,NaN,NaN,NaN,NaN,NaN,NaN
SimpleBaseline,100,burst_onsets,14,0.371555508635663,0.33331532929749,0.180100208397459,0.355433896993847,0.581932012658158,0.051428498613286,0.0500001256922309,-0.0172521035598304,0.277728565761872,0.301777046313629,0.2,0.6,0.4,1,0.03,,,NaN,NaN,NaN,NaN,NaN,NaN,NaN,NaN,NaN,NaN,NaN,NaN,NaN,NaN
SimpleBaseline,100,burst_onsets,14,0.404789272523823,0.392690666514044,0.164722844377752,0.392237998627962,0.576556848193201,0.0482142029527028,0.0499998953584337,-0.0122707762203356,0.294948552088891,0.329111470517607,0.2,0.6,0.4,1,0.05,,,NaN,NaN,NaN,NaN,NaN,NaN,NaN,NaN,NaN,NaN,NaN,NaN,NaN,NaN
SimpleBaseline,100,burst_onsets,14,0.431562089879858,0.4289265636758,0.156404968622991,0.429067061054408,0.56323019670769,0.0424999014314989,0.0400000569966051,-0.00519211998415417,0.305596776697582,0.327153785202454,0.2,0.6,0.4,1,0.08,,,NaN,NaN,NaN,NaN,NaN,NaN,NaN,NaN,NaN,NaN,NaN,NaN,NaN,NaN
SimpleBaseline,100,burst_onsets,14,0.438008926088487,0.430132608865086,0.155736262127306,0.442774528342506,0.553706134260971,0.0435713318078259,0.0449999369690963,-0.00166489840813772,0.298076108859433,0.313808361736836,0.2,0.6,0.4,1,0.1,,,NaN,NaN,NaN,NaN,NaN,NaN,NaN,NaN,NaN,NaN,NaN,NaN,NaN,NaN
SimpleBaseline,100,burst_onsets,14,0.436489588708582,0.422294470904949,0.160198374090118,0.468555915095075,0.505590306618924,0.0442856156859021,0.0449999369690963,0.00739701772494849,0.2673810461572,0.257094375832345,0.2,0.6,0.4,1,0.15,,,NaN,NaN,NaN,NaN,NaN,NaN,NaN,NaN,NaN,NaN,NaN,NaN,NaN,NaN
SimpleBaseline,100,burst_onsets,14,0.366971193773655,0.327690993677943,0.175200887486209,0.373781275842246,0.529475087347267,0.051428503055149,0.0500001256922309,-0.0149660106753826,0.253832187936447,0.273963466686985,0.2,0.6,0.4,1.1,0.03,,,NaN,NaN,NaN,NaN,NaN,NaN,NaN,NaN,NaN,NaN,NaN,NaN,NaN,NaN
SimpleBaseline,100,burst_onsets,14,0.397653092189049,0.383733456448138,0.160468979778577,0.410530563216987,0.524082366099714,0.0482142064713908,0.0499999309572367,-0.0100232645432502,0.268614176153195,0.287410297575749,0.2,0.6,0.4,1.1,0.05,,,NaN,NaN,NaN,NaN,NaN,NaN,NaN,NaN,NaN,NaN,NaN,NaN,NaN,NaN
SimpleBaseline,100,burst_onsets,14,0.421186293599967,0.416201965024089,0.154200143902056,0.447108424127261,0.507792553581731,0.043214185853663,0.0425002204261295,-0.00330530714436783,0.275187214738236,0.294461770029156,0.2,0.6,0.4,1.1,0.08,,,NaN,NaN,NaN,NaN,NaN,NaN,NaN,NaN,NaN,NaN,NaN,NaN,NaN,NaN
SimpleBaseline,100,burst_onsets,14,0.426415391083305,0.415084172418192,0.153040173804513,0.460503024461415,0.499534440912939,0.0435713318078259,0.0449999369690963,0.000151039674898937,0.268249118580777,0.279482636193035,0.2,0.6,0.4,1.1,0.1,,,NaN,NaN,NaN,NaN,NaN,NaN,NaN,NaN,NaN,NaN,NaN,NaN,NaN,NaN
SimpleBaseline,100,burst_onsets,14,0.423318612752552,0.406392091935161,0.158151879847109,0.486538056768295,0.458949930513916,0.0460713197801039,0.0499999037764561,0.00905979981161371,0.243507067307998,0.224337259792709,0.2,0.6,0.4,1.1,0.15,,,NaN,NaN,NaN,NaN,NaN,NaN,NaN,NaN,NaN,NaN,NaN,NaN,NaN,NaN
SimpleBaseline,100,burst_onsets,14,0.359109599616329,0.317903239060649,0.163279682439923,0.387435610706236,0.486982497961402,0.0514285098378192,0.0500001256922309,-0.0135223517882928,0.234101461900248,0.246603956302014,0.2,0.6,0.4,1.2,0.03,,,NaN,NaN,NaN,NaN,NaN,NaN,NaN,NaN,NaN,NaN,NaN,NaN,NaN,NaN
SimpleBaseline,100,burst_onsets,14,0.38748160855417,0.370460663792617,0.149092332188535,0.424482058753638,0.479551709930711,0.0478570768181802,0.0499998953584337,-0.00917577721303242,0.245148123027097,0.258052249811099,0.2,0.6,0.4,1.2,0.05,,,NaN,NaN,NaN,NaN,NaN,NaN,NaN,NaN,NaN,NaN,NaN,NaN,NaN,NaN
SimpleBaseline,100,burst_onsets,14,0.409889112848307,0.397897459331879,0.143278608646736,0.462187516665406,0.467222552813914,0.0428570550468686,0.0400002244635526,-0.00227490424546013,0.251782694148748,0.256247818960008,0.2,0.6,0.4,1.2,0.08,,,NaN,NaN,NaN,NaN,NaN,NaN,NaN,NaN,NaN,NaN,NaN,NaN,NaN,NaN
SimpleBaseline,100,burst_onsets,14,0.414905831515635,0.401366540644648,0.142487602672715,0.476097653091609,0.460533828936212,0.044285623485681,0.0499996159388237,0.000599431761474561,0.246517413990592,0.249479553837598,0.2,0.6,0.4,1.2,0.1,,,NaN,NaN,NaN,NaN,NaN,NaN,NaN,NaN,NaN,NaN,NaN,NaN,NaN,NaN
SimpleBaseline,100,burst_onsets,14,0.412402558807866,0.384965540713009,0.146727027130434,0.50551273887237,0.424471531295698,0.045714184623736,0.0499998714653304,0.00973971449675854,0.224967067892352,0.197038587942793,0.2,0.6,0.4,1.2,0.15,,,NaN,NaN,NaN,NaN,NaN,NaN,NaN,NaN,NaN,NaN,NaN,NaN,NaN,NaN
SimpleBaseline,100,burst_onsets,14,0.351018454491505,0.315253087023287,0.156360667171668,0.40397656965449,0.447351942309457,0.0510713631841952,0.0499999854037112,-0.0122003591801889,0.216935336219695,0.224656824291765,0.2,0.6,0.4,1.3,0.03,,,NaN,NaN,NaN,NaN,NaN,NaN,NaN,NaN,NaN,NaN,NaN,NaN,NaN,NaN
SimpleBaseline,100,burst_onsets,14,0.378197123824514,0.358418623319286,0.143431884462001,0.441924125767796,0.442182814375198,0.0467856352801655,0.0499997136112162,-0.00745656023666191,0.228452267113276,0.233355943483162,0.2,0.6,0.4,1.3,0.05,,,NaN,NaN,NaN,NaN,NaN,NaN,NaN,NaN,NaN,NaN,NaN,NaN,NaN,NaN
SimpleBaseline,100,burst_onsets,14,0.398765382626478,0.384342142654163,0.138949742457885,0.480104206160117,0.430994597757294,0.0432141929539808,0.0449999369690963,-0.00108333126902017,0.232887220492911,0.236335883413051,0.2,0.6,0.4,1.3,0.08,,,NaN,NaN,NaN,NaN,NaN,NaN,NaN,NaN,NaN,NaN,NaN,NaN,NaN,NaN
SimpleBaseline,100,burst_onsets,14,0.403846122174317,0.386314203835697,0.139123946473152,0.494484718735793,0.425343034292664,0.0439284780987124,0.0499994580847094,0.00156266975775612,0.228486157598976,0.22518179549852,0.2,0.6,0.4,1.3,0.1,,,NaN,NaN,NaN,NaN,NaN,NaN,NaN,NaN,NaN,NaN,NaN,NaN,NaN,NaN
SimpleBaseline,100,burst_onsets,14,0.401085998067695,0.378282216355022,0.144878199687392,0.52510653005667,0.391621166401134,0.0446427569439295,0.0499997136112162,0.0104466812023689,0.209186652959108,0.181941257835483,0.2,0.6,0.4,1.3,0.15,,,NaN,NaN,NaN,NaN,NaN,NaN,NaN,NaN,NaN,NaN,NaN,NaN,NaN,NaN
SimpleBaseline,100,burst_onsets,14,0.335183396459794,0.298845034273373,0.146414756750593,0.408983173256701,0.404094349296589,0.0485713628484891,0.0499997059841011,-0.0109843167986384,0.198221792483312,0.203168340032835,0.2,0.6,0.4,1.4,0.03,,,NaN,NaN,NaN,NaN,NaN,NaN,NaN,NaN,NaN,NaN,NaN,NaN,NaN,NaN
SimpleBaseline,100,burst_onsets,14,0.359314561031605,0.327198687694256,0.137067203954417,0.445680041929913,0.396941831656506,0.0449999305115102,0.0499996159388237,-0.00642393455284402,0.206961317570012,0.211521270082449,0.2,0.6,0.4,1.4,0.05,,,NaN,NaN,NaN,NaN,NaN,NaN,NaN,NaN,NaN,NaN,NaN,NaN,NaN,NaN
SimpleBaseline,100,burst_onsets,14,0.377087980740136,0.364943300143173,0.135754693888661,0.483444373511953,0.384158610936597,0.0414284881853255,0.0400002244635526,-0.000830730413563496,0.206915132788695,0.214327155871071,0.2,0.6,0.4,1.4,0.08,,,NaN,NaN,NaN,NaN,NaN,NaN,NaN,NaN,NaN,NaN,NaN,NaN,NaN,NaN
SimpleBaseline,100,burst_onsets,14,0.382227009251166,0.372294166190567,0.136478117732295,0.498281130706557,0.379654060441949,0.043571340002644,0.0474996438693501,0.0025818789674472,0.203486233705455,0.204265796287383,0.2,0.6,0.4,1.4,0.1,,,NaN,NaN,NaN,NaN,NaN,NaN,NaN,NaN,NaN,NaN,NaN,NaN,NaN,NaN
SimpleBaseline,100,burst_onsets,14,0.380054403520912,0.348477414712328,0.141835793393144,0.530100567365984,0.353312241853375,0.04321419008707,0.0450001924956031,0.0117466763902462,0.189870392049335,0.158641571750403,0.2,0.6,0.4,1.4,0.15,,,NaN,NaN,NaN,NaN,NaN,NaN,NaN,NaN,NaN,NaN,NaN,NaN,NaN,NaN
SimpleBaseline,100,burst_onsets,14,0.299368445556997,0.292630770041293,0.172792775953351,0.204535552981683,0.869612823808288,0.0557142137571643,0.0599998457583965,-0.0315158335386989,0.389062630078054,0.397822322064071,0.2,0.7,0.3,0.4,0.03,,,NaN,NaN,NaN,NaN,NaN,NaN,NaN,NaN,NaN,NaN,NaN,NaN,NaN,NaN
SimpleBaseline,100,burst_onsets,14,0.333058214252284,0.342270910115181,0.169286252260076,0.229570646768398,0.864198540214611,0.0492856402370003,0.0499999037764561,-0.0250313056066285,0.427591954567375,0.447512307639785,0.2,0.7,0.3,0.4,0.05,,,NaN,NaN,NaN,NaN,NaN,NaN,NaN,NaN,NaN,NaN,NaN,NaN,NaN,NaN
SimpleBaseline,100,burst_onsets,14,0.363705665591911,0.375746097337006,0.166703153411576,0.255014179297793,0.851134909878632,0.0414284822139219,0.0399999447657893,-0.0153018561087183,0.462667706609369,0.466016211080722,0.2,0.7,0.3,0.4,0.08,,,NaN,NaN,NaN,NaN,NaN,NaN,NaN,NaN,NaN,NaN,NaN,NaN,NaN,NaN
SimpleBaseline,100,burst_onsets,14,0.37401281709948,0.389327952275785,0.166458613768268,0.264634106812353,0.839412865370926,0.0442856284548945,0.0400000993784508,-0.0110481378283781,0.453905428736681,0.449109108287195,0.2,0.7,0.3,0.4,0.1,,,NaN,NaN,NaN,NaN,NaN,NaN,NaN,NaN,NaN,NaN,NaN,NaN,NaN,NaN
SimpleBaseline,100,burst_onsets,14,0.383890070099014,0.417813516432356,0.159717211363823,0.28371294037338,0.754919477916429,0.0446427561284439,0.0425002309612592,0.00109463347672745,0.401491810357807,0.412607345057848,0.2,0.7,0.3,0.4,0.15,,,NaN,NaN,NaN,NaN,NaN,NaN,NaN,NaN,NaN,NaN,NaN,NaN,NaN,NaN
SimpleBaseline,100,burst_onsets,14,0.321054446817577,0.321226628517484,0.180663088885085,0.228041541870135,0.842183736713986,0.0557142108679622,0.0599995391265884,-0.0292726091052453,0.381259975169593,0.392436853797609,0.2,0.7,0.3,0.5,0.03,,,NaN,NaN,NaN,NaN,NaN,NaN,NaN,NaN,NaN,NaN,NaN,NaN,NaN,NaN
SimpleBaseline,100,burst_onsets,14,0.355540646578559,0.377165972617626,0.176339272761263,0.255051903231563,0.835612710738063,0.0492856399205204,0.0499998714653304,-0.0232119019371462,0.415436008032409,0.434422231066772,0.2,0.7,0.3,0.5,0.05,,,NaN,NaN,NaN,NaN,NaN,NaN,NaN,NaN,NaN,NaN,NaN,NaN,NaN,NaN
SimpleBaseline,100,burst_onsets,14,0.385463730171172,0.418151199529216,0.172304694151614,0.28150577639279,0.821804049219063,0.043214197124436,0.0400001429356304,-0.0142185268786981,0.446314971082957,0.452779850102725,0.2,0.7,0.3,0.5,0.08,,,NaN,NaN,NaN,NaN,NaN,NaN,NaN,NaN,NaN,NaN,NaN,NaN,NaN,NaN
SimpleBaseline,100,burst_onsets,14,0.394579876900355,0.434119557652154,0.171667349103191,0.29096471828894,0.809084675022779,0.0453570550369438,0.0474996123964414,-0.00994890765085074,0.436166085998329,0.433271519200457,0.2,0.7,0.3,0.5,0.1,,,NaN,NaN,NaN,NaN,NaN,NaN,NaN,NaN,NaN,NaN,NaN,NaN,NaN,NaN
SimpleBaseline,100,burst_onsets,14,0.403198167302145,0.4464513938813,0.168384399378927,0.311291750100221,0.728989963040902,0.0449998985760363,0.0449999369690963,0.00159468091293396,0.387110974778896,0.39915128358448,0.2,0.7,0.3,0.5,0.15,,,NaN,NaN,NaN,NaN,NaN,NaN,NaN,NaN,NaN,NaN,NaN,NaN,NaN,NaN
SimpleBaseline,100,burst_onsets,14,0.337850994690388,0.336306385924145,0.18219287296814,0.250309731612886,0.804444161542618,0.0542856424111811,0.0599995391265884,-0.0273113405103962,0.369569851131178,0.385115721722179,0.2,0.7,0.3,0.6,0.03,,,NaN,NaN,NaN,NaN,NaN,NaN,NaN,NaN,NaN,NaN,NaN,NaN,NaN,NaN
SimpleBaseline,100,burst_onsets,14,0.372016937481979,0.41254348666409,0.176403560005318,0.278694056353385,0.796231074592947,0.048214214078556,0.0499998714653304,-0.0218354819462189,0.397757362927128,0.414773557787761,0.2,0.7,0.3,0.6,0.05,,,NaN,NaN,NaN,NaN,NaN,NaN,NaN,NaN,NaN,NaN,NaN,NaN,NaN,NaN
SimpleBaseline,100,burst_onsets,14,0.401411673754876,0.457364341085271,0.171351602899278,0.306624989027191,0.782330083250288,0.0435713319209566,0.0400001429356304,-0.0130696956143361,0.425101304711561,0.430324285676511,0.2,0.7,0.3,0.6,0.08,,,NaN,NaN,NaN,NaN,NaN,NaN,NaN,NaN,NaN,NaN,NaN,NaN,NaN,NaN
SimpleBaseline,100,burst_onsets,14,0.410754703164037,0.464749082007344,0.171307286456185,0.317042039630596,0.770491158728212,0.0442856268053473,0.0400001429356304,-0.00917842739275455,0.41740557730295,0.424255420194564,0.2,0.7,0.3,0.6,0.1,,,NaN,NaN,NaN,NaN,NaN,NaN,NaN,NaN,NaN,NaN,NaN,NaN,NaN,NaN
SimpleBaseline,100,burst_onsets,14,0.416920758216476,0.468022610063459,0.169214323029145,0.338111353249078,0.693743854178453,0.0453570428605261,0.0474997701290178,0.00228923941648042,0.368955668283527,0.375358155070812,0.2,0.7,0.3,0.6,0.15,,,NaN,NaN,NaN,NaN,NaN,NaN,NaN,NaN,NaN,NaN,NaN,NaN,NaN,NaN
SimpleBaseline,100,burst_onsets,14,0.354693348863865,0.346272666586201,0.186461259726549,0.275479835642824,0.766344285577768,0.0521427871822656,0.0549999486571409,-0.0250894334278426,0.357205425726381,0.377308166324213,0.2,0.7,0.3,0.7,0.03,,,NaN,NaN,NaN,NaN,NaN,NaN,NaN,NaN,NaN,NaN,NaN,NaN,NaN,NaN
SimpleBaseline,100,burst_onsets,14,0.389349923359314,0.429879843848955,0.178772648462176,0.306030302909052,0.758672938922665,0.047857066516822,0.0499998714653304,-0.0197537706380431,0.381774685811083,0.404407630787501,0.2,0.7,0.3,0.7,0.05,,,NaN,NaN,NaN,NaN,NaN,NaN,NaN,NaN,NaN,NaN,NaN,NaN,NaN,NaN
SimpleBaseline,100,burst_onsets,14,0.417875387228881,0.475917096673607,0.173710599986232,0.335381666864991,0.743017159372415,0.0428570418383396,0.0399999976875287,-0.0116993209778817,0.40249546824257,0.420839098326389,0.2,0.7,0.3,0.7,0.08,,,NaN,NaN,NaN,NaN,NaN,NaN,NaN,NaN,NaN,NaN,NaN,NaN,NaN,NaN
SimpleBaseline,100,burst_onsets,14,0.425949054962933,0.481611843847661,0.173779339906166,0.345795107524097,0.730262017483506,0.0449999167715581,0.0449999653595471,-0.00805919910901112,0.39345194684902,0.410866425942695,0.2,0.7,0.3,0.7,0.1,,,NaN,NaN,NaN,NaN,NaN,NaN,NaN,NaN,NaN,NaN,NaN,NaN,NaN,NaN
SimpleBaseline,100,burst_onsets,14,0.429507491724995,0.462125314016731,0.172790457910592,0.367765170339355,0.660083354502965,0.0449998970623989,0.0499996159388237,0.0031267338607992,0.35124969359553,0.360928241556223,0.2,0.7,0.3,0.7,0.15,,,NaN,NaN,NaN,NaN,NaN,NaN,NaN,NaN,NaN,NaN,NaN,NaN,NaN,NaN
SimpleBaseline,100,burst_onsets,14,0.366543085981357,0.350887923094635,0.184072647295869,0.297313453548962,0.729133216174476,0.0524999353258446,0.0524999550838744,-0.0225341963284106,0.341113298142001,0.373730732546654,0.2,0.7,0.3,0.8,0.03,,,NaN,NaN,NaN,NaN,NaN,NaN,NaN,NaN,NaN,NaN,NaN,NaN,NaN,NaN
SimpleBaseline,100,burst_onsets,14,0.401292258685593,0.434895036071891,0.175160499109796,0.329955810631799,0.720440417363097,0.0492856411601753,0.0499998714653304,-0.0175791111098073,0.362150716687229,0.382826267305164,0.2,0.7,0.3,0.8,0.05,,,NaN,NaN,NaN,NaN,NaN,NaN,NaN,NaN,NaN,NaN,NaN,NaN,NaN,NaN
SimpleBaseline,100,burst_onsets,14,0.429912334797587,0.469200186759858,0.170299735875309,0.361755940607985,0.70584685488276,0.0435713319209566,0.0400001429356304,-0.00987856128467088,0.380877722409241,0.403995391728156,0.2,0.7,0.3,0.8,0.08,,,NaN,NaN,NaN,NaN,NaN,NaN,NaN,NaN,NaN,NaN,NaN,NaN,NaN,NaN
SimpleBaseline,100,burst_onsets,14,0.436953708958188,0.473045016615267,0.170925505236828,0.372663925109746,0.691772356443692,0.0460713487932132,0.0474997034063068,-0.00660655104079164,0.371241279140113,0.392519986963162,0.2,0.7,0.3,0.8,0.1,,,NaN,NaN,NaN,NaN,NaN,NaN,NaN,NaN,NaN,NaN,NaN,NaN,NaN,NaN
SimpleBaseline,100,burst_onsets,14,0.438070423259395,0.454822412524809,0.171961061200242,0.394769266476147,0.627095153613058,0.0449998970623989,0.0499996159388237,0.00371939699426859,0.333341462006455,0.337801632872568,0.2,0.7,0.3,0.8,0.15,,,NaN,NaN,NaN,NaN,NaN,NaN,NaN,NaN,NaN,NaN,NaN,NaN,NaN,NaN
SimpleBaseline,100,burst_onsets,14,0.374185948571248,0.341167979143999,0.183629277380193,0.320303503065165,0.683308446286028,0.0517856452432276,0.0524999550838744,-0.0202970098846262,0.322134447852812,0.359740715914347,0.2,0.7,0.3,0.9,0.03,,,NaN,NaN,NaN,NaN,NaN,NaN,NaN,NaN,NaN,NaN,NaN,NaN,NaN,NaN
SimpleBaseline,100,burst_onsets,14,0.407980654548819,0.425612389708151,0.172910735241002,0.354070623302845,0.674799272307746,0.0492856349556344,0.0499999070641334,-0.0154888396665786,0.34086257126522,0.368218115657824,0.2,0.7,0.3,0.9,0.05,,,NaN,NaN,NaN,NaN,NaN,NaN,NaN,NaN,NaN,NaN,NaN,NaN,NaN,NaN
SimpleBaseline,100,burst_onsets,14,0.436311414693984,0.455279772089449,0.166673565222991,0.387685273494687,0.660085858533226,0.042499895208398,0.0400001005537847,-0.00801665270355633,0.35643072746413,0.383058955297595,0.2,0.7,0.3,0.9,0.08,,,NaN,NaN,NaN,NaN,NaN,NaN,NaN,NaN,NaN,NaN,NaN,NaN,NaN,NaN
SimpleBaseline,100,burst_onsets,14,0.443603004207843,0.459262328681673,0.166560366731642,0.399422969770016,0.650181465468653,0.044999915485197,0.0449997008285126,-0.00459946489207038,0.348854363009827,0.369630446000399,0.2,0.7,0.3,0.9,0.1,,,NaN,NaN,NaN,NaN,NaN,NaN,NaN,NaN,NaN,NaN,NaN,NaN,NaN,NaN
SimpleBaseline,100,burst_onsets,14,0.442182117260069,0.440725018009674,0.169612157375922,0.421239350627848,0.590459861987099,0.0449998970623989,0.0499996159388237,0.00463095965424326,0.314522575758496,0.312545293116629,0.2,0.7,0.3,0.9,0.15,,,NaN,NaN,NaN,NaN,NaN,NaN,NaN,NaN,NaN,NaN,NaN,NaN,NaN,NaN
SimpleBaseline,100,burst_onsets,14,0.380288573720675,0.355082766614706,0.181009686254289,0.341886703041007,0.641481983288195,0.051428498613286,0.0500001256922309,-0.0181329473091829,0.308426298146511,0.350246937150519,0.2,0.7,0.3,1,0.03,,,NaN,NaN,NaN,NaN,NaN,NaN,NaN,NaN,NaN,NaN,NaN,NaN,NaN,NaN
SimpleBaseline,100,burst_onsets,14,0.413503531723857,0.412433172405181,0.16888725828652,0.377209438806248,0.63493541205871,0.047857066516822,0.0499998714653304,-0.0133277234309532,0.325311216902247,0.363613029979473,0.2,0.7,0.3,1,0.05,,,NaN,NaN,NaN,NaN,NaN,NaN,NaN,NaN,NaN,NaN,NaN,NaN,NaN,NaN
SimpleBaseline,100,burst_onsets,14,0.440811347259272,0.436072436072436,0.163181489368889,0.412769745931869,0.618601869047083,0.0428570371474361,0.0400001005537847,-0.00678586753097002,0.335587663381048,0.36247007781216,0.2,0.7,0.3,1,0.08,,,NaN,NaN,NaN,NaN,NaN,NaN,NaN,NaN,NaN,NaN,NaN,NaN,NaN,NaN
SimpleBaseline,100,burst_onsets,14,0.447432979830508,0.434531615958959,0.163221559591193,0.425466077879282,0.60860386380947,0.0442856206008064,0.0449997008285126,-0.00332956172963489,0.328259840005286,0.35260359020262,0.2,0.7,0.3,1,0.1,,,NaN,NaN,NaN,NaN,NaN,NaN,NaN,NaN,NaN,NaN,NaN,NaN,NaN,NaN
SimpleBaseline,100,burst_onsets,14,0.444550628887429,0.427116169706992,0.167357526672631,0.449068352751842,0.554778715985936,0.0449998970623989,0.0499996159388237,0.00512909631667542,0.29583781083437,0.292202979967308,0.2,0.7,0.3,1,0.15,,,NaN,NaN,NaN,NaN,NaN,NaN,NaN,NaN,NaN,NaN,NaN,NaN,NaN,NaN
SimpleBaseline,100,burst_onsets,14,0.382959762648167,0.35840812359031,0.178607022817459,0.363203959551972,0.596879453515859,0.051428498613286,0.0500001256922309,-0.0169383812422658,0.289645624459544,0.315633059656522,0.2,0.7,0.3,1.1,0.03,,,NaN,NaN,NaN,NaN,NaN,NaN,NaN,NaN,NaN,NaN,NaN,NaN,NaN,NaN
SimpleBaseline,100,burst_onsets,14,0.414953250745827,0.416607103857685,0.165354238725958,0.399729975488225,0.590544171676084,0.0482142061104083,0.0499996159388237,-0.0122188995281536,0.304296017747209,0.343840231162618,0.2,0.7,0.3,1.1,0.05,,,NaN,NaN,NaN,NaN,NaN,NaN,NaN,NaN,NaN,NaN,NaN,NaN,NaN,NaN
SimpleBaseline,100,burst_onsets,14,0.439125269573429,0.442279017853304,0.15960039262269,0.434889140278734,0.573648314747709,0.0442856269162174,0.0400001005537847,-0.00593888206912615,0.311461570842029,0.340097135685891,0.2,0.7,0.3,1.1,0.08,,,NaN,NaN,NaN,NaN,NaN,NaN,NaN,NaN,NaN,NaN,NaN,NaN,NaN,NaN
SimpleBaseline,100,burst_onsets,14,0.443822602349789,0.438215379006793,0.159403949570594,0.446695129383835,0.563454569123239,0.0446427712007072,0.0425001105452135,-0.00295904078257732,0.304350173594906,0.329714626814033,0.2,0.7,0.3,1.1,0.1,,,NaN,NaN,NaN,NaN,NaN,NaN,NaN,NaN,NaN,NaN,NaN,NaN,NaN,NaN
SimpleBaseline,100,burst_onsets,14,0.442630138839114,0.433338105976542,0.165298373445916,0.473000576524259,0.517781395129833,0.0446427504558735,0.0450001924956031,0.00571025680652433,0.27664769641013,0.2724461658756,0.2,0.7,0.3,1.1,0.15,,,NaN,NaN,NaN,NaN,NaN,NaN,NaN,NaN,NaN,NaN,NaN,NaN,NaN,NaN
SimpleBaseline,100,burst_onsets,14,0.38234389285848,0.350873729619068,0.175416720012782,0.384441785014033,0.551962108742242,0.0510713511710907,0.0500001256922309,-0.0152397926030049,0.269858743213996,0.302717632758239,0.2,0.7,0.3,1.2,0.03,,,NaN,NaN,NaN,NaN,NaN,NaN,NaN,NaN,NaN,NaN,NaN,NaN,NaN,NaN
SimpleBaseline,100,burst_onsets,14,0.412114270658768,0.412696844112022,0.161986618858306,0.421536698669842,0.545456361410599,0.0482142084558601,0.0499998953584337,-0.0105635486789383,0.281319102148536,0.311540949362352,0.2,0.7,0.3,1.2,0.05,,,NaN,NaN,NaN,NaN,NaN,NaN,NaN,NaN,NaN,NaN,NaN,NaN,NaN,NaN
SimpleBaseline,100,burst_onsets,14,0.433750730307326,0.435939946578245,0.156888712036292,0.456850078423496,0.528735715125338,0.0442856288062795,0.0400000569966051,-0.00465070293530527,0.286580442076799,0.307289611441926,0.2,0.7,0.3,1.2,0.08,,,NaN,NaN,NaN,NaN,NaN,NaN,NaN,NaN,NaN,NaN,NaN,NaN,NaN,NaN
SimpleBaseline,100,burst_onsets,14,0.437650462478795,0.429686940325238,0.157005010618804,0.468765390506506,0.51913980449553,0.0457142019359954,0.0499996159388237,-0.00176690435848155,0.280735976894041,0.298546447114089,0.2,0.7,0.3,1.2,0.1,,,NaN,NaN,NaN,NaN,NaN,NaN,NaN,NaN,NaN,NaN,NaN,NaN,NaN,NaN
SimpleBaseline,100,burst_onsets,14,0.436164674914803,0.426320656183823,0.163511682264334,0.497463999521349,0.478960568397567,0.0457141736397177,0.0499998714653304,0.00701155807775053,0.256943465078214,0.241064701093415,0.2,0.7,0.3,1.2,0.15,,,NaN,NaN,NaN,NaN,NaN,NaN,NaN,NaN,NaN,NaN,NaN,NaN,NaN,NaN
SimpleBaseline,100,burst_onsets,14,0.37373039694304,0.345904759209605,0.164592646170124,0.399353682078186,0.504848331427232,0.0503570635492013,0.0500001256922309,-0.0138366171149917,0.246761041473898,0.264593844904872,0.2,0.7,0.3,1.3,0.03,,,NaN,NaN,NaN,NaN,NaN,NaN,NaN,NaN,NaN,NaN,NaN,NaN,NaN,NaN
SimpleBaseline,100,burst_onsets,14,0.401274897175318,0.394572025052192,0.152529740378863,0.436506703367226,0.498784801287574,0.0482142102152041,0.0499998953584337,-0.00970104009554373,0.256822160231143,0.27259522950081,0.2,0.7,0.3,1.3,0.05,,,NaN,NaN,NaN,NaN,NaN,NaN,NaN,NaN,NaN,NaN,NaN,NaN,NaN,NaN
SimpleBaseline,100,burst_onsets,14,0.420208088266035,0.415636110583918,0.149967838242842,0.472044127029809,0.480421512234002,0.0439284993864555,0.0425000220908293,-0.00392401914659296,0.260551357529051,0.274746834599668,0.2,0.7,0.3,1.3,0.08,,,NaN,NaN,NaN,NaN,NaN,NaN,NaN,NaN,NaN,NaN,NaN,NaN,NaN,NaN
SimpleBaseline,100,burst_onsets,14,0.423597254103857,0.40756292590696,0.150010190116504,0.483951833237412,0.471885945704717,0.0449999215766072,0.0499996159388237,-0.000977451577759053,0.255097105048334,0.263208499101366,0.2,0.7,0.3,1.3,0.1,,,NaN,NaN,NaN,NaN,NaN,NaN,NaN,NaN,NaN,NaN,NaN,NaN,NaN,NaN
SimpleBaseline,100,burst_onsets,14,0.420906338809454,0.402738473468868,0.155433021198665,0.514412233433718,0.436063769397544,0.0449998932803296,0.0499998714653304,0.00761827154179121,0.234759157650159,0.208140293556556,0.2,0.7,0.3,1.3,0.15,,,NaN,NaN,NaN,NaN,NaN,NaN,NaN,NaN,NaN,NaN,NaN,NaN,NaN,NaN
SimpleBaseline,100,burst_onsets,14,0.364778557940467,0.339650786173765,0.155440905580011,0.412815639389179,0.461681643787473,0.0510713607747809,0.0500001256922309,-0.0133771594368516,0.226723577112412,0.239512550584594,0.2,0.7,0.3,1.4,0.03,,,NaN,NaN,NaN,NaN,NaN,NaN,NaN,NaN,NaN,NaN,NaN,NaN,NaN,NaN
SimpleBaseline,100,burst_onsets,14,0.38943041911918,0.363690002544157,0.144762819771507,0.449459599813903,0.452980698493029,0.0474999277551418,0.0499996159388237,-0.00924139612623321,0.233611579270959,0.245196049295234,0.2,0.7,0.3,1.4,0.05,,,NaN,NaN,NaN,NaN,NaN,NaN,NaN,NaN,NaN,NaN,NaN,NaN,NaN,NaN
SimpleBaseline,100,burst_onsets,14,0.405705946525266,0.392124573172208,0.14251480120238,0.484150296509966,0.436944330703798,0.0446427759637743,0.0474996223655571,-0.00395894276499967,0.236544786444233,0.240656135770895,0.2,0.7,0.3,1.4,0.08,,,NaN,NaN,NaN,NaN,NaN,NaN,NaN,NaN,NaN,NaN,NaN,NaN,NaN,NaN
SimpleBaseline,100,burst_onsets,14,0.409997507896879,0.39469175930812,0.14319950408528,0.497535021234663,0.43048257466801,0.0449999215766072,0.0499996159388237,-0.000833301086288784,0.232806099634368,0.23578786729337,0.2,0.7,0.3,1.4,0.1,,,NaN,NaN,NaN,NaN,NaN,NaN,NaN,NaN,NaN,NaN,NaN,NaN,NaN,NaN
SimpleBaseline,100,burst_onsets,14,0.40754445448873,0.381125029574069,0.148052471033043,0.528898490716196,0.401252895502081,0.0449998932803296,0.0499998714653304,0.00795082632539217,0.216328066772603,0.188815906996518,0.2,0.7,0.3,1.4,0.15,,,NaN,NaN,NaN,NaN,NaN,NaN,NaN,NaN,NaN,NaN,NaN,NaN,NaN,NaN
SimpleBaseline,100,burst_onsets,14,0.281506373592884,0.275807506530332,0.167247667657515,0.188089897275901,0.889827910912187,0.0549999236745473,0.0599998457583965,-0.0345270140513863,0.391133642629644,0.398310062467949,0.2,0.8,0.2,0.4,0.03,,,NaN,NaN,NaN,NaN,NaN,NaN,NaN,NaN,NaN,NaN,NaN,NaN,NaN,NaN
SimpleBaseline,100,burst_onsets,14,0.313593648205651,0.316865008880995,0.164484296115033,0.210986342192834,0.883729564769906,0.0485713548452867,0.0499998714653304,-0.0273570533215017,0.435999871978088,0.446092826957998,0.2,0.8,0.2,0.4,0.05,,,NaN,NaN,NaN,NaN,NaN,NaN,NaN,NaN,NaN,NaN,NaN,NaN,NaN,NaN
SimpleBaseline,100,burst_onsets,14,0.344349620695382,0.339890052438966,0.163455712371569,0.23529973061219,0.871040339225106,0.0428570517118192,0.0399999256513067,-0.017323818226398,0.472180621263837,0.467844977531809,0.2,0.8,0.2,0.4,0.08,,,NaN,NaN,NaN,NaN,NaN,NaN,NaN,NaN,NaN,NaN,NaN,NaN,NaN,NaN
SimpleBaseline,100,burst_onsets,14,0.353892076796459,0.342020635635077,0.163301106546438,0.244053633573369,0.856174178152277,0.0442856332566681,0.0399999515002072,-0.0134686475297333,0.460050673842429,0.461004014198514,0.2,0.8,0.2,0.4,0.1,,,NaN,NaN,NaN,NaN,NaN,NaN,NaN,NaN,NaN,NaN,NaN,NaN,NaN,NaN
SimpleBaseline,100,burst_onsets,14,0.365748926406599,0.365965684712607,0.155785598955399,0.262832801584437,0.769754111009238,0.0442856084934193,0.0449999369690963,-0.000615319547548704,0.409732743060851,0.426294736860405,0.2,0.8,0.2,0.4,0.15,,,NaN,NaN,NaN,NaN,NaN,NaN,NaN,NaN,NaN,NaN,NaN,NaN,NaN,NaN
SimpleBaseline,100,burst_onsets,14,0.302311465338118,0.305608916446355,0.171953536685022,0.208089848954193,0.868521509113702,0.0542856372237489,0.0599995391265884,-0.032028214719719,0.389850990140805,0.402642303826269,0.2,0.8,0.2,0.5,0.03,,,NaN,NaN,NaN,NaN,NaN,NaN,NaN,NaN,NaN,NaN,NaN,NaN,NaN,NaN
SimpleBaseline,100,burst_onsets,14,0.335146351652399,0.351296605774218,0.169116026108712,0.232668415091257,0.86097145719601,0.0478570662763071,0.0499998714653304,-0.0255864469694708,0.429044296219614,0.446637994081619,0.2,0.8,0.2,0.5,0.05,,,NaN,NaN,NaN,NaN,NaN,NaN,NaN,NaN,NaN,NaN,NaN,NaN,NaN,NaN
SimpleBaseline,100,burst_onsets,14,0.365466212448784,0.380991476607856,0.16672461623974,0.257878625952892,0.848512870779771,0.0424999035496802,0.0399999976875287,-0.0160486974233947,0.460694813354532,0.465189553651508,0.2,0.8,0.2,0.5,0.08,,,NaN,NaN,NaN,NaN,NaN,NaN,NaN,NaN,NaN,NaN,NaN,NaN,NaN,NaN
SimpleBaseline,100,burst_onsets,14,0.37497057465101,0.392878226693407,0.16678625390584,0.266994078709156,0.834344128380953,0.0435713493785919,0.0399999230211648,-0.0122729324556375,0.448910105692374,0.4505670700576,0.2,0.8,0.2,0.5,0.1,,,NaN,NaN,NaN,NaN,NaN,NaN,NaN,NaN,NaN,NaN,NaN,NaN,NaN,NaN
SimpleBaseline,100,burst_onsets,14,0.383795567061316,0.415552311893775,0.160912921352425,0.28508365781127,0.749340075964413,0.0439284665543812,0.0425001989223365,-0.000130571594554736,0.399138136358907,0.412237837838971,0.2,0.8,0.2,0.5,0.15,,,NaN,NaN,NaN,NaN,NaN,NaN,NaN,NaN,NaN,NaN,NaN,NaN,NaN,NaN
SimpleBaseline,100,burst_onsets,14,0.323333004885392,0.33231908145349,0.177209003999351,0.230515492034755,0.840189178495716,0.0542856372237489,0.0599995391265884,-0.0292245348738435,0.382195666278791,0.396739493849749,0.2,0.8,0.2,0.6,0.03,,,NaN,NaN,NaN,NaN,NaN,NaN,NaN,NaN,NaN,NaN,NaN,NaN,NaN,NaN
SimpleBaseline,100,burst_onsets,14,0.357514061719081,0.393956851836765,0.174315439651423,0.257497097075161,0.832343813101205,0.0478570662763071,0.0499998714653304,-0.0231347313911175,0.41584501292956,0.433782180399463,0.2,0.8,0.2,0.6,0.05,,,NaN,NaN,NaN,NaN,NaN,NaN,NaN,NaN,NaN,NaN,NaN,NaN,NaN,NaN
SimpleBaseline,100,burst_onsets,14,0.387256881734537,0.434533405091885,0.171021750880906,0.283699096881458,0.820146808383385,0.0428570418383396,0.0399999976875287,-0.0143542290770768,0.444741390578284,0.458765809819499,0.2,0.8,0.2,0.6,0.08,,,NaN,NaN,NaN,NaN,NaN,NaN,NaN,NaN,NaN,NaN,NaN,NaN,NaN,NaN
SimpleBaseline,100,burst_onsets,14,0.395679095965899,0.441360978203084,0.171208569642426,0.292894075662481,0.804620860672742,0.0439284909544439,0.0399999256513067,-0.011047211156385,0.433232157226505,0.431666951762222,0.2,0.8,0.2,0.6,0.1,,,NaN,NaN,NaN,NaN,NaN,NaN,NaN,NaN,NaN,NaN,NaN,NaN,NaN,NaN
SimpleBaseline,100,burst_onsets,14,0.403034349773939,0.440335816662255,0.168595286420495,0.31215529248701,0.723857636753968,0.0442856084934193,0.0449999369690963,0.000459724740636584,0.385482360955391,0.397592946162169,0.2,0.8,0.2,0.6,0.15,,,NaN,NaN,NaN,NaN,NaN,NaN,NaN,NaN,NaN,NaN,NaN,NaN,NaN,NaN
SimpleBaseline,100,burst_onsets,14,0.341396724922473,0.350485743475434,0.1804651417144,0.253100568265019,0.808827417311912,0.0514285033041895,0.0499999615106079,-0.0268589509293046,0.377176608920315,0.3886231186181,0.2,0.8,0.2,0.7,0.03,,,NaN,NaN,NaN,NaN,NaN,NaN,NaN,NaN,NaN,NaN,NaN,NaN,NaN,NaN
SimpleBaseline,100,burst_onsets,14,0.375568221641201,0.423308798517779,0.176840987399019,0.281697798706819,0.80008177086004,0.0478570662763071,0.0499998714653304,-0.0210928577168782,0.405928995297546,0.415617740510642,0.2,0.8,0.2,0.7,0.05,,,NaN,NaN,NaN,NaN,NaN,NaN,NaN,NaN,NaN,NaN,NaN,NaN,NaN,NaN
SimpleBaseline,100,burst_onsets,14,0.404371989581971,0.464599710080023,0.173945009141582,0.309108797867554,0.784972666762927,0.0428570418383396,0.0399999976875287,-0.0127399425536367,0.426133693903827,0.434280776068345,0.2,0.8,0.2,0.7,0.08,,,NaN,NaN,NaN,NaN,NaN,NaN,NaN,NaN,NaN,NaN,NaN,NaN,NaN,NaN
SimpleBaseline,100,burst_onsets,14,0.411859706350474,0.465141415961088,0.174529959571398,0.318351167112584,0.769308135352226,0.0435713477290447,0.0399999256513067,-0.00954951279244967,0.414826569699715,0.424394604268657,0.2,0.8,0.2,0.7,0.1,,,NaN,NaN,NaN,NaN,NaN,NaN,NaN,NaN,NaN,NaN,NaN,NaN,NaN,NaN
SimpleBaseline,100,burst_onsets,14,0.416002412085078,0.461938142212193,0.172940362326916,0.337273574372582,0.693610588076041,0.0442856084934193,0.0449999369690963,0.00108261461118275,0.370345009585509,0.375019016391989,0.2,0.8,0.2,0.7,0.15,,,NaN,NaN,NaN,NaN,NaN,NaN,NaN,NaN,NaN,NaN,NaN,NaN,NaN,NaN
SimpleBaseline,100,burst_onsets,14,0.3581948737681,0.361675193938845,0.1849370036426,0.278349196680992,0.769183861690956,0.0521427871822656,0.0549999486571409,-0.0247545753272239,0.36030873505063,0.375051210344931,0.2,0.8,0.2,0.8,0.03,,,NaN,NaN,NaN,NaN,NaN,NaN,NaN,NaN,NaN,NaN,NaN,NaN,NaN,NaN
SimpleBaseline,100,burst_onsets,14,0.392334108819465,0.448447961046865,0.179980468292007,0.308825118643663,0.760602268397285,0.0478570662763071,0.0499998714653304,-0.0194632978945958,0.385459311887393,0.401136272276464,0.2,0.8,0.2,0.8,0.05,,,NaN,NaN,NaN,NaN,NaN,NaN,NaN,NaN,NaN,NaN,NaN,NaN,NaN,NaN
SimpleBaseline,100,burst_onsets,14,0.419870567136229,0.483300005006612,0.17594911458986,0.337487692251468,0.74399077883189,0.0428570418383396,0.0399999976875287,-0.0116703642937553,0.401448294419173,0.418117729022897,0.2,0.8,0.2,0.8,0.08,,,NaN,NaN,NaN,NaN,NaN,NaN,NaN,NaN,NaN,NaN,NaN,NaN,NaN,NaN
SimpleBaseline,100,burst_onsets,14,0.427348582737713,0.486499280642317,0.177243569182461,0.347736387491584,0.730104003520622,0.0442856316071209,0.0399999976875287,-0.00862868233961296,0.391800404363273,0.40672263880567,0.2,0.8,0.2,0.8,0.1,,,NaN,NaN,NaN,NaN,NaN,NaN,NaN,NaN,NaN,NaN,NaN,NaN,NaN,NaN
SimpleBaseline,100,burst_onsets,14,0.430245157184518,0.474135255869002,0.176914094096797,0.368432501607415,0.661415596363308,0.0449998970623989,0.0499996159388237,0.00185291033567233,0.351993097721957,0.360007232462545,0.2,0.8,0.2,0.8,0.15,,,NaN,NaN,NaN,NaN,NaN,NaN,NaN,NaN,NaN,NaN,NaN,NaN,NaN,NaN
SimpleBaseline,100,burst_onsets,14,0.370135957263416,0.370042182866597,0.186230602793243,0.302835811517466,0.728688308760958,0.0514285033041895,0.0499999615106079,-0.0226102198673112,0.344425965434534,0.376702311172912,0.2,0.8,0.2,0.9,0.03,,,NaN,NaN,NaN,NaN,NaN,NaN,NaN,NaN,NaN,NaN,NaN,NaN,NaN,NaN
SimpleBaseline,100,burst_onsets,14,0.403638028453617,0.450284495021337,0.179748441577719,0.334687392319059,0.720287726961185,0.0485713510775582,0.0499998714653304,-0.0174361122120659,0.366753107040565,0.385010737206792,0.2,0.8,0.2,0.9,0.05,,,NaN,NaN,NaN,NaN,NaN,NaN,NaN,NaN,NaN,NaN,NaN,NaN,NaN,NaN
SimpleBaseline,100,burst_onsets,14,0.430616802666026,0.467062349415291,0.176782694730359,0.365373008406285,0.700288714035552,0.0424998975538498,0.0399999976875287,-0.0102359140842207,0.376628572361216,0.405675566770624,0.2,0.8,0.2,0.9,0.08,,,NaN,NaN,NaN,NaN,NaN,NaN,NaN,NaN,NaN,NaN,NaN,NaN,NaN,NaN
SimpleBaseline,100,burst_onsets,14,0.437441897132607,0.472779647697632,0.177666763705264,0.375958064787432,0.68913052839674,0.0442856316071209,0.0399999976875287,-0.00702148076147133,0.368355973929845,0.393414615940151,0.2,0.8,0.2,0.9,0.1,,,NaN,NaN,NaN,NaN,NaN,NaN,NaN,NaN,NaN,NaN,NaN,NaN,NaN,NaN
SimpleBaseline,100,burst_onsets,14,0.437494889024526,0.454165762191185,0.17866923124527,0.396966466536763,0.626578513202918,0.0449998970623989,0.0499996159388237,0.00276508656449327,0.332878170531435,0.336997374053987,0.2,0.8,0.2,0.9,0.15,,,NaN,NaN,NaN,NaN,NaN,NaN,NaN,NaN,NaN,NaN,NaN,NaN,NaN,NaN
SimpleBaseline,100,burst_onsets,14,0.379664294261517,0.359152530826351,0.185402717572974,0.324788342769355,0.692516550287888,0.0507142147352098,0.0499999615106079,-0.0204632144650954,0.32879646225125,0.367274605364624,0.2,0.8,0.2,1,0.03,,,NaN,NaN,NaN,NaN,NaN,NaN,NaN,NaN,NaN,NaN,NaN,NaN,NaN,NaN
SimpleBaseline,100,burst_onsets,14,0.412274399628332,0.43892899961908,0.177171831150761,0.357908084081547,0.684095444853313,0.0485713510775582,0.0499998714653304,-0.0156550702363185,0.347615611784207,0.374039575660808,0.2,0.8,0.2,1,0.05,,,NaN,NaN,NaN,NaN,NaN,NaN,NaN,NaN,NaN,NaN,NaN,NaN,NaN,NaN
SimpleBaseline,100,burst_onsets,14,0.438399425840991,0.462440513861606,0.173609496944206,0.389731471518946,0.665917986543858,0.0428570481537506,0.0399999976875287,-0.00861576078092353,0.356696443626688,0.37673789202161,0.2,0.8,0.2,1,0.08,,,NaN,NaN,NaN,NaN,NaN,NaN,NaN,NaN,NaN,NaN,NaN,NaN,NaN,NaN
SimpleBaseline,100,burst_onsets,14,0.444489179778578,0.462662240179805,0.174304760112752,0.400990294354366,0.654233299549383,0.0449999180579192,0.044999657271333,-0.00589822385347354,0.348004666853829,0.370780737157736,0.2,0.8,0.2,1,0.1,,,NaN,NaN,NaN,NaN,NaN,NaN,NaN,NaN,NaN,NaN,NaN,NaN,NaN,NaN
SimpleBaseline,100,burst_onsets,14,0.444970121383639,0.444295006602436,0.177731054694233,0.42318089206982,0.600273833672152,0.0449998970623989,0.0499996159388237,0.00324581317416285,0.31913306537213,0.320692792682433,0.2,0.8,0.2,1,0.15,,,NaN,NaN,NaN,NaN,NaN,NaN,NaN,NaN,NaN,NaN,NaN,NaN,NaN,NaN
SimpleBaseline,100,burst_onsets,14,0.384243526222806,0.355711156832813,0.179668692152237,0.343738190939054,0.650121105861388,0.0499999198508192,0.0499999615106079,-0.0184172266587035,0.313804995708889,0.344246967875924,0.2,0.8,0.2,1.1,0.03,,,NaN,NaN,NaN,NaN,NaN,NaN,NaN,NaN,NaN,NaN,NaN,NaN,NaN,NaN
SimpleBaseline,100,burst_onsets,14,0.415827390163744,0.425435225008312,0.170114032347425,0.377958573579713,0.642932184225693,0.0478570561931676,0.0499998714653304,-0.0136669645851384,0.32965947614164,0.36066991314437,0.2,0.8,0.2,1.1,0.05,,,NaN,NaN,NaN,NaN,NaN,NaN,NaN,NaN,NaN,NaN,NaN,NaN,NaN,NaN
SimpleBaseline,100,burst_onsets,14,0.440327379350914,0.442642396532016,0.1663087435286,0.410488510249766,0.625756190716158,0.0421427532693599,0.0399999976875287,-0.0072634140342421,0.337346338018961,0.36038409286984,0.2,0.8,0.2,1.1,0.08,,,NaN,NaN,NaN,NaN,NaN,NaN,NaN,NaN,NaN,NaN,NaN,NaN,NaN,NaN
SimpleBaseline,100,burst_onsets,14,0.445457758325419,0.443448047568203,0.167025439374345,0.421667493097085,0.614020377744217,0.0446427748325201,0.0425000002653229,-0.00483605744245771,0.328448347984585,0.349394496673201,0.2,0.8,0.2,1.1,0.1,,,NaN,NaN,NaN,NaN,NaN,NaN,NaN,NaN,NaN,NaN,NaN,NaN,NaN,NaN
SimpleBaseline,100,burst_onsets,14,0.443360515488072,0.423199481134736,0.171934758687133,0.44421615321576,0.562763723334192,0.0449998970623989,0.0499996159388237,0.0041035742285331,0.29963817930993,0.3002039898278,0.2,0.8,0.2,1.1,0.15,,,NaN,NaN,NaN,NaN,NaN,NaN,NaN,NaN,NaN,NaN,NaN,NaN,NaN,NaN
SimpleBaseline,100,burst_onsets,14,0.387652863717028,0.363877995642702,0.175748080524849,0.364536455254207,0.608287533740929,0.0499999201672991,0.0500001256922309,-0.0171847849810329,0.295581115467463,0.329578572349519,0.2,0.8,0.2,1.2,0.03,,,NaN,NaN,NaN,NaN,NaN,NaN,NaN,NaN,NaN,NaN,NaN,NaN,NaN,NaN
SimpleBaseline,100,burst_onsets,14,0.417199379412796,0.41408945686901,0.164652692806651,0.399320877251972,0.600334611130835,0.0471427726315713,0.0499998714653304,-0.012431283047514,0.310015205272806,0.342167970505756,0.2,0.8,0.2,1.2,0.05,,,NaN,NaN,NaN,NaN,NaN,NaN,NaN,NaN,NaN,NaN,NaN,NaN,NaN,NaN
SimpleBaseline,100,burst_onsets,14,0.440896317663909,0.435398716773602,0.161310410472253,0.433160681923296,0.583475416270817,0.0421427634593194,0.0400000569966051,-0.00621593630752137,0.314801616625762,0.340118792290833,0.2,0.8,0.2,1.2,0.08,,,NaN,NaN,NaN,NaN,NaN,NaN,NaN,NaN,NaN,NaN,NaN,NaN,NaN,NaN
SimpleBaseline,100,burst_onsets,14,0.445345370081724,0.432927756653992,0.162133290092053,0.44532273940435,0.572072964181573,0.0449999183743991,0.0499996159388237,-0.00402658993197129,0.305551185324321,0.329402715338873,0.2,0.8,0.2,1.2,0.1,,,NaN,NaN,NaN,NaN,NaN,NaN,NaN,NaN,NaN,NaN,NaN,NaN,NaN,NaN
SimpleBaseline,100,burst_onsets,14,0.442906528034735,0.424444951338199,0.166164517256883,0.469377626198095,0.528924687920547,0.0442856135008026,0.0499996159388237,0.00433776844680482,0.282408256513182,0.283730786738491,0.2,0.8,0.2,1.2,0.15,,,NaN,NaN,NaN,NaN,NaN,NaN,NaN,NaN,NaN,NaN,NaN,NaN,NaN,NaN
SimpleBaseline,100,burst_onsets,14,0.386623274251087,0.363439716312057,0.171583765711009,0.385043641398348,0.566351278412547,0.0492856362892229,0.0499999615106079,-0.0158038997918247,0.277524578372078,0.316737051591837,0.2,0.8,0.2,1.3,0.03,,,NaN,NaN,NaN,NaN,NaN,NaN,NaN,NaN,NaN,NaN,NaN,NaN,NaN,NaN
SimpleBaseline,100,burst_onsets,14,0.414681640583169,0.414978499370514,0.160117819743107,0.420700480471187,0.558600990154049,0.0464284880708351,0.0499998714653304,-0.0111413617608922,0.289965984421778,0.319709260768343,0.2,0.8,0.2,1.3,0.05,,,NaN,NaN,NaN,NaN,NaN,NaN,NaN,NaN,NaN,NaN,NaN,NaN,NaN,NaN
SimpleBaseline,100,burst_onsets,14,0.43599331699252,0.438181335820176,0.1569402912002,0.454047867693196,0.542353197021442,0.0421427634593194,0.0400000569966051,-0.00519222358222343,0.29347824437448,0.315337677195794,0.2,0.8,0.2,1.3,0.08,,,NaN,NaN,NaN,NaN,NaN,NaN,NaN,NaN,NaN,NaN,NaN,NaN,NaN,NaN
SimpleBaseline,100,burst_onsets,14,0.439108438382002,0.43456452728318,0.157872573144567,0.465432894171943,0.531322955805029,0.0449999183743991,0.0499996159388237,-0.00282507805342062,0.285124761167192,0.30544127181153,0.2,0.8,0.2,1.3,0.1,,,NaN,NaN,NaN,NaN,NaN,NaN,NaN,NaN,NaN,NaN,NaN,NaN,NaN,NaN
SimpleBaseline,100,burst_onsets,14,0.437104288306027,0.427428904556303,0.162136828851913,0.491382847683541,0.493419171496258,0.0442856135008026,0.0499996159388237,0.00531993947562629,0.264187969972533,0.257379337543004,0.2,0.8,0.2,1.3,0.15,,,NaN,NaN,NaN,NaN,NaN,NaN,NaN,NaN,NaN,NaN,NaN,NaN,NaN,NaN
SimpleBaseline,100,burst_onsets,14,0.380979539304339,0.354825516643104,0.162933414125662,0.400095065399904,0.524516728549214,0.0507142049685502,0.0500001256922309,-0.014513370949166,0.257928897259589,0.289564494294499,0.2,0.8,0.2,1.4,0.03,,,NaN,NaN,NaN,NaN,NaN,NaN,NaN,NaN,NaN,NaN,NaN,NaN,NaN,NaN
SimpleBaseline,100,burst_onsets,14,0.407585242456605,0.405444603982654,0.152092554823353,0.436488785291449,0.517224264887292,0.0467856300098732,0.0499998953584337,-0.00998837241126062,0.268746885105204,0.292609464001318,0.2,0.8,0.2,1.4,0.05,,,NaN,NaN,NaN,NaN,NaN,NaN,NaN,NaN,NaN,NaN,NaN,NaN,NaN,NaN
SimpleBaseline,100,burst_onsets,14,0.42688914193,0.429156511751688,0.149879446031434,0.470845300380121,0.500836545808566,0.0428570483545042,0.0400003366943684,-0.00437310184851064,0.270284681038263,0.291814619328684,0.2,0.8,0.2,1.4,0.08,,,NaN,NaN,NaN,NaN,NaN,NaN,NaN,NaN,NaN,NaN,NaN,NaN,NaN,NaN
SimpleBaseline,100,burst_onsets,14,0.429682177123444,0.42980018232439,0.14999534302172,0.48199789528685,0.491755243270616,0.0449999183743991,0.0499996159388237,-0.00239569102677238,0.26383594066087,0.279909042392093,0.2,0.8,0.2,1.4,0.1,,,NaN,NaN,NaN,NaN,NaN,NaN,NaN,NaN,NaN,NaN,NaN,NaN,NaN,NaN
SimpleBaseline,100,burst_onsets,14,0.428163284723824,0.422028957445893,0.155654396010348,0.510716151057456,0.457152775645152,0.0453570356675382,0.0499998953584337,0.00556930341082326,0.245224173560458,0.232125311097941,0.2,0.8,0.2,1.4,0.15,,,NaN,NaN,NaN,NaN,NaN,NaN,NaN,NaN,NaN,NaN,NaN,NaN,NaN,NaN
SimpleBaseline,100,burst_onsets,14,0.265171610235212,0.252011708484253,0.16281386028799,0.173925645826815,0.897198938933079,0.0571427688711512,0.0599998744301204,-0.0363166881111575,0.389999943686913,0.389359421101704,0.2,0.9,0.1,0.4,0.03,,,NaN,NaN,NaN,NaN,NaN,NaN,NaN,NaN,NaN,NaN,NaN,NaN,NaN,NaN
SimpleBaseline,100,burst_onsets,14,0.295798581887892,0.286069813945401,0.160327093976178,0.195190138595837,0.891662242098695,0.0492856313625633,0.0499998714653304,-0.0287983900228408,0.438200961999461,0.447124176599932,0.2,0.9,0.1,0.4,0.05,,,NaN,NaN,NaN,NaN,NaN,NaN,NaN,NaN,NaN,NaN,NaN,NaN,NaN,NaN
SimpleBaseline,100,burst_onsets,14,0.326775230531943,0.308867976852167,0.159959973574473,0.218887028253642,0.880864642977604,0.0432141862900577,0.0400002338281124,-0.0182348518865663,0.477627301084186,0.467533290862633,0.2,0.9,0.1,0.4,0.08,,,NaN,NaN,NaN,NaN,NaN,NaN,NaN,NaN,NaN,NaN,NaN,NaN,NaN,NaN
SimpleBaseline,100,burst_onsets,14,0.335969111139646,0.318019442631852,0.15947628623102,0.226884309322617,0.865619580974133,0.0449999106971197,0.0449996551698549,-0.0142806639193848,0.465031930224287,0.462675280804257,0.2,0.9,0.1,0.4,0.1,,,NaN,NaN,NaN,NaN,NaN,NaN,NaN,NaN,NaN,NaN,NaN,NaN,NaN,NaN
SimpleBaseline,100,burst_onsets,14,0.350172464887702,0.329430291139517,0.153189602683094,0.24676397529024,0.77539675545178,0.0442856011326197,0.0449999348676182,-0.00158276670890397,0.412027693781514,0.413775378005316,0.2,0.9,0.1,0.4,0.15,,,NaN,NaN,NaN,NaN,NaN,NaN,NaN,NaN,NaN,NaN,NaN,NaN,NaN,NaN
SimpleBaseline,100,burst_onsets,14,0.284738474914868,0.283162977705699,0.167286764699132,0.191596539042253,0.882290449608412,0.0557142001918239,0.0599998457583965,-0.0340833053458729,0.391777989356126,0.400781123233259,0.2,0.9,0.1,0.5,0.03,,,NaN,NaN,NaN,NaN,NaN,NaN,NaN,NaN,NaN,NaN,NaN,NaN,NaN,NaN
SimpleBaseline,100,burst_onsets,14,0.316472158336046,0.325272848553087,0.164305481351185,0.214371884836767,0.876506181943346,0.0485713427935837,0.0499998714653304,-0.026987558881772,0.435779151906284,0.444550485338632,0.2,0.9,0.1,0.5,0.05,,,NaN,NaN,NaN,NaN,NaN,NaN,NaN,NaN,NaN,NaN,NaN,NaN,NaN,NaN
SimpleBaseline,100,burst_onsets,14,0.346882341647257,0.342476820383636,0.163534933996216,0.238675083583797,0.863520424695286,0.0435713282290957,0.0400002338281124,-0.0168176033154717,0.469410625420853,0.463902382068961,0.2,0.9,0.1,0.5,0.08,,,NaN,NaN,NaN,NaN,NaN,NaN,NaN,NaN,NaN,NaN,NaN,NaN,NaN,NaN
SimpleBaseline,100,burst_onsets,14,0.355355599886334,0.346544563272833,0.162613768005709,0.246646479943619,0.847100182071452,0.0442856258958685,0.0399999515002072,-0.0130579763017609,0.456364370993729,0.457776192687296,0.2,0.9,0.1,0.5,0.1,,,NaN,NaN,NaN,NaN,NaN,NaN,NaN,NaN,NaN,NaN,NaN,NaN,NaN,NaN
SimpleBaseline,100,burst_onsets,14,0.365994630075084,0.367646306430345,0.155765010020005,0.264675456083632,0.75879445886432,0.0449998850106958,0.0499993583108388,-0.00122664124613054,0.403528492670806,0.412346678659208,0.2,0.9,0.1,0.5,0.15,,,NaN,NaN,NaN,NaN,NaN,NaN,NaN,NaN,NaN,NaN,NaN,NaN,NaN,NaN
SimpleBaseline,100,burst_onsets,14,0.305116642801675,0.315766806804017,0.171021586496314,0.210804920079175,0.863624929675507,0.0557142001918239,0.0599998457583965,-0.0314442565849509,0.389114987581302,0.403084584668004,0.2,0.9,0.1,0.6,0.03,,,NaN,NaN,NaN,NaN,NaN,NaN,NaN,NaN,NaN,NaN,NaN,NaN,NaN,NaN
SimpleBaseline,100,burst_onsets,14,0.337526512937445,0.366411399158873,0.168390858286538,0.235197646598079,0.855930080306329,0.0485713427935837,0.0499998714653304,-0.0248164806960726,0.428801764936443,0.444824336988622,0.2,0.9,0.1,0.6,0.05,,,NaN,NaN,NaN,NaN,NaN,NaN,NaN,NaN,NaN,NaN,NaN,NaN,NaN,NaN
SimpleBaseline,100,burst_onsets,14,0.366876904846091,0.385094420640784,0.166193595529473,0.259710322277574,0.842315550095395,0.0428570396601161,0.0400000569966051,-0.0157323190832765,0.456930833344913,0.458711129745978,0.2,0.9,0.1,0.6,0.08,,,NaN,NaN,NaN,NaN,NaN,NaN,NaN,NaN,NaN,NaN,NaN,NaN,NaN,NaN
SimpleBaseline,100,burst_onsets,14,0.375197557183752,0.397660742001597,0.165959309533029,0.268175266109035,0.825435828158435,0.0449999106971197,0.0449996551698549,-0.0121865947508814,0.442780721485969,0.445721435403989,0.2,0.9,0.1,0.6,0.1,,,NaN,NaN,NaN,NaN,NaN,NaN,NaN,NaN,NaN,NaN,NaN,NaN,NaN,NaN
SimpleBaseline,100,burst_onsets,14,0.384405818231739,0.415409832603956,0.161054497067203,0.286721798026716,0.740900126889133,0.0449998850106958,0.0499993583108388,-0.000800882663999214,0.393112946922953,0.406060898587332,0.2,0.9,0.1,0.6,0.15,,,NaN,NaN,NaN,NaN,NaN,NaN,NaN,NaN,NaN,NaN,NaN,NaN,NaN,NaN
SimpleBaseline,100,burst_onsets,14,0.324632767873482,0.34583516104044,0.176121225830771,0.232063770088987,0.83637307532865,0.0542856314185629,0.0599995391265884,-0.0289642860322969,0.383634344753311,0.396429247491129,0.2,0.9,0.1,0.7,0.03,,,NaN,NaN,NaN,NaN,NaN,NaN,NaN,NaN,NaN,NaN,NaN,NaN,NaN,NaN
SimpleBaseline,100,burst_onsets,14,0.357851919257395,0.398234300012479,0.173945360464518,0.25844260387296,0.827755852516867,0.0485713427935837,0.0499998714653304,-0.022860862063308,0.41632604786959,0.423740314787281,0.2,0.9,0.1,0.7,0.05,,,NaN,NaN,NaN,NaN,NaN,NaN,NaN,NaN,NaN,NaN,NaN,NaN,NaN,NaN
SimpleBaseline,100,burst_onsets,14,0.387044524706261,0.43154306776948,0.171779018628723,0.284424399793593,0.814495042435874,0.0428570396601161,0.0400000569966051,-0.0142335602222804,0.442315340978081,0.453050255745376,0.2,0.9,0.1,0.7,0.08,,,NaN,NaN,NaN,NaN,NaN,NaN,NaN,NaN,NaN,NaN,NaN,NaN,NaN,NaN
SimpleBaseline,100,burst_onsets,14,0.394754113933132,0.445069513406157,0.171759601208824,0.292943404118836,0.798662473880251,0.04428562212814,0.0400000569966051,-0.0112237541245655,0.429762342289141,0.427463715998835,0.2,0.9,0.1,0.7,0.1,,,NaN,NaN,NaN,NaN,NaN,NaN,NaN,NaN,NaN,NaN,NaN,NaN,NaN,NaN
SimpleBaseline,100,burst_onsets,14,0.401383515668045,0.444276236583929,0.169470390134712,0.311719705009222,0.71639974827491,0.0449998850106958,0.0499993583108388,-0.000387664743737878,0.380422884977422,0.392543355990654,0.2,0.9,0.1,0.7,0.15,,,NaN,NaN,NaN,NaN,NaN,NaN,NaN,NaN,NaN,NaN,NaN,NaN,NaN,NaN
SimpleBaseline,100,burst_onsets,14,0.34096090987598,0.3607752357774,0.178483518205307,0.252780301566146,0.804075222460842,0.0521427798214661,0.0499999615106079,-0.0268622562878643,0.37461211369363,0.388340505231783,0.2,0.9,0.1,0.8,0.03,,,NaN,NaN,NaN,NaN,NaN,NaN,NaN,NaN,NaN,NaN,NaN,NaN,NaN,NaN
SimpleBaseline,100,burst_onsets,14,0.374987255359159,0.427199687126207,0.176399218396541,0.281378020349384,0.795762144570685,0.0485713427935837,0.0499998714653304,-0.021138208521942,0.403890396475216,0.412419509027862,0.2,0.9,0.1,0.8,0.05,,,NaN,NaN,NaN,NaN,NaN,NaN,NaN,NaN,NaN,NaN,NaN,NaN,NaN,NaN
SimpleBaseline,100,burst_onsets,14,0.40225430489785,0.460130373502466,0.174591805315238,0.307698079450841,0.776810552593365,0.0428570297866365,0.0400001005537847,-0.0130449510165006,0.419604970022846,0.428425489926443,0.2,0.9,0.1,0.8,0.08,,,NaN,NaN,NaN,NaN,NaN,NaN,NaN,NaN,NaN,NaN,NaN,NaN,NaN,NaN
SimpleBaseline,100,burst_onsets,14,0.409257455079334,0.46149290499427,0.175534304552936,0.316553273867466,0.76116003852783,0.04428562212814,0.0400000569966051,-0.0100192628020807,0.408003985524194,0.407821157476552,0.2,0.9,0.1,0.8,0.1,,,NaN,NaN,NaN,NaN,NaN,NaN,NaN,NaN,NaN,NaN,NaN,NaN,NaN,NaN
SimpleBaseline,100,burst_onsets,14,0.413986580521566,0.458399235011806,0.173984913545671,0.335773891658595,0.688348067015176,0.0449998850106958,0.0499993583108388,0.00021553065659339,0.366098202896328,0.371438607409323,0.2,0.9,0.1,0.8,0.15,,,NaN,NaN,NaN,NaN,NaN,NaN,NaN,NaN,NaN,NaN,NaN,NaN,NaN,NaN
SimpleBaseline,100,burst_onsets,14,0.356278603849385,0.369567456988535,0.182038465553096,0.276562140513629,0.76762056067932,0.0521427798214661,0.0499999615106079,-0.0248416369117305,0.362935281375503,0.373657757731139,0.2,0.9,0.1,0.9,0.03,,,NaN,NaN,NaN,NaN,NaN,NaN,NaN,NaN,NaN,NaN,NaN,NaN,NaN,NaN
SimpleBaseline,100,burst_onsets,14,0.389656178954124,0.44332592226614,0.178679277097395,0.306489602498519,0.758989472015302,0.0485713427935837,0.0499998714653304,-0.0195194528137539,0.386819138265975,0.395663657171271,0.2,0.9,0.1,0.9,0.05,,,NaN,NaN,NaN,NaN,NaN,NaN,NaN,NaN,NaN,NaN,NaN,NaN,NaN,NaN
SimpleBaseline,100,burst_onsets,14,0.416311540505939,0.476128574119966,0.177205407348086,0.334562029103019,0.738090231020204,0.0442856132400068,0.0449996987270345,-0.0118351833904468,0.39718003039244,0.408116590340912,0.2,0.9,0.1,0.9,0.08,,,NaN,NaN,NaN,NaN,NaN,NaN,NaN,NaN,NaN,NaN,NaN,NaN,NaN,NaN
SimpleBaseline,100,burst_onsets,14,0.422802291097814,0.478511832362418,0.177747783787251,0.343868917357571,0.725017868511317,0.0449999106971197,0.0449996551698549,-0.00901847434209214,0.387576149288762,0.399377774701178,0.2,0.9,0.1,0.9,0.1,,,NaN,NaN,NaN,NaN,NaN,NaN,NaN,NaN,NaN,NaN,NaN,NaN,NaN,NaN
SimpleBaseline,100,burst_onsets,14,0.425770117716716,0.466426896845695,0.177483812879109,0.364378601168368,0.656739215700218,0.0457141735796755,0.0499996159388237,0.00109471468137993,0.349009087470428,0.354625676971311,0.2,0.9,0.1,0.9,0.15,,,NaN,NaN,NaN,NaN,NaN,NaN,NaN,NaN,NaN,NaN,NaN,NaN,NaN,NaN
SimpleBaseline,100,burst_onsets,14,0.368894532282468,0.376381093786341,0.183254846613663,0.298620111353419,0.731703004388019,0.0521427798214661,0.0499999615106079,-0.0227144712758305,0.346749596040786,0.373294550825971,0.2,0.9,0.1,1,0.03,,,NaN,NaN,NaN,NaN,NaN,NaN,NaN,NaN,NaN,NaN,NaN,NaN,NaN,NaN
SimpleBaseline,100,burst_onsets,14,0.40173099303181,0.461747944157583,0.178769169155774,0.330099088495874,0.722829979926797,0.0492856275948348,0.0499998714653304,-0.0174606183729609,0.367588533823922,0.383505556484289,0.2,0.9,0.1,1,0.05,,,NaN,NaN,NaN,NaN,NaN,NaN,NaN,NaN,NaN,NaN,NaN,NaN,NaN,NaN
SimpleBaseline,100,burst_onsets,14,0.426934024326788,0.475521790589323,0.17645255444131,0.359158923877354,0.701986161386628,0.0435713246710272,0.0400001005537847,-0.0102801878906948,0.375343950587347,0.393624883306346,0.2,0.9,0.1,1,0.08,,,NaN,NaN,NaN,NaN,NaN,NaN,NaN,NaN,NaN,NaN,NaN,NaN,NaN,NaN
SimpleBaseline,100,burst_onsets,14,0.433723462214324,0.475924939694872,0.177373168770859,0.369720831632227,0.690514852252822,0.0457141905669524,0.0449997580361109,-0.00737246210938248,0.367376037102505,0.38358121624233,0.2,0.9,0.1,1,0.1,,,NaN,NaN,NaN,NaN,NaN,NaN,NaN,NaN,NaN,NaN,NaN,NaN,NaN,NaN
SimpleBaseline,100,burst_onsets,14,0.434845620723307,0.459546627834233,0.178034980641464,0.390621921440812,0.628537237104708,0.0457141735796755,0.0499996159388237,0.00196860422398596,0.333336915015648,0.34198757050967,0.2,0.9,0.1,1,0.15,,,NaN,NaN,NaN,NaN,NaN,NaN,NaN,NaN,NaN,NaN,NaN,NaN,NaN,NaN
SimpleBaseline,100,burst_onsets,14,0.376544706782686,0.37274102519346,0.182270408635389,0.319304950931891,0.692879172309364,0.0514284912524864,0.0499999615106079,-0.020457489483227,0.328919898749502,0.360592139461634,0.2,0.9,0.1,1.1,0.03,,,NaN,NaN,NaN,NaN,NaN,NaN,NaN,NaN,NaN,NaN,NaN,NaN,NaN,NaN
SimpleBaseline,100,burst_onsets,14,0.407986862144839,0.449589270648643,0.1761184831569,0.351679929998187,0.683373914952087,0.0492856275948348,0.0499998714653304,-0.0153627145198486,0.346800355280593,0.37343276841142,0.2,0.9,0.1,1.1,0.05,,,NaN,NaN,NaN,NaN,NaN,NaN,NaN,NaN,NaN,NaN,NaN,NaN,NaN,NaN
SimpleBaseline,100,burst_onsets,14,0.432616417669513,0.460071322350102,0.174340994511614,0.381725283901565,0.665653613127608,0.0446427530608636,0.047499620264079,-0.00861724857098688,0.356326582024281,0.375266267649374,0.2,0.9,0.1,1.1,0.08,,,NaN,NaN,NaN,NaN,NaN,NaN,NaN,NaN,NaN,NaN,NaN,NaN,NaN,NaN
SimpleBaseline,100,burst_onsets,14,0.438343478080468,0.466025361624474,0.175537226225477,0.392764141877121,0.652837958321253,0.0460713325059905,0.047499620264079,-0.0060105124682642,0.346902982413361,0.359179023554052,0.2,0.9,0.1,1.1,0.1,,,NaN,NaN,NaN,NaN,NaN,NaN,NaN,NaN,NaN,NaN,NaN,NaN,NaN,NaN
SimpleBaseline,100,burst_onsets,14,0.438306321817612,0.447915101789257,0.178158448578994,0.414388222785433,0.597039803771023,0.0457141735796755,0.0499996159388237,0.0026073590931263,0.316822504588503,0.32880842766426,0.2,0.9,0.1,1.1,0.15,,,NaN,NaN,NaN,NaN,NaN,NaN,NaN,NaN,NaN,NaN,NaN,NaN,NaN,NaN
SimpleBaseline,100,burst_onsets,14,0.381171356876155,0.360919003776147,0.176289129462076,0.337042542872967,0.655544528968626,0.0514284912524864,0.0499999615106079,-0.0194335114364355,0.314523677173819,0.343871617163096,0.2,0.9,0.1,1.2,0.03,,,NaN,NaN,NaN,NaN,NaN,NaN,NaN,NaN,NaN,NaN,NaN,NaN,NaN,NaN
SimpleBaseline,100,burst_onsets,14,0.411861187752541,0.436036728124085,0.169123316073153,0.370326471095907,0.647869634379603,0.0492856275948348,0.0499998714653304,-0.0146898022468702,0.330839684873069,0.358102452133469,0.2,0.9,0.1,1.2,0.05,,,NaN,NaN,NaN,NaN,NaN,NaN,NaN,NaN,NaN,NaN,NaN,NaN,NaN,NaN
SimpleBaseline,100,burst_onsets,14,0.435296468057058,0.452111882606069,0.16778022312469,0.401190528724134,0.628821940030941,0.0457141898842923,0.0499993583108388,-0.00847533141197125,0.336575549291973,0.356305404867034,0.2,0.9,0.1,1.2,0.08,,,NaN,NaN,NaN,NaN,NaN,NaN,NaN,NaN,NaN,NaN,NaN,NaN,NaN,NaN
SimpleBaseline,100,burst_onsets,14,0.441200455729096,0.449128296196073,0.169376990913283,0.413176214787264,0.617850786005973,0.0471427630140082,0.0499996159388237,-0.00605635611406282,0.327659807785968,0.345432742545661,0.2,0.9,0.1,1.2,0.1,,,NaN,NaN,NaN,NaN,NaN,NaN,NaN,NaN,NaN,NaN,NaN,NaN,NaN,NaN
SimpleBaseline,100,burst_onsets,14,0.441036372965221,0.435565922824001,0.173339807463887,0.437137965862075,0.567968858317065,0.0453570311320831,0.0499993583108388,0.00302163381911306,0.302202461802367,0.307324027581137,0.2,0.9,0.1,1.2,0.15,,,NaN,NaN,NaN,NaN,NaN,NaN,NaN,NaN,NaN,NaN,NaN,NaN,NaN,NaN
SimpleBaseline,100,burst_onsets,14,0.385260854560319,0.356674038036267,0.171156402017816,0.3574137975645,0.61620225401763,0.0499999198508192,0.0499999615106079,-0.0180183752921129,0.299958966689973,0.328742526484426,0.2,0.9,0.1,1.3,0.03,,,NaN,NaN,NaN,NaN,NaN,NaN,NaN,NaN,NaN,NaN,NaN,NaN,NaN,NaN
SimpleBaseline,100,burst_onsets,14,0.414501260501775,0.414892650748777,0.161976840429985,0.391331058066204,0.609176612148721,0.047142767624188,0.0499996159388237,-0.0132523667956979,0.314705091841389,0.341016710087006,0.2,0.9,0.1,1.3,0.05,,,NaN,NaN,NaN,NaN,NaN,NaN,NaN,NaN,NaN,NaN,NaN,NaN,NaN,NaN
SimpleBaseline,100,burst_onsets,14,0.436357965310071,0.428641369580324,0.160433468343618,0.422730055495354,0.590792423886955,0.0428570470209156,0.0400000569966051,-0.00708984802172155,0.318905499988194,0.337575291766104,0.2,0.9,0.1,1.3,0.08,,,NaN,NaN,NaN,NaN,NaN,NaN,NaN,NaN,NaN,NaN,NaN,NaN,NaN,NaN
SimpleBaseline,100,burst_onsets,14,0.440956711691536,0.426157378696663,0.161622908726066,0.434241274529906,0.579819654794136,0.045714197927752,0.044999760137589,-0.00498311377394038,0.309927468654912,0.326641959975491,0.2,0.9,0.1,1.3,0.1,,,NaN,NaN,NaN,NaN,NaN,NaN,NaN,NaN,NaN,NaN,NaN,NaN,NaN,NaN
SimpleBaseline,100,burst_onsets,14,0.439155686827388,0.421931345353675,0.16547747541267,0.458753767727317,0.534543616559262,0.0442856121672141,0.0449999369690963,0.00339212973628113,0.285634642232898,0.290582841355146,0.2,0.9,0.1,1.3,0.15,,,NaN,NaN,NaN,NaN,NaN,NaN,NaN,NaN,NaN,NaN,NaN,NaN,NaN,NaN
SimpleBaseline,100,burst_onsets,14,0.383993574936487,0.366407579744747,0.16684135843289,0.374221347429305,0.574347267805392,0.0499999201672991,0.0500001256922309,-0.0168991162795956,0.281593199069958,0.312775300281559,0.2,0.9,0.1,1.4,0.03,,,NaN,NaN,NaN,NaN,NaN,NaN,NaN,NaN,NaN,NaN,NaN,NaN,NaN,NaN
SimpleBaseline,100,burst_onsets,14,0.412190406380654,0.411385205570845,0.1572235320018,0.409451300142657,0.567140230145052,0.0464284960542525,0.0499998714653304,-0.0118242859603764,0.29436933897939,0.318602619123956,0.2,0.9,0.1,1.4,0.05,,,NaN,NaN,NaN,NaN,NaN,NaN,NaN,NaN,NaN,NaN,NaN,NaN,NaN,NaN
SimpleBaseline,100,burst_onsets,14,0.432846099462395,0.430302515456133,0.156216596840506,0.441930845836792,0.550087504202326,0.0421427634593194,0.0400000569966051,-0.00599827451743002,0.297295945816739,0.314779945333798,0.2,0.9,0.1,1.4,0.08,,,NaN,NaN,NaN,NaN,NaN,NaN,NaN,NaN,NaN,NaN,NaN,NaN,NaN,NaN
SimpleBaseline,100,burst_onsets,14,0.436427065438276,0.427917031843412,0.156980853690407,0.453033262962379,0.54027818590936,0.0449999183743991,0.0499996159388237,-0.00427179850210972,0.289106038898838,0.30398513884227,0.2,0.9,0.1,1.4,0.1,,,NaN,NaN,NaN,NaN,NaN,NaN,NaN,NaN,NaN,NaN,NaN,NaN,NaN,NaN
SimpleBaseline,100,burst_onsets,14,0.434201063681113,0.423613456731744,0.16234892701291,0.47934841886678,0.497830825042548,0.044642751789462,0.0499998714653304,0.00352375364067239,0.266814191859947,0.270558452716015,0.2,0.9,0.1,1.4,0.15,,,NaN,NaN,NaN,NaN,NaN,NaN,NaN,NaN,NaN,NaN,NaN,NaN,NaN,NaN
SimpleBaseline,100,burst_onsets,14,0.319176506821196,0.320710751849544,0.162193154693471,0.228538063382328,0.775276076312536,0.0564284802513437,0.0599998744301204,-0.0303305632116401,0.344245592323823,0.353425845527484,0.25,0.5,0.5,0.4,0.03,,,NaN,NaN,NaN,NaN,NaN,NaN,NaN,NaN,NaN,NaN,NaN,NaN,NaN,NaN
SimpleBaseline,100,burst_onsets,14,0.357215174758058,0.388940092165899,0.154105499535596,0.261218613415585,0.768189960036537,0.0467856221708446,0.0499998953584337,-0.022499063369063,0.389239204710019,0.41266875517077,0.25,0.5,0.5,0.4,0.05,,,NaN,NaN,NaN,NaN,NaN,NaN,NaN,NaN,NaN,NaN,NaN,NaN,NaN,NaN
SimpleBaseline,100,burst_onsets,14,0.388937593346041,0.407652439887847,0.150286412011763,0.292708173697263,0.755383971200052,0.0417856281479589,0.0399999421356475,-0.013910310402815,0.409417799652733,0.416223939284522,0.25,0.5,0.5,0.4,0.08,,,NaN,NaN,NaN,NaN,NaN,NaN,NaN,NaN,NaN,NaN,NaN,NaN,NaN,NaN
SimpleBaseline,100,burst_onsets,14,0.401139540434593,0.425779988423235,0.148958573148812,0.30741098711173,0.746257944500304,0.0428570496924277,0.0399999515002072,-0.0100348321490623,0.401789335583129,0.407668879148472,0.25,0.5,0.5,0.4,0.1,,,NaN,NaN,NaN,NaN,NaN,NaN,NaN,NaN,NaN,NaN,NaN,NaN,NaN,NaN
SimpleBaseline,100,burst_onsets,14,0.412441093672323,0.442793142069441,0.149261578033229,0.338498430262187,0.671865695281274,0.0442856209444772,0.0400000993784508,0.00239318507516206,0.351242508862606,0.376406530352293,0.25,0.5,0.5,0.4,0.15,,,NaN,NaN,NaN,NaN,NaN,NaN,NaN,NaN,NaN,NaN,NaN,NaN,NaN,NaN
SimpleBaseline,100,burst_onsets,14,0.333117707595616,0.317377994804256,0.164972013870113,0.248481278089895,0.735378134519711,0.05499991877884,0.0599998457583965,-0.0288647822158313,0.32976007070769,0.348948764133243,0.25,0.5,0.5,0.5,0.03,,,NaN,NaN,NaN,NaN,NaN,NaN,NaN,NaN,NaN,NaN,NaN,NaN,NaN,NaN
SimpleBaseline,100,burst_onsets,14,0.37052957373205,0.393190082447459,0.154592619348044,0.282457468111401,0.727694940076567,0.0460713455935257,0.0499996159388237,-0.0213956225319725,0.370276845722624,0.400725859987646,0.25,0.5,0.5,0.5,0.05,,,NaN,NaN,NaN,NaN,NaN,NaN,NaN,NaN,NaN,NaN,NaN,NaN,NaN,NaN
SimpleBaseline,100,burst_onsets,14,0.402078739227476,0.439278455284553,0.14909894155493,0.316110558772972,0.715600403822979,0.0421427724324488,0.0399999421356475,-0.0125395487091362,0.388125774862364,0.404757374520912,0.25,0.5,0.5,0.5,0.08,,,NaN,NaN,NaN,NaN,NaN,NaN,NaN,NaN,NaN,NaN,NaN,NaN,NaN,NaN
SimpleBaseline,100,burst_onsets,14,0.414234520204612,0.450235251538183,0.147077164034554,0.332173813007877,0.706479854253246,0.0428570496924277,0.0399999515002072,-0.00897727036426419,0.380425307568752,0.391726727464903,0.25,0.5,0.5,0.5,0.1,,,NaN,NaN,NaN,NaN,NaN,NaN,NaN,NaN,NaN,NaN,NaN,NaN,NaN,NaN
SimpleBaseline,100,burst_onsets,14,0.423662770148214,0.448691952805162,0.146834698777945,0.365080415365061,0.637256805088109,0.044999897521796,0.0400000993784508,0.00299639397854086,0.333179995541696,0.356494306698344,0.25,0.5,0.5,0.5,0.15,,,NaN,NaN,NaN,NaN,NaN,NaN,NaN,NaN,NaN,NaN,NaN,NaN,NaN,NaN
SimpleBaseline,100,burst_onsets,14,0.344445852643701,0.308924434813352,0.165455989672341,0.269392929938944,0.693821259242291,0.0546427737375315,0.0599998457583965,-0.027019748631119,0.314541973309721,0.327200374516358,0.25,0.5,0.5,0.6,0.03,,,NaN,NaN,NaN,NaN,NaN,NaN,NaN,NaN,NaN,NaN,NaN,NaN,NaN,NaN
SimpleBaseline,100,burst_onsets,14,0.381227165954117,0.377746445444065,0.152627113760716,0.304756578145018,0.685678958533278,0.044999915991481,0.0449996479067732,-0.0197302069232084,0.349834641604153,0.371334461661037,0.25,0.5,0.5,0.6,0.05,,,NaN,NaN,NaN,NaN,NaN,NaN,NaN,NaN,NaN,NaN,NaN,NaN,NaN,NaN
SimpleBaseline,100,burst_onsets,14,0.412207354309216,0.430595215272382,0.146652749827195,0.339840418037811,0.674018336654233,0.0417856273911402,0.039999916286747,-0.0114205352548303,0.364540787379186,0.375966703857356,0.25,0.5,0.5,0.6,0.08,,,NaN,NaN,NaN,NaN,NaN,NaN,NaN,NaN,NaN,NaN,NaN,NaN,NaN,NaN
SimpleBaseline,100,burst_onsets,14,0.423383475424198,0.452588123213719,0.144239335367541,0.356104649828409,0.664687913286156,0.0428570496924277,0.0399999515002072,-0.00778463621262422,0.356214756990355,0.360741076151705,0.25,0.5,0.5,0.6,0.1,,,NaN,NaN,NaN,NaN,NaN,NaN,NaN,NaN,NaN,NaN,NaN,NaN,NaN,NaN
SimpleBaseline,100,burst_onsets,14,0.43099835315527,0.449362116641528,0.144115240943102,0.391435484183543,0.599323735399993,0.044999897521796,0.0400000993784508,0.00325131454436824,0.312855353462386,0.319515710965996,0.25,0.5,0.5,0.6,0.15,,,NaN,NaN,NaN,NaN,NaN,NaN,NaN,NaN,NaN,NaN,NaN,NaN,NaN,NaN
SimpleBaseline,100,burst_onsets,14,0.349835856109403,0.318566498037918,0.165448712556399,0.288254456901692,0.645543133409305,0.0542856297133317,0.0599995391265884,-0.0252670838049849,0.293888956936127,0.303021150500304,0.25,0.5,0.5,0.7,0.03,,,NaN,NaN,NaN,NaN,NaN,NaN,NaN,NaN,NaN,NaN,NaN,NaN,NaN,NaN
SimpleBaseline,100,burst_onsets,14,0.386251643500505,0.371929679306728,0.150663716292982,0.325439563184578,0.638637647947681,0.0446427709501725,0.0449996479067732,-0.0177731791653733,0.326602735154496,0.340321584851716,0.25,0.5,0.5,0.7,0.05,,,NaN,NaN,NaN,NaN,NaN,NaN,NaN,NaN,NaN,NaN,NaN,NaN,NaN,NaN
SimpleBaseline,100,burst_onsets,14,0.41524925408235,0.432039798985503,0.143686248530219,0.361400778720947,0.624609858370154,0.0414284833669404,0.0399998971722643,-0.0101898534980763,0.338345460514028,0.348117127284313,0.25,0.5,0.5,0.7,0.08,,,NaN,NaN,NaN,NaN,NaN,NaN,NaN,NaN,NaN,NaN,NaN,NaN,NaN,NaN
SimpleBaseline,100,burst_onsets,14,0.42669697709742,0.45140568527732,0.140125268428838,0.379158775812307,0.616785925568919,0.0421427596098107,0.0399999230211648,-0.00640009724485833,0.330873758603583,0.337796956240007,0.25,0.5,0.5,0.7,0.1,,,NaN,NaN,NaN,NaN,NaN,NaN,NaN,NaN,NaN,NaN,NaN,NaN,NaN,NaN
SimpleBaseline,100,burst_onsets,14,0.432237204843067,0.446963363658716,0.140826279935611,0.416523149119228,0.557149652307364,0.0453570399693884,0.0400003790762141,0.00376100374757333,0.291655126963384,0.300363542611854,0.25,0.5,0.5,0.7,0.15,,,NaN,NaN,NaN,NaN,NaN,NaN,NaN,NaN,NaN,NaN,NaN,NaN,NaN,NaN
SimpleBaseline,100,burst_onsets,14,0.348885070751139,0.317381018962898,0.161689664863703,0.304126832252653,0.59712015349317,0.052142771688431,0.0549995758731586,-0.0230309573692366,0.27678575893349,0.286383194993349,0.25,0.5,0.5,0.8,0.03,,,NaN,NaN,NaN,NaN,NaN,NaN,NaN,NaN,NaN,NaN,NaN,NaN,NaN,NaN
SimpleBaseline,100,burst_onsets,14,0.38350386352019,0.369235141168169,0.145728233330206,0.341796600034445,0.590273556328973,0.0439284870720963,0.039999916286747,-0.0160487884782018,0.305054487938402,0.327199106109258,0.25,0.5,0.5,0.8,0.05,,,NaN,NaN,NaN,NaN,NaN,NaN,NaN,NaN,NaN,NaN,NaN,NaN,NaN,NaN
SimpleBaseline,100,burst_onsets,14,0.412754469181088,0.424222540911145,0.138351361195228,0.380393488436239,0.578413243469659,0.0414284832730068,0.0399998971722643,-0.00830119985660263,0.315581005349345,0.332032111743922,0.25,0.5,0.5,0.8,0.08,,,NaN,NaN,NaN,NaN,NaN,NaN,NaN,NaN,NaN,NaN,NaN,NaN,NaN,NaN
SimpleBaseline,100,burst_onsets,14,0.423163723547042,0.439518456303571,0.134512778780887,0.398614515401109,0.570667120356445,0.0407141984717556,0.0399998971722643,-0.00472800086659348,0.308666743667071,0.320482432643758,0.25,0.5,0.5,0.8,0.1,,,NaN,NaN,NaN,NaN,NaN,NaN,NaN,NaN,NaN,NaN,NaN,NaN,NaN,NaN
SimpleBaseline,100,burst_onsets,14,0.426181957473339,0.435925547348984,0.137085457519524,0.436672387496654,0.514719999443187,0.0446427524804875,0.0399999256513067,0.00495599534367685,0.271287183673347,0.273369272966987,0.25,0.5,0.5,0.8,0.15,,,NaN,NaN,NaN,NaN,NaN,NaN,NaN,NaN,NaN,NaN,NaN,NaN,NaN,NaN
SimpleBaseline,100,burst_onsets,14,0.344721098679227,0.309641574074931,0.156465043862259,0.319939088017364,0.546951339460972,0.0528570510563896,0.0549995758731586,-0.0217379245615036,0.252782960881405,0.260897140394538,0.25,0.5,0.5,0.9,0.03,,,NaN,NaN,NaN,NaN,NaN,NaN,NaN,NaN,NaN,NaN,NaN,NaN,NaN,NaN
SimpleBaseline,100,burst_onsets,14,0.376964156393657,0.358837286459621,0.140158824873602,0.357510431179615,0.53955147296498,0.0457141886942956,0.0449996479067732,-0.0149416353403041,0.277412537066974,0.288118437593768,0.25,0.5,0.5,0.9,0.05,,,NaN,NaN,NaN,NaN,NaN,NaN,NaN,NaN,NaN,NaN,NaN,NaN,NaN,NaN
SimpleBaseline,100,burst_onsets,14,0.405397775880775,0.407805033450143,0.132301568535104,0.397512084845186,0.529839179148873,0.0428570475361502,0.039999916286747,-0.00760854719087378,0.285853136548524,0.294205818848952,0.25,0.5,0.5,0.9,0.08,,,NaN,NaN,NaN,NaN,NaN,NaN,NaN,NaN,NaN,NaN,NaN,NaN,NaN,NaN
SimpleBaseline,100,burst_onsets,14,0.414738197812088,0.420669325472516,0.128661796448841,0.415598188646901,0.522560169565407,0.0417856202873066,0.039999916286747,-0.00430071000216471,0.280313905555707,0.285735873212034,0.25,0.5,0.5,0.9,0.1,,,NaN,NaN,NaN,NaN,NaN,NaN,NaN,NaN,NaN,NaN,NaN,NaN,NaN,NaN
SimpleBaseline,100,burst_onsets,14,0.415381862464303,0.425769307127258,0.132299675373419,0.454853498304504,0.469870813028909,0.0464284617849394,0.0450000346414888,0.00506932988650445,0.245448646797112,0.24110556739682,0.25,0.5,0.5,0.9,0.15,,,NaN,NaN,NaN,NaN,NaN,NaN,NaN,NaN,NaN,NaN,NaN,NaN,NaN,NaN
SimpleBaseline,100,burst_onsets,14,0.337551582562807,0.30026862026862,0.148521676054814,0.333765036574655,0.499560718435706,0.0524999113724103,0.0549995758731586,-0.02026214997402,0.23179524445011,0.236234061298302,0.25,0.5,0.5,1,0.03,,,NaN,NaN,NaN,NaN,NaN,NaN,NaN,NaN,NaN,NaN,NaN,NaN,NaN,NaN
SimpleBaseline,100,burst_onsets,14,0.368628782310841,0.347738647843562,0.132196773188129,0.372057704203477,0.492821362512947,0.0467856167664686,0.0499996159388237,-0.0133436788960938,0.25276009211847,0.265939621713254,0.25,0.5,0.5,1,0.05,,,NaN,NaN,NaN,NaN,NaN,NaN,NaN,NaN,NaN,NaN,NaN,NaN,NaN,NaN
SimpleBaseline,100,burst_onsets,14,0.395242428740364,0.37964881610407,0.123763891677783,0.412435201408515,0.483835743654743,0.0414284905737641,0.039999916286747,-0.00605142642891071,0.262189325633626,0.272442787252989,0.25,0.5,0.5,1,0.08,,,NaN,NaN,NaN,NaN,NaN,NaN,NaN,NaN,NaN,NaN,NaN,NaN,NaN,NaN
SimpleBaseline,100,burst_onsets,14,0.402510977860749,0.393435406435283,0.120470250969536,0.429412668914995,0.476005256926878,0.0407141984717556,0.0399998971722643,-0.00348104247888633,0.25451014554293,0.261364789798038,0.25,0.5,0.5,1,0.1,,,NaN,NaN,NaN,NaN,NaN,NaN,NaN,NaN,NaN,NaN,NaN,NaN,NaN,NaN
SimpleBaseline,100,burst_onsets,14,0.403274296654461,0.401354450072626,0.125314854110216,0.471140803925259,0.428471071049314,0.0453570399693884,0.0400003790762141,0.00606030021654329,0.22290869461087,0.217225556106209,0.25,0.5,0.5,1,0.15,,,NaN,NaN,NaN,NaN,NaN,NaN,NaN,NaN,NaN,NaN,NaN,NaN,NaN,NaN
SimpleBaseline,100,burst_onsets,14,0.32849698674678,0.303519500217588,0.140539467651182,0.348568700628826,0.455479140950619,0.0532141929954276,0.0549995758731586,-0.0181828008931098,0.211413774149167,0.218056537245783,0.25,0.5,0.5,1.1,0.03,,,NaN,NaN,NaN,NaN,NaN,NaN,NaN,NaN,NaN,NaN,NaN,NaN,NaN,NaN
SimpleBaseline,100,burst_onsets,14,0.35703691671575,0.346679291102841,0.126378035378313,0.386284050026681,0.447089079009687,0.0471427564504479,0.0499997136112162,-0.0125456485239095,0.229967721898655,0.23715738740857,0.25,0.5,0.5,1.1,0.05,,,NaN,NaN,NaN,NaN,NaN,NaN,NaN,NaN,NaN,NaN,NaN,NaN,NaN,NaN
SimpleBaseline,100,burst_onsets,14,0.380868547563318,0.3679490097883,0.119171220656724,0.426008118387402,0.437851527730994,0.0428570538197989,0.0400002338281124,-0.00584195063089127,0.23768739356917,0.246998365915924,0.25,0.5,0.5,1.1,0.08,,,NaN,NaN,NaN,NaN,NaN,NaN,NaN,NaN,NaN,NaN,NaN,NaN,NaN,NaN
SimpleBaseline,100,burst_onsets,14,0.386280258223958,0.379341234840132,0.116714150751794,0.441951120935565,0.429687511691899,0.041071340919348,0.0399998971722643,-0.00352531965311816,0.230257229055627,0.232851269310961,0.25,0.5,0.5,1.1,0.1,,,NaN,NaN,NaN,NaN,NaN,NaN,NaN,NaN,NaN,NaN,NaN,NaN,NaN,NaN
SimpleBaseline,100,burst_onsets,14,0.38808528134296,0.387771722107373,0.122891306353703,0.487389973231451,0.389810392456547,0.0460713193843138,0.0425002280023496,0.00649796702713631,0.203279265990319,0.195971666283471,0.25,0.5,0.5,1.1,0.15,,,NaN,NaN,NaN,NaN,NaN,NaN,NaN,NaN,NaN,NaN,NaN,NaN,NaN,NaN
SimpleBaseline,100,burst_onsets,14,0.315677585124572,0.295694436964834,0.132329845055261,0.36023098396083,0.408618204301432,0.0528570400500751,0.0549995758731586,-0.0159198054849504,0.191994734337887,0.191579826878842,0.25,0.5,0.5,1.2,0.03,,,NaN,NaN,NaN,NaN,NaN,NaN,NaN,NaN,NaN,NaN,NaN,NaN,NaN,NaN
SimpleBaseline,100,burst_onsets,14,0.342804835602353,0.323256297309438,0.119480454063955,0.398425968127706,0.400890922997838,0.0464284824458513,0.0449997455791657,-0.0107320748746284,0.206596781787159,0.20233260148819,0.25,0.5,0.5,1.2,0.05,,,NaN,NaN,NaN,NaN,NaN,NaN,NaN,NaN,NaN,NaN,NaN,NaN,NaN,NaN
SimpleBaseline,100,burst_onsets,14,0.363996318516324,0.343515993057277,0.114599719480387,0.4373903053771,0.391675901023849,0.0428570561232686,0.0400002244635526,-0.00403425652898456,0.212231992543489,0.222459193076611,0.25,0.5,0.5,1.2,0.08,,,NaN,NaN,NaN,NaN,NaN,NaN,NaN,NaN,NaN,NaN,NaN,NaN,NaN,NaN
SimpleBaseline,100,burst_onsets,14,0.3694853680122,0.351726535961698,0.113787972046082,0.454208530803176,0.385109469284054,0.043928472035093,0.0400002311979705,-0.00169394704749193,0.204612254308568,0.204403435430326,0.25,0.5,0.5,1.2,0.1,,,NaN,NaN,NaN,NaN,NaN,NaN,NaN,NaN,NaN,NaN,NaN,NaN,NaN,NaN
SimpleBaseline,100,burst_onsets,14,0.371951872653302,0.357190594811349,0.116284344758968,0.500791698742897,0.353319012074066,0.0464284617849394,0.0450000346414888,0.00732601215543599,0.183217686914075,0.175671792707516,0.25,0.5,0.5,1.2,0.15,,,NaN,NaN,NaN,NaN,NaN,NaN,NaN,NaN,NaN,NaN,NaN,NaN,NaN,NaN
SimpleBaseline,100,burst_onsets,14,0.303381032109418,0.268726743655517,0.123565733810797,0.369693546020178,0.369898882447622,0.0521427564884788,0.0549995758731586,-0.0135079971024447,0.17541622361231,0.183519549077057,0.25,0.5,0.5,1.3,0.03,,,NaN,NaN,NaN,NaN,NaN,NaN,NaN,NaN,NaN,NaN,NaN,NaN,NaN,NaN
SimpleBaseline,100,burst_onsets,14,0.328384166371637,0.302188227851741,0.114251034915767,0.407916960872354,0.3625596266514,0.0453570560220419,0.0474997200379496,-0.00846246324859322,0.189446431965869,0.191965830662474,0.25,0.5,0.5,1.3,0.05,,,NaN,NaN,NaN,NaN,NaN,NaN,NaN,NaN,NaN,NaN,NaN,NaN,NaN,NaN
SimpleBaseline,100,burst_onsets,14,0.347297143892408,0.340602655771195,0.111521732542623,0.447482585194075,0.353184912571667,0.0417856288746856,0.0400002244635526,-0.00210684410368059,0.192086593365241,0.199898405340121,0.25,0.5,0.5,1.3,0.08,,,NaN,NaN,NaN,NaN,NaN,NaN,NaN,NaN,NaN,NaN,NaN,NaN,NaN,NaN
SimpleBaseline,100,burst_onsets,14,0.35374212795863,0.357671876596179,0.111830865494384,0.466519045797584,0.349924100497659,0.0435713411271932,0.0400003790762141,-0.000267336848258272,0.185960647440862,0.190409676459953,0.25,0.5,0.5,1.3,0.1,,,NaN,NaN,NaN,NaN,NaN,NaN,NaN,NaN,NaN,NaN,NaN,NaN,NaN,NaN
SimpleBaseline,100,burst_onsets,14,0.353678196458919,0.357054924242424,0.115598964462159,0.509705523018806,0.321167552232534,0.0460713200041413,0.0450000346414888,0.0087204844366563,0.167067860233359,0.157211754097677,0.25,0.5,0.5,1.3,0.15,,,NaN,NaN,NaN,NaN,NaN,NaN,NaN,NaN,NaN,NaN,NaN,NaN,NaN,NaN
SimpleBaseline,100,burst_onsets,14,0.287796821720788,0.266067961165049,0.118479111345198,0.378504541415737,0.332869147934392,0.0514284726104026,0.0549995758731586,-0.0123427713372457,0.159697770291545,0.165987307114046,0.25,0.5,0.5,1.4,0.03,,,NaN,NaN,NaN,NaN,NaN,NaN,NaN,NaN,NaN,NaN,NaN,NaN,NaN,NaN
SimpleBaseline,100,burst_onsets,14,0.31064136051508,0.305772530918989,0.112474142387229,0.416621224653185,0.325765304721661,0.0457141930243402,0.0499997136112162,-0.00746088831228803,0.172093239037427,0.172334324927137,0.25,0.5,0.5,1.4,0.05,,,NaN,NaN,NaN,NaN,NaN,NaN,NaN,NaN,NaN,NaN,NaN,NaN,NaN,NaN
SimpleBaseline,100,burst_onsets,14,0.327844064427451,0.329356471438901,0.113690233558764,0.455491378474263,0.317724852416536,0.0410713398675347,0.0399999515002072,-0.00134820514503654,0.174125855664629,0.176185595891444,0.25,0.5,0.5,1.4,0.08,,,NaN,NaN,NaN,NaN,NaN,NaN,NaN,NaN,NaN,NaN,NaN,NaN,NaN,NaN
SimpleBaseline,100,burst_onsets,14,0.332933819701753,0.344801561572688,0.115118814386184,0.473926136040178,0.314286944710887,0.0428570436828807,0.0399999515002072,0.000952572328386516,0.168104479894985,0.168660694341519,0.25,0.5,0.5,1.4,0.1,,,NaN,NaN,NaN,NaN,NaN,NaN,NaN,NaN,NaN,NaN,NaN,NaN,NaN,NaN
SimpleBaseline,100,burst_onsets,14,0.331449302388042,0.342363848117668,0.120419044855205,0.51701927763798,0.287817315423145,0.0449998881407261,0.0450000346414888,0.00953827169122508,0.15158459145046,0.141845310749715,0.25,0.5,0.5,1.4,0.15,,,NaN,NaN,NaN,NaN,NaN,NaN,NaN,NaN,NaN,NaN,NaN,NaN,NaN,NaN
SimpleBaseline,100,burst_onsets,14,0.308874171513692,0.322705781433029,0.160707975625424,0.213810949544363,0.823603369263071,0.0564284802513437,0.0599998744301204,-0.0343590098169288,0.360182413979833,0.357412836033885,0.25,0.6,0.4,0.4,0.03,,,NaN,NaN,NaN,NaN,NaN,NaN,NaN,NaN,NaN,NaN,NaN,NaN,NaN,NaN
SimpleBaseline,100,burst_onsets,14,0.346757474157817,0.360703450853469,0.157489207531436,0.244442487348642,0.818159103643363,0.0471427696130399,0.0499998953584337,-0.0262632940969219,0.41122087706597,0.424742527621712,0.25,0.6,0.4,0.4,0.05,,,NaN,NaN,NaN,NaN,NaN,NaN,NaN,NaN,NaN,NaN,NaN,NaN,NaN,NaN
SimpleBaseline,100,burst_onsets,14,0.37885621900442,0.395286695477697,0.15747564407778,0.273906057498721,0.806463357980744,0.0421427651316914,0.0399999421356475,-0.0169424322184901,0.433207716753614,0.428324432841339,0.25,0.6,0.4,0.4,0.08,,,NaN,NaN,NaN,NaN,NaN,NaN,NaN,NaN,NaN,NaN,NaN,NaN,NaN,NaN
SimpleBaseline,100,burst_onsets,14,0.390846174245258,0.419105274537268,0.157851381668813,0.28739907198793,0.795214535566942,0.042142761123448,0.0399999515002072,-0.0130921274065762,0.426764903243879,0.42096701508092,0.25,0.6,0.4,0.4,0.1,,,NaN,NaN,NaN,NaN,NaN,NaN,NaN,NaN,NaN,NaN,NaN,NaN,NaN,NaN
SimpleBaseline,100,burst_onsets,14,0.402217123182551,0.427543107060124,0.156250936488463,0.314322128026937,0.715898068002238,0.044999897521796,0.0400000993784508,-0.000889690960348452,0.375307841843986,0.386497891623473,0.25,0.6,0.4,0.4,0.15,,,NaN,NaN,NaN,NaN,NaN,NaN,NaN,NaN,NaN,NaN,NaN,NaN,NaN,NaN
SimpleBaseline,100,burst_onsets,14,0.324803743949455,0.334189847556184,0.164732038394864,0.234043891050762,0.782195044485368,0.0557141953561588,0.0599998744301204,-0.0319476379468883,0.34651410053759,0.364034957021537,0.25,0.6,0.4,0.5,0.03,,,NaN,NaN,NaN,NaN,NaN,NaN,NaN,NaN,NaN,NaN,NaN,NaN,NaN,NaN
SimpleBaseline,100,burst_onsets,14,0.361813441233016,0.389002788741049,0.158766445021119,0.265930939166063,0.774599436107578,0.0471427696130399,0.0499998953584337,-0.0242387123008913,0.390436756623274,0.414125514576937,0.25,0.6,0.4,0.5,0.05,,,NaN,NaN,NaN,NaN,NaN,NaN,NaN,NaN,NaN,NaN,NaN,NaN,NaN,NaN
SimpleBaseline,100,burst_onsets,14,0.393218958657947,0.425289003243665,0.156598634353923,0.297114556844063,0.761811546848759,0.0421427733556238,0.039999916286747,-0.0156949514476732,0.408702728888546,0.414261422375855,0.25,0.6,0.4,0.5,0.08,,,NaN,NaN,NaN,NaN,NaN,NaN,NaN,NaN,NaN,NaN,NaN,NaN,NaN,NaN
SimpleBaseline,100,burst_onsets,14,0.40424727214558,0.441307814992026,0.156072940433357,0.311069397040075,0.750626433338775,0.0428570496924277,0.0399999515002072,-0.0122087111835763,0.40124931218831,0.403687670524379,0.25,0.6,0.4,0.5,0.1,,,NaN,NaN,NaN,NaN,NaN,NaN,NaN,NaN,NaN,NaN,NaN,NaN,NaN,NaN
SimpleBaseline,100,burst_onsets,14,0.416824308690572,0.447345043377376,0.158421306159596,0.34269833561272,0.681147307185973,0.044999897521796,0.0400000993784508,-0.000216704583060245,0.356841710362782,0.37227517401699,0.25,0.6,0.4,0.5,0.15,,,NaN,NaN,NaN,NaN,NaN,NaN,NaN,NaN,NaN,NaN,NaN,NaN,NaN,NaN
SimpleBaseline,100,burst_onsets,14,0.339198846066255,0.331937606856476,0.165686474981254,0.254992348246809,0.743533586022806,0.0546427768398019,0.0599995391265884,-0.0300805588185708,0.33468547302462,0.359774168661218,0.25,0.6,0.4,0.6,0.03,,,NaN,NaN,NaN,NaN,NaN,NaN,NaN,NaN,NaN,NaN,NaN,NaN,NaN,NaN
SimpleBaseline,100,burst_onsets,14,0.376078588353379,0.406052426806731,0.157526561148318,0.288841351995569,0.734892307188412,0.0464284930357211,0.0499996159388237,-0.0229316105628331,0.374497400766074,0.399739957273816,0.25,0.6,0.4,0.6,0.05,,,NaN,NaN,NaN,NaN,NaN,NaN,NaN,NaN,NaN,NaN,NaN,NaN,NaN,NaN
SimpleBaseline,100,burst_onsets,14,0.407097927523031,0.450120218639092,0.154494119130534,0.321996366749002,0.722747712620669,0.0407141999853929,0.039999916286747,-0.0143734152391918,0.389936977388566,0.399663056724513,0.25,0.6,0.4,0.6,0.08,,,NaN,NaN,NaN,NaN,NaN,NaN,NaN,NaN,NaN,NaN,NaN,NaN,NaN,NaN
SimpleBaseline,100,burst_onsets,14,0.417801378308158,0.456107413623474,0.15335004150558,0.33708588096056,0.711128224167406,0.0428570496924277,0.0399999515002072,-0.0110554121376895,0.380619153031793,0.383629065924235,0.25,0.6,0.4,0.6,0.1,,,NaN,NaN,NaN,NaN,NaN,NaN,NaN,NaN,NaN,NaN,NaN,NaN,NaN,NaN
SimpleBaseline,100,burst_onsets,14,0.428011769811961,0.452864096168503,0.155667350946399,0.370715010328212,0.646186555967806,0.0453570393025942,0.0400003790762141,0.00066811155076046,0.339669413383436,0.351105118877158,0.25,0.6,0.4,0.6,0.15,,,NaN,NaN,NaN,NaN,NaN,NaN,NaN,NaN,NaN,NaN,NaN,NaN,NaN,NaN
SimpleBaseline,100,burst_onsets,14,0.349744223931586,0.325763819968937,0.165231173492563,0.275534463165217,0.700697330605115,0.0532142012904757,0.0599995391265884,-0.027748368587194,0.318459152400798,0.334368207337331,0.25,0.6,0.4,0.7,0.03,,,NaN,NaN,NaN,NaN,NaN,NaN,NaN,NaN,NaN,NaN,NaN,NaN,NaN,NaN
SimpleBaseline,100,burst_onsets,14,0.386678925479167,0.399928614705371,0.154543728625787,0.311320266345038,0.693436435861079,0.0460713479944126,0.0499996159388237,-0.0207627713880187,0.352864547826947,0.378959511580202,0.25,0.6,0.4,0.7,0.05,,,NaN,NaN,NaN,NaN,NaN,NaN,NaN,NaN,NaN,NaN,NaN,NaN,NaN,NaN
SimpleBaseline,100,burst_onsets,14,0.417145742405812,0.43772823371132,0.150577167226812,0.34623706049818,0.681705350932514,0.0421427724324488,0.0399999421356475,-0.0124701534734518,0.366399690894963,0.378422339781439,0.25,0.6,0.4,0.7,0.08,,,NaN,NaN,NaN,NaN,NaN,NaN,NaN,NaN,NaN,NaN,NaN,NaN,NaN,NaN
SimpleBaseline,100,burst_onsets,14,0.427559720921533,0.445462457090364,0.149272690179871,0.362906741121069,0.669921992633927,0.0435713335705038,0.0400000993784508,-0.00940563722342415,0.357590157166457,0.367646569643996,0.25,0.6,0.4,0.7,0.1,,,NaN,NaN,NaN,NaN,NaN,NaN,NaN,NaN,NaN,NaN,NaN,NaN,NaN,NaN
SimpleBaseline,100,burst_onsets,14,0.436523847516718,0.44542370794127,0.152166563154274,0.399796345421443,0.609302366836045,0.044999897521796,0.0400000993784508,0.00130847880033836,0.320242401914983,0.326590531288217,0.25,0.6,0.4,0.7,0.15,,,NaN,NaN,NaN,NaN,NaN,NaN,NaN,NaN,NaN,NaN,NaN,NaN,NaN,NaN
SimpleBaseline,100,burst_onsets,14,0.359150464190416,0.331643517154003,0.165116460606112,0.296251345928367,0.660490901520111,0.0514284875698399,0.0549995519800554,-0.0259377538474673,0.304403950471035,0.316690550055126,0.25,0.6,0.4,0.8,0.03,,,NaN,NaN,NaN,NaN,NaN,NaN,NaN,NaN,NaN,NaN,NaN,NaN,NaN,NaN
SimpleBaseline,100,burst_onsets,14,0.395218722648532,0.387660426233369,0.152669355399026,0.333476804010911,0.652832106114852,0.0453570555109087,0.0499996159388237,-0.0189520832149481,0.33544843696164,0.363132447563453,0.25,0.6,0.4,0.8,0.05,,,NaN,NaN,NaN,NaN,NaN,NaN,NaN,NaN,NaN,NaN,NaN,NaN,NaN,NaN
SimpleBaseline,100,burst_onsets,14,0.424072868295761,0.448139939799826,0.147689289196804,0.369279517561641,0.640343953056469,0.0421427671510829,0.039999916286747,-0.0111999017968874,0.34594990216462,0.361275596367987,0.25,0.6,0.4,0.8,0.08,,,NaN,NaN,NaN,NaN,NaN,NaN,NaN,NaN,NaN,NaN,NaN,NaN,NaN,NaN
SimpleBaseline,100,burst_onsets,14,0.43484878398426,0.452740276005057,0.145804161763901,0.38730681601253,0.63080663563021,0.0428570496924277,0.0399999515002072,-0.00808817436547585,0.337873641003365,0.348177422281548,0.25,0.6,0.4,0.8,0.1,,,NaN,NaN,NaN,NaN,NaN,NaN,NaN,NaN,NaN,NaN,NaN,NaN,NaN,NaN
SimpleBaseline,100,burst_onsets,14,0.43910946419725,0.446109715527191,0.149362652449843,0.423907227769499,0.570955010232705,0.0446427500796007,0.0399999256513067,0.00199816118671482,0.301804043444542,0.307455848444405,0.25,0.6,0.4,0.8,0.15,,,NaN,NaN,NaN,NaN,NaN,NaN,NaN,NaN,NaN,NaN,NaN,NaN,NaN,NaN
SimpleBaseline,100,burst_onsets,14,0.359136600877353,0.335565967862041,0.161949799340264,0.315135389571739,0.607905109415222,0.0499999246017649,0.0499999615106079,-0.0236325733164812,0.281904421160237,0.28747732857231,0.25,0.6,0.4,0.9,0.03,,,NaN,NaN,NaN,NaN,NaN,NaN,NaN,NaN,NaN,NaN,NaN,NaN,NaN,NaN
SimpleBaseline,100,burst_onsets,14,0.39389464975087,0.390169860627178,0.14819136059488,0.353535458816736,0.600116714396516,0.043928495115556,0.0449996287922906,-0.0167122512189156,0.308060373281875,0.333971152803853,0.25,0.6,0.4,0.9,0.05,,,NaN,NaN,NaN,NaN,NaN,NaN,NaN,NaN,NaN,NaN,NaN,NaN,NaN,NaN
SimpleBaseline,100,burst_onsets,14,0.422967183727783,0.44332987432261,0.143131123162961,0.392418821551285,0.58844364974613,0.0407142067557302,0.0399998971722643,-0.00899617586316807,0.317198089032227,0.333728432872867,0.25,0.6,0.4,0.9,0.08,,,NaN,NaN,NaN,NaN,NaN,NaN,NaN,NaN,NaN,NaN,NaN,NaN,NaN,NaN
SimpleBaseline,100,burst_onsets,14,0.432462426585448,0.451008302373468,0.141023511828081,0.410480830201712,0.580136533848645,0.0414284830925341,0.0399999230211648,-0.006305399183961,0.311117731702981,0.326268414366149,0.25,0.6,0.4,0.9,0.1,,,NaN,NaN,NaN,NaN,NaN,NaN,NaN,NaN,NaN,NaN,NaN,NaN,NaN,NaN
SimpleBaseline,100,burst_onsets,14,0.435975813834778,0.440881896973291,0.145458498796498,0.449991393876174,0.526368994267232,0.0439284735623241,0.0399999256513067,0.00299145725754318,0.279778724337935,0.282254197810366,0.25,0.6,0.4,0.9,0.15,,,NaN,NaN,NaN,NaN,NaN,NaN,NaN,NaN,NaN,NaN,NaN,NaN,NaN,NaN
SimpleBaseline,100,burst_onsets,14,0.357378086304974,0.335226122438374,0.156646371779864,0.331117287070285,0.564848834739579,0.0507142112930782,0.0499998953584337,-0.0213401593799845,0.262421584856598,0.285671730337853,0.25,0.6,0.4,1,0.03,,,NaN,NaN,NaN,NaN,NaN,NaN,NaN,NaN,NaN,NaN,NaN,NaN,NaN,NaN
SimpleBaseline,100,burst_onsets,14,0.390177943058205,0.385271014634464,0.142627844807696,0.369519723500033,0.557090903811478,0.0446427789936321,0.0499996159388237,-0.0148965122122654,0.285526205145753,0.307648235989095,0.25,0.6,0.4,1,0.05,,,NaN,NaN,NaN,NaN,NaN,NaN,NaN,NaN,NaN,NaN,NaN,NaN,NaN,NaN
SimpleBaseline,100,burst_onsets,14,0.417606364318755,0.417390800602479,0.137237004453849,0.409560026645848,0.545898037313867,0.041428491650915,0.0399998971722643,-0.00756885909619261,0.293045972906638,0.311623215567995,0.25,0.6,0.4,1,0.08,,,NaN,NaN,NaN,NaN,NaN,NaN,NaN,NaN,NaN,NaN,NaN,NaN,NaN,NaN
SimpleBaseline,100,burst_onsets,14,0.426146989947914,0.431334530221424,0.13506568349667,0.428104690339254,0.536933795877384,0.0421427678937852,0.0399999256513067,-0.00490497033676081,0.286753728680517,0.29756875775114,0.25,0.6,0.4,1,0.1,,,NaN,NaN,NaN,NaN,NaN,NaN,NaN,NaN,NaN,NaN,NaN,NaN,NaN,NaN
SimpleBaseline,100,burst_onsets,14,0.42805968085937,0.438339553767365,0.141955488897353,0.468649768305274,0.487045263655456,0.0446427501396429,0.0399999256513067,0.0035505947195717,0.259730984143848,0.257563362546949,0.25,0.6,0.4,1,0.15,,,NaN,NaN,NaN,NaN,NaN,NaN,NaN,NaN,NaN,NaN,NaN,NaN,NaN,NaN
SimpleBaseline,100,burst_onsets,14,0.354421314919993,0.330875028998051,0.14943623696703,0.35058950375556,0.520649457328572,0.0514284848475,0.0599995391265884,-0.020754001892722,0.247003336740328,0.269252386257302,0.25,0.6,0.4,1.1,0.03,,,NaN,NaN,NaN,NaN,NaN,NaN,NaN,NaN,NaN,NaN,NaN,NaN,NaN,NaN
SimpleBaseline,100,burst_onsets,14,0.384736102480603,0.377797492109528,0.135741460877794,0.388652315926261,0.512782165496508,0.0453570620360384,0.0499998714653304,-0.0147738708653687,0.265787727312346,0.281469439330795,0.25,0.6,0.4,1.1,0.05,,,NaN,NaN,NaN,NaN,NaN,NaN,NaN,NaN,NaN,NaN,NaN,NaN,NaN,NaN
SimpleBaseline,100,burst_onsets,14,0.411107098801377,0.407881165104961,0.129759356211172,0.429944710380121,0.503653271639052,0.0428570594070673,0.0400002244635526,-0.00757812265295207,0.27240715638949,0.284747832109232,0.25,0.6,0.4,1.1,0.08,,,NaN,NaN,NaN,NaN,NaN,NaN,NaN,NaN,NaN,NaN,NaN,NaN,NaN,NaN
SimpleBaseline,100,burst_onsets,14,0.417377357419123,0.420885154061625,0.128375661722727,0.447709924722229,0.493697133514862,0.0424999140387231,0.0424999689484804,-0.00533782957389497,0.264344158179644,0.268736656786836,0.25,0.6,0.4,1.1,0.1,,,NaN,NaN,NaN,NaN,NaN,NaN,NaN,NaN,NaN,NaN,NaN,NaN,NaN,NaN
SimpleBaseline,100,burst_onsets,14,0.418253840445305,0.429920977011494,0.1351996347495,0.488534209721282,0.449128970109976,0.0439284735623241,0.0399999256513067,0.00287327349113356,0.239719813262723,0.231797887072813,0.25,0.6,0.4,1.1,0.15,,,NaN,NaN,NaN,NaN,NaN,NaN,NaN,NaN,NaN,NaN,NaN,NaN,NaN,NaN
SimpleBaseline,100,burst_onsets,14,0.343472559457132,0.324384203384989,0.142788358634409,0.362235044827065,0.470183979313902,0.0510713477289591,0.0549995758731586,-0.0186225178258825,0.223098231894511,0.238818033153729,0.25,0.6,0.4,1.2,0.03,,,NaN,NaN,NaN,NaN,NaN,NaN,NaN,NaN,NaN,NaN,NaN,NaN,NaN,NaN
SimpleBaseline,100,burst_onsets,14,0.371399304251643,0.358181818181818,0.129897200310864,0.400012238116842,0.461825192738843,0.0453570583856597,0.0499996159388237,-0.0134788954627072,0.239102630528997,0.258534352619214,0.25,0.6,0.4,1.2,0.05,,,NaN,NaN,NaN,NaN,NaN,NaN,NaN,NaN,NaN,NaN,NaN,NaN,NaN,NaN
SimpleBaseline,100,burst_onsets,14,0.394539234932214,0.388840344170981,0.12427347426959,0.440346618217025,0.452477028401599,0.0424999174680292,0.0400002244635526,-0.00644712416211407,0.244718548434382,0.253936949681719,0.25,0.6,0.4,1.2,0.08,,,NaN,NaN,NaN,NaN,NaN,NaN,NaN,NaN,NaN,NaN,NaN,NaN,NaN,NaN
SimpleBaseline,100,burst_onsets,14,0.400902263529859,0.404375896700144,0.122883808886175,0.458858809131165,0.445399754335792,0.0432141963775553,0.0400002311979705,-0.00446727647378934,0.237269763687078,0.243847847854924,0.25,0.6,0.4,1.2,0.1,,,NaN,NaN,NaN,NaN,NaN,NaN,NaN,NaN,NaN,NaN,NaN,NaN,NaN,NaN
SimpleBaseline,100,burst_onsets,14,0.402091520995826,0.412513070756361,0.130963520892762,0.50117622530499,0.407044971799298,0.0446427584575089,0.0400000708994085,0.00401780869541608,0.216324279739651,0.210270770278274,0.25,0.6,0.4,1.2,0.15,,,NaN,NaN,NaN,NaN,NaN,NaN,NaN,NaN,NaN,NaN,NaN,NaN,NaN,NaN
SimpleBaseline,100,burst_onsets,14,0.334668798777408,0.320993071059395,0.137939878964691,0.376997389394841,0.427621139568455,0.0496427720551672,0.0499999854037112,-0.0166156942466818,0.204793776550634,0.222536873127969,0.25,0.6,0.4,1.3,0.03,,,NaN,NaN,NaN,NaN,NaN,NaN,NaN,NaN,NaN,NaN,NaN,NaN,NaN,NaN
SimpleBaseline,100,burst_onsets,14,0.360633618730929,0.352131998516871,0.12717128388441,0.414854265086194,0.419297637690391,0.0446427739831634,0.0499996159388237,-0.0115423099755827,0.220133636654802,0.232840555590716,0.25,0.6,0.4,1.3,0.05,,,NaN,NaN,NaN,NaN,NaN,NaN,NaN,NaN,NaN,NaN,NaN,NaN,NaN,NaN
SimpleBaseline,100,burst_onsets,14,0.380423502234962,0.356624168514412,0.122248059782303,0.454053416722631,0.409599954574048,0.0407142105409326,0.0400000476320454,-0.0054325856502813,0.223784849762224,0.223628278166892,0.25,0.6,0.4,1.3,0.08,,,NaN,NaN,NaN,NaN,NaN,NaN,NaN,NaN,NaN,NaN,NaN,NaN,NaN,NaN
SimpleBaseline,100,burst_onsets,14,0.385457920637388,0.365125751859006,0.122039840225748,0.471487260120199,0.403135418493093,0.0421427634550553,0.0400003366943684,-0.00353728408353574,0.216075949159876,0.213793339628922,0.25,0.6,0.4,1.3,0.1,,,NaN,NaN,NaN,NaN,NaN,NaN,NaN,NaN,NaN,NaN,NaN,NaN,NaN,NaN
SimpleBaseline,100,burst_onsets,14,0.386008299250272,0.370657684325134,0.130687980195633,0.515556886353657,0.370015676454475,0.0442856105537261,0.042500064472675,0.00468868120563636,0.197650574246465,0.185586904356093,0.25,0.6,0.4,1.3,0.15,,,NaN,NaN,NaN,NaN,NaN,NaN,NaN,NaN,NaN,NaN,NaN,NaN,NaN,NaN
SimpleBaseline,100,burst_onsets,14,0.320086944241416,0.294180457499197,0.127299850715112,0.390346810150819,0.381630324407361,0.0507142006032436,0.0599995391265884,-0.0141567114326985,0.182208788841153,0.199429887103582,0.25,0.6,0.4,1.4,0.03,,,NaN,NaN,NaN,NaN,NaN,NaN,NaN,NaN,NaN,NaN,NaN,NaN,NaN,NaN
SimpleBaseline,100,burst_onsets,14,0.344781552408453,0.315168096223997,0.11924192367451,0.428794819198852,0.374176342473175,0.0449999167631015,0.0499998714653304,-0.00936075902304163,0.195108800483459,0.205467568071208,0.25,0.6,0.4,1.4,0.05,,,NaN,NaN,NaN,NaN,NaN,NaN,NaN,NaN,NaN,NaN,NaN,NaN,NaN,NaN
SimpleBaseline,100,burst_onsets,14,0.361685291176307,0.354443173150267,0.118198355761634,0.466750661333417,0.363976232656518,0.0414284992681522,0.0400002244635526,-0.00359281933252802,0.196776818714201,0.202470178067557,0.25,0.6,0.4,1.4,0.08,,,NaN,NaN,NaN,NaN,NaN,NaN,NaN,NaN,NaN,NaN,NaN,NaN,NaN,NaN
SimpleBaseline,100,burst_onsets,14,0.365466483202918,0.368025078369906,0.119182136668078,0.483862056659565,0.35742703028938,0.0435713386330733,0.0449999369690963,-0.0019697289530032,0.190424011563411,0.188145269384703,0.25,0.6,0.4,1.4,0.1,,,NaN,NaN,NaN,NaN,NaN,NaN,NaN,NaN,NaN,NaN,NaN,NaN,NaN,NaN
SimpleBaseline,100,burst_onsets,14,0.366386698459232,0.381288911324247,0.125685470137704,0.529929061817275,0.330741157818409,0.0435713264366087,0.0400000993784508,0.00636472673320031,0.176815511378027,0.167394331848524,0.25,0.6,0.4,1.4,0.15,,,NaN,NaN,NaN,NaN,NaN,NaN,NaN,NaN,NaN,NaN,NaN,NaN,NaN,NaN
SimpleBaseline,100,burst_onsets,14,0.294940135485627,0.29630916842753,0.156780725486601,0.19840579882632,0.860985557763545,0.0557141919314045,0.0599998744301204,-0.0365630850061871,0.371925338789216,0.366648167226333,0.25,0.7,0.3,0.4,0.03,,,NaN,NaN,NaN,NaN,NaN,NaN,NaN,NaN,NaN,NaN,NaN,NaN,NaN,NaN
SimpleBaseline,100,burst_onsets,14,0.331262252518185,0.35156633425573,0.156620892903387,0.226323372391747,0.853685604014596,0.0478570499724281,0.0499998953584337,-0.0282486691524748,0.426411925320274,0.433868339896636,0.25,0.7,0.3,0.4,0.05,,,NaN,NaN,NaN,NaN,NaN,NaN,NaN,NaN,NaN,NaN,NaN,NaN,NaN,NaN
SimpleBaseline,100,burst_onsets,14,0.362918541230371,0.385600362220311,0.159030359056058,0.253872822173501,0.840371285497847,0.0428570518064906,0.0399999515002072,-0.0192268886931405,0.44663262657979,0.452129296009508,0.25,0.7,0.3,0.4,0.08,,,NaN,NaN,NaN,NaN,NaN,NaN,NaN,NaN,NaN,NaN,NaN,NaN,NaN,NaN
SimpleBaseline,100,burst_onsets,14,0.375979988019201,0.411676659714981,0.161164362279949,0.266973435968655,0.830753534692708,0.0428570414828362,0.0400000569966051,-0.0149254003900453,0.443862932892013,0.449574670699857,0.25,0.7,0.3,0.4,0.1,,,NaN,NaN,NaN,NaN,NaN,NaN,NaN,NaN,NaN,NaN,NaN,NaN,NaN,NaN
SimpleBaseline,100,burst_onsets,14,0.389304036055192,0.429939508854976,0.156064458002725,0.291502386124507,0.754278017861499,0.0449999013038654,0.0400003790762141,-0.00279482401383436,0.396326598618689,0.395550531016044,0.25,0.7,0.3,0.4,0.15,,,NaN,NaN,NaN,NaN,NaN,NaN,NaN,NaN,NaN,NaN,NaN,NaN,NaN,NaN
SimpleBaseline,100,burst_onsets,14,0.313944058718959,0.33062816312977,0.162122194399479,0.218499221568135,0.827471734444797,0.0564284767326557,0.0599998744301204,-0.0346859709743402,0.360948007665049,0.366885637787949,0.25,0.7,0.3,0.5,0.03,,,NaN,NaN,NaN,NaN,NaN,NaN,NaN,NaN,NaN,NaN,NaN,NaN,NaN,NaN
SimpleBaseline,100,burst_onsets,14,0.350931028168174,0.372386315749148,0.16113920314418,0.248597677954395,0.819045303588613,0.0478570499724281,0.0499998953584337,-0.0267420538437757,0.411604316280952,0.42540263462733,0.25,0.7,0.3,0.5,0.05,,,NaN,NaN,NaN,NaN,NaN,NaN,NaN,NaN,NaN,NaN,NaN,NaN,NaN,NaN
SimpleBaseline,100,burst_onsets,14,0.382245622648789,0.407674023318195,0.162017172002025,0.277723569414754,0.806059932986279,0.0435713366077417,0.0400000569966051,-0.0182653030169626,0.42778416069407,0.42096408453585,0.25,0.7,0.3,0.5,0.08,,,NaN,NaN,NaN,NaN,NaN,NaN,NaN,NaN,NaN,NaN,NaN,NaN,NaN,NaN
SimpleBaseline,100,burst_onsets,14,0.394573988855792,0.427568524956525,0.163283382401441,0.291290978381903,0.795456257012974,0.0424999031941768,0.0400000569966051,-0.014331587717414,0.423607078965121,0.415737195670271,0.25,0.7,0.3,0.5,0.1,,,NaN,NaN,NaN,NaN,NaN,NaN,NaN,NaN,NaN,NaN,NaN,NaN,NaN,NaN
SimpleBaseline,100,burst_onsets,14,0.406638869821902,0.43606365790742,0.160515525096704,0.318224465480188,0.723167848001273,0.0453570395925248,0.0400003790762141,-0.00237093010757113,0.379609281711755,0.380405263210604,0.25,0.7,0.3,0.5,0.15,,,NaN,NaN,NaN,NaN,NaN,NaN,NaN,NaN,NaN,NaN,NaN,NaN,NaN,NaN
SimpleBaseline,100,burst_onsets,14,0.330491115361889,0.345286622537349,0.165869449077033,0.239600136815834,0.788173872849354,0.0564284767326557,0.0599998744301204,-0.0324191586847441,0.346551625321626,0.357415090194074,0.25,0.7,0.3,0.6,0.03,,,NaN,NaN,NaN,NaN,NaN,NaN,NaN,NaN,NaN,NaN,NaN,NaN,NaN,NaN
SimpleBaseline,100,burst_onsets,14,0.367212832665015,0.397844476969483,0.162571308019819,0.271512545483326,0.778410385093859,0.046785616799378,0.0499998953584337,-0.0247755216278617,0.39224516607214,0.403728983322418,0.25,0.7,0.3,0.6,0.05,,,NaN,NaN,NaN,NaN,NaN,NaN,NaN,NaN,NaN,NaN,NaN,NaN,NaN,NaN
SimpleBaseline,100,burst_onsets,14,0.398231498668467,0.436236789797886,0.162373474259368,0.302344238000167,0.767564949984931,0.0442856251767214,0.0400000993784508,-0.0168336361908612,0.407384391944719,0.405384899883694,0.25,0.7,0.3,0.6,0.08,,,NaN,NaN,NaN,NaN,NaN,NaN,NaN,NaN,NaN,NaN,NaN,NaN,NaN,NaN
SimpleBaseline,100,burst_onsets,14,0.408909006871663,0.446559603081342,0.16239523617994,0.316062626349805,0.75547614907192,0.042857053474497,0.0399999515002072,-0.0130622892276524,0.401396230469793,0.399028795676821,0.25,0.7,0.3,0.6,0.1,,,NaN,NaN,NaN,NaN,NaN,NaN,NaN,NaN,NaN,NaN,NaN,NaN,NaN,NaN
SimpleBaseline,100,burst_onsets,14,0.420725293652994,0.446232832011138,0.162553503757927,0.346908409514883,0.688696823243057,0.0457141778811842,0.0400003790762141,-0.00163427211024145,0.361090613394819,0.365791702553172,0.25,0.7,0.3,0.6,0.15,,,NaN,NaN,NaN,NaN,NaN,NaN,NaN,NaN,NaN,NaN,NaN,NaN,NaN,NaN
SimpleBaseline,100,burst_onsets,14,0.344368769366278,0.349478217184873,0.166660520730071,0.25995426168964,0.748438737275232,0.0539284870975861,0.0549995519800554,-0.0301033168021676,0.334063996290036,0.355578501525899,0.25,0.7,0.3,0.7,0.03,,,NaN,NaN,NaN,NaN,NaN,NaN,NaN,NaN,NaN,NaN,NaN,NaN,NaN,NaN
SimpleBaseline,100,burst_onsets,14,0.381334622176955,0.418735273165653,0.161387397452329,0.294155299761685,0.73887113282549,0.046785616799378,0.0499998953584337,-0.0226795413308821,0.373455853290304,0.387333283201318,0.25,0.7,0.3,0.7,0.05,,,NaN,NaN,NaN,NaN,NaN,NaN,NaN,NaN,NaN,NaN,NaN,NaN,NaN,NaN
SimpleBaseline,100,burst_onsets,14,0.41112242998254,0.453853902623696,0.160345402138814,0.326380949433019,0.726671128837923,0.0446427671157595,0.042500064472675,-0.0150054066038198,0.386220465578993,0.38901815466469,0.25,0.7,0.3,0.7,0.08,,,NaN,NaN,NaN,NaN,NaN,NaN,NaN,NaN,NaN,NaN,NaN,NaN,NaN,NaN
SimpleBaseline,100,burst_onsets,14,0.421617727593065,0.458804771531648,0.160814246957019,0.341427914357358,0.71566036547437,0.0435713300518158,0.0400000993784508,-0.0118981682357675,0.378980293973463,0.378739566549869,0.25,0.7,0.3,0.7,0.1,,,NaN,NaN,NaN,NaN,NaN,NaN,NaN,NaN,NaN,NaN,NaN,NaN,NaN,NaN
SimpleBaseline,100,burst_onsets,14,0.431217673726783,0.459388618707762,0.161455128399193,0.374470083075891,0.654005760293928,0.0457141778811842,0.0400003790762141,-0.00103859220596448,0.343490648162401,0.35091795726828,0.25,0.7,0.3,0.7,0.15,,,NaN,NaN,NaN,NaN,NaN,NaN,NaN,NaN,NaN,NaN,NaN,NaN,NaN,NaN
SimpleBaseline,100,burst_onsets,14,0.354331407703594,0.340798038279138,0.162646901509603,0.280108559019084,0.704632381397898,0.0524999238351519,0.0499998714653304,-0.0282986129561779,0.318872759921468,0.33995295959431,0.25,0.7,0.3,0.8,0.03,,,NaN,NaN,NaN,NaN,NaN,NaN,NaN,NaN,NaN,NaN,NaN,NaN,NaN,NaN
SimpleBaseline,100,burst_onsets,14,0.390402836601388,0.418048141162932,0.154878622137509,0.31579218697181,0.695587263711038,0.0464284785107186,0.0499997483112516,-0.0212249246545835,0.35377035606393,0.363192182048789,0.25,0.7,0.3,0.8,0.05,,,NaN,NaN,NaN,NaN,NaN,NaN,NaN,NaN,NaN,NaN,NaN,NaN,NaN,NaN
SimpleBaseline,100,burst_onsets,14,0.420402313888328,0.443157320043677,0.152985088264728,0.350893696686667,0.684548315016694,0.0442856324774787,0.0400000993784508,-0.0137415474635556,0.364695074861499,0.369602838519125,0.25,0.7,0.3,0.8,0.08,,,NaN,NaN,NaN,NaN,NaN,NaN,NaN,NaN,NaN,NaN,NaN,NaN,NaN,NaN
SimpleBaseline,100,burst_onsets,14,0.429960000867541,0.453347358578775,0.152887528284248,0.366584496977288,0.67325089394052,0.042857053474497,0.0399999515002072,-0.0108778547096956,0.356412856600156,0.35644236474215,0.25,0.7,0.3,0.8,0.1,,,NaN,NaN,NaN,NaN,NaN,NaN,NaN,NaN,NaN,NaN,NaN,NaN,NaN,NaN
SimpleBaseline,100,burst_onsets,14,0.438132854014136,0.442950500556174,0.155290329898921,0.402883485445456,0.616497821564895,0.0457141778811842,0.0400003790762141,-0.000408532726401366,0.324368673982261,0.324070811712033,0.25,0.7,0.3,0.8,0.15,,,NaN,NaN,NaN,NaN,NaN,NaN,NaN,NaN,NaN,NaN,NaN,NaN,NaN,NaN
SimpleBaseline,100,burst_onsets,14,0.364369446878774,0.339308357248998,0.163982818227238,0.302865043765488,0.665816485244171,0.0528570580118451,0.0549995519800554,-0.0261570096052995,0.307461834278912,0.327244819663088,0.25,0.7,0.3,0.9,0.03,,,NaN,NaN,NaN,NaN,NaN,NaN,NaN,NaN,NaN,NaN,NaN,NaN,NaN,NaN
SimpleBaseline,100,burst_onsets,14,0.399001814726363,0.403648031493161,0.153961477540627,0.339287739670316,0.656435768557703,0.0464284785107186,0.0499997483112516,-0.0190624292445282,0.338334039815604,0.346868805800083,0.25,0.7,0.3,0.9,0.05,,,NaN,NaN,NaN,NaN,NaN,NaN,NaN,NaN,NaN,NaN,NaN,NaN,NaN,NaN
SimpleBaseline,100,burst_onsets,14,0.427803566927778,0.435609659540776,0.15044033413211,0.375481729307867,0.646179839431506,0.0435713375930881,0.0400000993784508,-0.0117119159628864,0.344288522244594,0.347232885696562,0.25,0.7,0.3,0.9,0.08,,,NaN,NaN,NaN,NaN,NaN,NaN,NaN,NaN,NaN,NaN,NaN,NaN,NaN,NaN
SimpleBaseline,100,burst_onsets,14,0.438396788268817,0.442083469543424,0.149966936181487,0.393556877221227,0.636921207394334,0.0432141917631564,0.0400000993784508,-0.00933820687892806,0.336339776267983,0.340043064117501,0.25,0.7,0.3,0.9,0.1,,,NaN,NaN,NaN,NaN,NaN,NaN,NaN,NaN,NaN,NaN,NaN,NaN,NaN,NaN
SimpleBaseline,100,burst_onsets,14,0.444689198711969,0.443232146462947,0.152509851067147,0.431107172482874,0.584600880177799,0.0453570377014901,0.0400003790762141,0.00011221589697063,0.307621084946525,0.310046563919826,0.25,0.7,0.3,0.9,0.15,,,NaN,NaN,NaN,NaN,NaN,NaN,NaN,NaN,NaN,NaN,NaN,NaN,NaN,NaN
SimpleBaseline,100,burst_onsets,14,0.36824588447305,0.353576423798212,0.157571197949433,0.3232385599004,0.624096570932068,0.0524999147864459,0.0524999640884021,-0.0235532358893783,0.288991047033024,0.302412021798233,0.25,0.7,0.3,1,0.03,,,NaN,NaN,NaN,NaN,NaN,NaN,NaN,NaN,NaN,NaN,NaN,NaN,NaN,NaN
SimpleBaseline,100,burst_onsets,14,0.402083968407015,0.407069788588315,0.146424049592961,0.361254978537692,0.614712034215973,0.0464284785107186,0.0499997483112516,-0.0170420999041633,0.317405809259328,0.328074191360791,0.25,0.7,0.3,1,0.05,,,NaN,NaN,NaN,NaN,NaN,NaN,NaN,NaN,NaN,NaN,NaN,NaN,NaN,NaN
SimpleBaseline,100,burst_onsets,14,0.429662828899935,0.460213233587703,0.143468360631048,0.399179579273033,0.603421495184837,0.0432141961626044,0.0400000900138911,-0.0102264639515394,0.321883928623831,0.32843827125727,0.25,0.7,0.3,1,0.08,,,NaN,NaN,NaN,NaN,NaN,NaN,NaN,NaN,NaN,NaN,NaN,NaN,NaN,NaN
SimpleBaseline,100,burst_onsets,14,0.439764801619803,0.465627669811236,0.14261060442635,0.418242301092104,0.594925307455949,0.044285614853067,0.0400003790762141,-0.00789583243633639,0.314907743318966,0.318921975309301,0.25,0.7,0.3,1,0.1,,,NaN,NaN,NaN,NaN,NaN,NaN,NaN,NaN,NaN,NaN,NaN,NaN,NaN,NaN
SimpleBaseline,100,burst_onsets,14,0.442853248818094,0.457638935198938,0.146686702720042,0.455779472050237,0.54410583609925,0.0446427500796007,0.0399999256513067,0.00109175963971362,0.287480258795521,0.278913757623376,0.25,0.7,0.3,1,0.15,,,NaN,NaN,NaN,NaN,NaN,NaN,NaN,NaN,NaN,NaN,NaN,NaN,NaN,NaN
SimpleBaseline,100,burst_onsets,14,0.36799493553185,0.35814934010176,0.156072283289514,0.341928128211069,0.575585786704366,0.0521427733203907,0.0524999550838744,-0.0209977448510253,0.268235553324856,0.306670704459267,0.25,0.7,0.3,1.1,0.03,,,NaN,NaN,NaN,NaN,NaN,NaN,NaN,NaN,NaN,NaN,NaN,NaN,NaN,NaN
SimpleBaseline,100,burst_onsets,14,0.398927473289721,0.406711066247859,0.1445037730963,0.379579395612997,0.564893843664075,0.0467856222091007,0.0499998714653304,-0.0149115782383805,0.291262661892136,0.311767101552442,0.25,0.7,0.3,1.1,0.05,,,NaN,NaN,NaN,NaN,NaN,NaN,NaN,NaN,NaN,NaN,NaN,NaN,NaN,NaN
SimpleBaseline,100,burst_onsets,14,0.424611677219834,0.445848101265823,0.140627457858738,0.417892483630915,0.554059741411327,0.0442856205972382,0.0424999689484804,-0.00827715071840652,0.295859852840598,0.310561497934118,0.25,0.7,0.3,1.1,0.08,,,NaN,NaN,NaN,NaN,NaN,NaN,NaN,NaN,NaN,NaN,NaN,NaN,NaN,NaN
SimpleBaseline,100,burst_onsets,14,0.432868687699652,0.455569060773481,0.139807312810926,0.436201812576475,0.545839939006096,0.0449998997482518,0.0449999369690963,-0.006077448981248,0.289247576239871,0.297767045145654,0.25,0.7,0.3,1.1,0.1,,,NaN,NaN,NaN,NaN,NaN,NaN,NaN,NaN,NaN,NaN,NaN,NaN,NaN,NaN
SimpleBaseline,100,burst_onsets,14,0.4357930002597,0.450893157262905,0.146023238939335,0.476575520829332,0.50138627623748,0.0442856026374054,0.0399999256513067,0.00235935483845925,0.266351447040889,0.261464767285306,0.25,0.7,0.3,1.1,0.15,,,NaN,NaN,NaN,NaN,NaN,NaN,NaN,NaN,NaN,NaN,NaN,NaN,NaN,NaN
SimpleBaseline,100,burst_onsets,14,0.364079858812684,0.352797582955234,0.149311864503257,0.359755058785,0.532310404848382,0.0514284994856331,0.0499999615106079,-0.0202787371385832,0.250740747112493,0.282458029907935,0.25,0.7,0.3,1.2,0.03,,,NaN,NaN,NaN,NaN,NaN,NaN,NaN,NaN,NaN,NaN,NaN,NaN,NaN,NaN
SimpleBaseline,100,burst_onsets,14,0.39320034614874,0.390498770635757,0.1390188994439,0.397822115367607,0.521722522053925,0.0457142065292386,0.0499996159388237,-0.0145223098043901,0.271472486416389,0.285763797025221,0.25,0.7,0.3,1.2,0.05,,,NaN,NaN,NaN,NaN,NaN,NaN,NaN,NaN,NaN,NaN,NaN,NaN,NaN,NaN
SimpleBaseline,100,burst_onsets,14,0.416889033436855,0.42211492623061,0.135941488230173,0.436796884961633,0.511464020139358,0.042142781733532,0.039999916286747,-0.00843878011099504,0.274263584054907,0.288061497995943,0.25,0.7,0.3,1.2,0.08,,,NaN,NaN,NaN,NaN,NaN,NaN,NaN,NaN,NaN,NaN,NaN,NaN,NaN,NaN
SimpleBaseline,100,burst_onsets,14,0.423688016213076,0.441919529102825,0.136856554644832,0.454963322618025,0.502914457263659,0.043571340770913,0.0425000880836656,-0.00652023518351694,0.267325938885554,0.276603443310065,0.25,0.7,0.3,1.2,0.1,,,NaN,NaN,NaN,NaN,NaN,NaN,NaN,NaN,NaN,NaN,NaN,NaN,NaN,NaN
SimpleBaseline,100,burst_onsets,14,0.425210468186128,0.457966722153764,0.143809666483787,0.496102964202234,0.46167603590061,0.0435713261201288,0.0399999256513067,0.00164259553071413,0.246936967686054,0.249978117159835,0.25,0.7,0.3,1.2,0.15,,,NaN,NaN,NaN,NaN,NaN,NaN,NaN,NaN,NaN,NaN,NaN,NaN,NaN,NaN
SimpleBaseline,100,burst_onsets,14,0.359159120765144,0.343461548489043,0.144496922294442,0.376184429113456,0.490074720981995,0.0514284910520408,0.0549995519800554,-0.0194519987530467,0.232203598111082,0.259520832250583,0.25,0.7,0.3,1.3,0.03,,,NaN,NaN,NaN,NaN,NaN,NaN,NaN,NaN,NaN,NaN,NaN,NaN,NaN,NaN
SimpleBaseline,100,burst_onsets,14,0.386647283294095,0.378242916974624,0.133026840637802,0.414716547342996,0.480684200060367,0.0457142065292386,0.0499996159388237,-0.0136939032233353,0.24959496405316,0.262637075532545,0.25,0.7,0.3,1.3,0.05,,,NaN,NaN,NaN,NaN,NaN,NaN,NaN,NaN,NaN,NaN,NaN,NaN,NaN,NaN
SimpleBaseline,100,burst_onsets,14,0.407640266016503,0.406364989987848,0.128964903488671,0.453627772033823,0.469774752014808,0.0421427793880802,0.0400000900138911,-0.00769677692484786,0.252205493368739,0.259297569339462,0.25,0.7,0.3,1.3,0.08,,,NaN,NaN,NaN,NaN,NaN,NaN,NaN,NaN,NaN,NaN,NaN,NaN,NaN,NaN
SimpleBaseline,100,burst_onsets,14,0.413162310222007,0.423581685215036,0.129800024328225,0.470951852566617,0.462423549283286,0.0435713527450666,0.0400000708994085,-0.00581462828549462,0.246405449919912,0.248340123541453,0.25,0.7,0.3,1.3,0.1,,,NaN,NaN,NaN,NaN,NaN,NaN,NaN,NaN,NaN,NaN,NaN,NaN,NaN,NaN
SimpleBaseline,100,burst_onsets,14,0.416566177289395,0.441895869278392,0.136341566346237,0.515866075748376,0.429010695789223,0.0435713261201288,0.0399999256513067,0.00190733561319529,0.229438426128588,0.219975258782572,0.25,0.7,0.3,1.3,0.15,,,NaN,NaN,NaN,NaN,NaN,NaN,NaN,NaN,NaN,NaN,NaN,NaN,NaN,NaN
SimpleBaseline,100,burst_onsets,14,0.350127430063536,0.341705069124424,0.141830745665131,0.391007816364183,0.444396194120429,0.0510713460158604,0.0549996420253328,-0.018127815311225,0.21564493462522,0.242005320785092,0.25,0.7,0.3,1.4,0.03,,,NaN,NaN,NaN,NaN,NaN,NaN,NaN,NaN,NaN,NaN,NaN,NaN,NaN,NaN
SimpleBaseline,100,burst_onsets,14,0.375821900794372,0.369404375607849,0.132379347036247,0.429154305766823,0.435830747369913,0.0460713486265166,0.0499998714653304,-0.0125004778819144,0.228952973814843,0.243742166165214,0.25,0.7,0.3,1.4,0.05,,,NaN,NaN,NaN,NaN,NaN,NaN,NaN,NaN,NaN,NaN,NaN,NaN,NaN,NaN
SimpleBaseline,100,burst_onsets,14,0.39564994714335,0.397917048159678,0.129229377125693,0.4687064633254,0.42669338466229,0.0417856410489503,0.0400002244635526,-0.00644894608489678,0.229971739827819,0.24066471129195,0.25,0.7,0.3,1.4,0.08,,,NaN,NaN,NaN,NaN,NaN,NaN,NaN,NaN,NaN,NaN,NaN,NaN,NaN,NaN
SimpleBaseline,100,burst_onsets,14,0.39965296792693,0.402229561937487,0.130435530940898,0.485163388627968,0.419428747608453,0.0446427814926159,0.0475002245909703,-0.0046728502205887,0.22310174630997,0.227323811261233,0.25,0.7,0.3,1.4,0.1,,,NaN,NaN,NaN,NaN,NaN,NaN,NaN,NaN,NaN,NaN,NaN,NaN,NaN,NaN
SimpleBaseline,100,burst_onsets,14,0.401352191127079,0.406454651475733,0.136955045034558,0.53108480695814,0.387637695429987,0.0442856099982049,0.0400000993784508,0.00301427188587896,0.207349379622442,0.201356946403235,0.25,0.7,0.3,1.4,0.15,,,NaN,NaN,NaN,NaN,NaN,NaN,NaN,NaN,NaN,NaN,NaN,NaN,NaN,NaN
SimpleBaseline,100,burst_onsets,14,0.279886808482098,0.281603114670207,0.15363021263087,0.18370452285633,0.885636075747571,0.0557141961327526,0.0599998845317473,-0.0388891236806376,0.379925432936281,0.370199674636197,0.25,0.8,0.2,0.4,0.03,,,NaN,NaN,NaN,NaN,NaN,NaN,NaN,NaN,NaN,NaN,NaN,NaN,NaN,NaN
SimpleBaseline,100,burst_onsets,14,0.314777299879087,0.317568849419811,0.15414051674317,0.209463168145149,0.877937332366766,0.0478570581820195,0.0499998953584337,-0.0303018911309951,0.437212387345291,0.442768074994254,0.25,0.8,0.2,0.4,0.05,,,NaN,NaN,NaN,NaN,NaN,NaN,NaN,NaN,NaN,NaN,NaN,NaN,NaN,NaN
SimpleBaseline,100,burst_onsets,14,0.346512517769901,0.353114467039683,0.157905200089053,0.23556532408914,0.865863811109223,0.0421427651316914,0.0399999421356475,-0.0204182704485942,0.463717416505634,0.46439345975729,0.25,0.8,0.2,0.4,0.08,,,NaN,NaN,NaN,NaN,NaN,NaN,NaN,NaN,NaN,NaN,NaN,NaN,NaN,NaN
SimpleBaseline,100,burst_onsets,14,0.359035188167534,0.371633173394171,0.159605223045177,0.247513108374726,0.853591060712253,0.0428570496924277,0.0399999515002072,-0.0158119334258745,0.460156308662125,0.457647718569326,0.25,0.8,0.2,0.4,0.1,,,NaN,NaN,NaN,NaN,NaN,NaN,NaN,NaN,NaN,NaN,NaN,NaN,NaN,NaN
SimpleBaseline,100,burst_onsets,14,0.372156363440241,0.391878598747718,0.154774440813448,0.269980963977574,0.770414353128862,0.0460713212630864,0.0425000880836656,-0.00479989982376229,0.404490822070496,0.402574976408173,0.25,0.8,0.2,0.4,0.15,,,NaN,NaN,NaN,NaN,NaN,NaN,NaN,NaN,NaN,NaN,NaN,NaN,NaN,NaN
SimpleBaseline,100,burst_onsets,14,0.299617966078653,0.309081086980247,0.158096374359113,0.202589807482533,0.858866541485485,0.0546427678736343,0.0549998872835874,-0.0365619998217086,0.374020888345377,0.371197719925954,0.25,0.8,0.2,0.5,0.03,,,NaN,NaN,NaN,NaN,NaN,NaN,NaN,NaN,NaN,NaN,NaN,NaN,NaN,NaN
SimpleBaseline,100,burst_onsets,14,0.335650087414902,0.363137725627134,0.159039715633281,0.230590786726323,0.850394651593779,0.0478570499724281,0.0499998953584337,-0.0285410283611389,0.425209448102954,0.429018111942234,0.25,0.8,0.2,0.5,0.05,,,NaN,NaN,NaN,NaN,NaN,NaN,NaN,NaN,NaN,NaN,NaN,NaN,NaN,NaN
SimpleBaseline,100,burst_onsets,14,0.367207158092915,0.399815915681077,0.161906819093845,0.258195933642676,0.837689136585442,0.0428570477191815,0.0400000993784508,-0.0191094328059843,0.448431067054442,0.456677197332695,0.25,0.8,0.2,0.5,0.08,,,NaN,NaN,NaN,NaN,NaN,NaN,NaN,NaN,NaN,NaN,NaN,NaN,NaN,NaN
SimpleBaseline,100,burst_onsets,14,0.379990163708371,0.41504329004329,0.164139257599263,0.271242155723188,0.826640026373736,0.0417856247258233,0.0399999515002072,-0.0147882988749789,0.444455182821826,0.449931456144731,0.25,0.8,0.2,0.5,0.1,,,NaN,NaN,NaN,NaN,NaN,NaN,NaN,NaN,NaN,NaN,NaN,NaN,NaN,NaN
SimpleBaseline,100,burst_onsets,14,0.392651929789526,0.422925513983473,0.160245796112998,0.295677580757369,0.749677752834351,0.0460713196619823,0.0425001889532208,-0.00400132150483487,0.393214012753556,0.388354107096308,0.25,0.8,0.2,0.5,0.15,,,NaN,NaN,NaN,NaN,NaN,NaN,NaN,NaN,NaN,NaN,NaN,NaN,NaN,NaN
SimpleBaseline,100,burst_onsets,14,0.317674856909369,0.332457498146438,0.162709017314628,0.222637814206803,0.823697102390494,0.0539284912963155,0.0549995519800554,-0.0345021688131424,0.361861528754362,0.371993831769809,0.25,0.8,0.2,0.6,0.03,,,NaN,NaN,NaN,NaN,NaN,NaN,NaN,NaN,NaN,NaN,NaN,NaN,NaN,NaN
SimpleBaseline,100,burst_onsets,14,0.354305941305486,0.395513340675052,0.162722985932702,0.252828812272768,0.814456998717679,0.0471427733951092,0.0499997483112516,-0.026902904187002,0.408885568404195,0.417002070753702,0.25,0.8,0.2,0.6,0.05,,,NaN,NaN,NaN,NaN,NaN,NaN,NaN,NaN,NaN,NaN,NaN,NaN,NaN,NaN
SimpleBaseline,100,burst_onsets,14,0.383780903546129,0.427928208320365,0.163329447868248,0.280874258589026,0.798994403131123,0.0432141920036714,0.0400000993784508,-0.0179272022910533,0.426586940284401,0.419946607329733,0.25,0.8,0.2,0.6,0.08,,,NaN,NaN,NaN,NaN,NaN,NaN,NaN,NaN,NaN,NaN,NaN,NaN,NaN,NaN
SimpleBaseline,100,burst_onsets,14,0.396534089059365,0.439549323369829,0.165309788420201,0.294967627903288,0.789256867260287,0.0424999132948029,0.0399999515002072,-0.0135562224205866,0.423111487721414,0.409578567630294,0.25,0.8,0.2,0.6,0.1,,,NaN,NaN,NaN,NaN,NaN,NaN,NaN,NaN,NaN,NaN,NaN,NaN,NaN,NaN
SimpleBaseline,100,burst_onsets,14,0.406692192987237,0.437767949977923,0.163374266547738,0.320681948014394,0.716092786451977,0.0449999010139348,0.0400003790762141,-0.00320818784482869,0.375187437437605,0.371355754383022,0.25,0.8,0.2,0.6,0.15,,,NaN,NaN,NaN,NaN,NaN,NaN,NaN,NaN,NaN,NaN,NaN,NaN,NaN,NaN
SimpleBaseline,100,burst_onsets,14,0.332478872953146,0.348882540100107,0.163417198109815,0.24065677849257,0.788746990767862,0.0535713510226877,0.0549995519800554,-0.0321997147933858,0.348807979039297,0.361987860296738,0.25,0.8,0.2,0.7,0.03,,,NaN,NaN,NaN,NaN,NaN,NaN,NaN,NaN,NaN,NaN,NaN,NaN,NaN,NaN
SimpleBaseline,100,burst_onsets,14,0.368963723005976,0.418617301993261,0.162391934232418,0.272625212911364,0.778748142053936,0.0464284930357211,0.0499996159388237,-0.0246206342789925,0.392004250622935,0.398800015709179,0.25,0.8,0.2,0.7,0.05,,,NaN,NaN,NaN,NaN,NaN,NaN,NaN,NaN,NaN,NaN,NaN,NaN,NaN,NaN
SimpleBaseline,100,burst_onsets,14,0.39946782478873,0.445712429981549,0.164143984718248,0.303414064713155,0.766843960145434,0.0428570499329426,0.0399999447657893,-0.0163847004642566,0.408903975123948,0.397628561377366,0.25,0.8,0.2,0.7,0.08,,,NaN,NaN,NaN,NaN,NaN,NaN,NaN,NaN,NaN,NaN,NaN,NaN,NaN,NaN
SimpleBaseline,100,burst_onsets,14,0.409790803868664,0.452466465592507,0.16473420212153,0.316978998402439,0.754293713164216,0.0435713344936788,0.0400000993784508,-0.0125610837204562,0.402495454218564,0.395016444722433,0.25,0.8,0.2,0.7,0.1,,,NaN,NaN,NaN,NaN,NaN,NaN,NaN,NaN,NaN,NaN,NaN,NaN,NaN,NaN
SimpleBaseline,100,burst_onsets,14,0.417475984663451,0.442766826356711,0.164669082222981,0.344370108139697,0.683311356492558,0.0457141810833923,0.0400003790762141,-0.00261686106725621,0.357471840162478,0.357857040413901,0.25,0.8,0.2,0.7,0.15,,,NaN,NaN,NaN,NaN,NaN,NaN,NaN,NaN,NaN,NaN,NaN,NaN,NaN,NaN
SimpleBaseline,100,burst_onsets,14,0.347120638867929,0.359613348933088,0.165378622642886,0.262385980815646,0.750320205622956,0.0528570624537081,0.0549995519800554,-0.0295027001236939,0.33780674307945,0.352076694355571,0.25,0.8,0.2,0.8,0.03,,,NaN,NaN,NaN,NaN,NaN,NaN,NaN,NaN,NaN,NaN,NaN,NaN,NaN,NaN
SimpleBaseline,100,burst_onsets,14,0.382975169049735,0.431561649107185,0.162137953826287,0.295935010882188,0.740778774761742,0.0464284785107186,0.0499997483112516,-0.0222722909073994,0.375653317035184,0.381066877193843,0.25,0.8,0.2,0.8,0.05,,,NaN,NaN,NaN,NaN,NaN,NaN,NaN,NaN,NaN,NaN,NaN,NaN,NaN,NaN
SimpleBaseline,100,burst_onsets,14,0.411994315219454,0.455359136772438,0.162172173939522,0.327606057570633,0.728696877402783,0.0435713302923308,0.0400000993784508,-0.0142606469965725,0.38901073078444,0.375223369502219,0.25,0.8,0.2,0.8,0.08,,,NaN,NaN,NaN,NaN,NaN,NaN,NaN,NaN,NaN,NaN,NaN,NaN,NaN,NaN
SimpleBaseline,100,burst_onsets,14,0.421824927932866,0.461751336898396,0.162647089270691,0.342142116910438,0.716728610458864,0.043928476274477,0.0400003790762141,-0.0110446771227566,0.379810303733783,0.36574532431403,0.25,0.8,0.2,0.8,0.1,,,NaN,NaN,NaN,NaN,NaN,NaN,NaN,NaN,NaN,NaN,NaN,NaN,NaN,NaN
SimpleBaseline,100,burst_onsets,14,0.42771487700012,0.452675464634624,0.163375934808021,0.372019680144939,0.650863282275539,0.0457141810833923,0.0400003790762141,-0.00196782755795428,0.340187924597645,0.344137225375861,0.25,0.8,0.2,0.8,0.15,,,NaN,NaN,NaN,NaN,NaN,NaN,NaN,NaN,NaN,NaN,NaN,NaN,NaN,NaN
SimpleBaseline,100,burst_onsets,14,0.357280246016938,0.360022267929083,0.161797505675245,0.282885093317133,0.708542650398828,0.0521427817644231,0.0524995839594395,-0.0279708737276261,0.322369216674021,0.33697539658424,0.25,0.8,0.2,0.9,0.03,,,NaN,NaN,NaN,NaN,NaN,NaN,NaN,NaN,NaN,NaN,NaN,NaN,NaN,NaN
SimpleBaseline,100,burst_onsets,14,0.392395235820868,0.428787094547964,0.156711677306595,0.318056772683281,0.698597600302545,0.0464284785107186,0.0499997483112516,-0.0208473951060705,0.355995156894432,0.358823829009754,0.25,0.8,0.2,0.9,0.05,,,NaN,NaN,NaN,NaN,NaN,NaN,NaN,NaN,NaN,NaN,NaN,NaN,NaN,NaN
SimpleBaseline,100,burst_onsets,14,0.420027999122164,0.459315574179387,0.155682525488063,0.351195414779206,0.685457487767228,0.042857053715012,0.0399999447657893,-0.0130527235398851,0.367068138077842,0.360677860559627,0.25,0.8,0.2,0.9,0.08,,,NaN,NaN,NaN,NaN,NaN,NaN,NaN,NaN,NaN,NaN,NaN,NaN,NaN,NaN
SimpleBaseline,100,burst_onsets,14,0.430173532055553,0.47055246223527,0.157311605642601,0.367375226133106,0.67487977874815,0.0432141996971582,0.0400000993784508,-0.0102598668397793,0.359195339740645,0.345509637059525,0.25,0.8,0.2,0.9,0.1,,,NaN,NaN,NaN,NaN,NaN,NaN,NaN,NaN,NaN,NaN,NaN,NaN,NaN,NaN
SimpleBaseline,100,burst_onsets,14,0.434426094265034,0.455586427549044,0.159020978816457,0.399921853494246,0.615010561451111,0.0457141810833923,0.0400003790762141,-0.00147930395901169,0.322389450121834,0.321685749778383,0.25,0.8,0.2,0.9,0.15,,,NaN,NaN,NaN,NaN,NaN,NaN,NaN,NaN,NaN,NaN,NaN,NaN,NaN,NaN
SimpleBaseline,100,burst_onsets,14,0.36565119259088,0.34710225353472,0.161563131011851,0.302822837875893,0.670776892131661,0.0532142033113312,0.0599995391265884,-0.0260705547805537,0.308405984675969,0.322352067008336,0.25,0.8,0.2,1,0.03,,,NaN,NaN,NaN,NaN,NaN,NaN,NaN,NaN,NaN,NaN,NaN,NaN,NaN,NaN
SimpleBaseline,100,burst_onsets,14,0.398968068789511,0.418581716435026,0.154531405198295,0.338325832699204,0.660613361010391,0.0471427622305548,0.0499997483112516,-0.01923935022591,0.336774239012149,0.348038917028289,0.25,0.8,0.2,1,0.05,,,NaN,NaN,NaN,NaN,NaN,NaN,NaN,NaN,NaN,NaN,NaN,NaN,NaN,NaN
SimpleBaseline,100,burst_onsets,14,0.425501557327015,0.441871076744731,0.153400385502067,0.372836441128939,0.647627799280737,0.0449998990655917,0.0449999369690963,-0.0117971696070855,0.34580729623712,0.338981974171416,0.25,0.8,0.2,1,0.08,,,NaN,NaN,NaN,NaN,NaN,NaN,NaN,NaN,NaN,NaN,NaN,NaN,NaN,NaN
SimpleBaseline,100,burst_onsets,14,0.435143799694568,0.448376765886886,0.153754433382768,0.389607209501457,0.638229392154921,0.0442856180552751,0.0400003790762141,-0.00952548300993797,0.339500504671072,0.329936396727109,0.25,0.8,0.2,1,0.1,,,NaN,NaN,NaN,NaN,NaN,NaN,NaN,NaN,NaN,NaN,NaN,NaN,NaN,NaN
SimpleBaseline,100,burst_onsets,14,0.439069578042846,0.440822602344801,0.156840054925843,0.424673686436763,0.583713617928274,0.0457141810833923,0.0400003790762141,-0.000969090451352802,0.306035540088684,0.305785566447436,0.25,0.8,0.2,1,0.15,,,NaN,NaN,NaN,NaN,NaN,NaN,NaN,NaN,NaN,NaN,NaN,NaN,NaN,NaN
SimpleBaseline,100,burst_onsets,14,0.370825347284104,0.362259401735496,0.158818813666431,0.324345567346497,0.629231035370368,0.0521427776524569,0.0549995519800554,-0.0244820535783334,0.292188053342833,0.309461833648729,0.25,0.8,0.2,1.1,0.03,,,NaN,NaN,NaN,NaN,NaN,NaN,NaN,NaN,NaN,NaN,NaN,NaN,NaN,NaN
SimpleBaseline,100,burst_onsets,14,0.402396321395677,0.410201819925047,0.149989597465488,0.36078703342215,0.618108421586499,0.0464284820294066,0.0499998714653304,-0.0182068941289872,0.317928532648423,0.323616712912991,0.25,0.8,0.2,1.1,0.05,,,NaN,NaN,NaN,NaN,NaN,NaN,NaN,NaN,NaN,NaN,NaN,NaN,NaN,NaN
SimpleBaseline,100,burst_onsets,14,0.42735679333031,0.452296476631711,0.146997787123784,0.395793591083508,0.606650189573708,0.0428570582508086,0.039999916286747,-0.0111697178082162,0.325886133132329,0.321032134034077,0.25,0.8,0.2,1.1,0.08,,,NaN,NaN,NaN,NaN,NaN,NaN,NaN,NaN,NaN,NaN,NaN,NaN,NaN,NaN
SimpleBaseline,100,burst_onsets,14,0.436399416740336,0.455899863964808,0.147006816705402,0.413428358276835,0.597211011028358,0.0435713428115448,0.0400000708994085,-0.00891944597830707,0.318587276147189,0.309390926906702,0.25,0.8,0.2,1.1,0.1,,,NaN,NaN,NaN,NaN,NaN,NaN,NaN,NaN,NaN,NaN,NaN,NaN,NaN,NaN
SimpleBaseline,100,burst_onsets,14,0.439623954076012,0.447655054460347,0.152689238852135,0.451519143027717,0.546564081504111,0.0453570393025942,0.0400003790762141,-0.000234706106994073,0.287995691950927,0.2856933985798,0.25,0.8,0.2,1.1,0.15,,,NaN,NaN,NaN,NaN,NaN,NaN,NaN,NaN,NaN,NaN,NaN,NaN,NaN,NaN
SimpleBaseline,100,burst_onsets,14,0.371685253520013,0.367884464689018,0.15425375970504,0.341315085142979,0.589191521503289,0.0514284912016585,0.0499999615106079,-0.0219740313985956,0.275450737978047,0.309090506142446,0.25,0.8,0.2,1.2,0.03,,,NaN,NaN,NaN,NaN,NaN,NaN,NaN,NaN,NaN,NaN,NaN,NaN,NaN,NaN
SimpleBaseline,100,burst_onsets,14,0.402076873964646,0.415902479250498,0.144865276281285,0.37873003860198,0.578875819561712,0.0460713400903685,0.0499996159388237,-0.0159838206527471,0.297322160168777,0.311838767791793,0.25,0.8,0.2,1.2,0.05,,,NaN,NaN,NaN,NaN,NaN,NaN,NaN,NaN,NaN,NaN,NaN,NaN,NaN,NaN
SimpleBaseline,100,burst_onsets,14,0.426428521326758,0.456309072781655,0.141930687140185,0.41564164541908,0.568508287888284,0.042499911620867,0.0400000476320454,-0.00881708949314381,0.306990398073012,0.306403408391916,0.25,0.8,0.2,1.2,0.08,,,NaN,NaN,NaN,NaN,NaN,NaN,NaN,NaN,NaN,NaN,NaN,NaN,NaN,NaN
SimpleBaseline,100,burst_onsets,14,0.433671454685902,0.46055497382199,0.142171322639429,0.433053976969057,0.55815983086531,0.0435713428115448,0.0400000708994085,-0.00672205143078691,0.299155868999278,0.296947993050815,0.25,0.8,0.2,1.2,0.1,,,NaN,NaN,NaN,NaN,NaN,NaN,NaN,NaN,NaN,NaN,NaN,NaN,NaN,NaN
SimpleBaseline,100,burst_onsets,14,0.434891735507451,0.451844004656577,0.148919417460462,0.470946218556576,0.511902800323741,0.044999897521796,0.0400000993784508,0.0010196539185626,0.270116431719593,0.265008779860026,0.25,0.8,0.2,1.2,0.15,,,NaN,NaN,NaN,NaN,NaN,NaN,NaN,NaN,NaN,NaN,NaN,NaN,NaN,NaN
SimpleBaseline,100,burst_onsets,14,0.369740778066201,0.356743805087957,0.148696672559277,0.357826659481771,0.546400918181412,0.0517856414246712,0.0524999550838744,-0.0211356992442894,0.256988054777024,0.292568239929426,0.25,0.8,0.2,1.3,0.03,,,NaN,NaN,NaN,NaN,NaN,NaN,NaN,NaN,NaN,NaN,NaN,NaN,NaN,NaN
SimpleBaseline,100,burst_onsets,14,0.398000707256954,0.406575722679895,0.139059398227872,0.395718679750973,0.535914782073966,0.0449999299519198,0.0450000580459415,-0.0151441727492914,0.276540948102732,0.292822742855418,0.25,0.8,0.2,1.3,0.05,,,NaN,NaN,NaN,NaN,NaN,NaN,NaN,NaN,NaN,NaN,NaN,NaN,NaN,NaN
SimpleBaseline,100,burst_onsets,14,0.420680494683942,0.435173284435533,0.136319483182417,0.433440789208269,0.526145994017236,0.0428570656116081,0.0400000900138911,-0.0084544213804355,0.283003726095433,0.286918321532223,0.25,0.8,0.2,1.3,0.08,,,NaN,NaN,NaN,NaN,NaN,NaN,NaN,NaN,NaN,NaN,NaN,NaN,NaN,NaN
SimpleBaseline,100,burst_onsets,14,0.426715139109364,0.442509272697952,0.136838861356079,0.450073550004629,0.517495590850073,0.0435713501723444,0.0400003790762141,-0.00634327401408908,0.276323099934311,0.276370010297985,0.25,0.8,0.2,1.3,0.1,,,NaN,NaN,NaN,NaN,NaN,NaN,NaN,NaN,NaN,NaN,NaN,NaN,NaN,NaN
SimpleBaseline,100,burst_onsets,14,0.426770982392295,0.444063274251954,0.14429769281441,0.489842306244311,0.474598116986365,0.045357047330188,0.0425002309612592,0.000603210672865316,0.25086558136428,0.24984079543133,0.25,0.8,0.2,1.3,0.15,,,NaN,NaN,NaN,NaN,NaN,NaN,NaN,NaN,NaN,NaN,NaN,NaN,NaN,NaN
SimpleBaseline,100,burst_onsets,14,0.362266886912417,0.356407388072687,0.144938300047328,0.373509734993346,0.498420866317532,0.051428496713438,0.0549995519800554,-0.0194929225455002,0.23614356440393,0.270458332650508,0.25,0.8,0.2,1.4,0.03,,,NaN,NaN,NaN,NaN,NaN,NaN,NaN,NaN,NaN,NaN,NaN,NaN,NaN,NaN
SimpleBaseline,100,burst_onsets,14,0.389238194655325,0.388950136552337,0.135410536575469,0.411514740242158,0.489274768428892,0.0446427881711217,0.0450000580459415,-0.0134703690357937,0.253757746537291,0.270458332650508,0.25,0.8,0.2,1.4,0.05,,,NaN,NaN,NaN,NaN,NaN,NaN,NaN,NaN,NaN,NaN,NaN,NaN,NaN,NaN
SimpleBaseline,100,burst_onsets,14,0.410367150345965,0.418045784601129,0.132808066900121,0.45037063612848,0.480095442147323,0.0421427820500119,0.0400000900138911,-0.00707505486077689,0.259203360003499,0.26439929913647,0.25,0.8,0.2,1.4,0.08,,,NaN,NaN,NaN,NaN,NaN,NaN,NaN,NaN,NaN,NaN,NaN,NaN,NaN,NaN
SimpleBaseline,100,burst_onsets,14,0.41469925301061,0.431452991452991,0.13388193320216,0.465813001965273,0.471966064779174,0.0435713501723444,0.0400003790762141,-0.00537436294401273,0.253959424751085,0.250982135302352,0.25,0.8,0.2,1.4,0.1,,,NaN,NaN,NaN,NaN,NaN,NaN,NaN,NaN,NaN,NaN,NaN,NaN,NaN,NaN
SimpleBaseline,100,burst_onsets,14,0.415888485580937,0.44196048043394,0.139101069524128,0.506816665798228,0.437124876606088,0.0446427634521118,0.0400003790762141,0.00124895207436941,0.232858656408098,0.227443122761886,0.25,0.8,0.2,1.4,0.15,,,NaN,NaN,NaN,NaN,NaN,NaN,NaN,NaN,NaN,NaN,NaN,NaN,NaN,NaN
SimpleBaseline,100,burst_onsets,14,0.262869066763875,0.258896993810787,0.148691247271844,0.16960565959098,0.895364256345299,0.0564284800108287,0.0599998845317473,-0.0403593312968315,0.379003452069076,0.365923914298762,0.25,0.9,0.1,0.4,0.03,,,NaN,NaN,NaN,NaN,NaN,NaN,NaN,NaN,NaN,NaN,NaN,NaN,NaN,NaN
SimpleBaseline,100,burst_onsets,14,0.29583842741106,0.283622007131941,0.14848308321516,0.193062964783541,0.888327606488304,0.0492856291935541,0.0499999037764561,-0.0317477750560779,0.440444851984726,0.442267977206946,0.25,0.9,0.1,0.4,0.05,,,NaN,NaN,NaN,NaN,NaN,NaN,NaN,NaN,NaN,NaN,NaN,NaN,NaN,NaN
SimpleBaseline,100,burst_onsets,14,0.326384838070465,0.309650446207353,0.15198593665548,0.21711769080365,0.876762455449171,0.0428570496924277,0.0399999515002072,-0.0216822444069627,0.468382501112196,0.47093801482329,0.25,0.9,0.1,0.4,0.08,,,NaN,NaN,NaN,NaN,NaN,NaN,NaN,NaN,NaN,NaN,NaN,NaN,NaN,NaN
SimpleBaseline,100,burst_onsets,14,0.338561512859625,0.327978473998295,0.153644080514551,0.228211801084919,0.86291273600284,0.0428570496924277,0.0399999515002072,-0.0169783540431438,0.464370519303484,0.463755003210462,0.25,0.9,0.1,0.4,0.1,,,NaN,NaN,NaN,NaN,NaN,NaN,NaN,NaN,NaN,NaN,NaN,NaN,NaN,NaN
SimpleBaseline,100,burst_onsets,14,0.353142806202904,0.351131330775251,0.150159986489841,0.249614293856853,0.779921700733726,0.044999897521796,0.0400000993784508,-0.0060880854157228,0.408920885390051,0.411002917626607,0.25,0.9,0.1,0.4,0.15,,,NaN,NaN,NaN,NaN,NaN,NaN,NaN,NaN,NaN,NaN,NaN,NaN,NaN,NaN
SimpleBaseline,100,burst_onsets,14,0.28326517885415,0.290847026151354,0.154272529911024,0.187185326420342,0.874573053661136,0.0553570538523844,0.0599998845317473,-0.0385454020059993,0.376799107099489,0.369482812488747,0.25,0.9,0.1,0.5,0.03,,,NaN,NaN,NaN,NaN,NaN,NaN,NaN,NaN,NaN,NaN,NaN,NaN,NaN,NaN
SimpleBaseline,100,burst_onsets,14,0.317799312334202,0.324754386946847,0.154702593640839,0.212951161720991,0.866424105098053,0.0485713427427558,0.0499999037764561,-0.0301507694543909,0.432852489171146,0.438178887239446,0.25,0.9,0.1,0.5,0.05,,,NaN,NaN,NaN,NaN,NaN,NaN,NaN,NaN,NaN,NaN,NaN,NaN,NaN,NaN
SimpleBaseline,100,burst_onsets,14,0.348886127108812,0.355286492311955,0.158089705476704,0.238855165780742,0.854647016481516,0.0435713344936788,0.0400000993784508,-0.0205365089292591,0.456177179077865,0.460019627198208,0.25,0.9,0.1,0.5,0.08,,,NaN,NaN,NaN,NaN,NaN,NaN,NaN,NaN,NaN,NaN,NaN,NaN,NaN,NaN
SimpleBaseline,100,burst_onsets,14,0.360852643998011,0.368776605589487,0.159520270539922,0.250621498272892,0.84153221653982,0.0428570496924277,0.0399999515002072,-0.0159532931304886,0.451575897203125,0.456019605269487,0.25,0.9,0.1,0.5,0.1,,,NaN,NaN,NaN,NaN,NaN,NaN,NaN,NaN,NaN,NaN,NaN,NaN,NaN,NaN
SimpleBaseline,100,burst_onsets,14,0.373992301365705,0.389780763790665,0.155624786460813,0.273146477341324,0.762046676298477,0.044999897521796,0.0400000993784508,-0.00567948349331176,0.399149594661336,0.402163568772568,0.25,0.9,0.1,0.5,0.15,,,NaN,NaN,NaN,NaN,NaN,NaN,NaN,NaN,NaN,NaN,NaN,NaN,NaN,NaN
SimpleBaseline,100,burst_onsets,14,0.301485147014579,0.321144278606965,0.157132035232607,0.204956691578377,0.849362206788672,0.0549999115720163,0.0599998744301204,-0.0361921333616727,0.373339687280719,0.374257746919885,0.25,0.9,0.1,0.6,0.03,,,NaN,NaN,NaN,NaN,NaN,NaN,NaN,NaN,NaN,NaN,NaN,NaN,NaN,NaN
SimpleBaseline,100,burst_onsets,14,0.337025152977271,0.366519155477465,0.158013729131921,0.23287359325563,0.839867055789774,0.0464284930357211,0.0499996159388237,-0.0281671801870573,0.423289812383218,0.434721469471897,0.25,0.9,0.1,0.6,0.05,,,NaN,NaN,NaN,NaN,NaN,NaN,NaN,NaN,NaN,NaN,NaN,NaN,NaN,NaN
SimpleBaseline,100,burst_onsets,14,0.367541056837157,0.404110071800613,0.160771802956814,0.259829407976029,0.826495604185974,0.0432141962050194,0.0400000993784508,-0.0189915265520755,0.442587745409787,0.442387826344655,0.25,0.9,0.1,0.6,0.08,,,NaN,NaN,NaN,NaN,NaN,NaN,NaN,NaN,NaN,NaN,NaN,NaN,NaN,NaN
SimpleBaseline,100,burst_onsets,14,0.379153059837314,0.414387161911068,0.162405081476615,0.271996712890784,0.814754896985464,0.0428570496924277,0.0399999515002072,-0.0151103046035775,0.436373109908532,0.439244972856585,0.25,0.9,0.1,0.6,0.1,,,NaN,NaN,NaN,NaN,NaN,NaN,NaN,NaN,NaN,NaN,NaN,NaN,NaN,NaN
SimpleBaseline,100,burst_onsets,14,0.391307012832262,0.417849898580122,0.160002104426015,0.296139974222173,0.739302107743584,0.044999897521796,0.0400000993784508,-0.00536769195816215,0.38614312562748,0.380213055910913,0.25,0.9,0.1,0.6,0.15,,,NaN,NaN,NaN,NaN,NaN,NaN,NaN,NaN,NaN,NaN,NaN,NaN,NaN,NaN
SimpleBaseline,100,burst_onsets,14,0.318503547130124,0.338240315421238,0.160383393235947,0.223541223837844,0.818236242422781,0.0542856349946975,0.0599995391265884,-0.0341542529361777,0.360908386787084,0.371505871247359,0.25,0.9,0.1,0.7,0.03,,,NaN,NaN,NaN,NaN,NaN,NaN,NaN,NaN,NaN,NaN,NaN,NaN,NaN,NaN
SimpleBaseline,100,burst_onsets,14,0.354325772313899,0.399505383055079,0.161404829070655,0.253371504522053,0.80832805665321,0.0464284930357211,0.0499996159388237,-0.0266127613020651,0.406531976427965,0.415292235316672,0.25,0.9,0.1,0.7,0.05,,,NaN,NaN,NaN,NaN,NaN,NaN,NaN,NaN,NaN,NaN,NaN,NaN,NaN,NaN
SimpleBaseline,100,burst_onsets,14,0.383551210881231,0.430273271470268,0.164181111962939,0.281410646210556,0.793449682307492,0.0432141962050194,0.0400000993784508,-0.017930340749494,0.42273662652332,0.415195347807809,0.25,0.9,0.1,0.7,0.08,,,NaN,NaN,NaN,NaN,NaN,NaN,NaN,NaN,NaN,NaN,NaN,NaN,NaN,NaN
SimpleBaseline,100,burst_onsets,14,0.395599586147142,0.436411924119241,0.16630937028084,0.294875537232256,0.783809186638295,0.0435713344936788,0.0400000993784508,-0.0142217890162931,0.416826084204109,0.411862003568504,0.25,0.9,0.1,0.7,0.1,,,NaN,NaN,NaN,NaN,NaN,NaN,NaN,NaN,NaN,NaN,NaN,NaN,NaN,NaN
SimpleBaseline,100,burst_onsets,14,0.405412770850424,0.436373276776246,0.164971250949139,0.320595688060351,0.709771516353658,0.044999897521796,0.0400000993784508,-0.00480710289029786,0.368891417953803,0.360258742676781,0.25,0.9,0.1,0.7,0.15,,,NaN,NaN,NaN,NaN,NaN,NaN,NaN,NaN,NaN,NaN,NaN,NaN,NaN,NaN
SimpleBaseline,100,burst_onsets,14,0.333777856128233,0.356810757711952,0.163358201730834,0.24194133064714,0.786321899541128,0.0542856349007639,0.0599995391265884,-0.0314845723419403,0.351090028295695,0.362896535523034,0.25,0.9,0.1,0.8,0.03,,,NaN,NaN,NaN,NaN,NaN,NaN,NaN,NaN,NaN,NaN,NaN,NaN,NaN,NaN
SimpleBaseline,100,burst_onsets,14,0.369280428513384,0.41492828062701,0.162984369522387,0.27339262547788,0.775744517772272,0.0457141981513304,0.0499996159388237,-0.024148090011312,0.392192273792386,0.395267871345928,0.25,0.9,0.1,0.8,0.05,,,NaN,NaN,NaN,NaN,NaN,NaN,NaN,NaN,NaN,NaN,NaN,NaN,NaN,NaN
SimpleBaseline,100,burst_onsets,14,0.397503507052347,0.441746315644651,0.164223711756363,0.302536861798297,0.760863174197354,0.0435713344936788,0.0400000993784508,-0.0162303514758777,0.404898545350817,0.384758616997225,0.25,0.9,0.1,0.8,0.08,,,NaN,NaN,NaN,NaN,NaN,NaN,NaN,NaN,NaN,NaN,NaN,NaN,NaN,NaN
SimpleBaseline,100,burst_onsets,14,0.408070286070531,0.447124719940254,0.165341158549671,0.315884386094271,0.750110675258349,0.0435713344936788,0.0400000993784508,-0.0126556540055081,0.397807034387048,0.382556461851542,0.25,0.9,0.1,0.8,0.1,,,NaN,NaN,NaN,NaN,NaN,NaN,NaN,NaN,NaN,NaN,NaN,NaN,NaN,NaN
SimpleBaseline,100,burst_onsets,14,0.414900460631989,0.439957548349223,0.165433082796519,0.342879513817871,0.677850576528126,0.044999897521796,0.0400000993784508,-0.00335664378462466,0.352526013918129,0.352060667652882,0.25,0.9,0.1,0.8,0.15,,,NaN,NaN,NaN,NaN,NaN,NaN,NaN,NaN,NaN,NaN,NaN,NaN,NaN,NaN
SimpleBaseline,100,burst_onsets,14,0.346909710878205,0.369331772122069,0.162812192615725,0.261629903849214,0.751573585195456,0.052857061530533,0.0599995391265884,-0.0296385205298064,0.338949179034071,0.354688269775477,0.25,0.9,0.1,0.9,0.03,,,NaN,NaN,NaN,NaN,NaN,NaN,NaN,NaN,NaN,NaN,NaN,NaN,NaN,NaN
SimpleBaseline,100,burst_onsets,14,0.382239254941352,0.436218465590914,0.162066827583634,0.29499152966219,0.740512370647716,0.0457141981513304,0.0499996159388237,-0.022357544844486,0.375734220364001,0.376655075740532,0.25,0.9,0.1,0.9,0.05,,,NaN,NaN,NaN,NaN,NaN,NaN,NaN,NaN,NaN,NaN,NaN,NaN,NaN,NaN
SimpleBaseline,100,burst_onsets,14,0.408966316603074,0.455665729367076,0.162508501842804,0.324839734951237,0.725649802643383,0.04285705791636,0.0399999256513067,-0.0148160185125183,0.387556865261096,0.372962929283811,0.25,0.9,0.1,0.9,0.08,,,NaN,NaN,NaN,NaN,NaN,NaN,NaN,NaN,NaN,NaN,NaN,NaN,NaN,NaN
SimpleBaseline,100,burst_onsets,14,0.418927705532581,0.462091404358353,0.16371921233714,0.339104215869362,0.71470475300478,0.04285705791636,0.0399999256513067,-0.0116419125859985,0.379408790696925,0.366341889536784,0.25,0.9,0.1,0.9,0.1,,,NaN,NaN,NaN,NaN,NaN,NaN,NaN,NaN,NaN,NaN,NaN,NaN,NaN,NaN
SimpleBaseline,100,burst_onsets,14,0.42409289797877,0.453473492364069,0.165298204380255,0.367581033132433,0.648824348668893,0.0460713230224304,0.0425001989223365,-0.0030932345534574,0.337245771327387,0.334627034073378,0.25,0.9,0.1,0.9,0.15,,,NaN,NaN,NaN,NaN,NaN,NaN,NaN,NaN,NaN,NaN,NaN,NaN,NaN,NaN
SimpleBaseline,100,burst_onsets,14,0.356644577098051,0.374765736187242,0.162121609959802,0.281573510240998,0.711263289065956,0.0521427776524569,0.0549995519800554,-0.0271545287788256,0.323452664870931,0.335612619597602,0.25,0.9,0.1,1,0.03,,,NaN,NaN,NaN,NaN,NaN,NaN,NaN,NaN,NaN,NaN,NaN,NaN,NaN,NaN
SimpleBaseline,100,burst_onsets,14,0.390236446113012,0.433155702417797,0.158811372042578,0.315448611276442,0.699984965603108,0.0457141981513304,0.0499996159388237,-0.0205194057407491,0.355642567116724,0.35439073095226,0.25,0.9,0.1,1,0.05,,,NaN,NaN,NaN,NaN,NaN,NaN,NaN,NaN,NaN,NaN,NaN,NaN,NaN,NaN
SimpleBaseline,100,burst_onsets,14,0.416333408609284,0.464602523321816,0.158343287219604,0.347042356002359,0.685963809639108,0.0439284847505829,0.0400003790762141,-0.0129796025745148,0.364940822424332,0.356566203305049,0.25,0.9,0.1,1,0.08,,,NaN,NaN,NaN,NaN,NaN,NaN,NaN,NaN,NaN,NaN,NaN,NaN,NaN,NaN
SimpleBaseline,100,burst_onsets,14,0.426121433958882,0.469984534242773,0.160707144044624,0.362713980841969,0.674863295706111,0.04285705791636,0.0399999256513067,-0.0101418998136889,0.357215932966242,0.344158779727703,0.25,0.9,0.1,1,0.1,,,NaN,NaN,NaN,NaN,NaN,NaN,NaN,NaN,NaN,NaN,NaN,NaN,NaN,NaN
SimpleBaseline,100,burst_onsets,14,0.429945855920061,0.459054630072637,0.162636927884482,0.392910462891955,0.615587905155632,0.0460713231806703,0.0425001889532208,-0.00211279890631751,0.320225722352485,0.315361704208008,0.25,0.9,0.1,1,0.15,,,NaN,NaN,NaN,NaN,NaN,NaN,NaN,NaN,NaN,NaN,NaN,NaN,NaN,NaN
SimpleBaseline,100,burst_onsets,14,0.364242878990136,0.362919620664554,0.159653063269816,0.299070071342904,0.674270482912641,0.052499919591495,0.0574995455533219,-0.0261546039390889,0.310538057869517,0.319950347887547,0.25,0.9,0.1,1.1,0.03,,,NaN,NaN,NaN,NaN,NaN,NaN,NaN,NaN,NaN,NaN,NaN,NaN,NaN,NaN
SimpleBaseline,100,burst_onsets,14,0.396600921240193,0.428190497047563,0.154357774176852,0.33402481076791,0.663360904401703,0.0457141981513304,0.0499996159388237,-0.0197074278040359,0.339096507614564,0.34373639008615,0.25,0.9,0.1,1.1,0.05,,,NaN,NaN,NaN,NaN,NaN,NaN,NaN,NaN,NaN,NaN,NaN,NaN,NaN,NaN
SimpleBaseline,100,burst_onsets,14,0.42252640022113,0.44206008583691,0.154589503425197,0.367895733360846,0.650887784357605,0.044285626689621,0.0400003790762141,-0.0124567555530518,0.347721729914836,0.344095353758952,0.25,0.9,0.1,1.1,0.08,,,NaN,NaN,NaN,NaN,NaN,NaN,NaN,NaN,NaN,NaN,NaN,NaN,NaN,NaN
SimpleBaseline,100,burst_onsets,14,0.431011770975095,0.446130374818449,0.155755366950364,0.383282882435229,0.640496245824635,0.0432142003639524,0.0400000708994085,-0.0101236986209534,0.340631171552756,0.32832098588805,0.25,0.9,0.1,1.1,0.1,,,NaN,NaN,NaN,NaN,NaN,NaN,NaN,NaN,NaN,NaN,NaN,NaN,NaN,NaN
SimpleBaseline,100,burst_onsets,14,0.434304904531001,0.438320720720721,0.159596932923677,0.416464027248286,0.586397795166779,0.0453570393025942,0.0400003790762141,-0.00210522205127559,0.306117504132402,0.302895625865634,0.25,0.9,0.1,1.1,0.15,,,NaN,NaN,NaN,NaN,NaN,NaN,NaN,NaN,NaN,NaN,NaN,NaN,NaN,NaN
SimpleBaseline,100,burst_onsets,14,0.372688116699049,0.361022005774484,0.157430326071938,0.322376005671797,0.638909403486638,0.0521427776524569,0.0549995519800554,-0.024582710765643,0.295234489035563,0.306913274373372,0.25,0.9,0.1,1.2,0.03,,,NaN,NaN,NaN,NaN,NaN,NaN,NaN,NaN,NaN,NaN,NaN,NaN,NaN,NaN
SimpleBaseline,100,burst_onsets,14,0.403900491095686,0.417792105951032,0.150481430601915,0.358289025313942,0.628445917576736,0.0457141981513304,0.0499996159388237,-0.01841895623907,0.320226864692409,0.321697082559794,0.25,0.9,0.1,1.2,0.05,,,NaN,NaN,NaN,NaN,NaN,NaN,NaN,NaN,NaN,NaN,NaN,NaN,NaN,NaN
SimpleBaseline,100,burst_onsets,14,0.428546377569732,0.442735042735043,0.149020266802618,0.393161471070094,0.616828193787934,0.044285626689621,0.0400003790762141,-0.0112908201807356,0.328592736777784,0.318118835841281,0.25,0.9,0.1,1.2,0.08,,,NaN,NaN,NaN,NaN,NaN,NaN,NaN,NaN,NaN,NaN,NaN,NaN,NaN,NaN
SimpleBaseline,100,burst_onsets,14,0.435697236731648,0.446446813356034,0.149373183308068,0.408234733003704,0.606207945244075,0.0439284847505829,0.0400003790762141,-0.00926700582081976,0.321353018615739,0.310272263467007,0.25,0.9,0.1,1.2,0.1,,,NaN,NaN,NaN,NaN,NaN,NaN,NaN,NaN,NaN,NaN,NaN,NaN,NaN,NaN
SimpleBaseline,100,burst_onsets,14,0.438133359535371,0.438702948705793,0.155127318946555,0.443709986023097,0.555171745854844,0.0457141813998722,0.0400003790762141,-0.00159401213652702,0.289447098521227,0.285219287737081,0.25,0.9,0.1,1.2,0.15,,,NaN,NaN,NaN,NaN,NaN,NaN,NaN,NaN,NaN,NaN,NaN,NaN,NaN,NaN
SimpleBaseline,100,burst_onsets,14,0.372437118518271,0.358830815780735,0.155671857430576,0.339038082870636,0.594749016772472,0.0521427776524569,0.0549995519800554,-0.0237329874822625,0.276559432499504,0.300845350317934,0.25,0.9,0.1,1.3,0.03,,,NaN,NaN,NaN,NaN,NaN,NaN,NaN,NaN,NaN,NaN,NaN,NaN,NaN,NaN
SimpleBaseline,100,burst_onsets,14,0.401684331913549,0.404890585651369,0.147392948979488,0.375073999591071,0.584688745858815,0.0457141981513304,0.0499996159388237,-0.0182187712745,0.29940598338774,0.308710902451597,0.25,0.9,0.1,1.3,0.05,,,NaN,NaN,NaN,NaN,NaN,NaN,NaN,NaN,NaN,NaN,NaN,NaN,NaN,NaN
SimpleBaseline,100,burst_onsets,14,0.424143010292394,0.451042647344689,0.145132354541691,0.410371275552611,0.573198543140999,0.0435713417944362,0.0400000993784508,-0.0109645675790926,0.306541068892653,0.300302286921298,0.25,0.9,0.1,1.3,0.08,,,NaN,NaN,NaN,NaN,NaN,NaN,NaN,NaN,NaN,NaN,NaN,NaN,NaN,NaN
SimpleBaseline,100,burst_onsets,14,0.430259145822661,0.454729294971964,0.145531142276308,0.425641941453607,0.562507707274695,0.0435713428115448,0.0400000708994085,-0.00908593644824463,0.298574675734439,0.292182488812952,0.25,0.9,0.1,1.3,0.1,,,NaN,NaN,NaN,NaN,NaN,NaN,NaN,NaN,NaN,NaN,NaN,NaN,NaN,NaN
SimpleBaseline,100,burst_onsets,14,0.432477340041066,0.446398232347685,0.151588410167775,0.464131402411673,0.517717571482254,0.044999897521796,0.0400000993784508,-0.000918676978802086,0.270290852026751,0.26793789976544,0.25,0.9,0.1,1.3,0.15,,,NaN,NaN,NaN,NaN,NaN,NaN,NaN,NaN,NaN,NaN,NaN,NaN,NaN,NaN
SimpleBaseline,100,burst_onsets,14,0.369039191144613,0.358367728798635,0.149656726401658,0.352010925367486,0.554457305597415,0.0510713579097811,0.0524999640884021,-0.0222313767455023,0.259428790645957,0.286754515030134,0.25,0.9,0.1,1.4,0.03,,,NaN,NaN,NaN,NaN,NaN,NaN,NaN,NaN,NaN,NaN,NaN,NaN,NaN,NaN
SimpleBaseline,100,burst_onsets,14,0.396898173110908,0.403243093045411,0.140991829783908,0.3884111756769,0.54459673874522,0.044285645056735,0.0450000580459415,-0.0166912737418188,0.278954172192082,0.287190632493363,0.25,0.9,0.1,1.4,0.05,,,NaN,NaN,NaN,NaN,NaN,NaN,NaN,NaN,NaN,NaN,NaN,NaN,NaN,NaN
SimpleBaseline,100,burst_onsets,14,0.418181819007936,0.437887215664993,0.139229896300552,0.424335424354286,0.534120283669755,0.0435713501723444,0.0400003790762141,-0.00976365052777878,0.285876342087627,0.281563278202089,0.25,0.9,0.1,1.4,0.08,,,NaN,NaN,NaN,NaN,NaN,NaN,NaN,NaN,NaN,NaN,NaN,NaN,NaN,NaN
SimpleBaseline,100,burst_onsets,14,0.423383096636762,0.44727366255144,0.139584909254164,0.43966237838611,0.523783968050038,0.0435713501723444,0.0400003790762141,-0.00782363375409389,0.278821438785064,0.272213972037885,0.25,0.9,0.1,1.4,0.1,,,NaN,NaN,NaN,NaN,NaN,NaN,NaN,NaN,NaN,NaN,NaN,NaN,NaN,NaN
SimpleBaseline,100,burst_onsets,14,0.425368588819281,0.441694219471997,0.145088727650454,0.478524259396624,0.484821372344574,0.0457141897777804,0.0450001924956031,-0.000559289006764691,0.25440222896384,0.245761670135176,0.25,0.9,0.1,1.4,0.15,,,NaN,NaN,NaN,NaN,NaN,NaN,NaN,NaN,NaN,NaN,NaN,NaN,NaN,NaN
SimpleBaseline,100,burst_onsets,14,0.317700572442861,0.324086466723196,0.154110685003713,0.228436062048791,0.763276022762772,0.0592856153334804,0.0599998845317473,-0.0329008547751352,0.324347497362979,0.316007476243091,0.3,0.5,0.5,0.4,0.03,,,NaN,NaN,NaN,NaN,NaN,NaN,NaN,NaN,NaN,NaN,NaN,NaN,NaN,NaN
SimpleBaseline,100,burst_onsets,14,0.356600800620698,0.389142324784185,0.147034458309983,0.262326746929385,0.756803315915503,0.0492856070284039,0.0499998714653304,-0.0261388877202122,0.36749291230389,0.387297582292237,0.3,0.5,0.5,0.4,0.05,,,NaN,NaN,NaN,NaN,NaN,NaN,NaN,NaN,NaN,NaN,NaN,NaN,NaN,NaN
SimpleBaseline,100,burst_onsets,14,0.391525099461468,0.415921185012788,0.145477471562257,0.297750381675143,0.746321059696675,0.0435713149951844,0.0400002022447069,-0.0160245825228125,0.396637785492325,0.406187168378406,0.3,0.5,0.5,0.4,0.08,,,NaN,NaN,NaN,NaN,NaN,NaN,NaN,NaN,NaN,NaN,NaN,NaN,NaN,NaN
SimpleBaseline,100,burst_onsets,14,0.402727436466787,0.431331818673591,0.145106081565802,0.312416009678421,0.733712004424884,0.0442856035641641,0.0449998004179567,-0.0115359858725873,0.388908648374107,0.400858452825588,0.3,0.5,0.5,0.4,0.1,,,NaN,NaN,NaN,NaN,NaN,NaN,NaN,NaN,NaN,NaN,NaN,NaN,NaN,NaN
SimpleBaseline,100,burst_onsets,14,0.415266740293128,0.450192663573909,0.141450495159207,0.34367690579391,0.67537140001571,0.0478570182713858,0.0499998603885351,-0.00227442919215993,0.346000893501596,0.353503427524795,0.3,0.5,0.5,0.4,0.15,,,NaN,NaN,NaN,NaN,NaN,NaN,NaN,NaN,NaN,NaN,NaN,NaN,NaN,NaN
SimpleBaseline,100,burst_onsets,14,0.32821780600209,0.307649325518061,0.155395448141342,0.246471273642872,0.71833003364444,0.0578570542554676,0.0599998744301204,-0.0313768617211468,0.3102148350475,0.301161155801995,0.3,0.5,0.5,0.5,0.03,,,NaN,NaN,NaN,NaN,NaN,NaN,NaN,NaN,NaN,NaN,NaN,NaN,NaN,NaN
SimpleBaseline,100,burst_onsets,14,0.366577966980432,0.38639475743349,0.145031089718036,0.281790567873791,0.711709181139835,0.047857045950391,0.0499998714653304,-0.0248562953448759,0.347729601485936,0.363578739852765,0.3,0.5,0.5,0.5,0.05,,,NaN,NaN,NaN,NaN,NaN,NaN,NaN,NaN,NaN,NaN,NaN,NaN,NaN,NaN
SimpleBaseline,100,burst_onsets,14,0.401568743251091,0.433171365845011,0.141006286256462,0.319289116161931,0.703018401984337,0.0428570384779078,0.0400000543664632,-0.0147117981375835,0.376857789620404,0.385168970942166,0.3,0.5,0.5,0.5,0.08,,,NaN,NaN,NaN,NaN,NaN,NaN,NaN,NaN,NaN,NaN,NaN,NaN,NaN,NaN
SimpleBaseline,100,burst_onsets,14,0.411584010344705,0.448727853961263,0.140139981704739,0.333940255332968,0.689651263392405,0.0428570405960891,0.0399999950573868,-0.0104333374707812,0.368079284044525,0.38202604435836,0.3,0.5,0.5,0.5,0.1,,,NaN,NaN,NaN,NaN,NaN,NaN,NaN,NaN,NaN,NaN,NaN,NaN,NaN,NaN
SimpleBaseline,100,burst_onsets,14,0.421868648527144,0.449079959852794,0.134741744076873,0.366440993366494,0.633934670660025,0.0464284623861506,0.0499998603885351,-0.00135863563946238,0.325839543180072,0.327201863313693,0.3,0.5,0.5,0.5,0.15,,,NaN,NaN,NaN,NaN,NaN,NaN,NaN,NaN,NaN,NaN,NaN,NaN,NaN,NaN
SimpleBaseline,100,burst_onsets,14,0.33685930510932,0.309831866968027,0.154939832858986,0.265466193183171,0.67191088039378,0.0578570542554676,0.0599998744301204,-0.0292472327642791,0.290098096359298,0.290836003976593,0.3,0.5,0.5,0.6,0.03,,,NaN,NaN,NaN,NaN,NaN,NaN,NaN,NaN,NaN,NaN,NaN,NaN,NaN,NaN
SimpleBaseline,100,burst_onsets,14,0.374691265376682,0.369311564090878,0.1419306565532,0.302457669029282,0.664787118114806,0.047857045950391,0.0499998714653304,-0.023107398944638,0.323484847555184,0.335984007731246,0.3,0.5,0.5,0.6,0.05,,,NaN,NaN,NaN,NaN,NaN,NaN,NaN,NaN,NaN,NaN,NaN,NaN,NaN,NaN
SimpleBaseline,100,burst_onsets,14,0.407105750382083,0.426626287025208,0.134939227291751,0.340550593126428,0.653997056773411,0.0442856071572351,0.0449999348918627,-0.0134997606357597,0.34868555229428,0.346246901711815,0.3,0.5,0.5,0.6,0.08,,,NaN,NaN,NaN,NaN,NaN,NaN,NaN,NaN,NaN,NaN,NaN,NaN,NaN,NaN
SimpleBaseline,100,burst_onsets,14,0.417508742732569,0.439595339902088,0.133605324191644,0.356518285042488,0.642827862738695,0.0439284667308668,0.0424999224039722,-0.00932254043406666,0.341287103612054,0.343895612236312,0.3,0.5,0.5,0.6,0.1,,,NaN,NaN,NaN,NaN,NaN,NaN,NaN,NaN,NaN,NaN,NaN,NaN,NaN,NaN
SimpleBaseline,100,burst_onsets,14,0.425410198758106,0.449211749087288,0.127702249040734,0.390086087846949,0.590767086302699,0.0471427417541092,0.0499998603885351,-0.000703363337041449,0.303196361032444,0.299015627323049,0.3,0.5,0.5,0.6,0.15,,,NaN,NaN,NaN,NaN,NaN,NaN,NaN,NaN,NaN,NaN,NaN,NaN,NaN,NaN
SimpleBaseline,100,burst_onsets,14,0.340043349709447,0.312977922711807,0.155919071218067,0.281867177734429,0.625002631925607,0.0599998930518918,0.0599998457583965,-0.0284920671437754,0.270340658279039,0.271936893966834,0.3,0.5,0.5,0.7,0.03,,,NaN,NaN,NaN,NaN,NaN,NaN,NaN,NaN,NaN,NaN,NaN,NaN,NaN,NaN
SimpleBaseline,100,burst_onsets,14,0.377971285838205,0.372525726295285,0.140326296544055,0.320579698139086,0.620762203146589,0.0485713179575501,0.0499998603885351,-0.0218556769004701,0.302331876076238,0.31573909334576,0.3,0.5,0.5,0.7,0.05,,,NaN,NaN,NaN,NaN,NaN,NaN,NaN,NaN,NaN,NaN,NaN,NaN,NaN,NaN
SimpleBaseline,100,burst_onsets,14,0.409712617401703,0.436620195165259,0.131750598045938,0.360585731290225,0.610056435891403,0.0464284396197891,0.0499995904571374,-0.0125338134832119,0.32510990494829,0.323947697770258,0.3,0.5,0.5,0.7,0.08,,,NaN,NaN,NaN,NaN,NaN,NaN,NaN,NaN,NaN,NaN,NaN,NaN,NaN,NaN
SimpleBaseline,100,burst_onsets,14,0.417511497881444,0.447688590413247,0.130304784346668,0.375839221680076,0.596383106727481,0.0457141677333738,0.0499995904571374,-0.0084556726215203,0.316754079423055,0.317408325923098,0.3,0.5,0.5,0.7,0.1,,,NaN,NaN,NaN,NaN,NaN,NaN,NaN,NaN,NaN,NaN,NaN,NaN,NaN,NaN
SimpleBaseline,100,burst_onsets,14,0.423945103348301,0.444338977597233,0.123185929192052,0.410752542438215,0.54966111780809,0.0482141602104239,0.0499998603885351,-0.00064364463571884,0.28220196011195,0.272903324514408,0.3,0.5,0.5,0.7,0.15,,,NaN,NaN,NaN,NaN,NaN,NaN,NaN,NaN,NaN,NaN,NaN,NaN,NaN,NaN
SimpleBaseline,100,burst_onsets,14,0.338344158915119,0.30303459021273,0.155162227762112,0.297473275150514,0.570507261144303,0.0589284716470972,0.0599998457583965,-0.0266030330568514,0.249761326870497,0.248462024399507,0.3,0.5,0.5,0.8,0.03,,,NaN,NaN,NaN,NaN,NaN,NaN,NaN,NaN,NaN,NaN,NaN,NaN,NaN,NaN
SimpleBaseline,100,burst_onsets,14,0.374314083916482,0.366697979913698,0.138808864089982,0.336582054260391,0.565349580286234,0.0482141761767519,0.0499997483112516,-0.0194286683668554,0.277865926602602,0.296946149994042,0.3,0.5,0.5,0.8,0.05,,,NaN,NaN,NaN,NaN,NaN,NaN,NaN,NaN,NaN,NaN,NaN,NaN,NaN,NaN
SimpleBaseline,100,burst_onsets,14,0.402215300946557,0.414685927491847,0.129836194709586,0.375238476288361,0.553847548738034,0.0457141555586229,0.0499993583108388,-0.0114587888318505,0.296292112277931,0.302945943302155,0.3,0.5,0.5,0.8,0.08,,,NaN,NaN,NaN,NaN,NaN,NaN,NaN,NaN,NaN,NaN,NaN,NaN,NaN,NaN
SimpleBaseline,100,burst_onsets,14,0.40873712092517,0.42051841533621,0.128915289454047,0.390254554546268,0.541167833128501,0.0453570218406095,0.0474996493440921,-0.00745869604798994,0.288296716609796,0.298615384150914,0.3,0.5,0.5,0.8,0.1,,,NaN,NaN,NaN,NaN,NaN,NaN,NaN,NaN,NaN,NaN,NaN,NaN,NaN,NaN
SimpleBaseline,100,burst_onsets,14,0.414349627466712,0.431086103654759,0.121697881303208,0.427010317265309,0.498552193401867,0.048571302149462,0.0499998714653304,0.000437229557279084,0.257137406810454,0.248805540818704,0.3,0.5,0.5,0.8,0.15,,,NaN,NaN,NaN,NaN,NaN,NaN,NaN,NaN,NaN,NaN,NaN,NaN,NaN,NaN
SimpleBaseline,100,burst_onsets,14,0.332080726205626,0.299604642173728,0.14664106767945,0.310320403857875,0.522318079919693,0.0582141916376819,0.0599998457583965,-0.025434499998816,0.228803327267789,0.237468388379739,0.3,0.5,0.5,0.9,0.03,,,NaN,NaN,NaN,NaN,NaN,NaN,NaN,NaN,NaN,NaN,NaN,NaN,NaN,NaN
SimpleBaseline,100,burst_onsets,14,0.366145934048878,0.360343623824539,0.130601548208157,0.349529949504673,0.516890066622846,0.0478570417567534,0.0499998714653304,-0.018246857979988,0.257505225844956,0.270206072495187,0.3,0.5,0.5,0.9,0.05,,,NaN,NaN,NaN,NaN,NaN,NaN,NaN,NaN,NaN,NaN,NaN,NaN,NaN,NaN
SimpleBaseline,100,burst_onsets,14,0.393458725049926,0.395557380196187,0.122071756976942,0.3893134391756,0.506679634452575,0.0446427369192181,0.0474996223655571,-0.0108156472385671,0.271001409901685,0.274062803167987,0.3,0.5,0.5,0.9,0.08,,,NaN,NaN,NaN,NaN,NaN,NaN,NaN,NaN,NaN,NaN,NaN,NaN,NaN,NaN
SimpleBaseline,100,burst_onsets,14,0.400187106672506,0.401807905941343,0.121595191924397,0.405317348599079,0.495980224116021,0.0457141671867209,0.0499995904571374,-0.0072671651419105,0.264746721660366,0.269615623579971,0.3,0.5,0.5,0.9,0.1,,,NaN,NaN,NaN,NaN,NaN,NaN,NaN,NaN,NaN,NaN,NaN,NaN,NaN,NaN
SimpleBaseline,100,burst_onsets,14,0.405255827551762,0.415206174871703,0.115589720897718,0.445076049481608,0.457376563788693,0.0471427420705891,0.0499998714653304,0.00117905727370784,0.236675754971791,0.230885323235237,0.3,0.5,0.5,0.9,0.15,,,NaN,NaN,NaN,NaN,NaN,NaN,NaN,NaN,NaN,NaN,NaN,NaN,NaN,NaN
SimpleBaseline,100,burst_onsets,14,0.321986150400354,0.299456737457466,0.137295039812794,0.321737784588547,0.477607879899827,0.0574999160053941,0.0599995391265884,-0.0236978698540293,0.211184825259587,0.213608259783244,0.3,0.5,0.5,1,0.03,,,NaN,NaN,NaN,NaN,NaN,NaN,NaN,NaN,NaN,NaN,NaN,NaN,NaN,NaN
SimpleBaseline,100,burst_onsets,14,0.35431605060167,0.357927373762831,0.122053690577328,0.360385425682599,0.473620610557252,0.0485713266519382,0.0499998714653304,-0.0165419045734491,0.23622145547002,0.240806426991066,0.3,0.5,0.5,1,0.05,,,NaN,NaN,NaN,NaN,NaN,NaN,NaN,NaN,NaN,NaN,NaN,NaN,NaN,NaN
SimpleBaseline,100,burst_onsets,14,0.379798041089748,0.388753408852528,0.11501430220668,0.400446140282848,0.463736362698267,0.04428559498018,0.0449998025194348,-0.00960988521794617,0.247804086324403,0.245076383489569,0.3,0.5,0.5,1,0.08,,,NaN,NaN,NaN,NaN,NaN,NaN,NaN,NaN,NaN,NaN,NaN,NaN,NaN,NaN
SimpleBaseline,100,burst_onsets,14,0.387212859504572,0.390791561379797,0.113686239793546,0.418005662344669,0.453188453246318,0.0457141754106533,0.0499997483112516,-0.00616654338184074,0.240651385980686,0.243521767306604,0.3,0.5,0.5,1,0.1,,,NaN,NaN,NaN,NaN,NaN,NaN,NaN,NaN,NaN,NaN,NaN,NaN,NaN,NaN
SimpleBaseline,100,burst_onsets,14,0.389669332193478,0.401739364929549,0.110154361465012,0.456855671416559,0.418545736913744,0.0478570256321854,0.0499998714653304,0.00217065698263199,0.216673582938506,0.208877170346722,0.3,0.5,0.5,1,0.15,,,NaN,NaN,NaN,NaN,NaN,NaN,NaN,NaN,NaN,NaN,NaN,NaN,NaN,NaN
SimpleBaseline,100,burst_onsets,14,0.315588248308236,0.294226436818081,0.131359673680788,0.334034325807542,0.44096350887005,0.0567856171292948,0.0599998457583965,-0.0212390581822425,0.197382709708263,0.204738384918389,0.3,0.5,0.5,1.1,0.03,,,NaN,NaN,NaN,NaN,NaN,NaN,NaN,NaN,NaN,NaN,NaN,NaN,NaN,NaN
SimpleBaseline,100,burst_onsets,14,0.347596119160683,0.333718590231698,0.11630049538807,0.37438250932826,0.43763986585955,0.0471427531877737,0.0499997483112516,-0.0142548122937148,0.218539459891615,0.222600227910516,0.3,0.5,0.5,1.1,0.05,,,NaN,NaN,NaN,NaN,NaN,NaN,NaN,NaN,NaN,NaN,NaN,NaN,NaN,NaN
SimpleBaseline,100,burst_onsets,14,0.371584979134868,0.366987466298719,0.109295781445778,0.415170906430954,0.428312627570013,0.0449998788582562,0.0499994580847094,-0.00756428911229091,0.229365719982196,0.225768255718457,0.3,0.5,0.5,1.1,0.08,,,NaN,NaN,NaN,NaN,NaN,NaN,NaN,NaN,NaN,NaN,NaN,NaN,NaN,NaN
SimpleBaseline,100,burst_onsets,14,0.377646551958804,0.373648841493474,0.10875325234941,0.432246685259673,0.418506857483237,0.0453570288980615,0.0499995904571374,-0.00452724067440001,0.221782944175404,0.221458823337453,0.3,0.5,0.5,1.1,0.1,,,NaN,NaN,NaN,NaN,NaN,NaN,NaN,NaN,NaN,NaN,NaN,NaN,NaN,NaN
SimpleBaseline,100,burst_onsets,14,0.378820639761666,0.376478196046967,0.106512400215495,0.472801992612851,0.384098657648588,0.0478570256321854,0.0499998714653304,0.00329363462007533,0.199003025288839,0.188720595964331,0.3,0.5,0.5,1.1,0.15,,,NaN,NaN,NaN,NaN,NaN,NaN,NaN,NaN,NaN,NaN,NaN,NaN,NaN,NaN
SimpleBaseline,100,burst_onsets,14,0.298054307668405,0.262328884184295,0.120506876247751,0.339618132225948,0.392291199667621,0.0560713303813314,0.0599995391265884,-0.0200808900864286,0.178894845209623,0.183378513604275,0.3,0.5,0.5,1.2,0.03,,,NaN,NaN,NaN,NaN,NaN,NaN,NaN,NaN,NaN,NaN,NaN,NaN,NaN,NaN
SimpleBaseline,100,burst_onsets,14,0.327779253310646,0.317438160634303,0.107947549788805,0.379459776487908,0.388914524511477,0.0474998962046202,0.0499995904571374,-0.0132716676975506,0.19624389833135,0.199880084607862,0.3,0.5,0.5,1.2,0.05,,,NaN,NaN,NaN,NaN,NaN,NaN,NaN,NaN,NaN,NaN,NaN,NaN,NaN,NaN
SimpleBaseline,100,burst_onsets,14,0.34916589537591,0.336299411732366,0.104789045594984,0.419736835761387,0.378112411460143,0.044285594057005,0.0449998025194348,-0.00610316506865122,0.203029556070231,0.199494186546339,0.3,0.5,0.5,1.2,0.08,,,NaN,NaN,NaN,NaN,NaN,NaN,NaN,NaN,NaN,NaN,NaN,NaN,NaN,NaN
SimpleBaseline,100,burst_onsets,14,0.353259676966622,0.341664267706507,0.104891626061361,0.435479550605683,0.368903181087035,0.0442856060486659,0.0449999001918273,-0.00334424049184006,0.19574525533034,0.196011202657674,0.3,0.5,0.5,1.2,0.1,,,NaN,NaN,NaN,NaN,NaN,NaN,NaN,NaN,NaN,NaN,NaN,NaN,NaN,NaN
SimpleBaseline,100,burst_onsets,14,0.353372555633539,0.348024017160467,0.103350966997586,0.476622017385249,0.339709854336152,0.0478570256321854,0.0499998714653304,0.00398425309186386,0.176792922343395,0.164110988715835,0.3,0.5,0.5,1.2,0.15,,,NaN,NaN,NaN,NaN,NaN,NaN,NaN,NaN,NaN,NaN,NaN,NaN,NaN,NaN
SimpleBaseline,100,burst_onsets,14,0.28060678917653,0.259177213198321,0.110979960600383,0.343056146119449,0.349053231563606,0.0560713355431586,0.0599995391265884,-0.0188995530715585,0.158209235072816,0.166401580229392,0.3,0.5,0.5,1.3,0.03,,,NaN,NaN,NaN,NaN,NaN,NaN,NaN,NaN,NaN,NaN,NaN,NaN,NaN,NaN
SimpleBaseline,100,burst_onsets,14,0.307048383431401,0.298088545050099,0.10313591613705,0.381845346723038,0.344668659681697,0.0489284668912075,0.0499997806223773,-0.0125028428971891,0.172874457744165,0.182216420452397,0.3,0.5,0.5,1.3,0.05,,,NaN,NaN,NaN,NaN,NaN,NaN,NaN,NaN,NaN,NaN,NaN,NaN,NaN,NaN
SimpleBaseline,100,burst_onsets,14,0.326842413316322,0.331464013438429,0.104224304665636,0.422442564321992,0.335223489631362,0.0449998826259847,0.0499994580847094,-0.00558904364496665,0.178601776839296,0.182078674824918,0.3,0.5,0.5,1.3,0.08,,,NaN,NaN,NaN,NaN,NaN,NaN,NaN,NaN,NaN,NaN,NaN,NaN,NaN,NaN
SimpleBaseline,100,burst_onsets,14,0.32888499089404,0.334730878857048,0.104917731528088,0.436071144395567,0.325927523100577,0.0453570373689373,0.0449999001918273,-0.0026916137238525,0.171293229755275,0.178359662927529,0.3,0.5,0.5,1.3,0.1,,,NaN,NaN,NaN,NaN,NaN,NaN,NaN,NaN,NaN,NaN,NaN,NaN,NaN,NaN
SimpleBaseline,100,burst_onsets,14,0.32921068470092,0.355841637732786,0.103026159693357,0.480060907033091,0.30154525095274,0.0467855937687702,0.0499997483112516,0.00493506018636131,0.156308548301436,0.150204380699788,0.3,0.5,0.5,1.3,0.15,,,NaN,NaN,NaN,NaN,NaN,NaN,NaN,NaN,NaN,NaN,NaN,NaN,NaN,NaN
SimpleBaseline,100,burst_onsets,14,0.268711060421409,0.244731811356331,0.110214595285612,0.353399132914341,0.314360958859645,0.0560713376438326,0.0599995391265884,-0.0168270080431868,0.142193410301486,0.144899061067198,0.3,0.5,0.5,1.4,0.03,,,NaN,NaN,NaN,NaN,NaN,NaN,NaN,NaN,NaN,NaN,NaN,NaN,NaN,NaN
SimpleBaseline,100,burst_onsets,14,0.293361578463609,0.298149951314508,0.105025803246478,0.392245902493804,0.311517733671277,0.0478570454061595,0.0499997136112162,-0.0109230056516396,0.156174281016058,0.168033930327106,0.3,0.5,0.5,1.4,0.05,,,NaN,NaN,NaN,NaN,NaN,NaN,NaN,NaN,NaN,NaN,NaN,NaN,NaN,NaN
SimpleBaseline,100,burst_onsets,14,0.309648575409706,0.324799524799525,0.107043422101008,0.431795504542215,0.301212597536762,0.0446427383441135,0.0474995115268862,-0.00436427304586269,0.161184509082157,0.165094363842509,0.3,0.5,0.5,1.4,0.08,,,NaN,NaN,NaN,NaN,NaN,NaN,NaN,NaN,NaN,NaN,NaN,NaN,NaN,NaN
SimpleBaseline,100,burst_onsets,14,0.311259020020284,0.332565284178187,0.107708989931854,0.444830655152758,0.2948095076482,0.0453570416905428,0.0449999349026034,-0.00167069907316421,0.155168006435134,0.155921513650822,0.3,0.5,0.5,1.4,0.1,,,NaN,NaN,NaN,NaN,NaN,NaN,NaN,NaN,NaN,NaN,NaN,NaN,NaN,NaN
SimpleBaseline,100,burst_onsets,14,0.31088155467982,0.3375,0.10852928688626,0.48863851032569,0.274070602947465,0.0471427355495684,0.0499998603885351,0.00630003145044571,0.142316888356724,0.131501944003676,0.3,0.5,0.5,1.4,0.15,,,NaN,NaN,NaN,NaN,NaN,NaN,NaN,NaN,NaN,NaN,NaN,NaN,NaN,NaN
SimpleBaseline,100,burst_onsets,14,0.311412625204733,0.319609332246284,0.156487745875829,0.217616464446429,0.813787648830586,0.059642760584788,0.0599999538127294,-0.0348333726237184,0.344952443684787,0.334285354900844,0.3,0.6,0.4,0.4,0.03,,,NaN,NaN,NaN,NaN,NaN,NaN,NaN,NaN,NaN,NaN,NaN,NaN,NaN,NaN
SimpleBaseline,100,burst_onsets,14,0.350767897935807,0.375199581080517,0.154201131176726,0.250302947323806,0.807474314949864,0.0499998947742707,0.0499998714653304,-0.0277883712236635,0.390740628686406,0.403118024612016,0.3,0.6,0.4,0.4,0.05,,,NaN,NaN,NaN,NaN,NaN,NaN,NaN,NaN,NaN,NaN,NaN,NaN,NaN,NaN
SimpleBaseline,100,burst_onsets,14,0.384851161754427,0.410659381342604,0.155779809440246,0.282817534051306,0.796228044079745,0.0435713178458664,0.0400002022447069,-0.0179657916810851,0.424623041914907,0.421319601836392,0.3,0.6,0.4,0.4,0.08,,,NaN,NaN,NaN,NaN,NaN,NaN,NaN,NaN,NaN,NaN,NaN,NaN,NaN,NaN
SimpleBaseline,100,burst_onsets,14,0.396338044897144,0.429282396147485,0.157309471809501,0.296361068540273,0.781452757325007,0.0442856064148461,0.0449999001918273,-0.0131769283641142,0.41510773992475,0.415308676537084,0.3,0.6,0.4,0.4,0.1,,,NaN,NaN,NaN,NaN,NaN,NaN,NaN,NaN,NaN,NaN,NaN,NaN,NaN,NaN
SimpleBaseline,100,burst_onsets,14,0.408924874603403,0.447709152657173,0.152835912788382,0.324134364676729,0.71948607959382,0.0478570366384999,0.0499998603885351,-0.00406293730975587,0.368009355035912,0.365049775872282,0.3,0.6,0.4,0.4,0.15,,,NaN,NaN,NaN,NaN,NaN,NaN,NaN,NaN,NaN,NaN,NaN,NaN,NaN,NaN
SimpleBaseline,100,burst_onsets,14,0.325433555881596,0.336009846894678,0.158029516260534,0.23666735482616,0.771533768282897,0.057857062238885,0.0599998457583965,-0.0332417881786805,0.33024370078108,0.326711028247783,0.3,0.6,0.4,0.5,0.03,,,NaN,NaN,NaN,NaN,NaN,NaN,NaN,NaN,NaN,NaN,NaN,NaN,NaN,NaN
SimpleBaseline,100,burst_onsets,14,0.364690098889781,0.399851647882514,0.152744647285514,0.271159915956403,0.764961653673462,0.0485713305111273,0.0499998714653304,-0.0266053144096831,0.37340428554262,0.388030399201729,0.3,0.6,0.4,0.5,0.05,,,NaN,NaN,NaN,NaN,NaN,NaN,NaN,NaN,NaN,NaN,NaN,NaN,NaN,NaN
SimpleBaseline,100,burst_onsets,14,0.397626842505673,0.430754413202231,0.15163440785071,0.305014099605465,0.753830748053753,0.0432141781618871,0.0400002022447069,-0.0171599997697813,0.40306512838323,0.409210085392032,0.3,0.6,0.4,0.5,0.08,,,NaN,NaN,NaN,NaN,NaN,NaN,NaN,NaN,NaN,NaN,NaN,NaN,NaN,NaN
SimpleBaseline,100,burst_onsets,14,0.409069041856828,0.44577768869948,0.152217061666665,0.319524284004023,0.741361607556227,0.0432141827623977,0.040000096748309,-0.0126420507778737,0.395325667036369,0.401728809630107,0.3,0.6,0.4,0.5,0.1,,,NaN,NaN,NaN,NaN,NaN,NaN,NaN,NaN,NaN,NaN,NaN,NaN,NaN,NaN
SimpleBaseline,100,burst_onsets,14,0.419621448028002,0.458000063580875,0.146821445495181,0.349261784893361,0.682137964129306,0.048571320516576,0.0499998714653304,-0.00339523285734828,0.349629294433376,0.35160996027977,0.3,0.6,0.4,0.5,0.15,,,NaN,NaN,NaN,NaN,NaN,NaN,NaN,NaN,NaN,NaN,NaN,NaN,NaN,NaN
SimpleBaseline,100,burst_onsets,14,0.336431754006134,0.32292970187707,0.156327625420681,0.254709882609905,0.727754072231215,0.0585713388162038,0.0599998845317473,-0.0311534462987396,0.316128428729796,0.320163087949714,0.3,0.6,0.4,0.6,0.03,,,NaN,NaN,NaN,NaN,NaN,NaN,NaN,NaN,NaN,NaN,NaN,NaN,NaN,NaN
SimpleBaseline,100,burst_onsets,14,0.374736884016681,0.402559413543596,0.147881697472681,0.290442604595226,0.720004383423232,0.047857045950391,0.0499998714653304,-0.024925712743695,0.353186648125903,0.371830708583683,0.3,0.6,0.4,0.6,0.05,,,NaN,NaN,NaN,NaN,NaN,NaN,NaN,NaN,NaN,NaN,NaN,NaN,NaN,NaN
SimpleBaseline,100,burst_onsets,14,0.407745786113038,0.450477344178132,0.144723088824421,0.326647797613855,0.709155304463984,0.0421427520271095,0.0399999950573868,-0.0155486593982352,0.380148631375247,0.378599198266358,0.3,0.6,0.4,0.6,0.08,,,NaN,NaN,NaN,NaN,NaN,NaN,NaN,NaN,NaN,NaN,NaN,NaN,NaN,NaN
SimpleBaseline,100,burst_onsets,14,0.418064116110288,0.462017364297311,0.144679272703727,0.341428340090859,0.697296490528443,0.0435713247014357,0.042500064472675,-0.0111639060262077,0.372228032325703,0.376313403575335,0.3,0.6,0.4,0.6,0.1,,,NaN,NaN,NaN,NaN,NaN,NaN,NaN,NaN,NaN,NaN,NaN,NaN,NaN,NaN
SimpleBaseline,100,burst_onsets,14,0.427555869705994,0.465337975612597,0.139106184613796,0.372928764546466,0.643826772677028,0.0478570411486174,0.0499998714653304,-0.00270300474881626,0.331159725529432,0.334798988496297,0.3,0.6,0.4,0.6,0.15,,,NaN,NaN,NaN,NaN,NaN,NaN,NaN,NaN,NaN,NaN,NaN,NaN,NaN,NaN
SimpleBaseline,100,burst_onsets,14,0.3468900606869,0.32619168180521,0.157079552755648,0.274726720229856,0.687711680926517,0.0571427703773914,0.0599998744301204,-0.0287589024625212,0.300565257720058,0.29942080836793,0.3,0.6,0.4,0.7,0.03,,,NaN,NaN,NaN,NaN,NaN,NaN,NaN,NaN,NaN,NaN,NaN,NaN,NaN,NaN
SimpleBaseline,100,burst_onsets,14,0.384579973866144,0.392395851151508,0.145593655401524,0.311997479816558,0.679867762301708,0.0485713308455758,0.0499998714653304,-0.022799247678071,0.332375266457893,0.345054499071461,0.3,0.6,0.4,0.7,0.05,,,NaN,NaN,NaN,NaN,NaN,NaN,NaN,NaN,NaN,NaN,NaN,NaN,NaN,NaN
SimpleBaseline,100,burst_onsets,14,0.416823737236769,0.436852803149674,0.140456624905426,0.349859949846962,0.669069766174412,0.0453570211634745,0.0499994580847094,-0.0138207119045349,0.357269269289477,0.344204979313009,0.3,0.6,0.4,0.7,0.08,,,NaN,NaN,NaN,NaN,NaN,NaN,NaN,NaN,NaN,NaN,NaN,NaN,NaN,NaN
SimpleBaseline,100,burst_onsets,14,0.425737125614553,0.437830767987719,0.139286637872693,0.364521387562305,0.656249673797714,0.0446427395404571,0.0474994802968543,-0.00984947665743008,0.348944284817313,0.344204979313009,0.3,0.6,0.4,0.7,0.1,,,NaN,NaN,NaN,NaN,NaN,NaN,NaN,NaN,NaN,NaN,NaN,NaN,NaN,NaN
SimpleBaseline,100,burst_onsets,14,0.432336654158926,0.443518490031996,0.133322691397305,0.396716754233945,0.604472289337834,0.048571320516576,0.0499998714653304,-0.00181027260823139,0.309730375071926,0.303669665220033,0.3,0.6,0.4,0.7,0.15,,,NaN,NaN,NaN,NaN,NaN,NaN,NaN,NaN,NaN,NaN,NaN,NaN,NaN,NaN
SimpleBaseline,100,burst_onsets,14,0.350888549054626,0.323228642801664,0.157659130778714,0.293847354485083,0.637704014900536,0.0585713421886886,0.0599995391265884,-0.0271063895032356,0.280654397628736,0.288037400609739,0.3,0.6,0.4,0.8,0.03,,,NaN,NaN,NaN,NaN,NaN,NaN,NaN,NaN,NaN,NaN,NaN,NaN,NaN,NaN
SimpleBaseline,100,burst_onsets,14,0.387447298887376,0.386021112958382,0.143604301823912,0.332086637377652,0.631191731610837,0.0478570414402735,0.0499998603885351,-0.0212094362565129,0.309654151894478,0.326016395737905,0.3,0.6,0.4,0.8,0.05,,,NaN,NaN,NaN,NaN,NaN,NaN,NaN,NaN,NaN,NaN,NaN,NaN,NaN,NaN
SimpleBaseline,100,burst_onsets,14,0.417570755416615,0.449670871653602,0.137112795890847,0.370839240633006,0.619098736274702,0.0453570248138532,0.0499995904571374,-0.0127424734658758,0.331840544469523,0.325166875979453,0.3,0.6,0.4,0.8,0.08,,,NaN,NaN,NaN,NaN,NaN,NaN,NaN,NaN,NaN,NaN,NaN,NaN,NaN,NaN
SimpleBaseline,100,burst_onsets,14,0.425313431068147,0.45899648449984,0.136100886318754,0.3855398444724,0.606790061860954,0.0439284594435744,0.0425000859764679,-0.00904355499382116,0.323441305389086,0.325166875979453,0.3,0.6,0.4,0.8,0.1,,,NaN,NaN,NaN,NaN,NaN,NaN,NaN,NaN,NaN,NaN,NaN,NaN,NaN,NaN
SimpleBaseline,100,burst_onsets,14,0.430055110702323,0.469945733937286,0.127367151533865,0.419569041232523,0.558858164156188,0.0482141730743807,0.0499998714653304,-0.00135242319073439,0.286927675156988,0.28247131536644,0.3,0.6,0.4,0.8,0.15,,,NaN,NaN,NaN,NaN,NaN,NaN,NaN,NaN,NaN,NaN,NaN,NaN,NaN,NaN
SimpleBaseline,100,burst_onsets,14,0.350912515664714,0.314545059866557,0.156351468228194,0.311838957379087,0.589984495111264,0.0564284921505254,0.0549996420253328,-0.0264158476396435,0.260734158083279,0.268397095203369,0.3,0.6,0.4,0.9,0.03,,,NaN,NaN,NaN,NaN,NaN,NaN,NaN,NaN,NaN,NaN,NaN,NaN,NaN,NaN
SimpleBaseline,100,burst_onsets,14,0.386211905165839,0.382590543187635,0.140831908405162,0.350774376609627,0.584486444117303,0.0478570469674997,0.0499998603885351,-0.0202375513864145,0.287675504466834,0.308510365400735,0.3,0.6,0.4,0.9,0.05,,,NaN,NaN,NaN,NaN,NaN,NaN,NaN,NaN,NaN,NaN,NaN,NaN,NaN,NaN
SimpleBaseline,100,burst_onsets,14,0.414266497974057,0.424309370945102,0.13223611094531,0.389965781924095,0.571899799585172,0.0442855991738177,0.0449998025194348,-0.0121636660995021,0.307660450153498,0.309251271262833,0.3,0.6,0.4,0.9,0.08,,,NaN,NaN,NaN,NaN,NaN,NaN,NaN,NaN,NaN,NaN,NaN,NaN,NaN,NaN
SimpleBaseline,100,burst_onsets,14,0.421412787248821,0.427453222453222,0.130320367491767,0.404949006577151,0.561221242396458,0.0435713225964989,0.0400002022447069,-0.00863552557836688,0.299248526806229,0.309251271262833,0.3,0.6,0.4,0.9,0.1,,,NaN,NaN,NaN,NaN,NaN,NaN,NaN,NaN,NaN,NaN,NaN,NaN,NaN,NaN
SimpleBaseline,100,burst_onsets,14,0.425557734260633,0.442407677356657,0.123888430389616,0.439740247570913,0.518193979578566,0.0478570280330722,0.0499998603885351,-0.001049030931892,0.267306966357183,0.268275480286832,0.3,0.6,0.4,0.9,0.15,,,NaN,NaN,NaN,NaN,NaN,NaN,NaN,NaN,NaN,NaN,NaN,NaN,NaN,NaN
SimpleBaseline,100,burst_onsets,14,0.34908494559309,0.312580197190253,0.153999362827601,0.327828459395819,0.541470950557296,0.0564284756169847,0.0599995391265884,-0.0250197361350685,0.242835859797362,0.253759180654319,0.3,0.6,0.4,1,0.03,,,NaN,NaN,NaN,NaN,NaN,NaN,NaN,NaN,NaN,NaN,NaN,NaN,NaN,NaN
SimpleBaseline,100,burst_onsets,14,0.381488698751261,0.37840637212271,0.138281039248161,0.366129843104883,0.534918554546721,0.0489284677189752,0.0499998714653304,-0.0188880411650561,0.266507033040575,0.284503949625137,0.3,0.6,0.4,1,0.05,,,NaN,NaN,NaN,NaN,NaN,NaN,NaN,NaN,NaN,NaN,NaN,NaN,NaN,NaN
SimpleBaseline,100,burst_onsets,14,0.407364590990946,0.416660539666201,0.130441317199385,0.405644855728932,0.523709976889384,0.0464284469805887,0.0499997372344563,-0.011513882617544,0.282491393848045,0.284503949625137,0.3,0.6,0.4,1,0.08,,,NaN,NaN,NaN,NaN,NaN,NaN,NaN,NaN,NaN,NaN,NaN,NaN,NaN,NaN
SimpleBaseline,100,burst_onsets,14,0.414361068038763,0.424052077400571,0.129298725834677,0.421446065617221,0.51447704055323,0.0464284589722496,0.0499998603885351,-0.00782009024641869,0.274848423040207,0.28253115994803,0.3,0.6,0.4,1,0.1,,,NaN,NaN,NaN,NaN,NaN,NaN,NaN,NaN,NaN,NaN,NaN,NaN,NaN,NaN
SimpleBaseline,100,burst_onsets,14,0.41787989961966,0.436410256410256,0.126014236779479,0.458797543821793,0.474588856786804,0.0478570256321854,0.0499998714653304,-0.000729316576669647,0.24553197349875,0.246341268473677,0.3,0.6,0.4,1,0.15,,,NaN,NaN,NaN,NaN,NaN,NaN,NaN,NaN,NaN,NaN,NaN,NaN,NaN,NaN
SimpleBaseline,100,burst_onsets,14,0.34022551750983,0.319389305927648,0.144866562361869,0.339155412748593,0.493742446391294,0.0557141870480051,0.0599995391265884,-0.0234437678496562,0.222380083526458,0.234850797768761,0.3,0.6,0.4,1.1,0.03,,,NaN,NaN,NaN,NaN,NaN,NaN,NaN,NaN,NaN,NaN,NaN,NaN,NaN,NaN
SimpleBaseline,100,burst_onsets,14,0.371822127645302,0.382088703380599,0.13000122956147,0.378553519888186,0.487745731982664,0.0489284672573877,0.0499998953584337,-0.0165922966750195,0.244558405693853,0.253407004727764,0.3,0.6,0.4,1.1,0.05,,,NaN,NaN,NaN,NaN,NaN,NaN,NaN,NaN,NaN,NaN,NaN,NaN,NaN,NaN
SimpleBaseline,100,burst_onsets,14,0.394653262830022,0.401228243918542,0.124790335401494,0.417245221140348,0.474283297597762,0.0449998858425337,0.0499995904571374,-0.00977272109083929,0.255472757284837,0.253407004727764,0.3,0.6,0.4,1.1,0.08,,,NaN,NaN,NaN,NaN,NaN,NaN,NaN,NaN,NaN,NaN,NaN,NaN,NaN,NaN
SimpleBaseline,100,burst_onsets,14,0.400139115188421,0.409703259539748,0.124682445861761,0.43290682246095,0.463156938500097,0.0449998896102621,0.0499995904571374,-0.0064516284092894,0.246530199470724,0.250140003264084,0.3,0.6,0.4,1.1,0.1,,,NaN,NaN,NaN,NaN,NaN,NaN,NaN,NaN,NaN,NaN,NaN,NaN,NaN,NaN
SimpleBaseline,100,burst_onsets,14,0.402423423385244,0.427469600463231,0.122779909701378,0.471107713774451,0.430123441008527,0.0478570256321854,0.0499998714653304,0.000654202516288101,0.222804406909985,0.21792139865279,0.3,0.6,0.4,1.1,0.15,,,NaN,NaN,NaN,NaN,NaN,NaN,NaN,NaN,NaN,NaN,NaN,NaN,NaN,NaN
SimpleBaseline,100,burst_onsets,14,0.328183430148528,0.315532745536693,0.137769234972814,0.34722401836093,0.449599574139109,0.0560713286457131,0.0574995718357355,-0.0215278061799722,0.205067617877013,0.218704708234168,0.3,0.6,0.4,1.2,0.03,,,NaN,NaN,NaN,NaN,NaN,NaN,NaN,NaN,NaN,NaN,NaN,NaN,NaN,NaN
SimpleBaseline,100,burst_onsets,14,0.358653610057302,0.355614223038465,0.123603163869368,0.386912249453207,0.445602371240946,0.048928467765942,0.0499998714653304,-0.015200056311831,0.223678677019361,0.234539867317851,0.3,0.6,0.4,1.2,0.05,,,NaN,NaN,NaN,NaN,NaN,NaN,NaN,NaN,NaN,NaN,NaN,NaN,NaN,NaN
SimpleBaseline,100,burst_onsets,14,0.379044771019182,0.372327206515588,0.120587621970886,0.424586190195451,0.432559449915963,0.0446427433216506,0.0474997415417426,-0.00890281968984985,0.234214944339917,0.234539867317851,0.3,0.6,0.4,1.2,0.08,,,NaN,NaN,NaN,NaN,NaN,NaN,NaN,NaN,NaN,NaN,NaN,NaN,NaN,NaN
SimpleBaseline,100,burst_onsets,14,0.384450665938075,0.374828375286041,0.120354288156405,0.440888794245431,0.422792866174227,0.0446427433216506,0.0474997415417426,-0.0053631720561928,0.226514265196152,0.234539867317851,0.3,0.6,0.4,1.2,0.1,,,NaN,NaN,NaN,NaN,NaN,NaN,NaN,NaN,NaN,NaN,NaN,NaN,NaN,NaN
SimpleBaseline,100,burst_onsets,14,0.383063310365632,0.384272659766318,0.117276319121836,0.47795204478625,0.389243477274617,0.0485713120829837,0.0499998714653304,0.00150441757481634,0.202177570278095,0.194125105888788,0.3,0.6,0.4,1.2,0.15,,,NaN,NaN,NaN,NaN,NaN,NaN,NaN,NaN,NaN,NaN,NaN,NaN,NaN,NaN
SimpleBaseline,100,burst_onsets,14,0.319586941638515,0.294758444727938,0.134243880908103,0.361017824049889,0.409918666721203,0.055714186365345,0.0549996420253328,-0.0191270971778992,0.189191689089623,0.202883216243122,0.3,0.6,0.4,1.3,0.03,,,NaN,NaN,NaN,NaN,NaN,NaN,NaN,NaN,NaN,NaN,NaN,NaN,NaN,NaN
SimpleBaseline,100,burst_onsets,14,0.348203617370813,0.34048071592619,0.122001403179343,0.400921099315491,0.406058434630278,0.0496427516440182,0.0499998953584337,-0.0129782153995358,0.203144789712791,0.214866667257427,0.3,0.6,0.4,1.3,0.05,,,NaN,NaN,NaN,NaN,NaN,NaN,NaN,NaN,NaN,NaN,NaN,NaN,NaN,NaN
SimpleBaseline,100,burst_onsets,14,0.36691565780564,0.355715871254162,0.120649100529591,0.439427588297018,0.393286661764601,0.0453570277815717,0.0499995904571374,-0.00750182389185539,0.210704863835148,0.216519546867237,0.3,0.6,0.4,1.3,0.08,,,NaN,NaN,NaN,NaN,NaN,NaN,NaN,NaN,NaN,NaN,NaN,NaN,NaN,NaN
SimpleBaseline,100,burst_onsets,14,0.370869816749016,0.361616103687561,0.120283399594045,0.45446017820139,0.384869936611799,0.0449998849193586,0.0449999001918273,-0.00391203286232654,0.204556112906256,0.213429179145608,0.3,0.6,0.4,1.3,0.1,,,NaN,NaN,NaN,NaN,NaN,NaN,NaN,NaN,NaN,NaN,NaN,NaN,NaN,NaN
SimpleBaseline,100,burst_onsets,14,0.370929302016743,0.374450762470923,0.119586151068858,0.496292019433353,0.356277161930165,0.0485713120829837,0.0499998714653304,0.00269690928645634,0.184947093651149,0.173685850490576,0.3,0.6,0.4,1.3,0.15,,,NaN,NaN,NaN,NaN,NaN,NaN,NaN,NaN,NaN,NaN,NaN,NaN,NaN,NaN
SimpleBaseline,100,burst_onsets,14,0.302123519266486,0.28122832918766,0.125298165134453,0.367864946319277,0.365653665976332,0.0560713295907441,0.0574996446031271,-0.0195527805995997,0.168896818822217,0.178606096504018,0.3,0.6,0.4,1.4,0.03,,,NaN,NaN,NaN,NaN,NaN,NaN,NaN,NaN,NaN,NaN,NaN,NaN,NaN,NaN
SimpleBaseline,100,burst_onsets,14,0.328439822577886,0.315552921420457,0.117696250072556,0.407556134271896,0.361438586163691,0.0496427520586389,0.0499998953584337,-0.0135882525429222,0.181574901942783,0.191140514232905,0.3,0.6,0.4,1.4,0.05,,,NaN,NaN,NaN,NaN,NaN,NaN,NaN,NaN,NaN,NaN,NaN,NaN,NaN,NaN
SimpleBaseline,100,burst_onsets,14,0.346268825315275,0.336405244928253,0.119055038038958,0.447693947261281,0.350686703349356,0.0453570277815717,0.0499995904571374,-0.00719725342432991,0.189631723448776,0.192233191510476,0.3,0.6,0.4,1.4,0.08,,,NaN,NaN,NaN,NaN,NaN,NaN,NaN,NaN,NaN,NaN,NaN,NaN,NaN,NaN
SimpleBaseline,100,burst_onsets,14,0.347573747120377,0.338383484136448,0.119797314144878,0.460630181096693,0.341092271007606,0.0457141744115133,0.0499997372344563,-0.00421822578644199,0.182168126853628,0.188271448651982,0.3,0.6,0.4,1.4,0.1,,,NaN,NaN,NaN,NaN,NaN,NaN,NaN,NaN,NaN,NaN,NaN,NaN,NaN,NaN
SimpleBaseline,100,burst_onsets,14,0.346409587258146,0.366917293233083,0.119345961045555,0.500664169623149,0.317326147729501,0.0474998805908769,0.0499998603885351,0.00195283430708596,0.166692817671916,0.157328863727005,0.3,0.6,0.4,1.4,0.15,,,NaN,NaN,NaN,NaN,NaN,NaN,NaN,NaN,NaN,NaN,NaN,NaN,NaN,NaN
SimpleBaseline,100,burst_onsets,14,0.299870314699085,0.297031721034871,0.155299611015348,0.204347762431391,0.850864583156693,0.0592856273851835,0.0599998845317473,-0.0370223502594923,0.35480270430917,0.344978697807354,0.3,0.7,0.3,0.4,0.03,,,NaN,NaN,NaN,NaN,NaN,NaN,NaN,NaN,NaN,NaN,NaN,NaN,NaN,NaN
SimpleBaseline,100,burst_onsets,14,0.338233200466214,0.36709853392431,0.155908747031894,0.234723873030752,0.843626329840766,0.0492856154063121,0.0499998714653304,-0.0300244826160349,0.404935643564127,0.411905422293819,0.3,0.7,0.3,0.4,0.05,,,NaN,NaN,NaN,NaN,NaN,NaN,NaN,NaN,NaN,NaN,NaN,NaN,NaN,NaN
SimpleBaseline,100,burst_onsets,14,0.371461096955189,0.402925126278003,0.159784248451325,0.264582483770948,0.831714357766081,0.042142753582723,0.0399999515002072,-0.0199946931042444,0.441376906011537,0.435591412176787,0.3,0.7,0.3,0.4,0.08,,,NaN,NaN,NaN,NaN,NaN,NaN,NaN,NaN,NaN,NaN,NaN,NaN,NaN,NaN
SimpleBaseline,100,burst_onsets,14,0.384035999709072,0.426714580432008,0.162776651458019,0.277975131703153,0.817942568794831,0.0424998959833486,0.0400000569966051,-0.0149104334769469,0.433516564147125,0.421367531328278,0.3,0.7,0.3,0.4,0.1,,,NaN,NaN,NaN,NaN,NaN,NaN,NaN,NaN,NaN,NaN,NaN,NaN,NaN,NaN
SimpleBaseline,100,burst_onsets,14,0.398103767502698,0.443172605893216,0.160851519098789,0.303828252958096,0.752546807385517,0.0478570381941134,0.0499997372344563,-0.00531895504667002,0.383809766660506,0.380402481626816,0.3,0.7,0.3,0.4,0.15,,,NaN,NaN,NaN,NaN,NaN,NaN,NaN,NaN,NaN,NaN,NaN,NaN,NaN,NaN
SimpleBaseline,100,burst_onsets,14,0.31681047129938,0.326045271425673,0.158606446157258,0.223207812139316,0.816056175699404,0.0567856367382507,0.0599995391265884,-0.0350285605737451,0.348235439874774,0.345055816895374,0.3,0.7,0.3,0.5,0.03,,,NaN,NaN,NaN,NaN,NaN,NaN,NaN,NaN,NaN,NaN,NaN,NaN,NaN,NaN
SimpleBaseline,100,burst_onsets,14,0.356623787750412,0.395409164843794,0.158084672523101,0.25646739470207,0.809980295074015,0.047857046949531,0.0499998714653304,-0.0280179414649376,0.394108327261409,0.401150437268034,0.3,0.7,0.3,0.5,0.05,,,NaN,NaN,NaN,NaN,NaN,NaN,NaN,NaN,NaN,NaN,NaN,NaN,NaN,NaN
SimpleBaseline,100,burst_onsets,14,0.388817437288124,0.426835717216842,0.15991024565614,0.287585056507015,0.79697329982646,0.0414284700211267,0.0399999230211648,-0.018378227613279,0.425599451282395,0.428238460883707,0.3,0.7,0.3,0.5,0.08,,,NaN,NaN,NaN,NaN,NaN,NaN,NaN,NaN,NaN,NaN,NaN,NaN,NaN,NaN
SimpleBaseline,100,burst_onsets,14,0.400781518300591,0.444455130541883,0.162013171309262,0.301378953530639,0.784171119868434,0.0421427548223779,0.0399999256513067,-0.0137276863695731,0.417482547523333,0.417824387999832,0.3,0.7,0.3,0.5,0.1,,,NaN,NaN,NaN,NaN,NaN,NaN,NaN,NaN,NaN,NaN,NaN,NaN,NaN,NaN
SimpleBaseline,100,burst_onsets,14,0.414250650941224,0.450957020344916,0.159987990313718,0.33013644727895,0.722518189935383,0.0485713230892982,0.0499998603885351,-0.00455142093137968,0.370525223561436,0.368632257674196,0.3,0.7,0.3,0.5,0.15,,,NaN,NaN,NaN,NaN,NaN,NaN,NaN,NaN,NaN,NaN,NaN,NaN,NaN,NaN
SimpleBaseline,100,burst_onsets,14,0.333298920709516,0.341000081263375,0.16180602545589,0.244555758393221,0.777670212604639,0.0567856365800107,0.0599995391265884,-0.033558933715855,0.333890088237386,0.340185221914392,0.3,0.7,0.3,0.6,0.03,,,NaN,NaN,NaN,NaN,NaN,NaN,NaN,NaN,NaN,NaN,NaN,NaN,NaN,NaN
SimpleBaseline,100,burst_onsets,14,0.372373354138941,0.422316692567524,0.157822537586303,0.279242402335453,0.770830844674773,0.047499904852253,0.0499997483112516,-0.026834765386254,0.376267004360655,0.388599733459413,0.3,0.7,0.3,0.6,0.05,,,NaN,NaN,NaN,NaN,NaN,NaN,NaN,NaN,NaN,NaN,NaN,NaN,NaN,NaN
SimpleBaseline,100,burst_onsets,14,0.405223970025829,0.454781068568654,0.157503346980378,0.313115989844369,0.76057643161252,0.042499896603176,0.0400000569966051,-0.0174489932886004,0.407051826493229,0.409988515415459,0.3,0.7,0.3,0.6,0.08,,,NaN,NaN,NaN,NaN,NaN,NaN,NaN,NaN,NaN,NaN,NaN,NaN,NaN,NaN
SimpleBaseline,100,burst_onsets,14,0.41606975804119,0.469985394352483,0.158749411853107,0.327268623985497,0.747073285111755,0.042499896603176,0.0400000569966051,-0.0130751388992065,0.398002186518877,0.400425675294035,0.3,0.7,0.3,0.6,0.1,,,NaN,NaN,NaN,NaN,NaN,NaN,NaN,NaN,NaN,NaN,NaN,NaN,NaN,NaN
SimpleBaseline,100,burst_onsets,14,0.426144899834611,0.469237817635254,0.15544754218453,0.356470477573625,0.688576671686093,0.0471427572705413,0.0499998603885351,-0.00372979916132703,0.352710476126085,0.346194308095589,0.3,0.7,0.3,0.6,0.15,,,NaN,NaN,NaN,NaN,NaN,NaN,NaN,NaN,NaN,NaN,NaN,NaN,NaN,NaN
SimpleBaseline,100,burst_onsets,14,0.343401805151772,0.341284383477223,0.159170383082523,0.261729311112831,0.733892357997415,0.0564284947992126,0.0599995391265884,-0.0306787009960106,0.318741709327817,0.318807046035521,0.3,0.7,0.3,0.7,0.03,,,NaN,NaN,NaN,NaN,NaN,NaN,NaN,NaN,NaN,NaN,NaN,NaN,NaN,NaN
SimpleBaseline,100,burst_onsets,14,0.381445079256295,0.414373077748373,0.152777896911016,0.297605232646461,0.726312430332093,0.0471427634059034,0.0499997483112516,-0.0245405409521548,0.356170709128466,0.363169159136672,0.3,0.7,0.3,0.7,0.05,,,NaN,NaN,NaN,NaN,NaN,NaN,NaN,NaN,NaN,NaN,NaN,NaN,NaN,NaN
SimpleBaseline,100,burst_onsets,14,0.413316250718762,0.470793457264361,0.151310497441545,0.333290043012389,0.714552905653868,0.0421427541397178,0.0399999447657893,-0.0156355187458156,0.382474353635335,0.373769061293514,0.3,0.7,0.3,0.7,0.08,,,NaN,NaN,NaN,NaN,NaN,NaN,NaN,NaN,NaN,NaN,NaN,NaN,NaN,NaN
SimpleBaseline,100,burst_onsets,14,0.423694686421836,0.480334981333871,0.151834109921398,0.348239177632116,0.702228607519064,0.0432141833193924,0.0400000900138911,-0.0115771484285651,0.374080458557968,0.374836410198323,0.3,0.7,0.3,0.7,0.1,,,NaN,NaN,NaN,NaN,NaN,NaN,NaN,NaN,NaN,NaN,NaN,NaN,NaN,NaN
SimpleBaseline,100,burst_onsets,14,0.430762637077546,0.474173983119141,0.148035491752286,0.378205636341032,0.645322256675891,0.0474998993678193,0.0499998714653304,-0.00330314649528744,0.330745549813025,0.328370133029066,0.3,0.7,0.3,0.7,0.15,,,NaN,NaN,NaN,NaN,NaN,NaN,NaN,NaN,NaN,NaN,NaN,NaN,NaN,NaN
SimpleBaseline,100,burst_onsets,14,0.350834960380477,0.331513135504836,0.155837404824336,0.279593857343329,0.691279602949985,0.0564284938000726,0.0599995391265884,-0.0285775010005695,0.30363411104091,0.306705376329787,0.3,0.7,0.3,0.8,0.03,,,NaN,NaN,NaN,NaN,NaN,NaN,NaN,NaN,NaN,NaN,NaN,NaN,NaN,NaN
SimpleBaseline,100,burst_onsets,14,0.386992464331263,0.40077642552988,0.146335272740066,0.31620454906796,0.682214662546785,0.0485713308455758,0.0499998714653304,-0.0229135230311124,0.334992824439066,0.339521568882691,0.3,0.7,0.3,0.8,0.05,,,NaN,NaN,NaN,NaN,NaN,NaN,NaN,NaN,NaN,NaN,NaN,NaN,NaN,NaN
SimpleBaseline,100,burst_onsets,14,0.418115014767034,0.435692565890983,0.142725352701277,0.353753789772326,0.670857198262485,0.0435713142786329,0.0400002022447069,-0.014110792473797,0.359068759438399,0.339521568882691,0.3,0.7,0.3,0.8,0.08,,,NaN,NaN,NaN,NaN,NaN,NaN,NaN,NaN,NaN,NaN,NaN,NaN,NaN,NaN
SimpleBaseline,100,burst_onsets,14,0.427399833265679,0.442612374722439,0.142121626712766,0.36877431259637,0.65984080881956,0.0449998830518939,0.0499994927847449,-0.0103526119258957,0.350915289057148,0.339521568882691,0.3,0.7,0.3,0.8,0.1,,,NaN,NaN,NaN,NaN,NaN,NaN,NaN,NaN,NaN,NaN,NaN,NaN,NaN,NaN
SimpleBaseline,100,burst_onsets,14,0.432942760854715,0.442561715715962,0.13902814417953,0.400087153772592,0.606864692413274,0.0478570411486174,0.0499998714653304,-0.00284673228186678,0.310644659769313,0.30846306900048,0.3,0.7,0.3,0.8,0.15,,,NaN,NaN,NaN,NaN,NaN,NaN,NaN,NaN,NaN,NaN,NaN,NaN,NaN,NaN
SimpleBaseline,100,burst_onsets,14,0.358116304577364,0.337540456902537,0.156633001103957,0.300752086886046,0.647400354751139,0.0567856357391107,0.0599995391265884,-0.026550702702364,0.286575736974693,0.297586420487815,0.3,0.7,0.3,0.9,0.03,,,NaN,NaN,NaN,NaN,NaN,NaN,NaN,NaN,NaN,NaN,NaN,NaN,NaN,NaN
SimpleBaseline,100,burst_onsets,14,0.393808442662892,0.396905514675023,0.14450500151538,0.339026941696991,0.640237296289093,0.0485713308455758,0.0499998714653304,-0.0209187505671389,0.3147076794125,0.319611816695989,0.3,0.7,0.3,0.9,0.05,,,NaN,NaN,NaN,NaN,NaN,NaN,NaN,NaN,NaN,NaN,NaN,NaN,NaN,NaN
SimpleBaseline,100,burst_onsets,14,0.423468416723563,0.455638629283489,0.138916087939496,0.377628392166588,0.628909957369989,0.0435713215793902,0.0400002022447069,-0.0126202558665177,0.337403106327116,0.319611816695989,0.3,0.7,0.3,0.9,0.08,,,NaN,NaN,NaN,NaN,NaN,NaN,NaN,NaN,NaN,NaN,NaN,NaN,NaN,NaN
SimpleBaseline,100,burst_onsets,14,0.430846838702742,0.464245709123758,0.137568756104042,0.391702860203261,0.617758880612516,0.0449998950435547,0.0499997372344563,-0.0094375158310617,0.328141960001372,0.319611816695989,0.3,0.7,0.3,0.9,0.1,,,NaN,NaN,NaN,NaN,NaN,NaN,NaN,NaN,NaN,NaN,NaN,NaN,NaN,NaN
SimpleBaseline,100,burst_onsets,14,0.434503974921176,0.46298293839962,0.134959969007111,0.424266279644275,0.566754328267733,0.0474998937064221,0.0499998714653304,-0.00237721901473287,0.289559786142087,0.290352417335737,0.3,0.7,0.3,0.9,0.15,,,NaN,NaN,NaN,NaN,NaN,NaN,NaN,NaN,NaN,NaN,NaN,NaN,NaN,NaN
SimpleBaseline,100,burst_onsets,14,0.358163485236993,0.328359082397004,0.154401458973829,0.317148701852268,0.600873692389524,0.0546427657410084,0.0574995455533219,-0.0251350272353161,0.270752524595623,0.293029908739826,0.3,0.7,0.3,1,0.03,,,NaN,NaN,NaN,NaN,NaN,NaN,NaN,NaN,NaN,NaN,NaN,NaN,NaN,NaN
SimpleBaseline,100,burst_onsets,14,0.392023892734497,0.393198123620309,0.140347093980989,0.355781931614157,0.593613500183403,0.047857045950391,0.0499998714653304,-0.0194502168398928,0.295707376742451,0.301484285424724,0.3,0.7,0.3,1,0.05,,,NaN,NaN,NaN,NaN,NaN,NaN,NaN,NaN,NaN,NaN,NaN,NaN,NaN,NaN
SimpleBaseline,100,burst_onsets,14,0.418774484417324,0.438872043662826,0.134564744993416,0.393927360939825,0.581353613417974,0.0428570377013141,0.0400000569966051,-0.0116966209415132,0.315399289600134,0.301484285424724,0.3,0.7,0.3,1,0.08,,,NaN,NaN,NaN,NaN,NaN,NaN,NaN,NaN,NaN,NaN,NaN,NaN,NaN,NaN
SimpleBaseline,100,burst_onsets,14,0.425616029711976,0.44877916440586,0.133078798585092,0.408580817845946,0.571254837335301,0.0435713215793902,0.0400002022447069,-0.00844073364437498,0.306014089304381,0.301484285424724,0.3,0.7,0.3,1,0.1,,,NaN,NaN,NaN,NaN,NaN,NaN,NaN,NaN,NaN,NaN,NaN,NaN,NaN,NaN
SimpleBaseline,100,burst_onsets,14,0.427940759859681,0.456712664594233,0.131208737287433,0.44285797877041,0.524408018440021,0.0474998937064221,0.0499998714653304,-0.00138798867877892,0.269599750076894,0.270347058170554,0.3,0.7,0.3,1,0.15,,,NaN,NaN,NaN,NaN,NaN,NaN,NaN,NaN,NaN,NaN,NaN,NaN,NaN,NaN
SimpleBaseline,100,burst_onsets,14,0.356336996501872,0.328944328944329,0.149758531065243,0.332851217951882,0.55477066368589,0.0542856311027277,0.0549999486571409,-0.0238837766912806,0.252751372467592,0.272180573427062,0.3,0.7,0.3,1.1,0.03,,,NaN,NaN,NaN,NaN,NaN,NaN,NaN,NaN,NaN,NaN,NaN,NaN,NaN,NaN
SimpleBaseline,100,burst_onsets,14,0.388086526896758,0.397705084546854,0.136384760790578,0.3715432384285,0.54708115786063,0.0478570446640299,0.0499998603885351,-0.0183169144943517,0.274054131450407,0.280647941391153,0.3,0.7,0.3,1.1,0.05,,,NaN,NaN,NaN,NaN,NaN,NaN,NaN,NaN,NaN,NaN,NaN,NaN,NaN,NaN
SimpleBaseline,100,burst_onsets,14,0.412912348334693,0.42897376735333,0.132756352932264,0.410565803149424,0.53303825466046,0.0435713215793902,0.0400002022447069,-0.010933912638263,0.287733585014961,0.280647941391153,0.3,0.7,0.3,1.1,0.08,,,NaN,NaN,NaN,NaN,NaN,NaN,NaN,NaN,NaN,NaN,NaN,NaN,NaN,NaN
SimpleBaseline,100,burst_onsets,14,0.420204280117042,0.440309013687934,0.13042861099199,0.426547345821607,0.525148434864219,0.0446427525959623,0.0474997867769078,-0.0077704557864469,0.280412103474952,0.280647941391153,0.3,0.7,0.3,1.1,0.1,,,NaN,NaN,NaN,NaN,NaN,NaN,NaN,NaN,NaN,NaN,NaN,NaN,NaN,NaN
SimpleBaseline,100,burst_onsets,14,0.420722301498411,0.44825182471775,0.128809950540751,0.461019301193788,0.483501326170141,0.0471427462642268,0.0499998714653304,-0.00120097935882736,0.24935684917922,0.251624685957833,0.3,0.7,0.3,1.1,0.15,,,NaN,NaN,NaN,NaN,NaN,NaN,NaN,NaN,NaN,NaN,NaN,NaN,NaN,NaN
SimpleBaseline,100,burst_onsets,14,0.351916801503925,0.332556291390729,0.148224734295583,0.34716982678373,0.511753230686891,0.0542856311027277,0.0549999486571409,-0.0233616073668713,0.234396092093146,0.247927140449423,0.3,0.7,0.3,1.2,0.03,,,NaN,NaN,NaN,NaN,NaN,NaN,NaN,NaN,NaN,NaN,NaN,NaN,NaN,NaN
SimpleBaseline,100,burst_onsets,14,0.381208642794978,0.393608490909886,0.13536689621819,0.385476697576139,0.503939886371843,0.0485713307516422,0.0499998714653304,-0.018244515246684,0.252200599177175,0.258652923797202,0.3,0.7,0.3,1.2,0.05,,,NaN,NaN,NaN,NaN,NaN,NaN,NaN,NaN,NaN,NaN,NaN,NaN,NaN,NaN
SimpleBaseline,100,burst_onsets,14,0.403564115943663,0.417267429311461,0.131598630555122,0.423697076030312,0.49049159992857,0.0435713215793902,0.0400002022447069,-0.0106756878764194,0.264383716440036,0.258652923797202,0.3,0.7,0.3,1.2,0.08,,,NaN,NaN,NaN,NaN,NaN,NaN,NaN,NaN,NaN,NaN,NaN,NaN,NaN,NaN
SimpleBaseline,100,burst_onsets,14,0.409314321457493,0.425044982190725,0.130391828811822,0.439476899189885,0.480516024438832,0.044285606474575,0.0449999348918627,-0.00743879486015987,0.255254968516764,0.258652923797202,0.3,0.7,0.3,1.2,0.1,,,NaN,NaN,NaN,NaN,NaN,NaN,NaN,NaN,NaN,NaN,NaN,NaN,NaN,NaN
SimpleBaseline,100,burst_onsets,14,0.409353304780795,0.425231235465575,0.127762627908967,0.475280427112642,0.444760817693903,0.0471427462642268,0.0499998714653304,-0.00155203052951564,0.230210517981809,0.229574484048711,0.3,0.7,0.3,1.2,0.15,,,NaN,NaN,NaN,NaN,NaN,NaN,NaN,NaN,NaN,NaN,NaN,NaN,NaN,NaN
SimpleBaseline,100,burst_onsets,14,0.343011052782188,0.334447821681864,0.143603502558525,0.361433534831828,0.465312022154077,0.0542856314192075,0.0549999486571409,-0.02189989674179,0.212718429333689,0.222482546536194,0.3,0.7,0.3,1.3,0.03,,,NaN,NaN,NaN,NaN,NaN,NaN,NaN,NaN,NaN,NaN,NaN,NaN,NaN,NaN
SimpleBaseline,100,burst_onsets,14,0.371424918751047,0.385598736671867,0.131264996499811,0.400642001463363,0.459512080669493,0.0492856159633069,0.0499998953584337,-0.0164405645184139,0.230865085074954,0.23804725908181,0.3,0.7,0.3,1.3,0.05,,,NaN,NaN,NaN,NaN,NaN,NaN,NaN,NaN,NaN,NaN,NaN,NaN,NaN,NaN
SimpleBaseline,100,burst_onsets,14,0.391151079889219,0.398911054611742,0.130492908205535,0.43871653697859,0.445825781728839,0.0435713229129788,0.0400002022447069,-0.0095785240799799,0.239472718965184,0.239372850541439,0.3,0.7,0.3,1.3,0.08,,,NaN,NaN,NaN,NaN,NaN,NaN,NaN,NaN,NaN,NaN,NaN,NaN,NaN,NaN
SimpleBaseline,100,burst_onsets,14,0.395744014890422,0.399208672347114,0.130298942970844,0.453809082036381,0.436222856854081,0.0446427589241537,0.0449999348918627,-0.0062105534938778,0.231954576372603,0.23346199813343,0.3,0.7,0.3,1.3,0.1,,,NaN,NaN,NaN,NaN,NaN,NaN,NaN,NaN,NaN,NaN,NaN,NaN,NaN,NaN
SimpleBaseline,100,burst_onsets,14,0.393688388869927,0.398915523525975,0.127902356138896,0.491750951763048,0.402134297095945,0.0471427491534289,0.0499998714653304,-0.00036253100603903,0.208479137570707,0.199164459938242,0.3,0.7,0.3,1.3,0.15,,,NaN,NaN,NaN,NaN,NaN,NaN,NaN,NaN,NaN,NaN,NaN,NaN,NaN,NaN
SimpleBaseline,100,burst_onsets,14,0.33234736322549,0.328461901688446,0.13834915927591,0.371507926938506,0.423851081097449,0.0549999129332661,0.0574999512349352,-0.0209999353456925,0.194726454766093,0.210727777100409,0.3,0.7,0.3,1.4,0.03,,,NaN,NaN,NaN,NaN,NaN,NaN,NaN,NaN,NaN,NaN,NaN,NaN,NaN,NaN
SimpleBaseline,100,burst_onsets,14,0.359893011151641,0.354872384525773,0.127699956670015,0.411344824681386,0.419495000899346,0.048214189129084,0.0499998953584337,-0.0154809517612142,0.210587735282495,0.222828335857157,0.3,0.7,0.3,1.4,0.05,,,NaN,NaN,NaN,NaN,NaN,NaN,NaN,NaN,NaN,NaN,NaN,NaN,NaN,NaN
SimpleBaseline,100,burst_onsets,14,0.378782180232584,0.357682962519312,0.12882986113355,0.450612671410836,0.407811042807742,0.0442856067910549,0.0400002022447069,-0.00917684492491982,0.219374567209764,0.222828335857157,0.3,0.7,0.3,1.4,0.08,,,NaN,NaN,NaN,NaN,NaN,NaN,NaN,NaN,NaN,NaN,NaN,NaN,NaN,NaN
SimpleBaseline,100,burst_onsets,14,0.381954773536983,0.361910207911791,0.128520060777529,0.464832638393079,0.398370551357375,0.0449998953600346,0.0449999348918627,-0.00595327873153168,0.212109195232859,0.218059382598285,0.3,0.7,0.3,1.4,0.1,,,NaN,NaN,NaN,NaN,NaN,NaN,NaN,NaN,NaN,NaN,NaN,NaN,NaN,NaN
SimpleBaseline,100,burst_onsets,14,0.378095313005746,0.366643445271648,0.125217968849181,0.502549911465117,0.36663107385529,0.0471427489951889,0.0499997483112516,0.000269927321490225,0.189984879927583,0.180954000592128,0.3,0.7,0.3,1.4,0.15,,,NaN,NaN,NaN,NaN,NaN,NaN,NaN,NaN,NaN,NaN,NaN,NaN,NaN,NaN
SimpleBaseline,100,burst_onsets,14,0.285616169454354,0.282068006843456,0.151751709698282,0.190116064331428,0.877957886544948,0.0592856273851835,0.0599998845317473,-0.0385002306426129,0.364604231515837,0.361991441312073,0.3,0.8,0.2,0.4,0.03,,,NaN,NaN,NaN,NaN,NaN,NaN,NaN,NaN,NaN,NaN,NaN,NaN,NaN,NaN
SimpleBaseline,100,burst_onsets,14,0.323414759291503,0.34407646659364,0.154589309019157,0.218695608172155,0.871566216620288,0.0499999039752918,0.0499998714653304,-0.0311204714749009,0.416749069761088,0.427087936605448,0.3,0.8,0.2,0.4,0.05,,,NaN,NaN,NaN,NaN,NaN,NaN,NaN,NaN,NaN,NaN,NaN,NaN,NaN,NaN
SimpleBaseline,100,burst_onsets,14,0.355672265212688,0.380818690377524,0.159168939809738,0.245958184531247,0.859053568062836,0.0428570383839742,0.0400000569966051,-0.0205632070513017,0.456542392982023,0.454649441465525,0.3,0.8,0.2,0.4,0.08,,,NaN,NaN,NaN,NaN,NaN,NaN,NaN,NaN,NaN,NaN,NaN,NaN,NaN,NaN
SimpleBaseline,100,burst_onsets,14,0.368752984574249,0.403052352128582,0.163554680707567,0.258629776342879,0.845805605159914,0.043214182668464,0.0400000993784508,-0.0156952418402168,0.44897365208275,0.444827054700224,0.3,0.8,0.2,0.4,0.1,,,NaN,NaN,NaN,NaN,NaN,NaN,NaN,NaN,NaN,NaN,NaN,NaN,NaN,NaN
SimpleBaseline,100,burst_onsets,14,0.383354157626094,0.41924505601925,0.16226623361439,0.282426409350431,0.775385021523689,0.0467856148229489,0.0499997372344563,-0.0058501600594194,0.397364279954495,0.401244545533438,0.3,0.8,0.2,0.4,0.15,,,NaN,NaN,NaN,NaN,NaN,NaN,NaN,NaN,NaN,NaN,NaN,NaN,NaN,NaN
SimpleBaseline,100,burst_onsets,14,0.304571792710883,0.312539110889749,0.155547253390819,0.209392114301219,0.847995546609087,0.0592856314971497,0.0599999538127294,-0.0368809902347339,0.357072638378958,0.35713031064887,0.3,0.8,0.2,0.5,0.03,,,NaN,NaN,NaN,NaN,NaN,NaN,NaN,NaN,NaN,NaN,NaN,NaN,NaN,NaN
SimpleBaseline,100,burst_onsets,14,0.343164990018522,0.383665339181504,0.157840992080444,0.240181806492976,0.840249842510868,0.0496427596908019,0.0499998714653304,-0.0299286471084153,0.404681308209564,0.417980937665972,0.3,0.8,0.2,0.5,0.05,,,NaN,NaN,NaN,NaN,NaN,NaN,NaN,NaN,NaN,NaN,NaN,NaN,NaN,NaN
SimpleBaseline,100,burst_onsets,14,0.374953973699399,0.421371026948716,0.1619894295444,0.268880796335885,0.82707347732437,0.0432141725606674,0.0400002022447069,-0.0200192419314229,0.438763714572195,0.440709635750929,0.3,0.8,0.2,0.5,0.08,,,NaN,NaN,NaN,NaN,NaN,NaN,NaN,NaN,NaN,NaN,NaN,NaN,NaN,NaN
SimpleBaseline,100,burst_onsets,14,0.387900200843874,0.431268230954015,0.166283342865781,0.282485020798493,0.81454491696208,0.0428570383839742,0.0400000569966051,-0.0153546663855379,0.432394570805895,0.428814655701085,0.3,0.8,0.2,0.5,0.1,,,NaN,NaN,NaN,NaN,NaN,NaN,NaN,NaN,NaN,NaN,NaN,NaN,NaN,NaN
SimpleBaseline,100,burst_onsets,14,0.402098911968537,0.440300230946882,0.165656518584233,0.308962588100483,0.748963716249254,0.0471427572705413,0.0499998603885351,-0.00557722385220707,0.384568850033769,0.387111976235719,0.3,0.8,0.2,0.5,0.15,,,NaN,NaN,NaN,NaN,NaN,NaN,NaN,NaN,NaN,NaN,NaN,NaN,NaN,NaN
SimpleBaseline,100,burst_onsets,14,0.322149604839631,0.332799417257398,0.158879959175963,0.228423042043291,0.816006745935741,0.0571427783608089,0.0599995391265884,-0.0345409554504961,0.35090773170681,0.356266149101204,0.3,0.8,0.2,0.6,0.03,,,NaN,NaN,NaN,NaN,NaN,NaN,NaN,NaN,NaN,NaN,NaN,NaN,NaN,NaN
SimpleBaseline,100,burst_onsets,14,0.361014688537957,0.415636729137244,0.160316906010737,0.261342532664039,0.808164562190459,0.0485713315282359,0.0499998603885351,-0.0280820367216763,0.39286461107097,0.402350255570516,0.3,0.8,0.2,0.6,0.05,,,NaN,NaN,NaN,NaN,NaN,NaN,NaN,NaN,NaN,NaN,NaN,NaN,NaN,NaN
SimpleBaseline,100,burst_onsets,14,0.392807773217967,0.449948264945254,0.163271197395227,0.292436441824814,0.794665965856317,0.042142753582723,0.0399999515002072,-0.0185088921704691,0.423714439492957,0.419788522483891,0.3,0.8,0.2,0.6,0.08,,,NaN,NaN,NaN,NaN,NaN,NaN,NaN,NaN,NaN,NaN,NaN,NaN,NaN,NaN
SimpleBaseline,100,burst_onsets,14,0.404566164747225,0.455505279034691,0.166692914738945,0.306245543175272,0.781882062672437,0.0428570383839742,0.0400000569966051,-0.0142007819133134,0.41614631426662,0.411865025497858,0.3,0.8,0.2,0.6,0.1,,,NaN,NaN,NaN,NaN,NaN,NaN,NaN,NaN,NaN,NaN,NaN,NaN,NaN,NaN
SimpleBaseline,100,burst_onsets,14,0.416483227093275,0.450193809496665,0.164525970568991,0.333839652898926,0.720383466536191,0.0471427572705413,0.0499998603885351,-0.00501153958307966,0.370741684462401,0.366043280657254,0.3,0.8,0.2,0.6,0.15,,,NaN,NaN,NaN,NaN,NaN,NaN,NaN,NaN,NaN,NaN,NaN,NaN,NaN,NaN
SimpleBaseline,100,burst_onsets,14,0.333227294523885,0.349209265570208,0.15727112685024,0.244839376390402,0.771509450102252,0.0564284944827327,0.0549995519800554,-0.0328231573301342,0.3377532372319,0.339159438547414,0.3,0.8,0.2,0.7,0.03,,,NaN,NaN,NaN,NaN,NaN,NaN,NaN,NaN,NaN,NaN,NaN,NaN,NaN,NaN
SimpleBaseline,100,burst_onsets,14,0.372321001897229,0.430683366621246,0.156529505519428,0.279923992053017,0.765076971270282,0.0485713315282359,0.0499998603885351,-0.0263570407381063,0.376741039180924,0.38487286416903,0.3,0.8,0.2,0.7,0.05,,,NaN,NaN,NaN,NaN,NaN,NaN,NaN,NaN,NaN,NaN,NaN,NaN,NaN,NaN
SimpleBaseline,100,burst_onsets,14,0.404039174498581,0.461145157196214,0.158241517634432,0.313262744296662,0.75326310139916,0.0428570383839742,0.0400000569966051,-0.0171939248785184,0.40455757084447,0.402886896571955,0.3,0.8,0.2,0.7,0.08,,,NaN,NaN,NaN,NaN,NaN,NaN,NaN,NaN,NaN,NaN,NaN,NaN,NaN,NaN
SimpleBaseline,100,burst_onsets,14,0.415011334415282,0.464237457222594,0.160617062613807,0.327555717328593,0.740902638495701,0.0428570383839742,0.0400000569966051,-0.0133109076712796,0.395637802640187,0.397580011497172,0.3,0.8,0.2,0.7,0.1,,,NaN,NaN,NaN,NaN,NaN,NaN,NaN,NaN,NaN,NaN,NaN,NaN,NaN,NaN
SimpleBaseline,100,burst_onsets,14,0.422697623388604,0.457777595066804,0.15711356188676,0.35454597470485,0.679702754105107,0.0471427572705413,0.0499998603885351,-0.00436391614708303,0.351032923179771,0.345501098491184,0.3,0.8,0.2,0.7,0.15,,,NaN,NaN,NaN,NaN,NaN,NaN,NaN,NaN,NaN,NaN,NaN,NaN,NaN,NaN
SimpleBaseline,100,burst_onsets,14,0.343419210065226,0.352071080348898,0.156641123839362,0.262838361607914,0.728441480736421,0.0564284944827327,0.0549995519800554,-0.030871696127169,0.32097827726353,0.326001197099251,0.3,0.8,0.2,0.8,0.03,,,NaN,NaN,NaN,NaN,NaN,NaN,NaN,NaN,NaN,NaN,NaN,NaN,NaN,NaN
SimpleBaseline,100,burst_onsets,14,0.380760909006348,0.429075999205107,0.152359983051571,0.29863575649461,0.721584707105628,0.0485713315282359,0.0499998603885351,-0.0246797108190326,0.354571393175831,0.355878678357897,0.3,0.8,0.2,0.8,0.05,,,NaN,NaN,NaN,NaN,NaN,NaN,NaN,NaN,NaN,NaN,NaN,NaN,NaN,NaN
SimpleBaseline,100,burst_onsets,14,0.410838603856465,0.472022069419854,0.151268078017943,0.333127183258111,0.709092526933939,0.0432141803230123,0.0400002022447069,-0.0158610763217113,0.380200444053221,0.361222617232087,0.3,0.8,0.2,0.8,0.08,,,NaN,NaN,NaN,NaN,NaN,NaN,NaN,NaN,NaN,NaN,NaN,NaN,NaN,NaN
SimpleBaseline,100,burst_onsets,14,0.421160015728949,0.47679151331457,0.15298999896354,0.34812835607219,0.697523971083748,0.0446427504246163,0.0474999025014458,-0.0120362284569556,0.371273422577091,0.358936859088931,0.3,0.8,0.2,0.8,0.1,,,NaN,NaN,NaN,NaN,NaN,NaN,NaN,NaN,NaN,NaN,NaN,NaN,NaN,NaN
SimpleBaseline,100,burst_onsets,14,0.42804978489384,0.466644466644467,0.151283571120188,0.377407134374091,0.640873117434722,0.046785609828346,0.0499998603885351,-0.00398980242466114,0.330742147208912,0.329292800066507,0.3,0.8,0.2,0.8,0.15,,,NaN,NaN,NaN,NaN,NaN,NaN,NaN,NaN,NaN,NaN,NaN,NaN,NaN,NaN
SimpleBaseline,100,burst_onsets,14,0.352293010228386,0.337613369163588,0.154139829974074,0.280813623179998,0.690407314050945,0.0560713518610345,0.0574995455533219,-0.0286583800049703,0.307167405753433,0.317547634673242,0.3,0.8,0.2,0.9,0.03,,,NaN,NaN,NaN,NaN,NaN,NaN,NaN,NaN,NaN,NaN,NaN,NaN,NaN,NaN
SimpleBaseline,100,burst_onsets,14,0.388269739734944,0.411680067710537,0.147372797467872,0.317876245275804,0.681977104057191,0.0485713308455758,0.0499998714653304,-0.0230313430298665,0.335399946176516,0.335483105103785,0.3,0.8,0.2,0.9,0.05,,,NaN,NaN,NaN,NaN,NaN,NaN,NaN,NaN,NaN,NaN,NaN,NaN,NaN,NaN
SimpleBaseline,100,burst_onsets,14,0.416755236282471,0.444835370262596,0.145123583504312,0.353084561115859,0.669125352178083,0.0435713222620503,0.0400002022447069,-0.0145867546797665,0.358450918726303,0.335483105103785,0.3,0.8,0.2,0.9,0.08,,,NaN,NaN,NaN,NaN,NaN,NaN,NaN,NaN,NaN,NaN,NaN,NaN,NaN,NaN
SimpleBaseline,100,burst_onsets,14,0.426369444869173,0.455461237031203,0.145629981250771,0.36831731758392,0.659311048973936,0.045714179604291,0.0499998603885351,-0.0107873255145378,0.350940960987484,0.335725825034771,0.3,0.8,0.2,0.9,0.1,,,NaN,NaN,NaN,NaN,NaN,NaN,NaN,NaN,NaN,NaN,NaN,NaN,NaN,NaN
SimpleBaseline,100,burst_onsets,14,0.431491697937291,0.452493935439532,0.144141595521538,0.399286982354756,0.605458592155469,0.0474998937064221,0.0499998714653304,-0.00321486445407727,0.311812501848215,0.314583380308251,0.3,0.8,0.2,0.9,0.15,,,NaN,NaN,NaN,NaN,NaN,NaN,NaN,NaN,NaN,NaN,NaN,NaN,NaN,NaN
SimpleBaseline,100,burst_onsets,14,0.355757252292409,0.34226220199455,0.150188458738789,0.297435918219166,0.646141634729013,0.0549999213212545,0.0599998457583965,-0.0268858481192023,0.289134966448822,0.303126581281685,0.3,0.8,0.2,1,0.03,,,NaN,NaN,NaN,NaN,NaN,NaN,NaN,NaN,NaN,NaN,NaN,NaN,NaN,NaN
SimpleBaseline,100,burst_onsets,14,0.389401855067343,0.3974891918856,0.1405699704058,0.334367549679077,0.637134924003008,0.0485713308455758,0.0499998714653304,-0.0214757337933206,0.314090923881826,0.312269201516843,0.3,0.8,0.2,1,0.05,,,NaN,NaN,NaN,NaN,NaN,NaN,NaN,NaN,NaN,NaN,NaN,NaN,NaN,NaN
SimpleBaseline,100,burst_onsets,14,0.416851592965057,0.441221901847711,0.137690141665336,0.37114367189884,0.622780739625359,0.0446427535823218,0.0449999348918627,-0.0132596018366623,0.332406621454512,0.312269201516843,0.3,0.8,0.2,1,0.08,,,NaN,NaN,NaN,NaN,NaN,NaN,NaN,NaN,NaN,NaN,NaN,NaN,NaN,NaN
SimpleBaseline,100,burst_onsets,14,0.425981570348546,0.448494261614487,0.137616175647761,0.386910874905602,0.614058090954738,0.0453570384775066,0.0499997372344563,-0.0098206786569027,0.325696828039138,0.312511921447829,0.3,0.8,0.2,1,0.1,,,NaN,NaN,NaN,NaN,NaN,NaN,NaN,NaN,NaN,NaN,NaN,NaN,NaN,NaN
SimpleBaseline,100,burst_onsets,14,0.429105598149931,0.44658156102809,0.135133349721439,0.41816232720106,0.56588272848115,0.0474998937064221,0.0499998714653304,-0.00265261276374221,0.290719708267833,0.292145502983819,0.3,0.8,0.2,1,0.15,,,NaN,NaN,NaN,NaN,NaN,NaN,NaN,NaN,NaN,NaN,NaN,NaN,NaN,NaN
SimpleBaseline,100,burst_onsets,14,0.3584583274131,0.341903577811574,0.146095998857584,0.314601339952683,0.605082976769025,0.0539284891636896,0.0524999550838744,-0.0243685050214278,0.273690201497395,0.292419466739494,0.3,0.8,0.2,1.1,0.03,,,NaN,NaN,NaN,NaN,NaN,NaN,NaN,NaN,NaN,NaN,NaN,NaN,NaN,NaN
SimpleBaseline,100,burst_onsets,14,0.390725134661326,0.400573910345897,0.135274191648702,0.352540919132572,0.596597582016655,0.049285615646827,0.0499998714653304,-0.0192795300364817,0.296279747793351,0.298670886600936,0.3,0.8,0.2,1.1,0.05,,,NaN,NaN,NaN,NaN,NaN,NaN,NaN,NaN,NaN,NaN,NaN,NaN,NaN,NaN
SimpleBaseline,100,burst_onsets,14,0.415193171097123,0.437826112794913,0.132455625195112,0.388530643724273,0.580993799911234,0.0439284690215856,0.0400002022447069,-0.0113238959231201,0.313438011060561,0.298670886600936,0.3,0.8,0.2,1.1,0.08,,,NaN,NaN,NaN,NaN,NaN,NaN,NaN,NaN,NaN,NaN,NaN,NaN,NaN,NaN
SimpleBaseline,100,burst_onsets,14,0.422735280062868,0.449321152138054,0.131644329321024,0.40387267844343,0.571552274467465,0.0460713270464863,0.0499998603885351,-0.00845962112026518,0.304052888001455,0.298913606531922,0.3,0.8,0.2,1.1,0.1,,,NaN,NaN,NaN,NaN,NaN,NaN,NaN,NaN,NaN,NaN,NaN,NaN,NaN,NaN
SimpleBaseline,100,burst_onsets,14,0.422632902101048,0.461443806398687,0.127682477828974,0.435210503425986,0.524889357164556,0.0474998937064221,0.0499998714653304,-0.00184702514347733,0.271475952159301,0.274590841672931,0.3,0.8,0.2,1.1,0.15,,,NaN,NaN,NaN,NaN,NaN,NaN,NaN,NaN,NaN,NaN,NaN,NaN,NaN,NaN
SimpleBaseline,100,burst_onsets,14,0.359088980683862,0.332492259426968,0.145324013190744,0.332567140338003,0.563773138654565,0.0535713545854511,0.0549999486571409,-0.0244085984816417,0.256400748815653,0.273843145044764,0.3,0.8,0.2,1.2,0.03,,,NaN,NaN,NaN,NaN,NaN,NaN,NaN,NaN,NaN,NaN,NaN,NaN,NaN,NaN
SimpleBaseline,100,burst_onsets,14,0.389945359859485,0.403220949975326,0.13347122800245,0.370968913631286,0.556054407858179,0.0474999079457541,0.0499998603885351,-0.0194265294613505,0.276976965161715,0.277668892669468,0.3,0.8,0.2,1.2,0.05,,,NaN,NaN,NaN,NaN,NaN,NaN,NaN,NaN,NaN,NaN,NaN,NaN,NaN,NaN
SimpleBaseline,100,burst_onsets,14,0.412007019545289,0.429745270607449,0.130585046567935,0.407398946660027,0.539852399631926,0.0439284770650452,0.0449999348918627,-0.0116794507341231,0.291167717869135,0.277668892669468,0.3,0.8,0.2,1.2,0.08,,,NaN,NaN,NaN,NaN,NaN,NaN,NaN,NaN,NaN,NaN,NaN,NaN,NaN,NaN
SimpleBaseline,100,burst_onsets,14,0.417958871819282,0.436491874766603,0.129726242512926,0.422148431704449,0.530472935792914,0.04464276196023,0.0499997372344563,-0.00879038424410502,0.282486862506906,0.277911612600454,0.3,0.8,0.2,1.2,0.1,,,NaN,NaN,NaN,NaN,NaN,NaN,NaN,NaN,NaN,NaN,NaN,NaN,NaN,NaN
SimpleBaseline,100,burst_onsets,14,0.417077163219398,0.44575294412428,0.125519934136062,0.45570516296693,0.488493504758778,0.0467856171891455,0.0499998714653304,-0.0024489391933856,0.253114965740494,0.254256520464892,0.3,0.8,0.2,1.2,0.15,,,NaN,NaN,NaN,NaN,NaN,NaN,NaN,NaN,NaN,NaN,NaN,NaN,NaN,NaN
SimpleBaseline,100,burst_onsets,14,0.357723415114566,0.3421324053006,0.14404380123495,0.34796322453412,0.525467805031529,0.0528570707073749,0.0499999615106079,-0.023567610852174,0.241656718273369,0.255067090091894,0.3,0.8,0.2,1.3,0.03,,,NaN,NaN,NaN,NaN,NaN,NaN,NaN,NaN,NaN,NaN,NaN,NaN,NaN,NaN
SimpleBaseline,100,burst_onsets,14,0.38657117109291,0.403877454093313,0.132631398007028,0.386079455872083,0.518451483728028,0.0471427694331145,0.0499998714653304,-0.0188568051297283,0.259589407087571,0.255067090091894,0.3,0.8,0.2,1.3,0.05,,,NaN,NaN,NaN,NaN,NaN,NaN,NaN,NaN,NaN,NaN,NaN,NaN,NaN,NaN
SimpleBaseline,100,burst_onsets,14,0.407887184331112,0.425537375280111,0.13119992367713,0.424183922130458,0.503273837411196,0.0435713296228499,0.0449999348918627,-0.011150975164571,0.271236593117576,0.255067090091894,0.3,0.8,0.2,1.3,0.08,,,NaN,NaN,NaN,NaN,NaN,NaN,NaN,NaN,NaN,NaN,NaN,NaN,NaN,NaN
SimpleBaseline,100,burst_onsets,14,0.41298237023448,0.434406500172877,0.131086412588028,0.439148196880002,0.492169775106036,0.0449999002488894,0.0499997372344563,-0.00826333514209861,0.260993996145137,0.25530981002288,0.3,0.8,0.2,1.3,0.1,,,NaN,NaN,NaN,NaN,NaN,NaN,NaN,NaN,NaN,NaN,NaN,NaN,NaN,NaN
SimpleBaseline,100,burst_onsets,14,0.410235897605485,0.436376003468225,0.127037163659719,0.471952403599613,0.45410260417279,0.0464284697469502,0.0499998714653304,-0.00267386076028483,0.235990211217361,0.236999419561162,0.3,0.8,0.2,1.3,0.15,,,NaN,NaN,NaN,NaN,NaN,NaN,NaN,NaN,NaN,NaN,NaN,NaN,NaN,NaN
SimpleBaseline,100,burst_onsets,14,0.349371727106041,0.344984485013495,0.14223790805389,0.360043185987437,0.483466029819257,0.0535713545854511,0.0549999486571409,-0.0235107566267582,0.22210973955874,0.239103720586618,0.3,0.8,0.2,1.4,0.03,,,NaN,NaN,NaN,NaN,NaN,NaN,NaN,NaN,NaN,NaN,NaN,NaN,NaN,NaN
SimpleBaseline,100,burst_onsets,14,0.376219053951894,0.390979613035127,0.131557299270734,0.397836042324468,0.476324313359854,0.0471427677835673,0.0499998603885351,-0.018794763863994,0.238426225400419,0.24434326421261,0.3,0.8,0.2,1.4,0.05,,,NaN,NaN,NaN,NaN,NaN,NaN,NaN,NaN,NaN,NaN,NaN,NaN,NaN,NaN
SimpleBaseline,100,burst_onsets,14,0.395682710118169,0.413182414477446,0.131981696528143,0.435661538825321,0.462263543397528,0.0439284770650452,0.0449999348918627,-0.011878466952345,0.247591443702021,0.24434326421261,0.3,0.8,0.2,1.4,0.08,,,NaN,NaN,NaN,NaN,NaN,NaN,NaN,NaN,NaN,NaN,NaN,NaN,NaN,NaN
SimpleBaseline,100,burst_onsets,14,0.400284812621377,0.413195995918558,0.133487658019741,0.450504699824011,0.452720067589618,0.0453570536869152,0.0499997372344563,-0.00831687998955732,0.238770198730888,0.244585984143597,0.3,0.8,0.2,1.4,0.1,,,NaN,NaN,NaN,NaN,NaN,NaN,NaN,NaN,NaN,NaN,NaN,NaN,NaN,NaN
SimpleBaseline,100,burst_onsets,14,0.395760936776801,0.412759511777129,0.129637793788247,0.483179164713961,0.416894856713804,0.0460713271065285,0.0499998603885351,-0.00337926235970642,0.216949673010667,0.218285481366531,0.3,0.8,0.2,1.4,0.15,,,NaN,NaN,NaN,NaN,NaN,NaN,NaN,NaN,NaN,NaN,NaN,NaN,NaN,NaN
SimpleBaseline,100,burst_onsets,14,0.26829141324554,0.2638207687185,0.148061860597789,0.175569987209904,0.885314286850226,0.0599999121864346,0.0599999538127294,-0.0402451558499256,0.364813907996925,0.360425369402755,0.3,0.9,0.1,0.4,0.03,,,NaN,NaN,NaN,NaN,NaN,NaN,NaN,NaN,NaN,NaN,NaN,NaN,NaN,NaN
SimpleBaseline,100,burst_onsets,14,0.303661814875327,0.306726116094308,0.14976999440825,0.201297872534936,0.879909883738128,0.0492856190801069,0.0499998714653304,-0.0325607528721005,0.420523641152531,0.430480387199443,0.3,0.9,0.1,0.4,0.05,,,NaN,NaN,NaN,NaN,NaN,NaN,NaN,NaN,NaN,NaN,NaN,NaN,NaN,NaN
SimpleBaseline,100,burst_onsets,14,0.334918102024398,0.333450017994348,0.153586041012575,0.226563911857755,0.867868367946693,0.043214182668464,0.0400000993784508,-0.0218319286781469,0.461793940095891,0.454824467819194,0.3,0.9,0.1,0.4,0.08,,,NaN,NaN,NaN,NaN,NaN,NaN,NaN,NaN,NaN,NaN,NaN,NaN,NaN,NaN
SimpleBaseline,100,burst_onsets,14,0.348923477355308,0.353898568686059,0.157962881330147,0.239180574770541,0.856076127502604,0.0435713269529538,0.0400000993784508,-0.016390940757603,0.456477862658902,0.45021783754931,0.3,0.9,0.1,0.4,0.1,,,NaN,NaN,NaN,NaN,NaN,NaN,NaN,NaN,NaN,NaN,NaN,NaN,NaN,NaN
SimpleBaseline,100,burst_onsets,14,0.364231771470051,0.373179031866971,0.156890872465233,0.261468643131266,0.784564508184299,0.0464284723753565,0.0499997372344563,-0.00630202778793004,0.40312748774724,0.404360082192574,0.3,0.9,0.1,0.4,0.15,,,NaN,NaN,NaN,NaN,NaN,NaN,NaN,NaN,NaN,NaN,NaN,NaN,NaN,NaN
SimpleBaseline,100,burst_onsets,14,0.288440843899697,0.295014509300224,0.150965487913889,0.193388966131907,0.865788351518633,0.0607141968357591,0.0599998845317473,-0.0381540310793567,0.362366283571779,0.361921575027734,0.3,0.9,0.1,0.5,0.03,,,NaN,NaN,NaN,NaN,NaN,NaN,NaN,NaN,NaN,NaN,NaN,NaN,NaN,NaN
SimpleBaseline,100,burst_onsets,14,0.325789516435697,0.349331114345524,0.154027599309575,0.221899156095128,0.859590666234306,0.0514284734258674,0.0499999037764561,-0.0309689233101114,0.412167918161897,0.419481848025515,0.3,0.9,0.1,0.5,0.05,,,NaN,NaN,NaN,NaN,NaN,NaN,NaN,NaN,NaN,NaN,NaN,NaN,NaN,NaN
SimpleBaseline,100,burst_onsets,14,0.357044279029919,0.380817734201193,0.158479073331744,0.248682397278223,0.846516998180585,0.0442856078345498,0.0449998578099815,-0.020620004881406,0.449612880944919,0.444614824493225,0.3,0.9,0.1,0.5,0.08,,,NaN,NaN,NaN,NaN,NaN,NaN,NaN,NaN,NaN,NaN,NaN,NaN,NaN,NaN
SimpleBaseline,100,burst_onsets,14,0.370264802782789,0.398053111762789,0.162761330223201,0.261540014548461,0.83472308861697,0.0439284627932413,0.0425002175338664,-0.0155343164487686,0.444565501676838,0.44084460316287,0.3,0.9,0.1,0.5,0.1,,,NaN,NaN,NaN,NaN,NaN,NaN,NaN,NaN,NaN,NaN,NaN,NaN,NaN,NaN
SimpleBaseline,100,burst_onsets,14,0.384301894976118,0.416375577433839,0.161112367802648,0.285101886645809,0.765066360023596,0.0467856120593358,0.0499997372344563,-0.00605799733297057,0.393685827767307,0.399256079907631,0.3,0.9,0.1,0.5,0.15,,,NaN,NaN,NaN,NaN,NaN,NaN,NaN,NaN,NaN,NaN,NaN,NaN,NaN,NaN
SimpleBaseline,100,burst_onsets,14,0.307746730265065,0.32460381308951,0.156396249781307,0.21242372761444,0.841429469026945,0.058571352321502,0.0599998457583965,-0.0361926939380183,0.358010216823755,0.36049757951323,0.3,0.9,0.1,0.6,0.03,,,NaN,NaN,NaN,NaN,NaN,NaN,NaN,NaN,NaN,NaN,NaN,NaN,NaN,NaN
SimpleBaseline,100,burst_onsets,14,0.346195723269446,0.385926790647141,0.159526957374732,0.243392788235004,0.834079624270448,0.0499999054889291,0.0499999037764561,-0.0292953513692959,0.403993520252741,0.41344525185522,0.3,0.9,0.1,0.6,0.05,,,NaN,NaN,NaN,NaN,NaN,NaN,NaN,NaN,NaN,NaN,NaN,NaN,NaN,NaN
SimpleBaseline,100,burst_onsets,14,0.377307356460387,0.422002720239024,0.163703763206892,0.271869137135846,0.820098818561205,0.0435713284665912,0.0400000569966051,-0.0194316180488986,0.438716954977191,0.43754724485891,0.3,0.9,0.1,0.6,0.08,,,NaN,NaN,NaN,NaN,NaN,NaN,NaN,NaN,NaN,NaN,NaN,NaN,NaN,NaN
SimpleBaseline,100,burst_onsets,14,0.390149346279635,0.433465233015003,0.167647869588498,0.285459560618985,0.808820548947191,0.0428570383839742,0.0400000569966051,-0.0148660543278066,0.43257476747788,0.42259342739452,0.3,0.9,0.1,0.6,0.1,,,NaN,NaN,NaN,NaN,NaN,NaN,NaN,NaN,NaN,NaN,NaN,NaN,NaN,NaN
SimpleBaseline,100,burst_onsets,14,0.402407185166955,0.439035089766146,0.165940020361667,0.310431571354721,0.741542827254376,0.0464284723753565,0.0499997372344563,-0.00576202612852281,0.383372548759471,0.386476223647214,0.3,0.9,0.1,0.6,0.15,,,NaN,NaN,NaN,NaN,NaN,NaN,NaN,NaN,NaN,NaN,NaN,NaN,NaN,NaN
SimpleBaseline,100,burst_onsets,14,0.321301608388922,0.343698930755942,0.156849251857183,0.228956098106741,0.804193843833885,0.0574999234021174,0.0599995391265884,-0.0345490029907609,0.348581859097798,0.351817109592281,0.3,0.9,0.1,0.7,0.03,,,NaN,NaN,NaN,NaN,NaN,NaN,NaN,NaN,NaN,NaN,NaN,NaN,NaN,NaN
SimpleBaseline,100,burst_onsets,14,0.360413025297901,0.414822041093838,0.160238710621363,0.262421993623276,0.796984064854898,0.0482141916743596,0.0499998603885351,-0.0280243847966467,0.389948053767707,0.40245004059669,0.3,0.9,0.1,0.7,0.05,,,NaN,NaN,NaN,NaN,NaN,NaN,NaN,NaN,NaN,NaN,NaN,NaN,NaN,NaN
SimpleBaseline,100,burst_onsets,14,0.390895978479121,0.443684291463657,0.16347265432376,0.292411241291304,0.784238332179796,0.0432141834252827,0.0400000569966051,-0.0186060928543915,0.419918376036301,0.416319170195285,0.3,0.9,0.1,0.7,0.08,,,NaN,NaN,NaN,NaN,NaN,NaN,NaN,NaN,NaN,NaN,NaN,NaN,NaN,NaN
SimpleBaseline,100,burst_onsets,14,0.40297207504417,0.449007070223374,0.166764524496364,0.306443447733068,0.77371526492228,0.0428570383839742,0.0400000569966051,-0.0143501219129547,0.414124075092024,0.407380018565605,0.3,0.9,0.1,0.7,0.1,,,NaN,NaN,NaN,NaN,NaN,NaN,NaN,NaN,NaN,NaN,NaN,NaN,NaN,NaN
SimpleBaseline,100,burst_onsets,14,0.412813085863597,0.44625562732433,0.164791125392151,0.332889776275964,0.706556113383829,0.046785609828346,0.0499998603885351,-0.00553685675118787,0.364870255425293,0.356058481899456,0.3,0.9,0.1,0.7,0.15,,,NaN,NaN,NaN,NaN,NaN,NaN,NaN,NaN,NaN,NaN,NaN,NaN,NaN,NaN
SimpleBaseline,100,burst_onsets,14,0.332299341107565,0.352315334938286,0.157044115338638,0.24458685705635,0.763664654605447,0.056071359844452,0.0524998650385969,-0.0325026841823317,0.338577048415364,0.346391872252486,0.3,0.9,0.1,0.8,0.03,,,NaN,NaN,NaN,NaN,NaN,NaN,NaN,NaN,NaN,NaN,NaN,NaN,NaN,NaN
SimpleBaseline,100,burst_onsets,14,0.370497274615615,0.431456248209949,0.157765313786757,0.279306987132027,0.756946235930107,0.0471427620723149,0.0499998603885351,-0.0261930442757553,0.374586107804417,0.378190444424644,0.3,0.9,0.1,0.8,0.05,,,NaN,NaN,NaN,NaN,NaN,NaN,NaN,NaN,NaN,NaN,NaN,NaN,NaN,NaN
SimpleBaseline,100,burst_onsets,14,0.400112394092058,0.456156376832894,0.159168229186067,0.310870072209165,0.744215779436068,0.0428570383839742,0.0400000569966051,-0.0171774881810578,0.400746569704545,0.393314106476165,0.3,0.9,0.1,0.8,0.08,,,NaN,NaN,NaN,NaN,NaN,NaN,NaN,NaN,NaN,NaN,NaN,NaN,NaN,NaN
SimpleBaseline,100,burst_onsets,14,0.411311583630066,0.463763066202091,0.161776256929259,0.32543446102823,0.733325841030084,0.0428570383839742,0.0400000569966051,-0.0130294931349123,0.393883923636006,0.388805912149526,0.3,0.9,0.1,0.8,0.1,,,NaN,NaN,NaN,NaN,NaN,NaN,NaN,NaN,NaN,NaN,NaN,NaN,NaN,NaN
SimpleBaseline,100,burst_onsets,14,0.418194208003459,0.457671957671958,0.159024192618807,0.35188815746578,0.66980943671908,0.0464284673807536,0.0499997372344563,-0.00480156743221348,0.346818052568421,0.339270171785213,0.3,0.9,0.1,0.8,0.15,,,NaN,NaN,NaN,NaN,NaN,NaN,NaN,NaN,NaN,NaN,NaN,NaN,NaN,NaN
SimpleBaseline,100,burst_onsets,14,0.34167470356564,0.354745995242654,0.155162571617191,0.261043271151583,0.723647502720874,0.0571427918661071,0.0550000757707936,-0.0308824363040793,0.320604964764494,0.329437040555731,0.3,0.9,0.1,0.9,0.03,,,NaN,NaN,NaN,NaN,NaN,NaN,NaN,NaN,NaN,NaN,NaN,NaN,NaN,NaN
SimpleBaseline,100,burst_onsets,14,0.37881561598647,0.434257560198201,0.152743617680379,0.296946686720833,0.71692525276563,0.0492856218513679,0.0499998953584337,-0.0245744694541501,0.352583232014648,0.356450216684002,0.3,0.9,0.1,0.9,0.05,,,NaN,NaN,NaN,NaN,NaN,NaN,NaN,NaN,NaN,NaN,NaN,NaN,NaN,NaN
SimpleBaseline,100,burst_onsets,14,0.407124481972207,0.464237627664116,0.153110373846635,0.329894399609457,0.700484535065161,0.0439284759087865,0.0400000569966051,-0.0159994427327672,0.374116967190409,0.36873555452668,0.3,0.9,0.1,0.9,0.08,,,NaN,NaN,NaN,NaN,NaN,NaN,NaN,NaN,NaN,NaN,NaN,NaN,NaN,NaN
SimpleBaseline,100,burst_onsets,14,0.417418638060802,0.474574713303987,0.154059463695537,0.344645709723893,0.69102269935143,0.0442856170910059,0.0450000320822581,-0.0121619467489487,0.368074732713554,0.362735521633599,0.3,0.9,0.1,0.9,0.1,,,NaN,NaN,NaN,NaN,NaN,NaN,NaN,NaN,NaN,NaN,NaN,NaN,NaN,NaN
SimpleBaseline,100,burst_onsets,14,0.423716074811968,0.466085320587787,0.152236668342996,0.373419721184981,0.636215144764735,0.046785609828346,0.0499998603885351,-0.00455369533515777,0.329502395921395,0.322119515838449,0.3,0.9,0.1,0.9,0.15,,,NaN,NaN,NaN,NaN,NaN,NaN,NaN,NaN,NaN,NaN,NaN,NaN,NaN,NaN
SimpleBaseline,100,burst_onsets,14,0.349846061067462,0.348320949000066,0.152250426229455,0.279037917622732,0.686384924157982,0.0578570574371114,0.0599998457583965,-0.0288170202515107,0.306344199186497,0.313508808791163,0.3,0.9,0.1,1,0.03,,,NaN,NaN,NaN,NaN,NaN,NaN,NaN,NaN,NaN,NaN,NaN,NaN,NaN,NaN
SimpleBaseline,100,burst_onsets,14,0.384637410663721,0.417313928393559,0.147041638736463,0.315095891004317,0.677793994584208,0.0485713360330081,0.0499998953584337,-0.0230814752631076,0.333223715418707,0.326900409764448,0.3,0.9,0.1,1,0.05,,,NaN,NaN,NaN,NaN,NaN,NaN,NaN,NaN,NaN,NaN,NaN,NaN,NaN,NaN
SimpleBaseline,100,burst_onsets,14,0.41102670360699,0.454924819124618,0.145855816934867,0.348665462033355,0.660900366420768,0.0449999017259007,0.0474997547379851,-0.0148543592260646,0.353411321289849,0.331899794299015,0.3,0.9,0.1,1,0.08,,,NaN,NaN,NaN,NaN,NaN,NaN,NaN,NaN,NaN,NaN,NaN,NaN,NaN,NaN
SimpleBaseline,100,burst_onsets,14,0.421091085877798,0.465774199997501,0.146681478222624,0.364184674938832,0.652245828426195,0.0464284720877948,0.0499998603885351,-0.0109439446776457,0.347142332293846,0.329899783334655,0.3,0.9,0.1,1,0.1,,,NaN,NaN,NaN,NaN,NaN,NaN,NaN,NaN,NaN,NaN,NaN,NaN,NaN,NaN
SimpleBaseline,100,burst_onsets,14,0.426585359771005,0.459333905088622,0.144404338419386,0.394112769503818,0.602351773290586,0.0474998937064221,0.0499998714653304,-0.00355766422436355,0.312188732118437,0.310737183885889,0.3,0.9,0.1,1,0.15,,,NaN,NaN,NaN,NaN,NaN,NaN,NaN,NaN,NaN,NaN,NaN,NaN,NaN,NaN
SimpleBaseline,100,burst_onsets,14,0.353648530924189,0.344755509792018,0.147442825531033,0.292778416988937,0.648164269607934,0.0560713540255697,0.05749985218513,-0.0273784354575335,0.289885016989127,0.30309517868108,0.3,0.9,0.1,1.1,0.03,,,NaN,NaN,NaN,NaN,NaN,NaN,NaN,NaN,NaN,NaN,NaN,NaN,NaN,NaN
SimpleBaseline,100,burst_onsets,14,0.38684811161126,0.406076066790353,0.140110595043927,0.329395466313535,0.639940348178097,0.0485713360330081,0.0499998953584337,-0.0220033623186552,0.315876581297419,0.311811193986794,0.3,0.9,0.1,1.1,0.05,,,NaN,NaN,NaN,NaN,NaN,NaN,NaN,NaN,NaN,NaN,NaN,NaN,NaN,NaN
SimpleBaseline,100,burst_onsets,14,0.41218305524309,0.432020747327194,0.138126528315952,0.364021737737429,0.623436016019468,0.0453570436649388,0.0499997372344563,-0.0138212460930484,0.332358438548192,0.311811193986794,0.3,0.9,0.1,1.1,0.08,,,NaN,NaN,NaN,NaN,NaN,NaN,NaN,NaN,NaN,NaN,NaN,NaN,NaN,NaN
SimpleBaseline,100,burst_onsets,14,0.421691604080397,0.447317868376945,0.138089666038446,0.380002788419433,0.615328942155845,0.0464284720877948,0.0499998603885351,-0.0100037088607033,0.326570600650733,0.31205391391778,0.3,0.9,0.1,1.1,0.1,,,NaN,NaN,NaN,NaN,NaN,NaN,NaN,NaN,NaN,NaN,NaN,NaN,NaN,NaN
SimpleBaseline,100,burst_onsets,14,0.42388817111287,0.443019352995787,0.135606193779159,0.409437510254599,0.566866433854557,0.0474998937064221,0.0499998714653304,-0.00327502620859357,0.292707864710402,0.290798589908934,0.3,0.9,0.1,1.1,0.15,,,NaN,NaN,NaN,NaN,NaN,NaN,NaN,NaN,NaN,NaN,NaN,NaN,NaN,NaN
SimpleBaseline,100,burst_onsets,14,0.357827155281035,0.350007770611547,0.143936856432791,0.310462095499895,0.611421107347134,0.0532142106155604,0.0549998586118635,-0.0254089520884505,0.275363886179101,0.297152762414637,0.3,0.9,0.1,1.2,0.03,,,NaN,NaN,NaN,NaN,NaN,NaN,NaN,NaN,NaN,NaN,NaN,NaN,NaN,NaN
SimpleBaseline,100,burst_onsets,14,0.388864376076663,0.393206564535372,0.134850377167847,0.347235311795706,0.602008989600685,0.0485713349875631,0.0499998714653304,-0.0207232181906946,0.298157545440342,0.299713488589209,0.3,0.9,0.1,1.2,0.05,,,NaN,NaN,NaN,NaN,NaN,NaN,NaN,NaN,NaN,NaN,NaN,NaN,NaN,NaN
SimpleBaseline,100,burst_onsets,14,0.41207916899637,0.42828798185941,0.13202321194549,0.38226148751058,0.585437296552911,0.0439284730433154,0.0425000859764679,-0.0123407879418555,0.315438786712215,0.299713488589209,0.3,0.9,0.1,1.2,0.08,,,NaN,NaN,NaN,NaN,NaN,NaN,NaN,NaN,NaN,NaN,NaN,NaN,NaN,NaN
SimpleBaseline,100,burst_onsets,14,0.419626610368395,0.43879121362303,0.131802002073144,0.397233509757248,0.576156113685578,0.045714188787848,0.0499998603885351,-0.00910698768360471,0.307829912691481,0.299956208520195,0.3,0.9,0.1,1.2,0.1,,,NaN,NaN,NaN,NaN,NaN,NaN,NaN,NaN,NaN,NaN,NaN,NaN,NaN,NaN
SimpleBaseline,100,burst_onsets,14,0.418560382937152,0.445237191650854,0.128057283128796,0.425662033822647,0.530048595509261,0.0464284653651668,0.0499998603885351,-0.00294033796273043,0.275083338676872,0.274907854778114,0.3,0.9,0.1,1.2,0.15,,,NaN,NaN,NaN,NaN,NaN,NaN,NaN,NaN,NaN,NaN,NaN,NaN,NaN,NaN
SimpleBaseline,100,burst_onsets,14,0.360663536402587,0.342389680756592,0.141679723066922,0.328203935295441,0.577344886797015,0.0528570723569221,0.0549998586118635,-0.0243326043588336,0.260598097710617,0.282192759200737,0.3,0.9,0.1,1.3,0.03,,,NaN,NaN,NaN,NaN,NaN,NaN,NaN,NaN,NaN,NaN,NaN,NaN,NaN,NaN
SimpleBaseline,100,burst_onsets,14,0.390907115284837,0.398408419971762,0.131298393899154,0.366196585207111,0.568997865990609,0.0467856251486246,0.0499998603885351,-0.0195981614413037,0.282508857808515,0.282192759200737,0.3,0.9,0.1,1.3,0.05,,,NaN,NaN,NaN,NaN,NaN,NaN,NaN,NaN,NaN,NaN,NaN,NaN,NaN,NaN
SimpleBaseline,100,burst_onsets,14,0.411235046471016,0.427695253185449,0.129674521773888,0.400755610703752,0.550390675486903,0.043571333839646,0.0425001455134247,-0.0118484947567498,0.296737632222646,0.282192759200737,0.3,0.9,0.1,1.3,0.08,,,NaN,NaN,NaN,NaN,NaN,NaN,NaN,NaN,NaN,NaN,NaN,NaN,NaN,NaN
SimpleBaseline,100,burst_onsets,14,0.417674149665837,0.435731922398589,0.128270442953911,0.416001069465346,0.541277637841131,0.0449999062447199,0.0499997372344563,-0.0085173026000998,0.289445949817493,0.282435479131723,0.3,0.9,0.1,1.3,0.1,,,NaN,NaN,NaN,NaN,NaN,NaN,NaN,NaN,NaN,NaN,NaN,NaN,NaN,NaN
SimpleBaseline,100,burst_onsets,14,0.415631159176352,0.445851326988386,0.124871858796884,0.445574428774118,0.497390465720447,0.0460713271065285,0.0499998603885351,-0.00286586520105378,0.258689254134764,0.254794574256886,0.3,0.9,0.1,1.3,0.15,,,NaN,NaN,NaN,NaN,NaN,NaN,NaN,NaN,NaN,NaN,NaN,NaN,NaN,NaN
SimpleBaseline,100,burst_onsets,14,0.357342627247365,0.342120346206319,0.140137747362137,0.342765107172226,0.537246421172291,0.05285707046686,0.0499999615106079,-0.0242256134932875,0.245996348301197,0.259955036519643,0.3,0.9,0.1,1.4,0.03,,,NaN,NaN,NaN,NaN,NaN,NaN,NaN,NaN,NaN,NaN,NaN,NaN,NaN,NaN
SimpleBaseline,100,burst_onsets,14,0.38617559849496,0.406497534220779,0.129448711932972,0.381169485550528,0.530464100880095,0.0464284808641348,0.0499998603885351,-0.0189180177693731,0.265976650669313,0.259955036519643,0.3,0.9,0.1,1.4,0.05,,,NaN,NaN,NaN,NaN,NaN,NaN,NaN,NaN,NaN,NaN,NaN,NaN,NaN,NaN
SimpleBaseline,100,burst_onsets,14,0.405228481736186,0.426036173524123,0.128141643309613,0.41653253273345,0.512961064891595,0.0424999067361707,0.0400001005537847,-0.0119911745561812,0.277522667234148,0.259955036519643,0.3,0.9,0.1,1.4,0.08,,,NaN,NaN,NaN,NaN,NaN,NaN,NaN,NaN,NaN,NaN,NaN,NaN,NaN,NaN
SimpleBaseline,100,burst_onsets,14,0.409323134121008,0.434794824043154,0.129221626534176,0.43049210221661,0.500896974078838,0.0442856255243492,0.0450000693415243,-0.00891371032178105,0.267916410533955,0.260197756450629,0.3,0.9,0.1,1.4,0.1,,,NaN,NaN,NaN,NaN,NaN,NaN,NaN,NaN,NaN,NaN,NaN,NaN,NaN,NaN
SimpleBaseline,100,burst_onsets,14,0.405936036315893,0.435493126978291,0.125776924079882,0.459758530458476,0.463513166721913,0.0460713271065285,0.0499998603885351,-0.00349348763623309,0.242842133116448,0.239893967792999,0.3,0.9,0.1,1.4,0.15,,,NaN,NaN,NaN,NaN,NaN,NaN,NaN,NaN,NaN,NaN,NaN,NaN,NaN,NaN
OASIS,100,burst_onsets,14,0.24987935814278,0.267688523740899,0.107624832282942,0.17416266942956,0.732983283237129,0.0499999180036439,0.0499995904571374,-0.0307222796144537,0.3511092689859,0.385167783480598,NaN,NaN,NaN,NaN,NaN,ar1,foopsi,1,1,0.25,0.03,NaN,NaN,NaN,NaN,NaN,NaN,NaN,NaN,NaN,NaN
OASIS,100,burst_onsets,14,0.282389666356013,0.294263862752547,0.118376869068545,0.208940616269393,0.725621009119124,0.0449999060407522,0.0499994906832668,-0.0220495629418181,0.383760485020104,0.454974514495441,NaN,NaN,NaN,NaN,NaN,ar1,foopsi,1,1,0.25,0.05,NaN,NaN,NaN,NaN,NaN,NaN,NaN,NaN,NaN,NaN
OASIS,100,burst_onsets,14,0.309782388847923,0.314427199855163,0.125320106333462,0.242698118316492,0.710948293868696,0.040357051509201,0.0399999421356475,-0.0123794087980152,0.395429098420919,0.460347207930512,NaN,NaN,NaN,NaN,NaN,ar1,foopsi,1,1,0.25,0.08,NaN,NaN,NaN,NaN,NaN,NaN,NaN,NaN,NaN,NaN
OASIS,100,burst_onsets,14,0.318729013132624,0.322514980389769,0.125877082297035,0.258653651613781,0.697881287047387,0.0399999052071031,0.040000096748309,-0.00719805811114552,0.389051627102001,0.46131602885742,NaN,NaN,NaN,NaN,NaN,ar1,foopsi,1,1,0.25,0.1,NaN,NaN,NaN,NaN,NaN,NaN,NaN,NaN,NaN,NaN
OASIS,100,burst_onsets,14,0.31842427883493,0.302885949495884,0.121549826880354,0.277493837705761,0.633698680158798,0.0428570391533973,0.0400003790762141,0.00113252737392232,0.344569081457986,0.406007620919125,NaN,NaN,NaN,NaN,NaN,ar1,foopsi,1,1,0.25,0.15,NaN,NaN,NaN,NaN,NaN,NaN,NaN,NaN,NaN,NaN
OASIS,100,burst_onsets,14,0.305709315204653,0.284068468410553,0.113817014575901,0.282150554424634,0.548571399633239,0.0432141697840922,0.0399999976875287,0.00368844063855079,0.296531606680502,0.33202654481345,NaN,NaN,NaN,NaN,NaN,ar1,foopsi,1,1,0.25,0.2,NaN,NaN,NaN,NaN,NaN,NaN,NaN,NaN,NaN,NaN
OASIS,100,burst_onsets,14,0.252957621439311,0.272719846794761,0.108962064075781,0.178412557568466,0.727845399246254,0.0499999180036439,0.0499995904571374,-0.0298330760882318,0.350364508741597,0.384358347845567,NaN,NaN,NaN,NaN,NaN,ar1,foopsi,1,1,0.5,0.03,NaN,NaN,NaN,NaN,NaN,NaN,NaN,NaN,NaN,NaN
OASIS,100,burst_onsets,14,0.284193688308571,0.297275880206826,0.119364261423,0.212897272434418,0.720266674911799,0.0457141854087108,0.0499995904571374,-0.021417800860939,0.381653205946085,0.454052633963992,NaN,NaN,NaN,NaN,NaN,ar1,foopsi,1,1,0.5,0.05,NaN,NaN,NaN,NaN,NaN,NaN,NaN,NaN,NaN,NaN
OASIS,100,burst_onsets,14,0.310516188694105,0.316281437735465,0.126012471257832,0.246358706331176,0.705661506745309,0.040357051509201,0.0399999421356475,-0.0120473904074407,0.391913627089743,0.461256372841274,NaN,NaN,NaN,NaN,NaN,ar1,foopsi,1,1,0.5,0.08,NaN,NaN,NaN,NaN,NaN,NaN,NaN,NaN,NaN,NaN
OASIS,100,burst_onsets,14,0.318465435004741,0.323136402583018,0.126144130967077,0.26134737410984,0.692242109197277,0.0396427627595107,0.0399999515002072,-0.0070342843662775,0.385829931890232,0.461990511694213,NaN,NaN,NaN,NaN,NaN,ar1,foopsi,1,1,0.5,0.1,NaN,NaN,NaN,NaN,NaN,NaN,NaN,NaN,NaN,NaN
OASIS,100,burst_onsets,14,0.317215256432684,0.306278789507976,0.122446724597441,0.27959966453811,0.62694193605565,0.0428570391533973,0.0400003790762141,0.00104611812667498,0.340240732508598,0.402013127243978,NaN,NaN,NaN,NaN,NaN,ar1,foopsi,1,1,0.5,0.15,NaN,NaN,NaN,NaN,NaN,NaN,NaN,NaN,NaN,NaN
OASIS,100,burst_onsets,14,0.304697474147254,0.286290023172152,0.114310045101856,0.28391108350778,0.54500677216448,0.0439284583596768,0.0400001429356304,0.0037054443223951,0.294291374234642,0.327635427923742,NaN,NaN,NaN,NaN,NaN,ar1,foopsi,1,1,0.5,0.2,NaN,NaN,NaN,NaN,NaN,NaN,NaN,NaN,NaN,NaN
OASIS,100,burst_onsets,14,0.256968598774358,0.273499713829761,0.109804359973756,0.183365645537152,0.721323545642154,0.0499999180036439,0.0499995904571374,-0.0283651209145462,0.352027762053013,0.384652113242273,NaN,NaN,NaN,NaN,NaN,ar1,foopsi,1,1,0.75,0.03,NaN,NaN,NaN,NaN,NaN,NaN,NaN,NaN,NaN,NaN
OASIS,100,burst_onsets,14,0.287240464664846,0.297067571936631,0.12030587637214,0.218138947764363,0.713667095050327,0.0457141854087108,0.0499995904571374,-0.0203063944403734,0.380110065373652,0.45019617424602,NaN,NaN,NaN,NaN,NaN,ar1,foopsi,1,1,0.75,0.05,NaN,NaN,NaN,NaN,NaN,NaN,NaN,NaN,NaN,NaN
OASIS,100,burst_onsets,14,0.312303611499152,0.321110100090992,0.126424428572487,0.251203187802662,0.699315048956741,0.0396427667211983,0.0399999515002072,-0.0113905837067494,0.388924352720193,0.457255124612788,NaN,NaN,NaN,NaN,NaN,ar1,foopsi,1,1,0.75,0.08,NaN,NaN,NaN,NaN,NaN,NaN,NaN,NaN,NaN,NaN
OASIS,100,burst_onsets,14,0.319364334009554,0.324777966870447,0.12607695540567,0.265403909405022,0.686255439806497,0.039999901018149,0.0399999515002072,-0.00702082060651179,0.382266587254054,0.456523764807294,NaN,NaN,NaN,NaN,NaN,ar1,foopsi,1,1,0.75,0.1,NaN,NaN,NaN,NaN,NaN,NaN,NaN,NaN,NaN,NaN
OASIS,100,burst_onsets,14,0.317129808138655,0.311074770817418,0.122572093503575,0.283052833986416,0.621448077722305,0.0428570391533973,0.0400003790762141,0.00115036082210108,0.337617349783079,0.395683809064404,NaN,NaN,NaN,NaN,NaN,ar1,foopsi,1,1,0.75,0.15,NaN,NaN,NaN,NaN,NaN,NaN,NaN,NaN,NaN,NaN
OASIS,100,burst_onsets,14,0.305151014409884,0.288902368135062,0.114952746209663,0.288224881037087,0.541491078531809,0.0446427385573531,0.0400001429356304,0.00365222639709252,0.292886487156288,0.326029536655101,NaN,NaN,NaN,NaN,NaN,ar1,foopsi,1,1,0.75,0.2,NaN,NaN,NaN,NaN,NaN,NaN,NaN,NaN,NaN,NaN
OASIS,100,burst_onsets,14,0.260497948813885,0.270717706250048,0.1103188764683,0.187736500749486,0.711759419568463,0.0499999180036439,0.0499995904571374,-0.026525076465794,0.352333344434597,0.383050316203847,NaN,NaN,NaN,NaN,NaN,ar1,foopsi,1,1,1,0.03,NaN,NaN,NaN,NaN,NaN,NaN,NaN,NaN,NaN,NaN
OASIS,100,burst_onsets,14,0.289296411130784,0.299154038166135,0.120970421805241,0.221970944831533,0.703498155423374,0.0457141854087108,0.0499995904571374,-0.0186664000228609,0.376849547485766,0.439622798838602,NaN,NaN,NaN,NaN,NaN,ar1,foopsi,1,1,1,0.05,NaN,NaN,NaN,NaN,NaN,NaN,NaN,NaN,NaN,NaN
OASIS,100,burst_onsets,14,0.312781519212523,0.321550835846471,0.12639519206522,0.254117491454228,0.689037259666969,0.0399999090015664,0.0399999515002072,-0.010691863120507,0.382916939693163,0.446215409667525,NaN,NaN,NaN,NaN,NaN,ar1,foopsi,1,1,1,0.08,NaN,NaN,NaN,NaN,NaN,NaN,NaN,NaN,NaN,NaN
OASIS,100,burst_onsets,14,0.319403582554269,0.325758686033987,0.126540294031229,0.26825351415929,0.675478541205591,0.039999901018149,0.0399999515002072,-0.00669312471898414,0.375508921310254,0.446204269285276,NaN,NaN,NaN,NaN,NaN,ar1,foopsi,1,1,1,0.1,NaN,NaN,NaN,NaN,NaN,NaN,NaN,NaN,NaN,NaN
OASIS,100,burst_onsets,14,0.316819956605105,0.312172647581024,0.12259785216371,0.285348373005061,0.614104652261102,0.0428570391533973,0.0400003790762141,0.00121535632177894,0.333999520948902,0.3862090260306,NaN,NaN,NaN,NaN,NaN,ar1,foopsi,1,1,1,0.15,NaN,NaN,NaN,NaN,NaN,NaN,NaN,NaN,NaN,NaN
OASIS,100,burst_onsets,14,0.303942575741054,0.292462477321458,0.115367525394798,0.289760343960398,0.534752930732554,0.0432141729728833,0.0399999976875287,0.00368620430427627,0.289763948932895,0.320464745457826,NaN,NaN,NaN,NaN,NaN,ar1,foopsi,1,1,1,0.2,NaN,NaN,NaN,NaN,NaN,NaN,NaN,NaN,NaN,NaN
OASIS,100,burst_onsets,14,0.266267197719262,0.274407421072575,0.110559583527024,0.194510233184204,0.699806654386363,0.0492856334429077,0.0499995904571374,-0.0243881396165771,0.351035142447678,0.373968184404893,NaN,NaN,NaN,NaN,NaN,ar1,foopsi,1,1,1.25,0.03,NaN,NaN,NaN,NaN,NaN,NaN,NaN,NaN,NaN,NaN
OASIS,100,burst_onsets,14,0.293868072577639,0.303187260594088,0.120836816300399,0.228833617259079,0.692512675741848,0.0442856169698984,0.0499994559832313,-0.0169353165773028,0.374179047511539,0.43427277866433,NaN,NaN,NaN,NaN,NaN,ar1,foopsi,1,1,1.25,0.05,NaN,NaN,NaN,NaN,NaN,NaN,NaN,NaN,NaN,NaN
OASIS,100,burst_onsets,14,0.315940878459808,0.325751948031421,0.125815637090311,0.260725066267074,0.678224392583268,0.0392856244408302,0.0399999515002072,-0.00902640020480845,0.377150395573866,0.439021641066622,NaN,NaN,NaN,NaN,NaN,ar1,foopsi,1,1,1.25,0.08,NaN,NaN,NaN,NaN,NaN,NaN,NaN,NaN,NaN,NaN
OASIS,100,burst_onsets,14,0.321390639020046,0.329514607775477,0.125337100593043,0.274418443104456,0.663866620301806,0.0396427627294896,0.0399999515002072,-0.00537016667454737,0.368391677035166,0.43739992044713,NaN,NaN,NaN,NaN,NaN,ar1,foopsi,1,1,1.25,0.1,NaN,NaN,NaN,NaN,NaN,NaN,NaN,NaN,NaN,NaN
OASIS,100,burst_onsets,14,0.317101793182776,0.312909180175875,0.121421117952794,0.2905639167073,0.602716644680878,0.0435713156706739,0.0400003790762141,0.00182466184215012,0.327597839837636,0.377164405691191,NaN,NaN,NaN,NaN,NaN,ar1,foopsi,1,1,1.25,0.15,NaN,NaN,NaN,NaN,NaN,NaN,NaN,NaN,NaN,NaN
OASIS,100,burst_onsets,14,0.304033152309026,0.294138819602377,0.115323387087592,0.295304354529273,0.52619183801133,0.0428570348044814,0.0399999976875287,0.00422191175982008,0.285672162180508,0.315524130984477,NaN,NaN,NaN,NaN,NaN,ar1,foopsi,1,1,1.25,0.2,NaN,NaN,NaN,NaN,NaN,NaN,NaN,NaN,NaN,NaN
OASIS,100,burst_onsets,14,0.272004239774219,0.277659574468085,0.111491074175846,0.201573578434509,0.68275348482659,0.0492856334429077,0.0499995904571374,-0.0218386573526427,0.346257090047971,0.36243954180829,NaN,NaN,NaN,NaN,NaN,ar1,foopsi,1,1,1.5,0.03,NaN,NaN,NaN,NaN,NaN,NaN,NaN,NaN,NaN,NaN
OASIS,100,burst_onsets,14,0.297826416842227,0.305072621605299,0.121282893872219,0.235122325966521,0.675893771483821,0.0435713214028476,0.0449999348676182,-0.0150603505451876,0.365776832268884,0.426072195136419,NaN,NaN,NaN,NaN,NaN,ar1,foopsi,1,1,1.5,0.05,NaN,NaN,NaN,NaN,NaN,NaN,NaN,NaN,NaN,NaN
OASIS,100,burst_onsets,14,0.318766021669031,0.328838323954354,0.125873355175921,0.266985517020236,0.661528418591495,0.0392856244408302,0.0399999515002072,-0.00754325645098693,0.367336706488198,0.429369525434875,NaN,NaN,NaN,NaN,NaN,ar1,foopsi,1,1,1.5,0.08,NaN,NaN,NaN,NaN,NaN,NaN,NaN,NaN,NaN,NaN
OASIS,100,burst_onsets,14,0.322759350902611,0.331077622789911,0.125053888797854,0.279370466365569,0.647765041979921,0.0396427627294896,0.0399999515002072,-0.00465602372797098,0.358609279624397,0.428637874140618,NaN,NaN,NaN,NaN,NaN,ar1,foopsi,1,1,1.5,0.1,NaN,NaN,NaN,NaN,NaN,NaN,NaN,NaN,NaN,NaN
OASIS,100,burst_onsets,14,0.318345737739145,0.315516513993063,0.121778260955496,0.295798310080735,0.5881831981219,0.0428570307754891,0.0400000993784508,0.00200159625144226,0.319962787720171,0.368380579815495,NaN,NaN,NaN,NaN,NaN,ar1,foopsi,1,1,1.5,0.15,NaN,NaN,NaN,NaN,NaN,NaN,NaN,NaN,NaN,NaN
OASIS,100,burst_onsets,14,0.30513202048926,0.297751599390846,0.114998531021101,0.300553782635559,0.515834751697805,0.0428570308127727,0.0399999976875287,0.00433455610594406,0.280332137547327,0.307983365605295,NaN,NaN,NaN,NaN,NaN,ar1,foopsi,1,1,1.5,0.2,NaN,NaN,NaN,NaN,NaN,NaN,NaN,NaN,NaN,NaN
OASIS,100,burst_onsets,14,0.276468945264331,0.281718975468976,0.111392098249698,0.208249171941451,0.65618069324172,0.0482142087024773,0.0474995094254081,-0.0197917781799639,0.336043812664083,0.335080952287376,NaN,NaN,NaN,NaN,NaN,ar1,foopsi,1,1,1.75,0.03,NaN,NaN,NaN,NaN,NaN,NaN,NaN,NaN,NaN,NaN
OASIS,100,burst_onsets,14,0.300426206250793,0.310531449566967,0.120580033315064,0.241306502917173,0.649282780422227,0.0435713214028476,0.0449999348676182,-0.0135989413786396,0.35345895436987,0.404109426009783,NaN,NaN,NaN,NaN,NaN,ar1,foopsi,1,1,1.75,0.05,NaN,NaN,NaN,NaN,NaN,NaN,NaN,NaN,NaN,NaN
OASIS,100,burst_onsets,14,0.320858779453677,0.330852938584897,0.125284471629343,0.273738561511908,0.636695313915023,0.0392856244408302,0.0399999515002072,-0.00651467824091787,0.352778801036083,0.408561516699382,NaN,NaN,NaN,NaN,NaN,ar1,foopsi,1,1,1.75,0.08,NaN,NaN,NaN,NaN,NaN,NaN,NaN,NaN,NaN,NaN
OASIS,100,burst_onsets,14,0.32464117410789,0.325063075395228,0.124594290879563,0.286270540627943,0.623515204760227,0.039999901018149,0.0399999515002072,-0.0037683501575499,0.344599644204331,0.407829866984659,NaN,NaN,NaN,NaN,NaN,ar1,foopsi,1,1,1.75,0.1,NaN,NaN,NaN,NaN,NaN,NaN,NaN,NaN,NaN,NaN
OASIS,100,burst_onsets,14,0.320381906386539,0.312929553264605,0.12175490446746,0.303649589350498,0.570286528383194,0.0421427462147529,0.0400000993784508,0.00262707175496473,0.310818860387779,0.360273043975991,NaN,NaN,NaN,NaN,NaN,ar1,foopsi,1,1,1.75,0.15,NaN,NaN,NaN,NaN,NaN,NaN,NaN,NaN,NaN,NaN
OASIS,100,burst_onsets,14,0.306298849225098,0.291832080849961,0.1148770357592,0.308521467303372,0.501397890878279,0.0432141743827979,0.0399999515002072,0.00475792260459981,0.272845842600145,0.30014566650413,NaN,NaN,NaN,NaN,NaN,ar1,foopsi,1,1,1.75,0.2,NaN,NaN,NaN,NaN,NaN,NaN,NaN,NaN,NaN,NaN
OASIS,100,burst_onsets,14,0.281091249060123,0.285449604743083,0.110021931660603,0.215445465926742,0.629576303237959,0.0471427836275984,0.0449998004179567,-0.0175306080685857,0.325191955829195,0.334707409533072,NaN,NaN,NaN,NaN,NaN,ar1,foopsi,1,1,2,0.03,NaN,NaN,NaN,NaN,NaN,NaN,NaN,NaN,NaN,NaN
OASIS,100,burst_onsets,14,0.303500976101275,0.311097453615268,0.118398136043873,0.248088450657615,0.623840225087824,0.0428570410434595,0.0400003790762141,-0.0116339283628041,0.341390823397628,0.394553826889207,NaN,NaN,NaN,NaN,NaN,ar1,foopsi,1,1,2,0.05,NaN,NaN,NaN,NaN,NaN,NaN,NaN,NaN,NaN,NaN
OASIS,100,burst_onsets,14,0.32310251513357,0.32390089322594,0.123168664682984,0.281076248749496,0.612103045967551,0.0399999083189063,0.0399999515002072,-0.00473325819320956,0.339114327320433,0.391091381131044,NaN,NaN,NaN,NaN,NaN,ar1,foopsi,1,1,2,0.08,NaN,NaN,NaN,NaN,NaN,NaN,NaN,NaN,NaN,NaN
OASIS,100,burst_onsets,14,0.326436936789356,0.318901376114284,0.122237049159759,0.293240110556397,0.600591922694251,0.0403570466075657,0.0399999515002072,-0.00250533353902808,0.331650599216626,0.39149347914549,NaN,NaN,NaN,NaN,NaN,ar1,foopsi,1,1,2,0.1,NaN,NaN,NaN,NaN,NaN,NaN,NaN,NaN,NaN,NaN
OASIS,100,burst_onsets,14,0.321330399182546,0.309527303828902,0.120403491830759,0.310416455557928,0.550308232185846,0.0424998912560614,0.0400002338281124,0.00367485257682978,0.299694498193734,0.353131956720456,NaN,NaN,NaN,NaN,NaN,ar1,foopsi,1,1,2,0.15,NaN,NaN,NaN,NaN,NaN,NaN,NaN,NaN,NaN,NaN
OASIS,100,burst_onsets,14,0.307604152721446,0.288148148148148,0.114424178846007,0.316367952674009,0.486467443661149,0.0428570360941385,0.0399999515002072,0.00514553274766325,0.264528626911997,0.294274160361051,NaN,NaN,NaN,NaN,NaN,ar1,foopsi,1,1,2,0.2,NaN,NaN,NaN,NaN,NaN,NaN,NaN,NaN,NaN,NaN
OASIS,100,burst_onsets,14,0.287156601034177,0.289421253896333,0.110657351482548,0.224033067883901,0.603150174062067,0.0460713511630794,0.0449998004179567,-0.0150212922512675,0.316331736275495,0.338426701360027,NaN,NaN,NaN,NaN,NaN,ar1,foopsi,1,1,2.25,0.03,NaN,NaN,NaN,NaN,NaN,NaN,NaN,NaN,NaN,NaN
OASIS,100,burst_onsets,14,0.307941159283855,0.30802636382852,0.119139584144394,0.256078423292717,0.597590930709107,0.0428570410434595,0.0400003790762141,-0.00969444671318531,0.329739923551233,0.378895622288427,NaN,NaN,NaN,NaN,NaN,ar1,foopsi,1,1,2.25,0.05,NaN,NaN,NaN,NaN,NaN,NaN,NaN,NaN,NaN,NaN
OASIS,100,burst_onsets,14,0.325773804245644,0.319677635501715,0.123934015158552,0.288259190563757,0.585349106603468,0.0407141984015233,0.0399999515002072,-0.00350391287730266,0.326098464269914,0.374712358399434,NaN,NaN,NaN,NaN,NaN,ar1,foopsi,1,1,2.25,0.08,NaN,NaN,NaN,NaN,NaN,NaN,NaN,NaN,NaN,NaN
OASIS,100,burst_onsets,14,0.328676200181389,0.318706221672847,0.123221314176912,0.300520287720584,0.574738132652585,0.0417856205682589,0.0399999515002072,-0.00142561142290319,0.31811256754509,0.375294811791815,NaN,NaN,NaN,NaN,NaN,ar1,foopsi,1,1,2.25,0.1,NaN,NaN,NaN,NaN,NaN,NaN,NaN,NaN,NaN,NaN
OASIS,100,burst_onsets,14,0.321949619185681,0.30878464319186,0.122606454430108,0.316534691173983,0.523792367423022,0.043571320175446,0.0400002338281124,0.00462639761999599,0.287877031481932,0.345150874850061,NaN,NaN,NaN,NaN,NaN,ar1,foopsi,1,1,2.25,0.15,NaN,NaN,NaN,NaN,NaN,NaN,NaN,NaN,NaN,NaN
OASIS,100,burst_onsets,14,0.307465468652664,0.287477477477477,0.11659993229973,0.321797396103897,0.466106195828382,0.0417856022011448,0.0399999141597286,0.00555267075912911,0.254171717340289,0.285912811583877,NaN,NaN,NaN,NaN,NaN,ar1,foopsi,1,1,2.25,0.2,NaN,NaN,NaN,NaN,NaN,NaN,NaN,NaN,NaN,NaN
OASIS,100,burst_onsets,14,0.290002284473746,0.288311255767606,0.109117814521217,0.230407196123345,0.569247143236683,0.0471427684199359,0.0499994559832313,-0.0127142881268833,0.298099899287643,0.338702139835091,NaN,NaN,NaN,NaN,NaN,ar1,foopsi,1,1,2.5,0.03,NaN,NaN,NaN,NaN,NaN,NaN,NaN,NaN,NaN,NaN
OASIS,100,burst_onsets,14,0.309175250826311,0.29956576738755,0.117142718066414,0.261905082293887,0.564243367530157,0.0435713214028476,0.0449999348676182,-0.00807496786656063,0.308977093553196,0.350926160746572,NaN,NaN,NaN,NaN,NaN,ar1,foopsi,1,1,2.5,0.05,NaN,NaN,NaN,NaN,NaN,NaN,NaN,NaN,NaN,NaN
OASIS,100,burst_onsets,14,0.325425480513464,0.308172223778836,0.122001108620806,0.293522058878729,0.552647660241434,0.0407141984015233,0.0399999515002072,-0.00223319449393259,0.305204002426934,0.346064705786799,NaN,NaN,NaN,NaN,NaN,ar1,foopsi,1,1,2.5,0.08,NaN,NaN,NaN,NaN,NaN,NaN,NaN,NaN,NaN,NaN
OASIS,100,burst_onsets,14,0.327711786035333,0.307524904405534,0.121828818036213,0.305263906698523,0.54260441815144,0.0414284768698768,0.0400002338281124,-0.000634720465501383,0.2988126041007,0.345396999788579,NaN,NaN,NaN,NaN,NaN,ar1,foopsi,1,1,2.5,0.1,NaN,NaN,NaN,NaN,NaN,NaN,NaN,NaN,NaN,NaN
OASIS,100,burst_onsets,14,0.320461290534241,0.300749609399345,0.122566342984763,0.321034906012872,0.495493385942347,0.043571320175446,0.0400002338281124,0.00526964950897164,0.271362980739152,0.309265209926537,NaN,NaN,NaN,NaN,NaN,ar1,foopsi,1,1,2.5,0.15,NaN,NaN,NaN,NaN,NaN,NaN,NaN,NaN,NaN,NaN
OASIS,100,burst_onsets,14,0.305365448033831,0.284450858086174,0.117944648060064,0.325653511652499,0.440654529867412,0.0424998877069121,0.0399999141597286,0.00610465666436807,0.240795135616036,0.254695553355354,NaN,NaN,NaN,NaN,NaN,ar1,foopsi,1,1,2.5,0.2,NaN,NaN,NaN,NaN,NaN,NaN,NaN,NaN,NaN,NaN
OASIS,100,burst_onsets,14,0.291239195430107,0.286431356895989,0.108422919828874,0.236420900893847,0.531779819212312,0.0464284696934337,0.0449999001918273,-0.0112103827847396,0.281714388187291,0.316490600479767,NaN,NaN,NaN,NaN,NaN,ar1,foopsi,1,1,2.75,0.03,NaN,NaN,NaN,NaN,NaN,NaN,NaN,NaN,NaN,NaN
OASIS,100,burst_onsets,14,0.308089739094306,0.295361077260754,0.116072620828318,0.266439371377154,0.526291174817935,0.0428570323242212,0.0400001429356304,-0.00707640777383405,0.290183671463537,0.321576028268319,NaN,NaN,NaN,NaN,NaN,ar1,foopsi,1,1,2.75,0.05,NaN,NaN,NaN,NaN,NaN,NaN,NaN,NaN,NaN,NaN
OASIS,100,burst_onsets,14,0.323115766952583,0.302916950120323,0.121315595378441,0.297517757537817,0.516302234483543,0.0421427587968761,0.0399999515002072,-0.0016252852635893,0.285470134497398,0.313607680713358,NaN,NaN,NaN,NaN,NaN,ar1,foopsi,1,1,2.75,0.08,NaN,NaN,NaN,NaN,NaN,NaN,NaN,NaN,NaN,NaN
OASIS,100,burst_onsets,14,0.325377651719588,0.298731884057971,0.121021782511632,0.309295555263739,0.508073559439897,0.0424998970855355,0.0399999515002072,-0.000184884087697996,0.280189942354965,0.311817036538136,NaN,NaN,NaN,NaN,NaN,ar1,foopsi,1,1,2.75,0.1,NaN,NaN,NaN,NaN,NaN,NaN,NaN,NaN,NaN,NaN
OASIS,100,burst_onsets,14,0.318495887037459,0.302569847961212,0.122204108999803,0.325760712979873,0.464841241986643,0.043571320175446,0.0400002338281124,0.0058456159920475,0.25534657854926,0.27741799800281,NaN,NaN,NaN,NaN,NaN,ar1,foopsi,1,1,2.75,0.15,NaN,NaN,NaN,NaN,NaN,NaN,NaN,NaN,NaN,NaN
OASIS,100,burst_onsets,14,0.304170561578624,0.284913625340559,0.116374140810416,0.329922246512992,0.419334178148418,0.0417856022011448,0.0399999141597286,0.00636014243369071,0.229362078936686,0.242839552412352,NaN,NaN,NaN,NaN,NaN,ar1,foopsi,1,1,2.75,0.2,NaN,NaN,NaN,NaN,NaN,NaN,NaN,NaN,NaN,NaN
OASIS,100,burst_onsets,14,0.293395789596349,0.276859198431634,0.106296775121953,0.243520076619379,0.49934016283734,0.0439284664384526,0.0425004111715814,-0.00899685616725658,0.268002812744504,0.293519424314424,NaN,NaN,NaN,NaN,NaN,ar1,foopsi,1,1,3,0.03,NaN,NaN,NaN,NaN,NaN,NaN,NaN,NaN,NaN,NaN
OASIS,100,burst_onsets,14,0.308760284683483,0.28452489670793,0.112750604419406,0.272767922438249,0.494452238071242,0.0432141778950779,0.0400002338281124,-0.00515919289125,0.273468184017711,0.297966621518857,NaN,NaN,NaN,NaN,NaN,ar1,foopsi,1,1,3,0.05,NaN,NaN,NaN,NaN,NaN,NaN,NaN,NaN,NaN,NaN
OASIS,100,burst_onsets,14,0.322650695514555,0.292432692487342,0.117803195211027,0.303666815590052,0.484956016240223,0.041785616857838,0.0399999515002072,-0.000142683954218224,0.267743364312258,0.288529943609704,NaN,NaN,NaN,NaN,NaN,ar1,foopsi,1,1,3,0.08,NaN,NaN,NaN,NaN,NaN,NaN,NaN,NaN,NaN,NaN
OASIS,100,burst_onsets,14,0.324540509261089,0.298270402437069,0.117632513790158,0.315451913090812,0.477367153540729,0.0428570353741949,0.0399999515002072,0.00123611505674878,0.262368875520208,0.282741571985694,NaN,NaN,NaN,NaN,NaN,ar1,foopsi,1,1,3,0.1,NaN,NaN,NaN,NaN,NaN,NaN,NaN,NaN,NaN,NaN
OASIS,100,burst_onsets,14,0.317425707195741,0.302466367713005,0.118855965691555,0.332241752533335,0.437611943477894,0.0432141777748205,0.0400002338281124,0.00697445019582195,0.24039848984276,0.260333253110749,NaN,NaN,NaN,NaN,NaN,ar1,foopsi,1,1,3,0.15,NaN,NaN,NaN,NaN,NaN,NaN,NaN,NaN,NaN,NaN
OASIS,100,burst_onsets,14,0.302826652899595,0.285792258540011,0.113162926522951,0.336500502041941,0.395350349418672,0.0421427404898042,0.0399999141597286,0.00730538293707102,0.216263655040185,0.228192455555037,NaN,NaN,NaN,NaN,NaN,ar1,foopsi,1,1,3,0.2,NaN,NaN,NaN,NaN,NaN,NaN,NaN,NaN,NaN,NaN
