dataset_name,dataset_id,recording_idx,cell_num,target_fps,actual_fps,model,evaluation_mode,status,error_message,tolerance_sec,tolerance_bins,burst_gap_sec,n_true_events,n_predicted_events,n_predicted_events_from_model,n_matched_events,TP,FP,FN,precision,recall,F1,mean_abs_timing_error_sec,median_abs_timing_error_sec,mean_signed_timing_error_sec,median_signed_timing_error_sec,std_timing_error_sec,mean_timing_score,total_timing_score,timing_weighted_recall
data.1.train.preprocessed.mat,1,1,1,100,100.000194883485,SimpleBaseline,spike_bins,ok,,0.1,10,0.1,1981,1302,1302,861,861,441,1120,0.661290322580645,0.434628975265018,0.524520255863539,0.035865203043086,0.0299999415350684,-0.00211381701873111,0,0.045501672669764,0.64134796956914,552.200601799029,0.278748410802135
data.1.train.preprocessed.mat,1,1,1,100,100.000194883485,SimpleBaseline,burst_onsets,ok,,0.1,10,0.1,949,1302,1302,684,684,618,265,0.525345622119816,0.720758693361433,0.60772989782319,0.0446344159388712,0.0399999220467579,-0.00252923483702088,-0.00499999025584474,0.053368478380211,0.553655840611288,378.700594978121,0.399052260250918
data.1.train.preprocessed.mat,1,1,1,100,100.000194883485,OASIS,spike_bins,ok,,0.1,10,0.1,1981,2989,2989,1106,1106,1883,875,0.370023419203747,0.558303886925795,0.445070422535211,0.0341861901579547,0.0199999610233789,0.00263109794656568,0,0.0456727936263053,0.658138098420452,727.90073685302,0.36744105848209
data.1.train.preprocessed.mat,1,1,1,100,100.000194883485,OASIS,burst_onsets,ok,,0.1,10,0.1,949,2989,2989,864,864,2125,85,0.289059886249582,0.910432033719705,0.438801422041646,0.0403934397983753,0.0299999415350684,0.00180555203683282,0.00999998051168947,0.050248223254256,0.596065602016248,515.000680142038,0.542677218274013
data.1.train.preprocessed.mat,1,1,1,50,50.0000974417425,SimpleBaseline,spike_bins,ok,,0.1,5,0.1,1848,1128,1128,790,790,338,1058,0.700354609929078,0.427489177489177,0.530913978494624,0.0356455001530601,0.0299999415350684,0.00521517970989375,0,0.0460245554054553,0.643544998469399,508.400548790825,0.275108522072957
data.1.train.preprocessed.mat,1,1,1,50,50.0000974417425,SimpleBaseline,burst_onsets,ok,,0.1,5,0.1,935,1128,1128,638,638,490,297,0.565602836879433,0.682352941176471,0.618516723218614,0.0459246753906742,0.0399999220467579,0.00836988964458022,0,0.0545870368339886,0.540753246093259,345.000571007499,0.368984567922459
data.1.train.preprocessed.mat,1,1,1,50,50.0000974417425,OASIS,spike_bins,ok,,0.1,5,0.1,1848,2137,2137,948,948,1189,900,0.44361254094525,0.512987012987013,0.475784190715182,0.0318564780013736,0.0199999610233789,0.00451475913396951,0,0.0449506280273484,0.681435219986264,646.000588546979,0.349567418044902
data.1.train.preprocessed.mat,1,1,1,50,50.0000974417425,OASIS,burst_onsets,ok,,0.1,5,0.1,935,2137,2137,771,771,1366,164,0.360786148806738,0.824598930481283,0.501953125,0.041660100393705,0.0399999220467579,0.00814525001470946,0.0199999610233789,0.0513409765127429,0.583398996062951,449.800625964535,0.481070188197363
data.1.train.preprocessed.mat,1,1,1,20,20.000038976697,SimpleBaseline,spike_bins,ok,,0.1,2,0.1,1517,744,744,600,600,144,917,0.806451612903226,0.3955174686882,0.530738611233967,0.0358332635002206,0.0499999025584474,0.0219999571257168,0,0.046038291595621,0.641667364997795,385.000418998677,0.253790651943755
data.1.train.preprocessed.mat,1,1,1,20,20.000038976697,SimpleBaseline,burst_onsets,ok,,0.1,2,0.1,914,744,744,500,500,244,414,0.672043010752688,0.547045951859956,0.60313630880579,0.0548998930091751,0.0499999025584474,0.0366999284779004,0.0499999025584474,0.0555361732175551,0.451001069908249,225.500534954124,0.246718309577817
data.1.train.preprocessed.mat,1,1,1,20,20.000038976697,OASIS,spike_bins,ok,,0.1,2,0.1,1517,976,976,660,660,316,857,0.676229508196721,0.43506921555702,0.529482551143201,0.0286363078289289,0,0.0130302776364439,0,0.0432541030773285,0.713636921710711,471.000368329069,0.310481455721206
data.1.train.preprocessed.mat,1,1,1,20,20.000038976697,OASIS,burst_onsets,ok,,0.1,2,0.1,914,976,976,577,577,399,337,0.591188524590164,0.63129102844639,0.610582010582011,0.0486134234580397,0.0499999025584474,0.029376025939885,0.0499999025584474,0.0529440397850257,0.513865765419603,296.500546647111,0.324398847535132
data.1.train.preprocessed.mat,1,1,1,10,10.0000194883485,SimpleBaseline,spike_bins,ok,,0.1,1,0.1,1285,540,540,472,472,68,813,0.874074074074074,0.367315175097276,0.517260273972603,0.0527541344790398,0.0999998051168947,0.0472456706378549,0.0499999025584474,0.0552241887687427,0.472458655209602,223.000485258932,0.173541233664539
data.1.train.preprocessed.mat,1,1,1,10,10.0000194883485,SimpleBaseline,burst_onsets,ok,,0.1,1,0.1,882,540,540,345,345,195,537,0.638888888888889,0.391156462585034,0.485232067510549,0.0797099895859305,0.0999998051168947,0.0692752273128633,0.0999998051168947,0.0564016579651469,0.202900104140694,70.0005359285394,0.0793656869938089
data.1.train.preprocessed.mat,1,1,1,10,10.0000194883485,OASIS,spike_bins,ok,,0.1,1,0.1,1285,515,515,477,477,38,808,0.92621359223301,0.371206225680934,0.53,0.0293500476234073,0,0.020125746941765,0,0.050351448644502,0.706499523765928,337.000272836348,0.262257021662527
data.1.train.preprocessed.mat,1,1,1,10,10.0000194883485,OASIS,burst_onsets,ok,,0.1,1,0.1,882,515,515,427,427,88,455,0.829126213592233,0.484126984126984,0.611309949892627,0.0672129837670931,0.0999998051168947,0.0559717878757326,0.0999998051168947,0.0599738928039239,0.327870162329068,140.000559314512,0.158730792873596
data.1.train.preprocessed.mat,1,2,2,100,100.000434442974,SimpleBaseline,spike_bins,ok,,0.1,10,0.1,969,1659,1659,413,413,1246,556,0.248945147679325,0.426212590299278,0.314307458143075,0.0433170030956163,0.0399998262235652,0.00331717687205111,0,0.0528495172993419,0.566829969043837,234.100777215105,0.241590069365433
data.1.train.preprocessed.mat,1,2,2,100,100.000434442974,SimpleBaseline,burst_onsets,ok,,0.1,10,0.1,414,1659,1659,318,318,1341,96,0.191681735985533,0.768115942028985,0.306801736613603,0.047609856055407,0.0399998262235652,-0.00396224693723995,-0.00499997827794565,0.0559742763526481,0.523901439445929,166.600657743806,0.402417047690352
data.1.train.preprocessed.mat,1,2,2,100,100.000434442974,OASIS,spike_bins,ok,,0.1,10,0.1,969,3112,3112,435,435,2677,534,0.139781491002571,0.448916408668731,0.213183043371723,0.0411952233290971,0.0399998262235652,0.00533331016314203,0,0.0525746395765687,0.588047766709029,255.800778518428,0.263984291556685
data.1.train.preprocessed.mat,1,2,2,100,100.000434442974,OASIS,burst_onsets,ok,,0.1,10,0.1,414,3112,3112,335,335,2777,79,0.107647814910026,0.809178743961353,0.190017016449234,0.0455520409083287,0.0399998262235652,-0.000358207399017003,0,0.0544473709423488,0.544479590916712,182.400662957099,0.440581311490576
data.1.train.preprocessed.mat,1,2,2,50,50.0002172214872,SimpleBaseline,spike_bins,ok,,0.1,5,0.1,806,1508,1508,391,391,1117,415,0.259283819628647,0.485111662531017,0.337942955920484,0.0446545374592998,0.0399998262235652,0.00854216237766674,0,0.0541379795074176,0.553454625407002,216.400758534138,0.268487293466672
data.1.train.preprocessed.mat,1,2,2,50,50.0002172214872,SimpleBaseline,burst_onsets,ok,,0.1,5,0.1,414,1508,1508,315,315,1193,99,0.208885941644562,0.760869565217391,0.327783558792924,0.0497775615226589,0.0399998262235652,0.00444442513595169,0,0.0582157346074212,0.50222438477341,158.200681203624,0.382127249284116
data.1.train.preprocessed.mat,1,2,2,50,50.0002172214872,OASIS,spike_bins,ok,,0.1,5,0.1,806,2111,2111,364,364,1747,442,0.172430127901468,0.451612903225806,0.249571477545423,0.0404943295697357,0.0399998262235652,0.0126922525517082,0.0199999131117826,0.051515681851184,0.595056704302643,216.600640366162,0.268735285814097
data.1.train.preprocessed.mat,1,2,2,50,50.0002172214872,OASIS,burst_onsets,ok,,0.1,5,0.1,414,2111,2111,304,304,1807,110,0.144007579346281,0.734299516908213,0.240792079207921,0.0468419017618066,0.0399998262235652,0.0138157294522182,0.0199999131117826,0.0544145525346122,0.531580982381933,161.600618644108,0.390339658560647
data.1.train.preprocessed.mat,1,2,2,20,20.0000868885949,SimpleBaseline,spike_bins,ok,,0.1,2,0.1,598,1037,1037,321,321,716,277,0.309546769527483,0.536789297658863,0.392660550458716,0.0478191068949942,0.0499997827794565,0.0250777726713162,0,0.0567509388159947,0.521808931050057,167.500666867068,0.280101449610482
data.1.train.preprocessed.mat,1,2,2,20,20.0000868885949,SimpleBaseline,burst_onsets,ok,,0.1,2,0.1,411,1037,1037,268,268,769,143,0.258437801350048,0.652068126520681,0.370165745856354,0.054477375267169,0.0499997827794565,0.0272386876335845,0.0499997827794565,0.0607736682796676,0.455226247328309,122.000634283987,0.296838526238411
data.1.train.preprocessed.mat,1,2,2,20,20.0000868885949,OASIS,spike_bins,ok,,0.1,2,0.1,598,1143,1143,283,283,860,315,0.247594050743657,0.473244147157191,0.325100516944285,0.0429326756728195,0.0499997827794565,0.0220847097082405,0,0.0539063689328965,0.570673243271804,161.500527845921,0.270067772317593
data.1.train.preprocessed.mat,1,2,2,20,20.0000868885949,OASIS,burst_onsets,ok,,0.1,2,0.1,411,1143,1143,242,242,901,169,0.21172353455818,0.588807785888078,0.311454311454311,0.0537187748870194,0.0499997827794565,0.0293387155152183,0.0499997827794565,0.0578554216651651,0.462812251129806,112.000564773413,0.272507456869618
data.1.train.preprocessed.mat,1,2,2,10,10.0000434442974,SimpleBaseline,spike_bins,ok,,0.1,1,0.1,516,755,755,258,258,497,258,0.341721854304636,0.5,0.405979543666404,0.0616276392397952,0.0999995655589131,0.0445734497646318,0.0999995655589131,0.0647471508148898,0.383723607602047,99.0006907613282,0.191861803801024
data.1.train.preprocessed.mat,1,2,2,10,10.0000434442974,SimpleBaseline,burst_onsets,ok,,0.1,1,0.1,408,755,755,217,217,538,191,0.287417218543046,0.531862745098039,0.3731728288908,0.0705066061313995,0.0999995655589131,0.0493085415428742,0.0999995655589131,0.0681225612455124,0.294933938686005,64.0006646948631,0.156864374252115
data.1.train.preprocessed.mat,1,2,2,10,10.0000434442974,OASIS,spike_bins,ok,,0.1,1,0.1,516,637,637,264,264,373,252,0.414442700156986,0.511627906976744,0.457935819601041,0.0541664313444112,0.0999995655589131,0.0314392573537492,0,0.0666710576934316,0.458335686555887,121.000621250754,0.234497328005338
data.1.train.preprocessed.mat,1,2,2,10,10.0000434442974,OASIS,burst_onsets,ok,,0.1,1,0.1,408,637,637,229,229,408,179,0.359497645211931,0.561274509803922,0.438277511961722,0.0685586541168094,0.0999995655589131,0.042357894581723,0.0999995655589131,0.0713010840611634,0.314413458831906,72.0006820725065,0.176472259981634
data.1.train.preprocessed.mat,1,3,3,100,99.9990156156295,SimpleBaseline,spike_bins,ok,,0.1,10,0.1,317,916,916,185,185,731,132,0.201965065502183,0.583596214511041,0.300081103000811,0.0421085226178234,0.0400003937576243,-0.00308111141106025,0,0.0517494741053207,0.578915252716174,107.099321752492,0.337852750007862
data.1.train.preprocessed.mat,1,3,3,100,99.9990156156295,SimpleBaseline,burst_onsets,ok,,0.1,10,0.1,182,916,916,146,146,770,36,0.15938864628821,0.802197802197802,0.265938069216758,0.0429456282295041,0.0400003937576243,-0.0133562958608506,-0.0200001968788121,0.0496096837887541,0.570544257098964,83.2994615364488,0.457689349101367
data.1.train.preprocessed.mat,1,3,3,100,99.9990156156295,OASIS,spike_bins,ok,,0.1,10,0.1,317,1572,1572,199,199,1373,118,0.126590330788804,0.627760252365931,0.210693488618317,0.0464326178794533,0.0400003937576243,-0.00371862957043241,0,0.0562130039484068,0.535674662145117,106.599257766878,0.336275261094253
data.1.train.preprocessed.mat,1,3,3,100,99.9990156156295,OASIS,burst_onsets,ok,,0.1,10,0.1,182,1572,1572,164,164,1408,18,0.104325699745547,0.901098901098901,0.187001140250855,0.0493907300970665,0.0500004921970303,-0.0106098605393698,-0.0100000984394061,0.0569979791883182,0.506093539365728,82.9993404559793,0.456040332175711
data.1.train.preprocessed.mat,1,3,3,50,49.9995078078148,SimpleBaseline,spike_bins,ok,,0.1,5,0.1,289,791,791,174,174,617,115,0.219974715549937,0.602076124567474,0.322222222222222,0.0441383655256544,0.0400003937576243,1.27611841910938e-18,0,0.0551618933010196,0.558617645953996,97.1994703959953,0.336330347390987
data.1.train.preprocessed.mat,1,3,3,50,49.9995078078148,SimpleBaseline,burst_onsets,ok,,0.1,5,0.1,182,791,791,140,140,651,42,0.176991150442478,0.769230769230769,0.287769784172662,0.0447147258790586,0.0400003937576243,-0.00957152279200295,-0.0200001968788121,0.0525317196069803,0.552853655289614,77.3995117405459,0.425272042530472
data.1.train.preprocessed.mat,1,3,3,50,49.9995078078148,OASIS,spike_bins,ok,,0.1,5,0.1,289,1131,1131,172,172,959,117,0.152077807250221,0.595155709342561,0.242253521126761,0.04244227826027,0.0400003937576243,0.00127908235852868,0,0.0536028430402225,0.575578247577132,98.9994585832666,0.342558680218916
data.1.train.preprocessed.mat,1,3,3,50,49.9995078078148,OASIS,burst_onsets,ok,,0.1,5,0.1,182,1131,1131,148,148,983,34,0.130857648099027,0.813186813186813,0.225437928408225,0.0479734452160697,0.0400003937576243,0.000675682326986897,0,0.0574954597118745,0.520266745075323,76.9994782711479,0.423074056434878
data.1.train.preprocessed.mat,1,3,3,20,19.9998031231259,SimpleBaseline,spike_bins,ok,,0.1,2,0.1,250,484,484,133,133,351,117,0.274793388429752,0.532,0.362397820163488,0.0488726615459695,0.0500004921970303,0.0150377420141445,0,0.0599832149715956,0.511276049065582,67.9997145257224,0.27199885810289
data.1.train.preprocessed.mat,1,3,3,20,19.9998031231259,SimpleBaseline,burst_onsets,ok,,0.1,2,0.1,179,484,484,111,111,373,68,0.229338842975207,0.620111731843575,0.334841628959276,0.0572077703515572,0.0500004921970303,0.0175677405016593,0.0500004921970303,0.0652444676864685,0.427925577797963,47.4997391355739,0.265361671148458
data.1.train.preprocessed.mat,1,3,3,20,19.9998031231259,OASIS,spike_bins,ok,,0.1,2,0.1,250,588,588,136,136,452,114,0.231292517006803,0.544,0.324582338902148,0.0411768759269662,0.0500004921970303,0.0080883149142255,0,0.0545086359506726,0.58823312266016,79.9997046817818,0.319998818727127
data.1.train.preprocessed.mat,1,3,3,20,19.9998031231259,OASIS,burst_onsets,ok,,0.1,2,0.1,179,588,588,120,120,468,59,0.204081632653061,0.670391061452514,0.312907431551499,0.0529171875751904,0.0500004921970303,0.0154168184274177,0,0.0631117788123439,0.470831159463116,56.4997391355739,0.315641000757396
data.1.train.preprocessed.mat,1,3,3,10,9.99990156156295,SimpleBaseline,spike_bins,ok,,0.1,1,0.1,215,337,337,98,98,239,117,0.29080118694362,0.455813953488372,0.355072463768116,0.0642863471104676,0.100000984394061,0.0459188193646197,0.100000984394061,0.0660658592201234,0.357142857142857,35,0.162790697674419
data.1.train.preprocessed.mat,1,3,3,10,9.99990156156295,SimpleBaseline,burst_onsets,ok,,0.1,1,0.1,179,337,337,85,85,252,94,0.252225519287834,0.474860335195531,0.329457364341085,0.0741183766685391,0.100000984394061,0.0529416976203851,0.100000984394061,0.068293172193868,0.258823529411765,22,0.122905027932961
data.1.train.preprocessed.mat,1,3,3,10,9.99990156156295,OASIS,spike_bins,ok,,0.1,1,0.1,215,288,288,114,114,174,101,0.395833333333333,0.530232558139535,0.453280318091451,0.0508776938145221,0.100000984394061,0.0228072420547858,0,0.0678827728449666,0.491228070175439,56,0.26046511627907
data.1.train.preprocessed.mat,1,3,3,10,9.99990156156295,OASIS,burst_onsets,ok,,0.1,1,0.1,179,288,288,103,103,185,76,0.357638888888889,0.575418994413408,0.441113490364026,0.062136533992426,0.100000984394061,0.031068266996213,0,0.0728006388175453,0.378640776699029,39,0.217877094972067
data.1.train.preprocessed.mat,1,4,4,100,100.000299811739,SimpleBaseline,spike_bins,ok,,0.1,10,0.1,907,1289,1289,524,524,765,383,0.406516679596586,0.577728776185226,0.477231329690346,0.0424235369313934,0.0399998800756638,-0.000744272577743744,0,0.0513377722504866,0.575764630686067,301.700666479499,0.332635795457
data.1.train.preprocessed.mat,1,4,4,100,100.000299811739,SimpleBaseline,burst_onsets,ok,,0.1,10,0.1,569,1289,1289,441,441,848,128,0.342125678820791,0.775043936731107,0.47470398277718,0.0471880671414151,0.0499998500945797,-0.00247164791850757,0,0.0549586192821484,0.528119328585849,232.900623906359,0.409315683490965
data.1.train.preprocessed.mat,1,4,4,100,100.000299811739,OASIS,spike_bins,ok,,0.1,10,0.1,907,2807,2807,602,602,2205,305,0.214463840399002,0.663726571113561,0.324178782983306,0.0388869266017977,0.0299999100567478,0.00207640573482474,0.00999997001891594,0.0499466519876254,0.611130733982024,367.900701857178,0.405623706568003
data.1.train.preprocessed.mat,1,4,4,100,100.000299811739,OASIS,burst_onsets,ok,,0.1,10,0.1,569,2807,2807,508,508,2299,61,0.180976131100819,0.892794376098418,0.300947867298578,0.0415156235627829,0.0299999100567478,-0.00155511344782354,0,0.0518354110499593,0.584843764372171,297.100632301063,0.522145223727703
data.1.train.preprocessed.mat,1,4,4,50,50.0001499058697,SimpleBaseline,spike_bins,ok,,0.1,5,0.1,868,1142,1142,499,499,643,369,0.436952714535902,0.574884792626728,0.496517412935323,0.0438074838904815,0.0399998800756638,0.00781560783041526,0,0.0530573424713014,0.561925161095186,280.400655386498,0.323042229707947
data.1.train.preprocessed.mat,1,4,4,50,50.0001499058697,SimpleBaseline,burst_onsets,ok,,0.1,5,0.1,565,1142,1142,425,425,717,140,0.37215411558669,0.752212389380531,0.497949619214997,0.0492233818342874,0.0399998800756638,0.00847056283955232,0.0199999400378319,0.0573942322437091,0.507766181657126,215.800627204279,0.381948012750936
data.1.train.preprocessed.mat,1,4,4,50,50.0001499058697,OASIS,spike_bins,ok,,0.1,5,0.1,868,2153,2153,523,523,1630,345,0.242916860195077,0.602534562211982,0.346242965905329,0.0379348767065569,0.0199999400378319,0.00619501010732077,0,0.0495790790828607,0.620651232934432,324.600594824708,0.373963818922475
data.1.train.preprocessed.mat,1,4,4,50,50.0001499058697,OASIS,burst_onsets,ok,,0.1,5,0.1,565,2153,2153,450,450,1703,115,0.20901068276823,0.79646017699115,0.33112582781457,0.0420887627018373,0.0399998800756638,0.00599998201134957,0.0199999400378319,0.0524201078804474,0.579112372981627,260.600567841732,0.461239943082712
data.1.train.preprocessed.mat,1,4,4,20,20.0000599623479,SimpleBaseline,spike_bins,ok,,0.1,2,0.1,769,805,805,412,412,393,357,0.511801242236025,0.535760728218466,0.523506988564168,0.0457522900137295,0.0499998500945797,0.0270630256579885,0.0499998500945797,0.0525676380203327,0.542477099862705,223.500565143434,0.290637926064284
data.1.train.preprocessed.mat,1,4,4,20,20.0000599623479,SimpleBaseline,burst_onsets,ok,,0.1,2,0.1,550,805,805,360,360,445,190,0.447204968944099,0.654545454545455,0.531365313653137,0.0551387235765226,0.0499998500945797,0.0337498988138413,0.0499998500945797,0.0567806354001631,0.448612764234774,161.500595124519,0.293637445680943
data.1.train.preprocessed.mat,1,4,4,20,20.0000599623479,OASIS,spike_bins,ok,,0.1,2,0.1,769,1049,1049,444,444,605,325,0.4232602478551,0.577373211963589,0.488448844884489,0.0376124998459226,0.0499998500945797,0.0175675148980956,0,0.0502357033417101,0.623875001540774,277.000500684104,0.360208713503386
data.1.train.preprocessed.mat,1,4,4,20,20.0000599623479,OASIS,burst_onsets,ok,,0.1,2,0.1,550,1049,1049,384,384,665,166,0.36606291706387,0.698181818181818,0.480300187617261,0.0444009085475304,0.0499998500945797,0.0212238947016055,0.0249999250472898,0.0535798895139308,0.555990914524696,213.500511177483,0.388182747595424
data.1.train.preprocessed.mat,1,4,4,10,10.0000299811739,SimpleBaseline,spike_bins,ok,,0.1,1,0.1,693,592,592,341,341,251,352,0.576013513513513,0.492063492063492,0.530739299610895,0.0601171218145973,0.0999997001891594,0.0536655282540064,0.0999997001891594,0.0560438768525438,0.398828781854027,136.000614612223,0.196249083134521
data.1.train.preprocessed.mat,1,4,4,10,10.0000299811739,SimpleBaseline,burst_onsets,ok,,0.1,1,0.1,539,592,592,287,287,305,252,0.484797297297297,0.532467532467532,0.507515473032714,0.0738673743557554,0.0999997001891594,0.0655050300890661,0.0999997001891594,0.0557371583416049,0.261326256442447,75.0006355989822,0.139147746936887
data.1.train.preprocessed.mat,1,4,4,10,10.0000299811739,OASIS,spike_bins,ok,,0.1,1,0.1,693,506,506,363,363,143,330,0.717391304347826,0.523809523809524,0.605504587155963,0.0404957463575935,0,0.0300274581835217,0,0.0561837177966173,0.595042536424065,216.000440721936,0.311688947650701
data.1.train.preprocessed.mat,1,4,4,10,10.0000299811739,OASIS,burst_onsets,ok,,0.1,1,0.1,539,506,506,324,324,182,215,0.640316205533597,0.601113172541744,0.620095693779904,0.0555553889939775,0.0999997001891594,0.0432097469953158,0,0.0608264689654146,0.444446110060226,144.000539659513,0.26716241124214
data.1.train.preprocessed.mat,1,5,5,100,100.000188500412,SimpleBaseline,spike_bins,ok,,0.1,10,0.1,1029,1222,1222,491,491,731,538,0.401800327332242,0.477162293488824,0.436250555308752,0.0368838408607734,0.029999943449983,-0.00189409011598671,0,0.0463116005839264,0.631161591392266,309.900341373603,0.30116651251079
data.1.train.preprocessed.mat,1,5,5,100,100.000188500412,SimpleBaseline,burst_onsets,ok,,0.1,10,0.1,465,1222,1222,352,352,870,113,0.288052373158756,0.756989247311828,0.417308832246592,0.0471590020141778,0.0499999057499717,-0.00477271827613366,-0.00999998114999433,0.0549275053393139,0.528409979858222,186.000312910094,0.400000672924933
data.1.train.preprocessed.mat,1,5,5,100,100.000188500412,OASIS,spike_bins,ok,,0.1,10,0.1,1029,1836,1836,507,507,1329,522,0.276143790849673,0.492711370262391,0.353926701570681,0.0325048696946561,0.0199999622999887,0.00161735395325352,0,0.0445147305898571,0.674951303053439,342.200310648093,0.332556181387846
data.1.train.preprocessed.mat,1,5,5,100,100.000188500412,OASIS,burst_onsets,ok,,0.1,10,0.1,465,1836,1836,374,374,1462,91,0.203703703703704,0.804301075268817,0.325076053889613,0.0388769320644165,0.029999943449983,-0.00203208173101489,0,0.0496543588844935,0.611230679355835,228.600274079082,0.491613492643188
data.1.train.preprocessed.mat,1,5,5,50,50.000094250206,SimpleBaseline,spike_bins,ok,,0.1,5,0.1,964,1074,1074,452,452,622,512,0.420856610800745,0.468879668049793,0.443572129538763,0.0368583376015278,0.0399999245999773,0.00296459618163549,0,0.0467958653743196,0.631416623984722,285.400314041094,0.296058417055077
data.1.train.preprocessed.mat,1,5,5,50,50.000094250206,SimpleBaseline,burst_onsets,ok,,0.1,5,0.1,460,1074,1074,330,330,744,130,0.307262569832402,0.717391304347826,0.430247718383312,0.0470302143781551,0.0399999245999773,0.00218181406908967,0,0.0552646383448364,0.529697856218448,174.800292552088,0.3800006359828
data.1.train.preprocessed.mat,1,5,5,50,50.000094250206,OASIS,spike_bins,ok,,0.1,5,0.1,964,1374,1374,472,472,902,492,0.343522561863173,0.489626556016597,0.403763900769889,0.0330931579582439,0.0199999622999887,0.00461863536164993,0,0.0460758994021657,0.66906842041756,315.800294437088,0.327593666428515
data.1.train.preprocessed.mat,1,5,5,50,50.000094250206,OASIS,burst_onsets,ok,,0.1,5,0.1,460,1374,1374,353,353,1021,107,0.256914119359534,0.767391304347826,0.38495092693566,0.0418696094608828,0.0399999245999773,0.00334276990283097,0,0.0530343957743353,0.581303905391172,205.200278603084,0.446087562180617
data.1.train.preprocessed.mat,1,5,5,20,20.0000377000824,SimpleBaseline,spike_bins,ok,,0.1,2,0.1,834,704,704,353,353,351,481,0.501420454545455,0.42326139088729,0.459037711313394,0.033144413443324,0,0.0175637062691119,0,0.0468041709971382,0.66855586556676,236.000220545066,0.282973885545643
data.1.train.preprocessed.mat,1,5,5,20,20.0000377000824,SimpleBaseline,burst_onsets,ok,,0.1,2,0.1,445,704,704,265,265,439,180,0.376420454545455,0.595505617977528,0.461270670147955,0.0524527313150646,0.0499999057499717,0.0316980534565858,0.0499999057499717,0.0576934340647531,0.475472686849354,126.000262015079,0.28314665621366
data.1.train.preprocessed.mat,1,5,5,20,20.0000377000824,OASIS,spike_bins,ok,,0.1,2,0.1,834,456,456,341,341,115,493,0.74780701754386,0.408872901678657,0.528682170542636,0.02976533978664,0,0.00835775550659351,0,0.0458154116547799,0.7023466021336,239.500191327558,0.28717049319851
data.1.train.preprocessed.mat,1,5,5,20,20.0000377000824,OASIS,burst_onsets,ok,,0.1,2,0.1,445,456,456,259,259,197,186,0.567982456140351,0.582022471910112,0.574916759156493,0.0467180586544137,0.0499999057499717,0.0169883849652413,0,0.0575752874472992,0.532819413455863,138.000228085069,0.310112872101278
data.1.train.preprocessed.mat,1,5,5,10,10.0000188500412,SimpleBaseline,spike_bins,ok,,0.1,1,0.1,690,462,462,283,283,179,407,0.612554112554113,0.410144927536232,0.491319444444444,0.0466430216183481,0,0.0353356224381425,0,0.0585474126015398,0.533569783816519,151.000248820075,0.218840940318949
data.1.train.preprocessed.mat,1,5,5,10,10.0000188500412,SimpleBaseline,burst_onsets,ok,,0.1,1,0.1,428,462,462,191,191,271,237,0.413419913419913,0.446261682242991,0.429213483146067,0.0691098173716886,0.0999998114999433,0.0492145669162025,0.0999998114999433,0.0671752996046073,0.308901826283114,59.0002488200748,0.137851048645034
data.1.train.preprocessed.mat,1,5,5,10,10.0000188500412,OASIS,spike_bins,ok,,0.1,1,0.1,690,295,295,261,261,34,429,0.884745762711864,0.378260869565217,0.52994923857868,0.0283524369769954,0,0.0153256416091867,0,0.0510917259340951,0.716475630230046,187.000139490042,0.271014694913104
data.1.train.preprocessed.mat,1,5,5,10,10.0000188500412,OASIS,burst_onsets,ok,,0.1,1,0.1,428,295,295,188,188,107,240,0.63728813559322,0.439252336448598,0.520055325034578,0.0617020113510289,0.0999998114999433,0.0382978001489145,0.0499999057499717,0.0687649637777923,0.382979886489711,72.0002186600657,0.168224809953425
data.1.train.preprocessed.mat,1,6,6,100,100.000016742325,SimpleBaseline,spike_bins,ok,,0.1,10,0.1,2444,1592,1592,1003,1003,589,1441,0.630025125628141,0.410392798690671,0.497026759167493,0.0339581199377518,0.0299999949773034,0.00147557303311429,0,0.0435433515988585,0.660418800622482,662.40005702435,0.271031119895397
data.1.train.preprocessed.mat,1,6,6,100,100.000016742325,SimpleBaseline,burst_onsets,ok,,0.1,10,0.1,870,1592,1592,664,664,928,206,0.417085427135678,0.763218390804598,0.539398862713241,0.0460090284415973,0.049999991628839,-0.00251505981988437,0,0.0540557111742839,0.539909715584027,358.500051147794,0.412069024307809
data.1.train.preprocessed.mat,1,6,6,100,100.000016742325,OASIS,spike_bins,ok,,0.1,10,0.1,2444,2953,2953,1132,1132,1821,1312,0.383338977311209,0.463175122749591,0.419492310542894,0.0336572381812502,0.0199999966515356,0.00342756126360239,0,0.0452197726530063,0.663427618187498,751.000063788248,0.307283168489463
data.1.train.preprocessed.mat,1,6,6,100,100.000016742325,OASIS,burst_onsets,ok,,0.1,10,0.1,870,2953,2953,771,771,2182,99,0.261090416525567,0.886206896551724,0.403348155898509,0.0431776840810389,0.0399999933030712,-0.00123216581186503,0,0.0530195837072557,0.568223159189611,438.10005573519,0.503563282454242
data.1.train.preprocessed.mat,1,6,6,50,50.0000083711624,SimpleBaseline,spike_bins,ok,,0.1,5,0.1,2272,1346,1346,910,910,436,1362,0.676077265973254,0.400528169014085,0.503040353786622,0.0339120822344169,0.0199999966515356,0.00556043862949286,0,0.0440954009260936,0.660879177655831,601.400051666807,0.264700726966024
data.1.train.preprocessed.mat,1,6,6,50,50.0000083711624,SimpleBaseline,burst_onsets,ok,,0.1,5,0.1,859,1346,1346,620,620,726,239,0.460624071322437,0.721769499417928,0.562358276643991,0.0480967661410316,0.0399999933030712,0.00764516001034506,0,0.0561235839578439,0.519032338589685,321.800049925604,0.374621711205593
data.1.train.preprocessed.mat,1,6,6,50,50.0000083711624,OASIS,spike_bins,ok,,0.1,5,0.1,2272,2208,2208,1008,1008,1200,1264,0.456521739130435,0.443661971830986,0.45,0.03363094675035,0.0199999966515356,0.00617063388752735,0,0.0461035699264428,0.663690532496501,669.000056756473,0.294454250332955
data.1.train.preprocessed.mat,1,6,6,50,50.0000083711624,OASIS,burst_onsets,ok,,0.1,5,0.1,859,2208,2208,694,694,1514,165,0.314311594202899,0.807916181606519,0.452559504401695,0.0446109435397365,0.0399999933030712,0.00340057579954064,0,0.0545633850256619,0.553890564602636,384.400051834229,0.447497149981641
data.1.train.preprocessed.mat,1,6,6,20,20.000003348465,SimpleBaseline,spike_bins,ok,,0.1,2,0.1,1830,815,815,641,641,174,1189,0.786503067484663,0.350273224043716,0.48468809073724,0.0306552210766517,0,0.0203588109440359,0,0.0428809594736878,0.693447789233484,444.500032898663,0.2428961928408
data.1.train.preprocessed.mat,1,6,6,20,20.000003348465,SimpleBaseline,burst_onsets,ok,,0.1,2,0.1,825,815,815,437,437,378,388,0.536196319018405,0.52969696969697,0.532926829268293,0.0576658942355489,0.049999991628839,0.0359267674404015,0.049999991628839,0.0593533413890436,0.423341057644512,185.000042190652,0.224242475382608
data.1.train.preprocessed.mat,1,6,6,20,20.000003348465,OASIS,spike_bins,ok,,0.1,2,0.1,1830,964,964,721,721,243,1109,0.74792531120332,0.393989071038251,0.516105941302792,0.0261442397282556,0,0.00991678058657971,0,0.0416932346604124,0.738557602717444,532.500031559277,0.290983623802884
data.1.train.preprocessed.mat,1,6,6,20,20.000003348465,OASIS,burst_onsets,ok,,0.1,2,0.1,825,964,964,540,540,424,285,0.560165975103734,0.654545454545455,0.603689211850196,0.0492592510121155,0.049999991628839,0.0229629591184298,0.049999991628839,0.0569844992950672,0.507407489878847,274.000044534577,0.332121266102518
data.1.train.preprocessed.mat,1,6,6,10,10.0000016742325,SimpleBaseline,spike_bins,ok,,0.1,1,0.1,1432,557,557,484,484,73,948,0.868940754039497,0.337988826815642,0.48667672197084,0.0423553648095537,0,0.0361570187398629,0,0.0541688868770135,0.576446351904464,279.00003432176,0.194832426202347
data.1.train.preprocessed.mat,1,6,6,10,10.0000016742325,SimpleBaseline,burst_onsets,ok,,0.1,1,0.1,788,557,557,296,296,261,492,0.531418312387792,0.375634517766497,0.440148698884758,0.0810810675062255,0.099999983257678,0.0614864761922209,0.099999983257678,0.0658952820261646,0.189189324937746,56.0000401815728,0.0710660408395594
data.1.train.preprocessed.mat,1,6,6,10,10.0000016742325,OASIS,spike_bins,ok,,0.1,1,0.1,1432,558,558,505,505,53,927,0.905017921146953,0.352653631284916,0.507537688442211,0.023366332721596,0,0.0166336605814751,0,0.0454317226985778,0.76633667278404,387.00001975594,0.270251410444092
data.1.train.preprocessed.mat,1,6,6,10,10.0000016742325,OASIS,burst_onsets,ok,,0.1,1,0.1,788,558,558,384,384,174,404,0.688172043010753,0.487309644670051,0.570579494799406,0.066145822258985,0.099999983257678,0.0536458243517752,0.099999983257678,0.0612083577814916,0.338541777410151,130.000042525498,0.164974673255708
data.1.train.preprocessed.mat,1,7,7,100,99.9996686935087,SimpleBaseline,spike_bins,ok,,0.1,10,0.1,2259,1391,1391,863,863,528,1396,0.620416966211359,0.382027445772466,0.472876712328767,0.0327115799862484,0.0300000993922767,-0.00286211840474791,0,0.04258798658679,0.672884257722845,580.699114414815,0.25706025427836
data.1.train.preprocessed.mat,1,7,7,100,99.9996686935087,SimpleBaseline,burst_onsets,ok,,0.1,10,0.1,750,1391,1391,583,583,808,167,0.419122933141625,0.777333333333333,0.544605324614666,0.0453689324714533,0.0400001325230356,-0.00540310537939803,-0.0100000331307589,0.0536068697925018,0.546310805990005,318.499199892173,0.424665599856231
data.1.train.preprocessed.mat,1,7,7,100,99.9996686935087,OASIS,spike_bins,ok,,0.1,10,0.1,2259,2973,2973,1000,1000,1973,1259,0.336360578540195,0.442673749446658,0.382262996941896,0.034550114466772,0.0200000662615178,0.00099000327994513,0,0.0464143129728909,0.654499030925303,654.499030925303,0.289729540028908
data.1.train.preprocessed.mat,1,7,7,100,99.9996686935087,OASIS,burst_onsets,ok,,0.1,10,0.1,750,2973,2973,664,664,2309,86,0.22334342415069,0.885333333333333,0.356701584743486,0.0441266522185596,0.0400001325230356,-0.00283133468160041,0,0.0534635899774572,0.558733682386862,370.999165104876,0.494665553473168
data.1.train.preprocessed.mat,1,7,7,50,49.9998343467544,SimpleBaseline,spike_bins,ok,,0.1,5,0.1,2058,1199,1199,798,798,401,1260,0.665554628857381,0.387755102040816,0.490021492170709,0.0318798048679832,0.0200000662615178,0.002005019174087,0,0.0427299539136946,0.681202080023617,543.599259858847,0.264139582049974
data.1.train.preprocessed.mat,1,7,7,50,49.9998343467544,SimpleBaseline,burst_onsets,ok,,0.1,5,0.1,743,1199,1199,552,552,647,191,0.460383653044203,0.742934051144011,0.568486096807415,0.0456160931580632,0.0400001325230356,0.00300725634004706,0,0.0546398681602375,0.543839356512924,300.199324795134,0.404036776305699
data.1.train.preprocessed.mat,1,7,7,50,49.9998343467544,OASIS,spike_bins,ok,,0.1,5,0.1,2058,2084,2084,898,898,1186,1160,0.430902111324376,0.436345966958212,0.433606953162723,0.0301782737019561,0.0200000662615178,0.0065256340920097,0,0.0433873828890871,0.698217517548632,626.999330758671,0.30466439784192
data.1.train.preprocessed.mat,1,7,7,50,49.9998343467544,OASIS,burst_onsets,ok,,0.1,5,0.1,743,2084,2084,607,607,1477,136,0.29126679462572,0.816958277254374,0.429430491687301,0.0403625719445787,0.0400001325230356,0.00675455285603154,0.0200000662615178,0.0504094886804989,0.596374564376201,361.999360576354,0.487213136711109
data.1.train.preprocessed.mat,1,7,7,20,19.9999337387017,SimpleBaseline,spike_bins,ok,,0.1,2,0.1,1623,765,765,585,585,180,1038,0.764705882352941,0.360443622920518,0.489949748743719,0.0266667550153571,0,0.014529962668624,0,0.0403643939642962,0.733332783985707,428.999678631639,0.264325125466197
data.1.train.preprocessed.mat,1,7,7,20,19.9999337387017,SimpleBaseline,burst_onsets,ok,,0.1,2,0.1,729,765,765,430,430,335,299,0.562091503267974,0.589849108367627,0.575635876840696,0.0540699465791033,0.0500001656537945,0.0352326748676738,0.0500001656537945,0.055021406085701,0.459301566655872,197.499673662025,0.27091861956382
data.1.train.preprocessed.mat,1,7,7,20,19.9999337387017,OASIS,spike_bins,ok,,0.1,2,0.1,1623,924,924,659,659,265,964,0.713203463203463,0.4060382008626,0.51747153513938,0.0240516730079709,0,0.00735966019486808,0,0.0408275533103589,0.759483611785481,500.499700166632,0.308379359314006
data.1.train.preprocessed.mat,1,7,7,20,19.9999337387017,OASIS,burst_onsets,ok,,0.1,2,0.1,729,924,924,523,523,401,206,0.566017316017316,0.717421124828532,0.632788868723533,0.0459848559837001,0.0500001656537945,0.0243786658541445,0.0500001656537945,0.0529165236750068,0.540152162324856,282.4995808959,0.387516571873662
data.1.train.preprocessed.mat,1,7,7,10,9.99996686935087,SimpleBaseline,spike_bins,ok,,0.1,1,0.1,1246,525,525,456,456,69,790,0.868571428571429,0.365971107544141,0.514963297571993,0.0366229283516828,0,0.0335527427413621,0,0.0504191748139487,0.633771929824561,289,0.231942215088282
data.1.train.preprocessed.mat,1,7,7,10,9.99996686935087,SimpleBaseline,burst_onsets,ok,,0.1,1,0.1,702,525,525,309,309,216,393,0.588571428571429,0.44017094017094,0.503667481662592,0.0822009195861735,0.100000331307589,0.0763756575682557,0.100000331307589,0.0489349336131071,0.177993527508091,55,0.0783475783475783
data.1.train.preprocessed.mat,1,7,7,10,9.99996686935087,OASIS,spike_bins,ok,,0.1,1,0.1,1246,507,507,453,453,54,793,0.893491124260355,0.363563402889246,0.516828294352539,0.0207506206245328,0,0.0132450769943826,0,0.0436330105441772,0.792494481236203,359,0.288121990369181
data.1.train.preprocessed.mat,1,7,7,10,9.99996686935087,OASIS,burst_onsets,ok,,0.1,1,0.1,702,507,507,369,369,138,333,0.727810650887574,0.525641025641026,0.610421836228288,0.0658538767147537,0.100000331307589,0.0560977468310865,0.100000331307589,0.0587179351662901,0.341463414634146,126,0.179487179487179
data.1.train.preprocessed.mat,1,8,8,100,99.9998968883357,SimpleBaseline,spike_bins,ok,,0.1,10,0.1,954,977,977,405,405,572,549,0.41453428863869,0.424528301886792,0.419471776281719,0.0341234919754239,0.0300000309335312,0.00419753519234593,0,0.0437665327580107,0.658765110797397,266.799869872946,0.279664433829083
data.1.train.preprocessed.mat,1,8,8,100,99.9998968883357,SimpleBaseline,burst_onsets,ok,,0.1,10,0.1,366,977,977,255,255,722,111,0.26100307062436,0.69672131147541,0.379746835443038,0.045960831704704,0.0400000412447083,-0.00415686703131282,-0.0100000103111771,0.0542303074301458,0.540391735519745,137.799892557535,0.37650243868179
data.1.train.preprocessed.mat,1,8,8,100,99.9998968883357,OASIS,spike_bins,ok,,0.1,10,0.1,954,1174,1174,416,416,758,538,0.354344122657581,0.436058700209644,0.390977443609023,0.0292788763437828,0.0200000206223541,0.00649039130773511,0,0.0398272570907346,0.707211263827303,294.199885752158,0.308385624478153
data.1.train.preprocessed.mat,1,8,8,100,99.9998968883357,OASIS,burst_onsets,ok,,0.1,10,0.1,366,1174,1174,285,285,889,81,0.242759795570698,0.778688524590164,0.37012987012987,0.0399649534892304,0.0300000309335312,0.00585965516479498,0.0100000103111771,0.0493591256476876,0.600350515759092,171.099896991341,0.467486057353391
data.1.train.preprocessed.mat,1,8,8,50,49.9999484441678,SimpleBaseline,spike_bins,ok,,0.1,5,0.1,890,853,853,364,364,489,526,0.42672919109027,0.408988764044944,0.417670682730924,0.0347253105311203,0.0200000206223541,0.0102197907575766,0,0.0445480488787298,0.652746951343615,237.599890289076,0.26696616886413
data.1.train.preprocessed.mat,1,8,8,50,49.9999484441678,SimpleBaseline,burst_onsets,ok,,0.1,5,0.1,362,853,853,240,240,613,122,0.281359906213365,0.662983425414365,0.395061728395062,0.0483333831706891,0.0400000412447083,0.00450000464002968,0,0.0570964685675998,0.516666279997527,123.999907199406,0.342541180108858
data.1.train.preprocessed.mat,1,8,8,50,49.9999484441678,OASIS,spike_bins,ok,,0.1,5,0.1,890,1103,1103,399,399,704,491,0.361740707162285,0.448314606741573,0.40040140491721,0.0327318633243039,0.0200000206223541,0.0116792100376153,0,0.0434555305322663,0.672681446868863,268.399897300676,0.301572918315367
data.1.train.preprocessed.mat,1,8,8,50,49.9999484441678,OASIS,burst_onsets,ok,,0.1,5,0.1,362,1103,1103,264,264,839,98,0.239347234814143,0.729281767955801,0.360409556313993,0.0437879239383359,0.0400000412447083,0.00606061230980428,0.0200000206223541,0.0537528705539176,0.562120881694856,148.399912767442,0.409944510407298
data.1.train.preprocessed.mat,1,8,8,20,19.9999793776671,SimpleBaseline,spike_bins,ok,,0.1,2,0.1,731,556,556,276,276,280,455,0.496402877697842,0.377564979480164,0.428904428904429,0.0385869963094332,0.0500000515558853,0.0193840779582599,0,0.0498651527076287,0.614130227438287,169.499942772967,0.231874066720886
data.1.train.preprocessed.mat,1,8,8,20,19.9999793776671,SimpleBaseline,burst_onsets,ok,,0.1,2,0.1,345,556,556,185,185,371,160,0.33273381294964,0.536231884057971,0.410654827968923,0.0570270858286043,0.0500000515558853,0.0208108322692063,0.0500000515558853,0.0654158936502334,0.429729520719384,79.499961333086,0.230434670530684
data.1.train.preprocessed.mat,1,8,8,20,19.9999793776671,OASIS,spike_bins,ok,,0.1,2,0.1,731,440,440,300,300,140,431,0.681818181818182,0.410396716826265,0.512382578992314,0.0308333651261293,0,0.0131666802430498,0,0.0455546621658075,0.691666493095186,207.499947928556,0.283857657905001
data.1.train.preprocessed.mat,1,8,8,20,19.9999793776671,OASIS,burst_onsets,ok,,0.1,2,0.1,345,440,440,197,197,243,148,0.447727272727273,0.571014492753623,0.501910828025478,0.0520305105023172,0.0500000515558853,0.018020323149583,0.0500000515558853,0.0620043395755197,0.47969521425693,94.4999572086152,0.273912919445262
data.1.train.preprocessed.mat,1,8,8,10,9.99998968883357,SimpleBaseline,spike_bins,ok,,0.1,1,0.1,593,385,385,227,227,158,366,0.58961038961039,0.382799325463744,0.464212678936605,0.0533040197203711,0.100000103111771,0.0471366124799976,0.100000103111771,0.0558775613819213,0.466960352422908,106,0.178752107925801
data.1.train.preprocessed.mat,1,8,8,10,9.99998968883357,SimpleBaseline,burst_onsets,ok,,0.1,1,0.1,318,385,385,141,141,244,177,0.366233766233766,0.443396226415094,0.401137980085349,0.0744681618917441,0.100000103111771,0.0446808971350464,0.100000103111771,0.0740903031610048,0.25531914893617,36,0.113207547169811
data.1.train.preprocessed.mat,1,8,8,10,9.99998968883357,OASIS,spike_bins,ok,,0.1,1,0.1,593,274,274,232,232,42,361,0.846715328467153,0.391231028667791,0.53517877739331,0.0331896893948549,0,0.0271552004139722,0,0.0509189853481623,0.668103448275862,155,0.261382799325464
data.1.train.preprocessed.mat,1,8,8,10,9.99998968883357,OASIS,burst_onsets,ok,,0.1,1,0.1,318,274,274,148,148,126,170,0.54014598540146,0.465408805031447,0.5,0.0641892553757987,0.100000103111771,0.0385135532254792,0.100000103111771,0.0704926531310097,0.358108108108108,53,0.166666666666667
data.1.train.preprocessed.mat,1,9,9,100,99.9996686935087,SimpleBaseline,spike_bins,ok,,0.1,10,0.1,568,1364,1364,257,257,1107,311,0.18841642228739,0.452464788732394,0.266045548654244,0.0445915874235396,0.0400001325230356,7.78212695000693e-05,0,0.0549077193756811,0.554084370700175,142.399683269945,0.250703667728777
data.1.train.preprocessed.mat,1,9,9,100,99.9996686935087,SimpleBaseline,burst_onsets,ok,,0.1,10,0.1,267,1364,1364,194,194,1170,73,0.142228739002933,0.726591760299625,0.237890864500307,0.0529898662805162,0.0500001656537945,-0.00474228375273102,-0.0100000331307589,0.0610377390207212,0.470101712904475,91.1997323034681,0.341572031099132
data.1.train.preprocessed.mat,1,9,9,100,99.9996686935087,OASIS,spike_bins,ok,,0.1,10,0.1,568,2850,2850,291,291,2559,277,0.102105263157895,0.512323943661972,0.170275014628438,0.0380757275219273,0.0300000993922767,0.00254296375146446,0,0.0488460917796067,0.619242861402413,180.199672668102,0.317252944838208
data.1.train.preprocessed.mat,1,9,9,100,99.9996686935087,OASIS,burst_onsets,ok,,0.1,10,0.1,267,2850,2850,225,225,2625,42,0.0789473684210526,0.842696629213483,0.14436958614052,0.0413334702738034,0.0400001325230356,-0.00471112671937974,0,0.0512439072934348,0.586665429785002,131.999721701625,0.4943809801559
data.1.train.preprocessed.mat,1,9,9,50,49.9998343467544,SimpleBaseline,spike_bins,ok,,0.1,5,0.1,496,1212,1212,238,238,974,258,0.196369636963696,0.479838709677419,0.278688524590164,0.0454623354936181,0.0400001325230356,0.00512606740316212,0,0.0563200318733199,0.545377076598913,129.799744230541,0.261693032722866
data.1.train.preprocessed.mat,1,9,9,50,49.9998343467544,SimpleBaseline,burst_onsets,ok,,0.1,5,0.1,266,1212,1212,187,187,1025,79,0.154290429042904,0.703007518796993,0.253044654939107,0.0547595397106797,0.0600001987845534,0.00128342671196906,0,0.0630964820701093,0.452405187553654,84.5997700725333,0.318044248392982
data.1.train.preprocessed.mat,1,9,9,50,49.9998343467544,OASIS,spike_bins,ok,,0.1,5,0.1,496,2095,2095,246,246,1849,250,0.117422434367542,0.495967741935484,0.189888074102663,0.0376424011344827,0.0400001325230356,0.00284553788273627,0,0.0493885920038483,0.623576244543149,153.399756157615,0.309273701930674
data.1.train.preprocessed.mat,1,9,9,50,49.9998343467544,OASIS,burst_onsets,ok,,0.1,5,0.1,266,2095,2095,200,200,1895,66,0.0954653937947494,0.75187969924812,0.169419737399407,0.0453001500823378,0.0400001325230356,0.00130000430699866,0,0.0553502343337605,0.546998880180349,109.39977603607,0.41127735351906
data.1.train.preprocessed.mat,1,9,9,20,19.9999337387017,SimpleBaseline,spike_bins,ok,,0.1,2,0.1,405,827,827,179,179,648,226,0.216444981862152,0.441975308641975,0.290584415584416,0.0441342244318409,0.0500001656537945,0.0223464427502992,0,0.0551106194694977,0.558658625595372,99.9998939815715,0.246913318473016
data.1.train.preprocessed.mat,1,9,9,20,19.9999337387017,SimpleBaseline,burst_onsets,ok,,0.1,2,0.1,260,827,827,141,141,686,119,0.17049576783555,0.542307692307692,0.259429622815087,0.0581562210441297,0.0500001656537945,0.0290781105220649,0.0500001656537945,0.0624376121919209,0.418438987905301,58.9998972946474,0.22692268190249
data.1.train.preprocessed.mat,1,9,9,20,19.9999337387017,OASIS,spike_bins,ok,,0.1,2,0.1,405,1075,1075,203,203,872,202,0.188837209302326,0.501234567901235,0.274324324324324,0.0406405287333798,0.0500001656537945,0.00911333068566697,0,0.0545296891623905,0.593595381809609,120.499862507351,0.297530524709508
data.1.train.preprocessed.mat,1,9,9,20,19.9999337387017,OASIS,burst_onsets,ok,,0.1,2,0.1,260,1075,1075,167,167,908,93,0.155348837209302,0.642307692307692,0.250187265917603,0.0494013612747071,0.0500001656537945,0.0116766853922035,0,0.0611010739438662,0.505987299836707,84.49987907273,0.324999534895116
data.1.train.preprocessed.mat,1,9,9,10,9.99996686935087,SimpleBaseline,spike_bins,ok,,0.1,1,0.1,348,616,616,152,152,464,196,0.246753246753247,0.436781609195402,0.315352697095436,0.0585528255682593,0.100000331307589,0.040131711906335,0,0.065367106153728,0.414473684210526,63,0.181034482758621
data.1.train.preprocessed.mat,1,9,9,10,9.99996686935087,SimpleBaseline,burst_onsets,ok,,0.1,1,0.1,255,616,616,116,116,500,139,0.188311688311688,0.454901960784314,0.266360505166475,0.070689889372606,0.100000331307589,0.041379447437623,0.100000331307589,0.0735073748270123,0.293103448275862,34,0.133333333333333
data.1.train.preprocessed.mat,1,9,9,10,9.99996686935087,OASIS,spike_bins,ok,,0.1,1,0.1,348,563,563,173,173,390,175,0.307282415630551,0.497126436781609,0.37980241492865,0.0473990009666029,0,0.030057903051992,0,0.0621187824901329,0.526011560693642,91,0.261494252873563
data.1.train.preprocessed.mat,1,9,9,10,9.99996686935087,OASIS,burst_onsets,ok,,0.1,1,0.1,255,563,563,147,147,416,108,0.261101243339254,0.576470588235294,0.359413202933985,0.068027436263666,0.100000331307589,0.0448981079340195,0.100000331307589,0.0694241545369413,0.319727891156463,47,0.184313725490196
data.1.train.preprocessed.mat,1,10,10,100,100.000195873149,SimpleBaseline,spike_bins,ok,,0.1,10,0.1,787,1013,1013,313,313,700,474,0.30898321816387,0.397712833545108,0.347777777777778,0.0405111027582534,0.0399999216508937,-0.0130351182376714,-0.00999998041272343,0.0482652183436676,0.594888972417466,186.200248366667,0.236594978864888
data.1.train.preprocessed.mat,1,10,10,100,100.000195873149,SimpleBaseline,burst_onsets,ok,,0.1,10,0.1,315,1013,1013,232,232,781,83,0.229022704837117,0.736507936507937,0.349397590361446,0.051767139981383,0.0599998824763406,-0.0196120305508154,-0.0299999412381703,0.0555282501302151,0.482328600186171,111.900235243192,0.355238842041878
data.1.train.preprocessed.mat,1,10,10,100,100.000195873149,OASIS,spike_bins,ok,,0.1,10,0.1,787,2380,2380,393,393,1987,394,0.165126050420168,0.499364675984752,0.248184401641932,0.0305597365793406,0.0199999608254469,0.00150126932404754,0,0.0427323016591963,0.694402634206594,272.900235243192,0.346760146433534
data.1.train.preprocessed.mat,1,10,10,100,100.000195873149,OASIS,burst_onsets,ok,,0.1,10,0.1,315,2380,2380,285,285,2095,30,0.119747899159664,0.904761904761905,0.211502782931354,0.0362104553892302,0.0299999412381703,-0.0048420957787924,0,0.0469759992510372,0.637895446107699,181.800202140694,0.577143498859347
data.1.train.preprocessed.mat,1,10,10,50,50.0000979365747,SimpleBaseline,spike_bins,ok,,0.1,5,0.1,736,888,888,293,293,595,443,0.329954954954955,0.398097826086957,0.360837438423645,0.0380886625959022,0.0399999216508937,-0.00627985118068639,0,0.0472403682437348,0.619113374040978,181.400218594007,0.246467688307074
data.1.train.preprocessed.mat,1,10,10,50,50.0000979365747,SimpleBaseline,burst_onsets,ok,,0.1,5,0.1,304,888,888,222,222,666,82,0.25,0.730263157894737,0.37248322147651,0.0509908911135267,0.0599998824763406,-0.00756755274476368,-0.0199999608254469,0.0577121740689255,0.490091088864733,108.800221727971,0.35789546621043
data.1.train.preprocessed.mat,1,10,10,50,50.0000979365747,OASIS,spike_bins,ok,,0.1,5,0.1,736,1724,1724,339,339,1385,397,0.196635730858469,0.460597826086957,0.275609756097561,0.0266666144339292,0.0199999608254469,0.00165191416847349,0,0.0410466863419536,0.733333855660709,248.60017706898,0.337771979713288
data.1.train.preprocessed.mat,1,10,10,50,50.0000979365747,OASIS,burst_onsets,ok,,0.1,5,0.1,304,1724,1724,257,257,1467,47,0.14907192575406,0.845394736842105,0.2534516765286,0.0376652958736042,0.0199999608254469,0.00280155093274742,0,0.0501084901623893,0.623347041263958,160.200189604837,0.526974307910649
data.1.train.preprocessed.mat,1,10,10,20,20.0000391746299,SimpleBaseline,spike_bins,ok,,0.1,2,0.1,586,609,609,231,231,378,355,0.379310344827586,0.39419795221843,0.386610878661088,0.0329003684574451,0.0499999020636172,0.00952379086926041,0,0.0479603797773538,0.670996315425549,155.000148863302,0.264505373486863
data.1.train.preprocessed.mat,1,10,10,20,20.0000391746299,SimpleBaseline,burst_onsets,ok,,0.1,2,0.1,288,609,609,185,185,424,103,0.303776683087028,0.642361111111111,0.412486064659978,0.0516215205089237,0.0499999020636172,0.0213513095298689,0,0.0602602843770488,0.483784794910764,89.5001870584913,0.310764538397539
data.1.train.preprocessed.mat,1,10,10,20,20.0000391746299,OASIS,spike_bins,ok,,0.1,2,0.1,586,834,834,263,263,571,323,0.315347721822542,0.448805460750853,0.370422535211268,0.0211026202625913,0,0.00551329718572205,0,0.038557193443382,0.788973797374087,207.500108709385,0.354095748650828
data.1.train.preprocessed.mat,1,10,10,20,20.0000391746299,OASIS,burst_onsets,ok,,0.1,2,0.1,288,834,834,211,211,623,77,0.252997601918465,0.732638888888889,0.376114081996435,0.037203718597099,0.0499999020636172,0.0158767461529021,0,0.0502048528602629,0.62796281402901,132.500153760121,0.460069978333754
data.1.train.preprocessed.mat,1,10,10,10,10.0000195873149,SimpleBaseline,spike_bins,ok,,0.1,1,0.1,478,473,473,190,190,283,288,0.40169133192389,0.397489539748954,0.399579390115668,0.0342104593066854,0,0.0268420526867839,0,0.0521040500052221,0.657895406933146,125.000127317298,0.261506542504807
data.1.train.preprocessed.mat,1,10,10,10,10.0000195873149,SimpleBaseline,burst_onsets,ok,,0.1,1,0.1,273,473,473,149,149,324,124,0.315010570824524,0.545787545787546,0.399463806970509,0.0657716832514696,0.0999998041272343,0.0563757285012596,0.0999998041272343,0.0584969951327162,0.342283167485304,51.0001919553103,0.186813889946192
data.1.train.preprocessed.mat,1,10,10,10,10.0000195873149,OASIS,spike_bins,ok,,0.1,1,0.1,478,464,464,198,198,266,280,0.426724137931034,0.414225941422594,0.420382165605096,0.0262625748212939,0,0.00909089128429403,0,0.0505620386215814,0.737374251787062,146.000101853838,0.305439543627277
data.1.train.preprocessed.mat,1,10,10,10,10.0000195873149,OASIS,burst_onsets,ok,,0.1,1,0.1,273,464,464,163,163,301,110,0.351293103448276,0.597069597069597,0.442333785617368,0.0509201456598801,0.0999998041272343,0.0288342993495706,0,0.0654743285392308,0.4907985434012,80.0001625743955,0.293040888550899
data.1.train.preprocessed.mat,1,11,11,100,100.000161497187,SimpleBaseline,spike_bins,ok,,0.1,10,0.1,211,1556,1556,163,163,1393,48,0.104755784061697,0.772511848341232,0.184493491794001,0.0473618867020694,0.049999919251537,-0.00944783750274441,-0.0199999677006148,0.0553467578478653,0.526381132979306,85.8001246756269,0.406635661969796
data.1.train.preprocessed.mat,1,11,11,100,100.000161497187,SimpleBaseline,burst_onsets,ok,,0.1,10,0.1,171,1556,1556,155,155,1401,16,0.0996143958868895,0.906432748538012,0.179502026635785,0.0497418551521742,0.049999919251537,-0.00974191975094462,-0.0199999677006148,0.0571389314729992,0.502581448478258,77.90012451413,0.455556283708362
data.1.train.preprocessed.mat,1,11,11,100,100.000161497187,OASIS,spike_bins,ok,,0.1,10,0.1,211,3117,3117,174,174,2943,37,0.055822906641001,0.824644549763033,0.104567307692308,0.040287291258997,0.0299999515509222,0.00557470364068861,0.0099999838503074,0.0511085815193815,0.59712708741003,103.900113209345,0.492417598148555
data.1.train.preprocessed.mat,1,11,11,100,100.000161497187,OASIS,burst_onsets,ok,,0.1,10,0.1,171,3117,3117,161,161,2956,10,0.0516522297080526,0.941520467836257,0.0979318734793187,0.0398757119993624,0.0299999515509222,0.00248446803734345,0,0.0507940004972609,0.601242880006376,96.8001036810265,0.566082477666822
data.1.train.preprocessed.mat,1,11,11,50,50.0000807485934,SimpleBaseline,spike_bins,ok,,0.1,5,0.1,208,1390,1390,155,155,1235,53,0.111510791366906,0.745192307692308,0.193992490613267,0.0461934737859361,0.0399999354012296,-0.000258064099362772,0,0.0557818181095466,0.538065262140639,83.4001156317991,0.400962094383649
data.1.train.preprocessed.mat,1,11,11,50,50.0000807485934,SimpleBaseline,burst_onsets,ok,,0.1,5,0.1,171,1390,1390,150,150,1240,21,0.107913669064748,0.87719298245614,0.192184497117233,0.0490665874255083,0.0399999354012296,0.00106666494403279,0,0.0581497549434134,0.509334125744917,76.4001188617376,0.446784320828875
data.1.train.preprocessed.mat,1,11,11,50,50.0000807485934,OASIS,spike_bins,ok,,0.1,5,0.1,208,2151,2151,157,157,1994,51,0.0729893072989307,0.754807692307692,0.133107248834252,0.0375795571444673,0.0199999677006148,0.0128662212596312,0.0199999677006148,0.0485170472959432,0.624204428555327,98.0000952831864,0.471154304246088
data.1.train.preprocessed.mat,1,11,11,50,50.0000807485934,OASIS,burst_onsets,ok,,0.1,5,0.1,171,2151,2151,152,152,1999,19,0.0706648070664807,0.888888888888889,0.130921619293712,0.0398683566663571,0.0399999354012296,0.0143420821010988,0.0199999677006148,0.0500815882176729,0.601316433336429,91.4000978671372,0.534503496299048
data.1.train.preprocessed.mat,1,11,11,20,20.0000322994374,SimpleBaseline,spike_bins,ok,,0.1,2,0.1,192,973,973,134,134,839,58,0.137718396711202,0.697916666666667,0.230042918454936,0.0444029133651709,0.049999919251537,0.0190298200136447,0,0.0551125011941412,0.555970866348291,74.500096090671,0.388021333805578
data.1.train.preprocessed.mat,1,11,11,20,20.0000322994374,SimpleBaseline,burst_onsets,ok,,0.1,2,0.1,171,973,973,133,133,840,38,0.136690647482014,0.777777777777778,0.232517482517483,0.0492480407665515,0.049999919251537,0.0236841722770438,0,0.0579245398825901,0.507519592334485,67.5001057804866,0.3947374607046
data.1.train.preprocessed.mat,1,11,11,20,20.0000322994374,OASIS,spike_bins,ok,,0.1,2,0.1,192,1123,1123,136,136,987,56,0.121104185218166,0.708333333333333,0.206844106463878,0.0334558283227196,0,0.0150735050684781,0,0.0484269776445096,0.665441716772804,90.5000734811014,0.471354549380736
data.1.train.preprocessed.mat,1,11,11,20,20.0000322994374,OASIS,burst_onsets,ok,,0.1,2,0.1,171,1123,1123,133,133,990,38,0.118432769367765,0.777777777777778,0.205564142194745,0.0364661065217976,0.049999919251537,0.0176691443971597,0,0.0500739131391673,0.635338934782024,84.5000783260091,0.494152504830463
data.1.train.preprocessed.mat,1,11,11,10,10.0000161497187,SimpleBaseline,spike_bins,ok,,0.1,1,0.1,182,739,739,121,121,618,61,0.163734776725304,0.664835164835165,0.262757871878393,0.0595040361340605,0.099999838503074,0.0413222473153198,0.099999838503074,0.0654081271415831,0.404959638659395,49.0001162777868,0.269231408119707
data.1.train.preprocessed.mat,1,11,11,10,10.0000161497187,SimpleBaseline,burst_onsets,ok,,0.1,1,0.1,170,739,739,119,119,620,51,0.161028416779432,0.7,0.261826182618262,0.0647057778549302,0.099999838503074,0.0462184127535216,0.099999838503074,0.0661147342056714,0.352942221450698,42.0001243526331,0.247059555015489
data.1.train.preprocessed.mat,1,11,11,10,10.0000161497187,OASIS,spike_bins,ok,,0.1,1,0.1,182,607,607,116,116,491,66,0.191103789126853,0.637362637362637,0.29404309252218,0.0465516489583275,0,0.0327585677854897,0,0.060109747403522,0.534483510416725,62.0000872083401,0.340659819826044
data.1.train.preprocessed.mat,1,11,11,10,10.0000161497187,OASIS,burst_onsets,ok,,0.1,1,0.1,170,607,607,116,116,491,54,0.191103789126853,0.682352941176471,0.298584298584299,0.0543102571180488,0.099999838503074,0.040517175945211,0,0.0618249665157633,0.456897428819512,53.0001017430634,0.311765304370961
data.2.train.preprocessed.mat,2,1,1,100,99.9996244995682,SimpleBaseline,spike_bins,ok,,0.1,10,0.1,1743,326,326,242,242,84,1501,0.742331288343558,0.138841078600115,0.233929434509425,0.0244629017756572,0.0200000751003684,-0.00636366025920811,0,0.0342314626115277,0.755371028793243,182.799788967965,0.104876528380932
data.2.train.preprocessed.mat,2,1,1,100,99.9996244995682,SimpleBaseline,burst_onsets,ok,,0.1,10,0.1,346,326,326,190,190,136,156,0.582822085889571,0.549132947976879,0.56547619047619,0.0463159633903267,0.0400001502007367,0.0115789908475817,0.0100000375501842,0.0530014626469409,0.536840504439517,101.999695843508,0.294796808796266
data.2.train.preprocessed.mat,2,1,1,100,99.9996244995682,OASIS,spike_bins,ok,,0.1,10,0.1,1743,829,829,384,384,445,1359,0.463208685162847,0.220309810671256,0.298600311041991,0.0315105349888616,0.0200000751003684,-0.00213542468519558,0,0.0435216823155046,0.684894796791791,262.999601968048,0.150889043010928
data.2.train.preprocessed.mat,2,1,1,100,99.9996244995682,OASIS,burst_onsets,ok,,0.1,10,0.1,346,829,829,249,249,580,97,0.300361881785283,0.719653179190751,0.423829787234043,0.0489560071231908,0.0500001877509209,-0.00445784806453993,-0.0100000375501842,0.0577172617604584,0.510440305777973,127.099636138715,0.367339988840218
data.2.train.preprocessed.mat,2,1,1,50,49.9998122497841,SimpleBaseline,spike_bins,ok,,0.1,5,0.1,1464,328,328,245,245,83,1219,0.746951219512195,0.167349726775956,0.2734375,0.0215511013326418,0.0200000751003684,-0.00212245694942685,0,0.0325235264687551,0.784489032653399,192.199813000083,0.131284025273281
data.2.train.preprocessed.mat,2,1,1,50,49.9998122497841,SimpleBaseline,burst_onsets,ok,,0.1,5,0.1,339,328,328,189,189,139,150,0.576219512195122,0.557522123893805,0.56671664167916,0.0468784829072126,0.0400001502007367,0.019365152081309,0.0200000751003684,0.0525482406617887,0.531215449077386,100.399719875626,0.296164365414826
data.2.train.preprocessed.mat,2,1,1,50,49.9998122497841,OASIS,spike_bins,ok,,0.1,5,0.1,1464,790,790,352,352,438,1112,0.445569620253165,0.240437158469945,0.312333629103815,0.029829657465038,0.0200000751003684,-0.000397728766200508,0,0.0423911058477661,0.701703681373602,246.999695843508,0.168715639237369
data.2.train.preprocessed.mat,2,1,1,50,49.9998122497841,OASIS,burst_onsets,ok,,0.1,5,0.1,339,790,790,238,238,552,101,0.30126582278481,0.702064896755162,0.421612046058459,0.0478153055970991,0.0400001502007367,0.00462186609462294,0,0.0569595956058389,0.521847464682823,124.199696594512,0.366370786414489
data.2.train.preprocessed.mat,2,1,1,20,19.9999248999136,SimpleBaseline,spike_bins,ok,,0.1,2,0.1,1036,321,321,246,246,75,790,0.766355140186916,0.237451737451737,0.362564480471629,0.0189025100033969,0,0.00630083666779897,0,0.0345664658942618,0.810975113666266,199.499877961901,0.192567449770175
data.2.train.preprocessed.mat,2,1,1,20,19.9999248999136,SimpleBaseline,burst_onsets,ok,,0.1,2,0.1,312,321,321,174,174,147,138,0.542056074766355,0.557692307692308,0.549763033175355,0.0560346931691355,0.0500001877509209,0.0359196751084202,0.0500001877509209,0.0572998975724518,0.439654384723148,76.4998629418277,0.245191868403294
data.2.train.preprocessed.mat,2,1,1,20,19.9999248999136,OASIS,spike_bins,ok,,0.1,2,0.1,1036,486,486,309,309,177,727,0.635802469135803,0.298262548262548,0.406044678055191,0.0239483099907323,0,0.00355988391754129,0,0.0407354459972318,0.760517252505409,234.999831024171,0.226833813729895
data.2.train.preprocessed.mat,2,1,1,20,19.9999248999136,OASIS,burst_onsets,ok,,0.1,2,0.1,312,486,486,214,214,272,98,0.440329218106996,0.685897435897436,0.536340852130326,0.0532712280710746,0.0500001877509209,0.0191589504466145,0,0.0619122023249067,0.467288859832231,99.9998160040975,0.320512230782364
data.2.train.preprocessed.mat,2,1,1,10,9.99996244995682,SimpleBaseline,spike_bins,ok,,0.1,1,0.1,736,285,285,232,232,53,504,0.814035087719298,0.315217391304348,0.454456415279138,0.0198276606598479,0,0.0120690108364292,0,0.0429542239675525,0.801724137931034,186,0.252717391304348
data.2.train.preprocessed.mat,2,1,1,10,9.99996244995682,SimpleBaseline,burst_onsets,ok,,0.1,1,0.1,287,285,285,141,141,144,146,0.494736842105263,0.491289198606272,0.493006993006993,0.0723406971715451,0.100000375501842,0.0510640215328554,0.100000375501842,0.0682613321121607,0.276595744680851,39,0.13588850174216
data.2.train.preprocessed.mat,2,1,1,10,9.99996244995682,OASIS,spike_bins,ok,,0.1,1,0.1,736,270,270,225,225,45,511,0.833333333333333,0.30570652173913,0.447316103379722,0.0173333984203192,0,0.00488890724675671,0,0.0414376204347906,0.826666666666667,186,0.252717391304348
data.2.train.preprocessed.mat,2,1,1,10,9.99996244995682,OASIS,burst_onsets,ok,,0.1,1,0.1,287,270,270,145,145,125,142,0.537037037037037,0.505226480836237,0.52064631956912,0.0606898830631867,0.100000375501842,0.0358622036282467,0,0.0693983293971755,0.393103448275862,57,0.198606271777003
data.2.train.preprocessed.mat,2,2,2,100,99.9999936536123,SimpleBaseline,spike_bins,ok,,0.1,10,0.1,251,636,636,122,122,514,129,0.191823899371069,0.48605577689243,0.275084554678692,0.0422131174331065,0.0400000025385552,-0.0112295089093895,-0.0100000006346388,0.0496696201993448,0.577868828269914,70.4999970489295,0.280876482266652
data.2.train.preprocessed.mat,2,2,2,100,99.9999936536123,SimpleBaseline,burst_onsets,ok,,0.1,10,0.1,218,636,636,119,119,517,99,0.187106918238994,0.545871559633027,0.278688524590164,0.044537817952593,0.0400000025385552,-0.0089075635905186,-0.0100000006346388,0.0519417881147459,0.55462182260731,65.9999968902698,0.302752279313164
data.2.train.preprocessed.mat,2,2,2,100,99.9999936536123,OASIS,spike_bins,ok,,0.1,10,0.1,251,2037,2037,165,165,1872,86,0.0810014727540501,0.657370517928287,0.144230769230769,0.0470303060150286,0.0400000025385552,-0.0115151522459477,-0.0100000006346388,0.05542085523945,0.529696945619158,87.3999960271611,0.348207155486698
data.2.train.preprocessed.mat,2,2,2,100,99.9999936536123,OASIS,burst_onsets,ok,,0.1,10,0.1,218,2037,2037,157,157,1880,61,0.0770741286205204,0.720183486238532,0.139246119733925,0.0503184745309851,0.0500000031731941,-0.0108280261648955,-0.0100000006346388,0.0585614089583551,0.496815261562034,77.9999960652394,0.357798147088254
data.2.train.preprocessed.mat,2,2,2,50,49.9999968268061,SimpleBaseline,spike_bins,ok,,0.1,5,0.1,249,639,639,130,130,509,119,0.203442879499218,0.522088353413655,0.292792792792793,0.0452307721012894,0.0400000025385552,-0.00923076981658967,-0.0100000006346388,0.0543405230373718,0.547692285333494,71.1999970933543,0.285943763427126
data.2.train.preprocessed.mat,2,2,2,50,49.9999968268061,SimpleBaseline,burst_onsets,ok,,0.1,5,0.1,215,639,639,127,127,512,88,0.198748043818466,0.590697674418605,0.297423887587822,0.0475590581363925,0.0400000025385552,-0.00661417364810756,0,0.0565716392061317,0.524409424632663,66.5999969283481,0.309767427573712
data.2.train.preprocessed.mat,2,2,2,50,49.9999968268061,OASIS,spike_bins,ok,,0.1,5,0.1,249,1420,1420,142,142,1278,107,0.1,0.570281124497992,0.170161773517076,0.0474647917446941,0.0400000025385552,-0.00690140888869439,0,0.0561682298442173,0.525352089703919,74.5999967379565,0.299598380473721
data.2.train.preprocessed.mat,2,2,2,50,49.9999968268061,OASIS,burst_onsets,ok,,0.1,5,0.1,215,1420,1420,132,132,1288,83,0.0929577464788732,0.613953488372093,0.161467889908257,0.0487878818841469,0.0400000025385552,-0.00818181870106812,0,0.0567278012453826,0.512121188370335,67.5999968648843,0.314418590069229
data.2.train.preprocessed.mat,2,2,2,20,19.9999987307225,SimpleBaseline,spike_bins,ok,,0.1,2,0.1,241,637,637,137,137,500,104,0.215070643642072,0.568464730290456,0.312072892938497,0.0478102220123242,0.0500000031731941,0.00693430700942107,0,0.0594652932513791,0.521897794700438,71.49999787396,0.296680489103569
data.2.train.preprocessed.mat,2,2,2,20,19.9999987307225,SimpleBaseline,burst_onsets,ok,,0.1,2,0.1,213,637,637,132,132,505,81,0.207221350078493,0.619718309859155,0.310588235294118,0.0507575789788485,0.0500000031731941,0.00833333386219901,0,0.0615222541668758,0.492424226558272,64.9999979056919,0.305164309416394
data.2.train.preprocessed.mat,2,2,2,20,19.9999987307225,OASIS,spike_bins,ok,,0.1,2,0.1,241,926,926,147,147,779,94,0.158747300215983,0.609958506224066,0.251928020565553,0.0472789145651291,0.0500000031731941,-0.00510204114012184,0,0.0601751744476245,0.527210870322612,77.4999979374239,0.32157675492707
data.2.train.preprocessed.mat,2,2,2,20,19.9999987307225,OASIS,burst_onsets,ok,,0.1,2,0.1,213,926,926,140,140,786,73,0.151187904967603,0.657276995305164,0.245829675153644,0.0510714318126196,0.0500000031731941,-0.00392857167789382,0,0.0626362890962426,0.489285699099714,68.49999787396,0.321596234150047
data.2.train.preprocessed.mat,2,2,2,10,9.99999936536123,SimpleBaseline,spike_bins,ok,,0.1,1,0.1,230,565,565,141,141,424,89,0.249557522123894,0.61304347826087,0.354716981132076,0.0567375922532699,0.100000006346388,0.0198581572886445,0,0.0729186071494021,0.432624113475177,61,0.265217391304348
data.2.train.preprocessed.mat,2,2,2,10,9.99999936536123,SimpleBaseline,burst_onsets,ok,,0.1,1,0.1,206,565,565,133,133,432,73,0.235398230088496,0.645631067961165,0.345006485084306,0.0593985000102606,0.100000006346388,0.0203007531680638,0,0.0746297965942649,0.406015037593985,54,0.262135922330097
data.2.train.preprocessed.mat,2,2,2,10,9.99999936536123,OASIS,spike_bins,ok,,0.1,1,0.1,230,534,534,144,144,390,86,0.269662921348315,0.626086956521739,0.37696335078534,0.0520833366387438,0.100000006346388,0.00486111141961609,0,0.0722562125954878,0.479166666666667,69,0.3
data.2.train.preprocessed.mat,2,2,2,10,9.99999936536123,OASIS,burst_onsets,ok,,0.1,1,0.1,206,534,534,140,140,394,66,0.262172284644195,0.679611650485437,0.378378378378378,0.0578571465289817,0.100000006346388,0.00928571487502176,0,0.0757660481235362,0.421428571428571,59,0.286407766990291
data.2.train.preprocessed.mat,2,3,3,100,100.000828285881,SimpleBaseline,spike_bins,ok,,0.1,10,0.1,269,316,316,108,108,208,161,0.341772151898734,0.401486988847584,0.369230769230769,0.03472193462534,0.0299997515162938,-0.0112036109057764,-0.00999991717209793,0.0427052805798566,0.6527806537466,70.5003106046328,0.262082939050679
data.2.train.preprocessed.mat,2,3,3,100,100.000828285881,SimpleBaseline,burst_onsets,ok,,0.1,10,0.1,152,316,316,101,101,215,51,0.319620253164557,0.664473684210526,0.431623931623932,0.0405937231738629,0.0299997515162938,-0.00336630875100327,0,0.0489133399141426,0.594062768261371,60.0003395943985,0.394739076278937
data.2.train.preprocessed.mat,2,3,3,100,100.000828285881,OASIS,spike_bins,ok,,0.1,10,0.1,269,1222,1222,144,144,1078,125,0.117839607201309,0.535315985130111,0.193158953722334,0.0404163319038958,0.0349997101023428,-0.000833326431008163,0,0.0506664617006461,0.595836680961042,85.80048205839,0.318960899845316
data.2.train.preprocessed.mat,2,3,3,100,100.000828285881,OASIS,burst_onsets,ok,,0.1,10,0.1,152,1222,1222,120,120,1102,32,0.0981996726677578,0.789473684210526,0.174672489082969,0.0417496541935089,0.0399996686883917,-0.00508329122914978,-0.00499995858604897,0.0504762315325256,0.582503458064911,69.9004149677893,0.459871151103877
data.2.train.preprocessed.mat,2,3,3,50,50.0004141429406,SimpleBaseline,spike_bins,ok,,0.1,5,0.1,251,314,314,114,114,200,137,0.363057324840764,0.454183266932271,0.403539823008849,0.0363154886776188,0.0199998343441959,-0.00859642002513682,0,0.0476687672538719,0.636845113223812,72.6003429075146,0.289244394053843
data.2.train.preprocessed.mat,2,3,3,50,50.0004141429406,SimpleBaseline,burst_onsets,ok,,0.1,5,0.1,152,314,314,107,107,207,45,0.340764331210191,0.703947368421053,0.459227467811159,0.0437379554816994,0.0399996686883917,-0.00149531471732306,0,0.0543708055577958,0.562620445183006,60.2003876345817,0.396055181806458
data.2.train.preprocessed.mat,2,3,3,50,50.0004141429406,OASIS,spike_bins,ok,,0.1,5,0.1,251,926,926,132,132,794,119,0.142548596112311,0.525896414342629,0.224299065420561,0.0371209046539999,0.0199998343441959,-0.000454541689640815,0,0.0486432403073843,0.628790953460001,83.0004058567201,0.330678907795698
data.2.train.preprocessed.mat,2,3,3,50,50.0004141429406,OASIS,burst_onsets,ok,,0.1,5,0.1,152,926,926,117,117,809,35,0.126349892008639,0.769736842105263,0.217068645640074,0.0420509337493349,0.0399996686883917,0.00205126506094316,0,0.0510833225534722,0.579490662506651,67.8004075132782,0.446055312587356
data.2.train.preprocessed.mat,2,3,3,20,20.0001656571762,SimpleBaseline,spike_bins,ok,,0.1,2,0.1,217,299,299,112,112,187,105,0.374581939799331,0.516129032258065,0.434108527131783,0.0330354406578235,0.0499995858604897,0.00446424873754372,0,0.0486542780966531,0.669645593421765,75.0003064632376,0.345623532088653
data.2.train.preprocessed.mat,2,3,3,20,20.0001656571762,SimpleBaseline,burst_onsets,ok,,0.1,2,0.1,151,299,299,107,107,192,44,0.357859531772575,0.708609271523179,0.475555555555556,0.046261299067182,0.0499995858604897,0.0163550047207209,0,0.0569568529305271,0.53738700932818,57.5004099981152,0.380797417206061
data.2.train.preprocessed.mat,2,3,3,20,20.0001656571762,OASIS,spike_bins,ok,,0.1,2,0.1,217,525,525,135,135,390,82,0.257142857142857,0.622119815668203,0.363881401617251,0.0411107705964026,0.0499995858604897,0.00259257111869206,0,0.0557570483813669,0.588892294035974,79.5004596948564,0.366361565414085
data.2.train.preprocessed.mat,2,3,3,20,20.0001656571762,OASIS,burst_onsets,ok,,0.1,2,0.1,151,525,525,121,121,404,30,0.23047619047619,0.801324503311258,0.357988165680473,0.050412805578345,0.0499995858604897,0.00743795492139516,0,0.0624698612264982,0.49587194421655,60.0005052502026,0.397354339405315
data.2.train.preprocessed.mat,2,3,3,10,10.0000828285881,SimpleBaseline,spike_bins,ok,,0.1,1,0.1,188,256,256,108,108,148,80,0.421875,0.574468085106383,0.486486486486487,0.0490736676038139,0,0.0305553024702992,0,0.0633311691359254,0.509263323961861,55.0004389878809,0.292555526531282
data.2.train.preprocessed.mat,2,3,3,10,10.0000828285881,SimpleBaseline,burst_onsets,ok,,0.1,1,0.1,149,256,256,99,99,157,50,0.38671875,0.664429530201342,0.488888888888889,0.0666661144806529,0.0999991717209793,0.0444440763204353,0.0999991717209793,0.0688414883423429,0.333338855193471,33.0005466641536,0.221480178954051
data.2.train.preprocessed.mat,2,3,3,10,10.0000828285881,OASIS,spike_bins,ok,,0.1,1,0.1,188,242,242,116,116,126,72,0.479338842975207,0.617021276595745,0.53953488372093,0.0370686584827768,0,0.00431030912590428,0,0.0609944929885986,0.629313415172232,73.0003561599789,0.388299766808398
data.2.train.preprocessed.mat,2,3,3,10,10.0000828285881,OASIS,burst_onsets,ok,,0.1,1,0.1,149,242,242,109,109,133,40,0.450413223140496,0.731543624161074,0.557544757033248,0.048623450469834,0,0.0119265067190159,0,0.0690200514319463,0.51376549530166,56.0004389878809,0.375841872401886
data.2.train.preprocessed.mat,2,4,4,100,100.000230211582,SimpleBaseline,spike_bins,ok,,0.1,10,0.1,1226,316,316,254,254,62,972,0.80379746835443,0.207177814029364,0.329442282749676,0.0288975712697196,0.0199999539577896,-0.00968501707404774,-0.00999997697889481,0.038106005236524,0.711024287302803,180.600168974912,0.147308457565181
data.2.train.preprocessed.mat,2,4,4,100,100.000230211582,SimpleBaseline,burst_onsets,ok,,0.1,10,0.1,449,316,316,246,246,70,203,0.778481012658228,0.547884187082405,0.643137254901961,0.0390649507183655,0.0399999079155793,0.00247966908826253,0.00999997697889481,0.047353851162303,0.609350492816345,149.900221232821,0.333853499404946
data.2.train.preprocessed.mat,2,4,4,100,100.000230211582,OASIS,spike_bins,ok,,0.1,10,0.1,1226,1072,1072,411,411,661,815,0.38339552238806,0.335236541598695,0.357702349869452,0.036812567321333,0.0299999309366844,-0.00226276851347255,0,0.0468206615374289,0.63187432678667,259.700348309321,0.211827364036967
data.2.train.preprocessed.mat,2,4,4,100,100.000230211582,OASIS,burst_onsets,ok,,0.1,10,0.1,449,1072,1072,329,329,743,120,0.306902985074627,0.732739420935412,0.432610124917817,0.0473251190156207,0.0499998848944741,0.00100303720457,0,0.0556492806732838,0.526748809843792,173.300358438608,0.385969617903358
data.2.train.preprocessed.mat,2,4,4,50,50.0001151057909,SimpleBaseline,spike_bins,ok,,0.1,5,0.1,1108,317,317,262,262,55,846,0.826498422712934,0.236462093862816,0.367719298245614,0.0290839025111368,0.0199999539577896,-0.00450380642560912,0,0.041387961569216,0.709160974888632,185.800175420822,0.167689689007962
data.2.train.preprocessed.mat,2,4,4,50,50.0001151057909,SimpleBaseline,burst_onsets,ok,,0.1,5,0.1,441,317,317,253,253,64,188,0.798107255520505,0.573696145124717,0.66754617414248,0.0421342903537623,0.0399999079155793,0.00830037614848977,0.0199999539577896,0.0509187869447032,0.578657096462377,146.400245404981,0.331973345589527
data.2.train.preprocessed.mat,2,4,4,50,50.0001151057909,OASIS,spike_bins,ok,,0.1,5,0.1,1108,1000,1000,366,366,634,742,0.366,0.330324909747292,0.347248576850095,0.0346993736699355,0.0199999539577896,0.000710380878282145,0,0.0463758228865189,0.653006263300645,239.000292368036,0.215704234989202
data.2.train.preprocessed.mat,2,4,4,50,50.0001151057909,OASIS,burst_onsets,ok,,0.1,5,0.1,441,1000,1000,310,310,690,131,0.31,0.702947845804989,0.430256766134629,0.0457418301808801,0.0399999079155793,0.00716127383649887,0.0199999539577896,0.0543183036912488,0.542581698191199,168.200326439272,0.381406635916716
data.2.train.preprocessed.mat,2,4,4,20,20.0000460423164,SimpleBaseline,spike_bins,ok,,0.1,2,0.1,888,315,315,265,265,50,623,0.841269841269841,0.298423423423423,0.440565253532835,0.0299999309366844,0,0.00773583124782429,0,0.0446636879093326,0.700000690633155,185.500183017786,0.208896602497507
data.2.train.preprocessed.mat,2,4,4,20,20.0000460423164,SimpleBaseline,burst_onsets,ok,,0.1,2,0.1,422,315,315,248,248,67,174,0.787301587301587,0.587677725118483,0.672998643147897,0.0514111719681084,0.0499998848944741,0.0268144543990526,0.0499998848944741,0.0574131880865145,0.485888280318916,120.500293519091,0.285545719239552
data.2.train.preprocessed.mat,2,4,4,20,20.0000460423164,OASIS,spike_bins,ok,,0.1,2,0.1,888,506,506,306,306,200,582,0.604743083003953,0.344594594594595,0.439024390243902,0.0321894683797758,0.0499998848944741,0.000163398316648608,0,0.0481625857313433,0.678105316202242,207.500226757886,0.233671426529151
data.2.train.preprocessed.mat,2,4,4,20,20.0000460423164,OASIS,burst_onsets,ok,,0.1,2,0.1,422,506,506,273,273,233,149,0.539525691699605,0.646919431279621,0.588362068965517,0.0485346868023283,0.0499998848944741,0.00970693736046566,0,0.0599255684004112,0.514653131976717,140.500305029644,0.332939111444653
data.2.train.preprocessed.mat,2,4,4,10,10.0000230211582,SimpleBaseline,spike_bins,ok,,0.1,1,0.1,713,290,290,256,256,34,457,0.882758620689655,0.359046283309958,0.510468594217348,0.0394530341745459,0,0.0339842967642128,0,0.0529273511909591,0.605469658254541,155.000232513162,0.217391630453243
data.2.train.preprocessed.mat,2,4,4,10,10.0000230211582,SimpleBaseline,burst_onsets,ok,,0.1,1,0.1,393,290,290,221,221,69,172,0.762068965517241,0.56234096692112,0.64714494875549,0.0660631963311603,0.0999997697889482,0.0570134434090835,0.0999997697889482,0.0580605305089709,0.339368036688397,75.0003361081357,0.190840549893475
data.2.train.preprocessed.mat,2,4,4,10,10.0000230211582,OASIS,spike_bins,ok,,0.1,1,0.1,713,285,285,245,245,40,468,0.859649122807018,0.343618513323983,0.490981963927856,0.027755038145504,0,0.00653059721070682,0,0.0523836704021247,0.72244961854496,177.000156543515,0.248247063875898
data.2.train.preprocessed.mat,2,4,4,10,10.0000230211582,OASIS,burst_onsets,ok,,0.1,1,0.1,393,285,285,225,225,60,168,0.789473684210526,0.572519083969466,0.663716814159292,0.0537776539753899,0.0999997697889482,0.0288888223834739,0,0.0675534680989073,0.462223460246101,104.000278555373,0.264631752049295
data.2.train.preprocessed.mat,2,5,5,100,99.9993884373586,SimpleBaseline,spike_bins,ok,,0.1,10,0.1,1221,286,286,265,265,21,956,0.926573426573427,0.217035217035217,0.351692103516921,0.0284530041966233,0.0200001223132763,-0.00913213132040163,-0.0100000611566382,0.0368198292965449,0.715470050345674,189.599563341604,0.155282197658971
data.2.train.preprocessed.mat,2,5,5,100,99.9993884373586,SimpleBaseline,burst_onsets,ok,,0.1,10,0.1,412,286,286,250,250,36,162,0.874125874125874,0.606796116504854,0.716332378223496,0.0384402350861171,0.0300001834699145,0.000360002201638973,0.0100000611566382,0.0468816459847572,0.615597820377416,153.899455094354,0.373542366733869
data.2.train.preprocessed.mat,2,5,5,100,99.9993884373586,OASIS,spike_bins,ok,,0.1,10,0.1,1221,1068,1068,416,416,652,805,0.389513108614232,0.340704340704341,0.36347750109218,0.0324761601505244,0.0200001223132763,-0.00137020068732782,0,0.0429942101256686,0.675238604310365,280.899259393112,0.230056723499682
data.2.train.preprocessed.mat,2,5,5,100,99.9993884373586,OASIS,burst_onsets,ok,,0.1,10,0.1,412,1068,1068,335,335,733,77,0.313670411985019,0.813106796116505,0.452702702702703,0.0440301200180336,0.0400002446265526,0.00564182554807346,0.0100000611566382,0.0521928753561841,0.559699037143931,187.499177443217,0.455095090881594
data.2.train.preprocessed.mat,2,5,5,50,49.9996942186793,SimpleBaseline,spike_bins,ok,,0.1,5,0.1,1097,283,283,264,264,19,833,0.932862190812721,0.240656335460346,0.382608695652174,0.0268941038682314,0.0200001223132763,-0.00492427253925364,0,0.0370593452138164,0.731059123475438,192.999608597516,0.175934009660452
data.2.train.preprocessed.mat,2,5,5,50,49.9996942186793,SimpleBaseline,burst_onsets,ok,,0.1,5,0.1,405,283,283,245,245,38,160,0.865724381625442,0.604938271604938,0.712209302325582,0.0398369783219544,0.0400002446265526,0.00783678262071235,0.0200001223132763,0.0475015186732293,0.60163049136128,147.399470383514,0.363949309588923
data.2.train.preprocessed.mat,2,5,5,50,49.9996942186793,OASIS,spike_bins,ok,,0.1,5,0.1,1097,881,881,372,372,509,725,0.422247446083995,0.339106654512306,0.376137512639029,0.0332260096494752,0.0200001223132763,-0.00139785801114297,0,0.0443485959196914,0.667740281624248,248.39938476422,0.226435172984704
data.2.train.preprocessed.mat,2,5,5,50,49.9996942186793,OASIS,burst_onsets,ok,,0.1,5,0.1,405,881,881,317,317,564,88,0.359818388195233,0.782716049382716,0.493001555209953,0.0425239193663982,0.0400002446265526,0.00403787958375294,0,0.0514240796750873,0.574761269351575,182.199322384449,0.44987487008506
data.2.train.preprocessed.mat,2,5,5,20,19.9998776874717,SimpleBaseline,spike_bins,ok,,0.1,2,0.1,875,278,278,262,262,16,613,0.942446043165468,0.299428571428571,0.454466608846487,0.0261451980622028,0,0.0124046560149137,0,0.0390102635389595,0.73854846288031,193.499697274641,0.221142511171019
data.2.train.preprocessed.mat,2,5,5,20,19.9998776874717,SimpleBaseline,burst_onsets,ok,,0.1,2,0.1,387,278,278,242,242,36,145,0.870503597122302,0.625322997416021,0.72781954887218,0.0504135314508204,0.0500003057831908,0.0355374074161521,0.0500003057831908,0.0506958934702557,0.495866277586095,119.999639175835,0.310076587017661
data.2.train.preprocessed.mat,2,5,5,20,19.9998776874717,OASIS,spike_bins,ok,,0.1,2,0.1,875,444,444,310,310,134,565,0.698198198198198,0.354285714285714,0.470053070507961,0.0272582312172879,0,0.00274195225262659,0,0.0421960321207381,0.727418200753764,225.499642233667,0.257713876838477
data.2.train.preprocessed.mat,2,5,5,20,19.9998776874717,OASIS,burst_onsets,ok,,0.1,2,0.1,387,444,444,272,272,172,115,0.612612612612613,0.702842377260982,0.654632972322503,0.0430149689458332,0.0500003057831908,0.0143383229819444,0,0.0513324170012617,0.569851142451819,154.999510746895,0.400515531645723
data.2.train.preprocessed.mat,2,5,5,10,9.99993884373586,SimpleBaseline,spike_bins,ok,,0.1,1,0.1,693,263,263,249,249,14,444,0.946768060836502,0.359307359307359,0.52092050209205,0.039759279297477,0,0.0389560615338916,0,0.0496818913439718,0.602409638554217,150,0.216450216450216
data.2.train.preprocessed.mat,2,5,5,10,9.99993884373586,SimpleBaseline,burst_onsets,ok,,0.1,1,0.1,374,263,263,215,215,48,159,0.817490494296578,0.574866310160428,0.675039246467818,0.0734888215232014,0.100000611566382,0.0716283450289431,0.100000611566382,0.0472088255087485,0.265116279069767,57,0.152406417112299
data.2.train.preprocessed.mat,2,5,5,10,9.99993884373586,OASIS,spike_bins,ok,,0.1,1,0.1,693,254,254,235,235,19,458,0.925196850393701,0.339105339105339,0.496304118268216,0.0217022603824913,0,0.0114894319672013,0,0.0452431503985114,0.782978723404255,184,0.265512265512266
data.2.train.preprocessed.mat,2,5,5,10,9.99993884373586,OASIS,burst_onsets,ok,,0.1,1,0.1,374,254,254,219,219,35,155,0.862204724409449,0.585561497326203,0.697452229299363,0.0497719938846374,0,0.0378997751598615,0,0.059641254523509,0.502283105022831,110,0.294117647058824
data.2.train.preprocessed.mat,2,6,6,100,100.000301377429,SimpleBaseline,spike_bins,ok,,0.1,10,0.1,322,230,230,101,101,129,221,0.439130434782609,0.313664596273292,0.365942028985507,0.0320791112415915,0.0299999095870439,-0.0144554019792357,-0.00999996986234797,0.0402609081459402,0.679208887584085,68.6000976459926,0.213043781509294
data.2.train.preprocessed.mat,2,6,6,100,100.000301377429,SimpleBaseline,burst_onsets,ok,,0.1,10,0.1,159,230,230,98,98,132,61,0.426086956521739,0.616352201257862,0.503856041131105,0.0416325275901834,0.0399998794493919,-0.00204081017598938,0,0.0498648051560939,0.583674724098166,57.2001229616203,0.35974920101648
data.2.train.preprocessed.mat,2,6,6,100,100.000301377429,OASIS,spike_bins,ok,,0.1,10,0.1,322,894,894,164,164,730,158,0.1834451901566,0.509316770186335,0.269736842105263,0.0412803633951803,0.0299999095870439,0.00335364842944596,0.00999996986234797,0.0518760227957162,0.587196366048197,96.3002040319042,0.299068956620821
data.2.train.preprocessed.mat,2,6,6,100,100.000301377429,OASIS,burst_onsets,ok,,0.1,10,0.1,159,894,894,134,134,760,25,0.149888143176734,0.842767295597484,0.254510921177588,0.0460446373512589,0.0399998794493919,-0.0024626791452051,0.00999996986234797,0.0546268903725548,0.539553626487411,72.3001859493131,0.45471815062461
data.2.train.preprocessed.mat,2,6,6,50,50.0001506887143,SimpleBaseline,spike_bins,ok,,0.1,5,0.1,297,232,232,103,103,129,194,0.443965517241379,0.346801346801347,0.389413988657845,0.0316503900497615,0.0199999397246959,-0.0095145344321369,0,0.0417126795055812,0.683496099502385,70.4000982487456,0.237037367840894
data.2.train.preprocessed.mat,2,6,6,50,50.0001506887143,SimpleBaseline,burst_onsets,ok,,0.1,5,0.1,158,232,232,99,99,133,59,0.426724137931034,0.626582278481013,0.507692307692308,0.044646330092503,0.0399998794493919,0.00505048982946867,0.0199999397246959,0.0523988944443438,0.55353669907497,54.800133208422,0.346836286129253
data.2.train.preprocessed.mat,2,6,6,50,50.0001506887143,OASIS,spike_bins,ok,,0.1,5,0.1,297,719,719,150,150,569,147,0.208623087621697,0.505050505050505,0.295275590551181,0.0401332123808898,0.0399998794493919,0.00173332810947365,0,0.0507095310192439,0.598667876191102,89.8001814286653,0.302357513227829
data.2.train.preprocessed.mat,2,6,6,50,50.0001506887143,OASIS,burst_onsets,ok,,0.1,5,0.1,158,719,719,127,127,592,31,0.17663421418637,0.80379746835443,0.289623717217788,0.0458266335424135,0.0399998794493919,0.00141731856316743,0.0199999397246959,0.0537589185660081,0.541733664575865,68.8001754011349,0.435444148108448
data.2.train.preprocessed.mat,2,6,6,20,20.0000602754857,SimpleBaseline,spike_bins,ok,,0.1,2,0.1,252,225,225,108,108,117,144,0.48,0.428571428571429,0.452830188679245,0.0296295403328829,0,0.000925923135402589,0,0.0463535803127375,0.703704596671171,76.0000964404865,0.301587684287645
data.2.train.preprocessed.mat,2,6,6,20,20.0000602754857,SimpleBaseline,burst_onsets,ok,,0.1,2,0.1,154,225,225,102,102,123,52,0.453333333333333,0.662337662337662,0.538258575197889,0.0534312115194083,0.0499998493117398,0.023039146251488,0.0499998493117398,0.060391103440633,0.465687884805917,47.5001642502036,0.308442625001322
data.2.train.preprocessed.mat,2,6,6,20,20.0000602754857,OASIS,spike_bins,ok,,0.1,2,0.1,252,373,373,128,128,245,124,0.343163538873995,0.507936507936508,0.4096,0.0382811346293008,0.0499998493117398,0.000781247645495935,0,0.0528643886581081,0.617188653706992,79.000147674495,0.313492649501964
data.2.train.preprocessed.mat,2,6,6,20,20.0000602754857,OASIS,burst_onsets,ok,,0.1,2,0.1,154,373,373,114,114,259,40,0.305630026809651,0.74025974025974,0.432637571157495,0.0508770396505423,0.0499998493117398,0.00877190338802453,0,0.0614158537282838,0.491229603494577,56.0001747983818,0.363637498690791
data.2.train.preprocessed.mat,2,6,6,10,10.0000301377429,SimpleBaseline,spike_bins,ok,,0.1,1,0.1,218,195,195,104,104,91,114,0.533333333333333,0.477064220183486,0.50363196125908,0.034615280292743,0,0.0269229957832445,0,0.0525665245734296,0.65384719707257,68.0001084955473,0.311927103190584
data.2.train.preprocessed.mat,2,6,6,10,10.0000301377429,SimpleBaseline,burst_onsets,ok,,0.1,1,0.1,150,195,195,91,91,104,59,0.466666666666667,0.606666666666667,0.527536231884058,0.0681316627984147,0.0999996986234797,0.0593404805018451,0.0999996986234797,0.0576925408189831,0.318683372015853,29.0001868534426,0.193334579022951
data.2.train.preprocessed.mat,2,6,6,10,10.0000301377429,OASIS,spike_bins,ok,,0.1,1,0.1,218,170,170,105,105,65,113,0.617647058823529,0.481651376146789,0.541237113402062,0.0333332328744932,0,0.0104761589034122,0,0.0570487435228499,0.666667671255068,70.0001054817821,0.321101401292579
data.2.train.preprocessed.mat,2,6,6,10,10.0000301377429,OASIS,burst_onsets,ok,,0.1,1,0.1,150,170,170,99,99,71,51,0.582352941176471,0.66,0.61875,0.0575755840559428,0.0999996986234797,0.0333332328744932,0,0.0685116724257508,0.424244159440572,42.0001717846166,0.280001145230777
data.2.train.preprocessed.mat,2,7,7,100,99.9994251876458,SimpleBaseline,spike_bins,ok,,0.1,10,0.1,692,493,493,222,222,271,470,0.450304259634888,0.320809248554913,0.374683544303797,0.0352704730093065,0.0300001724446975,-0.0123874585920297,-0.0100000574815658,0.0438033222326389,0.647295554725504,143.699613149062,0.207658400504425
data.2.train.preprocessed.mat,2,7,7,100,99.9994251876458,SimpleBaseline,burst_onsets,ok,,0.1,10,0.1,341,493,493,212,212,281,129,0.430020283975659,0.621700879765396,0.508393285371703,0.0444342176775236,0.0400002299262633,-0.00500002874078292,-0.00500002874078292,0.0528481135264303,0.555658229933955,117.799544745999,0.345453210398823
data.2.train.preprocessed.mat,2,7,7,100,99.9994251876458,OASIS,spike_bins,ok,,0.1,10,0.1,692,1799,1799,343,343,1456,349,0.190661478599222,0.495664739884393,0.275391409072662,0.0416620470587684,0.0400002299262633,0.000204082805746242,0,0.0520317143107762,0.583379831064848,200.099282055243,0.289160812218559
data.2.train.preprocessed.mat,2,7,7,100,99.9994251876458,OASIS,burst_onsets,ok,,0.1,10,0.1,341,1799,1799,270,270,1529,71,0.150083379655364,0.791788856304985,0.252336448598131,0.0455558174160221,0.0400002299262633,-0.00540743849003189,-0.0100000574815658,0.053796882731594,0.544442060023936,146.999356206463,0.431083156030682
data.2.train.preprocessed.mat,2,7,7,50,49.9997125938229,SimpleBaseline,spike_bins,ok,,0.1,5,0.1,658,494,494,229,229,265,429,0.463562753036437,0.348024316109422,0.397569444444444,0.0343233413996102,0.0200001149631317,-0.00812231743044212,0,0.0445886554108682,0.656766962520704,150.399634417241,0.228570872974531
data.2.train.preprocessed.mat,2,7,7,50,49.9997125938229,SimpleBaseline,burst_onsets,ok,,0.1,5,0.1,338,494,494,213,213,281,125,0.431174089068826,0.630177514792899,0.512019230769231,0.044413400833621,0.0400002299262633,-0.000845075280132323,0,0.053387813691769,0.555866477423501,118.399559691206,0.350294555299425
data.2.train.preprocessed.mat,2,7,7,50,49.9997125938229,OASIS,spike_bins,ok,,0.1,5,0.1,658,994,994,268,268,726,390,0.269617706237425,0.407294832826748,0.324455205811138,0.0362688651943358,0.0300001724446975,0.00268658260698784,0,0.0470744280253576,0.637311626885133,170.799516005216,0.259573732530723
data.2.train.preprocessed.mat,2,7,7,50,49.9997125938229,OASIS,burst_onsets,ok,,0.1,5,0.1,338,994,994,222,222,772,116,0.223340040241449,0.656804733727811,0.333333333333333,0.0446849415392491,0.0400002299262633,0.00684688620359462,0,0.053340875195033,0.553151076566856,122.799538997842,0.363312245555746
data.2.train.preprocessed.mat,2,7,7,20,19.9998850375292,SimpleBaseline,spike_bins,ok,,0.1,2,0.1,557,483,483,234,234,249,323,0.484472049689441,0.420107719928187,0.45,0.029914701867932,0,0.0012820586514828,0,0.0453702412555578,0.700853620004745,163.99974708111,0.294434016303609
data.2.train.preprocessed.mat,2,7,7,20,19.9998850375292,SimpleBaseline,burst_onsets,ok,,0.1,2,0.1,333,483,483,216,216,267,117,0.447204968944099,0.648648648648649,0.529411764705882,0.0467595280388032,0.0500002874078291,0.0148148999726901,0,0.0571656373381804,0.532406023591934,114.999701095858,0.345344447735308
data.2.train.preprocessed.mat,2,7,7,20,19.9998850375292,OASIS,spike_bins,ok,,0.1,2,0.1,557,645,645,257,257,388,300,0.398449612403101,0.461400359066427,0.427620632279534,0.0340468883127241,0.0500002874078291,0.00680937766254482,0,0.0494339383006605,0.65953201152748,169.499726962562,0.304308306934582
data.2.train.preprocessed.mat,2,7,7,20,19.9998850375292,OASIS,burst_onsets,ok,,0.1,2,0.1,333,645,645,212,212,433,121,0.328682170542636,0.636636636636637,0.433537832310838,0.0457549799864097,0.0500002874078291,0.0127359222642584,0,0.0574176188986257,0.542451528719264,114.999724088484,0.345344516782234
data.2.train.preprocessed.mat,2,7,7,10,9.99994251876458,SimpleBaseline,spike_bins,ok,,0.1,1,0.1,471,431,431,224,224,207,247,0.519721577726218,0.475583864118896,0.496674057649667,0.0343751975928825,0,0.0209822634657854,0,0.0548700726679829,0.65625,147,0.312101910828025
data.2.train.preprocessed.mat,2,7,7,10,9.99994251876458,SimpleBaseline,burst_onsets,ok,,0.1,1,0.1,321,431,431,194,194,237,127,0.450116009280742,0.604361370716511,0.515957446808511,0.061340558778677,0.100000574815658,0.0448456186028983,0.100000574815658,0.0643764252268982,0.38659793814433,75,0.233644859813084
data.2.train.preprocessed.mat,2,7,7,10,9.99994251876458,OASIS,spike_bins,ok,,0.1,1,0.1,471,385,385,222,222,163,249,0.576623376623377,0.471337579617834,0.518691588785047,0.0265767293429002,0,0.00315317127797121,0,0.0515725360223329,0.734234234234234,163,0.346072186836518
data.2.train.preprocessed.mat,2,7,7,10,9.99994251876458,OASIS,burst_onsets,ok,,0.1,1,0.1,321,385,385,198,198,187,123,0.514285714285714,0.616822429906542,0.560906515580737,0.050505340815989,0.100000574815658,0.023232456775355,0,0.0673328568272449,0.494949494949495,98,0.305295950155763
data.2.train.preprocessed.mat,2,8,8,100,100.00088849369,SimpleBaseline,spike_bins,ok,,0.1,10,0.1,1912,397,397,286,286,111,1626,0.720403022670025,0.149581589958159,0.247726288436553,0.0247550248084113,0.0199998223028408,-0.00986005225419772,-0.00499995557571019,0.0332237927514764,0.752449751915887,215.200629047944,0.112552630255201
data.2.train.preprocessed.mat,2,8,8,100,100.00088849369,SimpleBaseline,burst_onsets,ok,,0.1,10,0.1,472,397,397,260,260,137,212,0.654911838790932,0.550847457627119,0.598388952819332,0.0435765359021511,0.0399996446056815,0.008115312511345,0.00999991115142038,0.0499407007314482,0.564234640978489,146.701006654407,0.310807217488151
data.2.train.preprocessed.mat,2,8,8,100,100.00088849369,OASIS,spike_bins,ok,,0.1,10,0.1,1912,1214,1214,522,522,692,1390,0.42998352553542,0.273012552301255,0.333973128598848,0.0345590799179356,0.0199998223028408,-0.00670492127010945,0,0.0463838745327499,0.654409200820644,341.601602828376,0.178661926165469
data.2.train.preprocessed.mat,2,8,8,100,100.00088849369,OASIS,burst_onsets,ok,,0.1,10,0.1,472,1214,1214,400,400,814,72,0.329489291598023,0.847457627118644,0.474495848161329,0.0486745675295387,0.0499995557571019,-0.00252497756573364,0,0.05758563935499,0.513254324704613,205.301729881845,0.434961292122554
data.2.train.preprocessed.mat,2,8,8,50,50.0004442468452,SimpleBaseline,spike_bins,ok,,0.1,5,0.1,1625,398,398,289,289,109,1336,0.726130653266332,0.177846153846154,0.285714285714286,0.0236676097839846,0.0199998223028408,-0.0053978759156456,0,0.0344990512999435,0.763323902160154,220.600607724285,0.135754220138021
data.2.train.preprocessed.mat,2,8,8,50,50.0004442468452,SimpleBaseline,burst_onsets,ok,,0.1,5,0.1,465,398,398,261,261,137,204,0.655778894472362,0.561290322580645,0.60486674391657,0.0449804432634771,0.0399996446056815,0.0155554173466539,0.0199998223028408,0.051277236527409,0.550195567365229,143.601043082325,0.30881944748887
data.2.train.preprocessed.mat,2,8,8,50,50.0004442468452,OASIS,spike_bins,ok,,0.1,5,0.1,1625,1077,1077,476,476,601,1149,0.44196843082637,0.292923076923077,0.352331606217617,0.0338652453279195,0.0199998223028408,-0.00428567620775159,0,0.0466845798211906,0.661347546720805,314.801432239103,0.193723958300987
data.2.train.preprocessed.mat,2,8,8,50,50.0004442468452,OASIS,burst_onsets,ok,,0.1,5,0.1,465,1077,1077,365,365,712,100,0.338904363974002,0.78494623655914,0.473411154345006,0.0472324570549281,0.0399996446056815,-0.000876704539302608,0,0.0567551763822535,0.52767542945072,192.601531749513,0.41419684247207
data.2.train.preprocessed.mat,2,8,8,20,20.0001776987381,SimpleBaseline,spike_bins,ok,,0.1,2,0.1,1148,382,382,288,288,94,860,0.753926701570681,0.250871080139373,0.376470588235294,0.02152758650653,0,0.00624994446963774,0,0.0381972944918428,0.7847241349347,226.000550861194,0.196864591342503
data.2.train.preprocessed.mat,2,8,8,20,20.0001776987381,SimpleBaseline,burst_onsets,ok,,0.1,2,0.1,456,382,382,250,250,132,206,0.654450261780105,0.548245614035088,0.596658711217184,0.0543995166637268,0.0499995557571019,0.036799673037227,0.0499995557571019,0.0560201525017989,0.456004833362731,114.001208340683,0.250002649869919
data.2.train.preprocessed.mat,2,8,8,20,20.0001776987381,OASIS,spike_bins,ok,,0.1,2,0.1,1148,671,671,397,397,274,751,0.591654247391952,0.34581881533101,0.436503573391974,0.0290929405035026,0,-0.00138537811921441,0,0.0465128094483586,0.709070594964974,281.501026201095,0.245209953136842
data.2.train.preprocessed.mat,2,8,8,20,20.0001776987381,OASIS,burst_onsets,ok,,0.1,2,0.1,456,671,671,318,318,353,138,0.473919523099851,0.697368421052632,0.56433007985803,0.0493706305274528,0.0499995557571019,0.0113206541336835,0,0.0594195210155522,0.506293694725472,161.0013949227,0.353073234479605
data.2.train.preprocessed.mat,2,8,8,10,10.000088849369,SimpleBaseline,spike_bins,ok,,0.1,1,0.1,840,342,342,278,278,64,562,0.812865497076023,0.330952380952381,0.470389170896785,0.0302155588747954,0,0.0230213781903203,0,0.0500053990642269,0.697844411252046,194.000746328069,0.230953269438177
data.2.train.preprocessed.mat,2,8,8,10,10.000088849369,SimpleBaseline,burst_onsets,ok,,0.1,1,0.1,449,342,342,213,213,129,236,0.62280701754386,0.474387527839644,0.538558786346397,0.0718303477073858,0.0999991115142038,0.0605628421846586,0.0999991115142038,0.0594280558252308,0.281696522926142,60.0013593832682,0.133633317111956
data.2.train.preprocessed.mat,2,8,8,10,10.000088849369,OASIS,spike_bins,ok,,0.1,1,0.1,840,367,367,289,289,78,551,0.787465940054496,0.344047619047619,0.47887323943662,0.018338937405719,0,0.000346017686900359,0,0.0428966774091772,0.81661062594281,236.000470897472,0.280952941544609
data.2.train.preprocessed.mat,2,8,8,10,10.000088849369,OASIS,burst_onsets,ok,,0.1,1,0.1,449,367,367,251,251,116,198,0.683923705722071,0.55902004454343,0.615196078431372,0.05617479969523,0.0999991115142038,0.035457852289897,0,0.0661635205614031,0.4382520030477,110.001252764973,0.244991654264973
data.2.train.preprocessed.mat,2,9,9,100,99.9997228542114,SimpleBaseline,spike_bins,ok,,0.1,10,0.1,496,222,222,95,95,127,401,0.427927927927928,0.191532258064516,0.264623955431755,0.0321053521365261,0.0200000554293113,-0.00157895174441932,0,0.042409364557175,0.678946536981383,64.4999210132314,0.130040163333128
data.2.train.preprocessed.mat,2,9,9,100,99.9997228542114,SimpleBaseline,burst_onsets,ok,,0.1,10,0.1,135,222,222,70,70,152,65,0.315315315315315,0.518518518518518,0.392156862745098,0.0472858453364432,0.0500001385732783,0.00442858370220465,0.00500001385732783,0.0553157357806637,0.527141625820298,36.8999138074209,0.273332694869784
data.2.train.preprocessed.mat,2,9,9,100,99.9997228542114,OASIS,spike_bins,ok,,0.1,10,0.1,496,630,630,148,148,482,348,0.234920634920635,0.298387096774194,0.262877442273535,0.0327703610919459,0.030000083143967,-0.000878380812773809,0,0.0425854314202558,0.672296482711134,99.4998794412479,0.200604595647677
data.2.train.preprocessed.mat,2,9,9,100,99.9997228542114,OASIS,burst_onsets,ok,,0.1,10,0.1,135,630,630,95,95,535,40,0.150793650793651,0.703703703703704,0.248366013071895,0.043789595045229,0.0400001108586227,-0.00568422627990954,0,0.0521793087836424,0.562104166240997,53.3998957928947,0.395554783651072
data.2.train.preprocessed.mat,2,9,9,50,49.9998614271057,SimpleBaseline,spike_bins,ok,,0.1,5,0.1,464,223,223,99,99,124,365,0.443946188340807,0.213362068965517,0.2882096069869,0.0337374672393434,0.0200000554293113,-0.00383839447633248,0,0.045236625685051,0.662625495574177,65.5999240618435,0.141379146685008
data.2.train.preprocessed.mat,2,9,9,50,49.9998614271057,SimpleBaseline,burst_onsets,ok,,0.1,5,0.1,129,223,223,72,72,151,57,0.322869955156951,0.558139534883721,0.409090909090909,0.050555695668537,0.0400001108586227,0.00166667128577594,0,0.0599297021810775,0.494443466732981,35.5999296047746,0.27596844654864
data.2.train.preprocessed.mat,2,9,9,50,49.9998614271057,OASIS,spike_bins,ok,,0.1,5,0.1,464,600,600,145,145,455,319,0.241666666666667,0.3125,0.272556390977444,0.0325518143539136,0.0200000554293113,0.000275862833507742,0,0.0425563687503052,0.674481990255754,97.7998885870843,0.210775621954923
data.2.train.preprocessed.mat,2,9,9,50,49.9998614271057,OASIS,burst_onsets,ok,,0.1,5,0.1,129,600,600,97,97,503,32,0.161666666666667,0.751937984496124,0.266117969821674,0.0447423920428924,0.0400001108586227,-0.00144330296912556,0,0.0537935364341936,0.552576336717366,53.5999046615845,0.415503136911508
data.2.train.preprocessed.mat,2,9,9,20,19.9999445708423,SimpleBaseline,spike_bins,ok,,0.1,2,0.1,371,208,208,97,97,111,274,0.466346153846154,0.261455525606469,0.335060449050086,0.0324743168053251,0.0500001385732783,0.00670104949951153,0,0.0476691657697419,0.675257203380279,65.499948727887,0.176549727029345
data.2.train.preprocessed.mat,2,9,9,20,19.9999445708423,SimpleBaseline,burst_onsets,ok,,0.1,2,0.1,113,208,208,68,68,140,45,0.326923076923077,0.601769911504425,0.423676012461059,0.055147211661704,0.0500001385732783,0.0154412192652771,0,0.0647945460047243,0.448528780033584,30.4999570422837,0.269911124267997
data.2.train.preprocessed.mat,2,9,9,20,19.9999445708423,OASIS,spike_bins,ok,,0.1,2,0.1,371,306,306,115,115,191,256,0.375816993464052,0.309973045822102,0.3397341211226,0.030000083143967,0,0.00478262195048749,0,0.0463464189379504,0.699999530055839,80.4999459564215,0.216980986405449
data.2.train.preprocessed.mat,2,9,9,20,19.9999445708423,OASIS,burst_onsets,ok,,0.1,2,0.1,113,306,306,73,73,233,40,0.238562091503268,0.646017699115044,0.348448687350835,0.0479453383579381,0.0500001385732783,0.00273973362045361,0,0.0606049961999008,0.52054729979569,37.9999528850854,0.336282768894561
data.2.train.preprocessed.mat,2,9,9,10,9.99997228542114,SimpleBaseline,spike_bins,ok,,0.1,1,0.1,280,176,176,89,89,87,191,0.505681818181818,0.317857142857143,0.390350877192982,0.0303371627298543,0,0.0213483737728604,0,0.051061401763989,0.696629213483146,62,0.221428571428571
data.2.train.preprocessed.mat,2,9,9,10,9.99997228542114,SimpleBaseline,burst_onsets,ok,,0.1,1,0.1,109,176,176,61,61,115,48,0.346590909090909,0.559633027522936,0.428070175438596,0.057377208198844,0.100000277146557,0.0409837201420314,0,0.0642316583042822,0.426229508196721,26,0.238532110091743
data.2.train.preprocessed.mat,2,9,9,10,9.99997228542114,OASIS,spike_bins,ok,,0.1,1,0.1,280,129,129,79,79,50,201,0.612403100775194,0.282142857142857,0.386308068459658,0.0240506995668934,0,-0.00886078405096072,0,0.0485426705144426,0.759493670886076,60,0.214285714285714
data.2.train.preprocessed.mat,2,9,9,10,9.99997228542114,OASIS,burst_onsets,ok,,0.1,1,0.1,109,129,129,57,57,72,52,0.441860465116279,0.522935779816514,0.478991596638655,0.0473685523325795,0,-0.00175439082713257,0,0.0694141372262657,0.526315789473684,30,0.275229357798165
data.2.train.preprocessed.mat,2,10,10,100,99.9994834208249,SimpleBaseline,spike_bins,ok,,0.1,10,0.1,469,300,300,152,152,148,317,0.506666666666667,0.32409381663113,0.395318595578674,0.0324343780755585,0.0300001549745531,-0.00467107676138875,0,0.0418437874010334,0.675656321201358,102.699760822606,0.218976035869097
data.2.train.preprocessed.mat,2,10,10,100,99.9994834208249,SimpleBaseline,burst_onsets,ok,,0.1,10,0.1,221,300,300,143,143,157,78,0.476666666666667,0.647058823529412,0.5489443378119,0.0420981195680209,0.0400002066327375,0.00587415621879361,0.0100000516581844,0.0499908020144713,0.579018948818209,82.7997096810039,0.374659319823547
data.2.train.preprocessed.mat,2,10,10,100,99.9994834208249,OASIS,spike_bins,ok,,0.1,10,0.1,469,1030,1030,220,220,810,249,0.213592233009709,0.46908315565032,0.293529019346231,0.0382729249826874,0.0300001549745531,0.000181819121057898,0,0.0481530082995217,0.617270984983055,135.799616696272,0.289551421527233
data.2.train.preprocessed.mat,2,10,10,100,99.9994834208249,OASIS,burst_onsets,ok,,0.1,10,0.1,221,1030,1030,176,176,854,45,0.170873786407767,0.796380090497738,0.281374900079936,0.0464206943450945,0.0400002066327375,0.000284092376652965,0,0.0549124626669782,0.535793320710225,94.2996244449997,0.426695133235293
data.2.train.preprocessed.mat,2,10,10,50,49.9997417104125,SimpleBaseline,spike_bins,ok,,0.1,5,0.1,432,301,301,157,157,144,275,0.521594684385382,0.363425925925926,0.42837653478854,0.0346498605226261,0.0200001033163687,-0.00407645417913248,0,0.04583935644082,0.653501822516667,102.599786135117,0.2374995049424
data.2.train.preprocessed.mat,2,10,10,50,49.9997417104125,SimpleBaseline,burst_onsets,ok,,0.1,5,0.1,217,301,301,146,146,155,71,0.485049833887043,0.672811059907834,0.563706563706564,0.0458906480204351,0.0400002066327375,0.00698633745982743,0.0100000516581844,0.0548149535248238,0.54109405053042,78.9997313774413,0.364054061647195
data.2.train.preprocessed.mat,2,10,10,50,49.9997417104125,OASIS,spike_bins,ok,,0.1,5,0.1,432,919,919,210,210,709,222,0.228509249183896,0.486111111111111,0.310880829015544,0.0394287751094127,0.0400002066327375,-0.000761908697766429,0,0.049989639655803,0.605712716289447,127.199670420784,0.294443681529592
data.2.train.preprocessed.mat,2,10,10,50,49.9997417104125,OASIS,burst_onsets,ok,,0.1,5,0.1,217,919,919,170,170,749,47,0.184983677910773,0.783410138248848,0.299295774647887,0.0477649526261512,0.0400002066327375,0.000235295333133749,0,0.0566937271661195,0.522351111869001,88.7996890177301,0.409215156763733
data.2.train.preprocessed.mat,2,10,10,20,19.999896684165,SimpleBaseline,spike_bins,ok,,0.1,2,0.1,370,276,276,155,155,121,215,0.561594202898551,0.418918918918919,0.479876160990712,0.0316130665323248,0,0.0103226339697387,0,0.0468825119050524,0.683870067889692,105.999860522902,0.286486109521357
data.2.train.preprocessed.mat,2,10,10,20,19.999896684165,SimpleBaseline,burst_onsets,ok,,0.1,2,0.1,199,276,276,136,136,140,63,0.492753623188406,0.683417085427136,0.572631578947368,0.0547796947452011,0.0500002582909218,0.0305148635157832,0.0500002582909218,0.0587441901769108,0.452204723842189,61.4998424425377,0.309044434384611
data.2.train.preprocessed.mat,2,10,10,20,19.999896684165,OASIS,spike_bins,ok,,0.1,2,0.1,370,455,455,198,198,257,172,0.435164835164835,0.535135135135135,0.48,0.0378789835537287,0.0500002582909218,0.00151515934214915,0,0.0525758374472399,0.621211051522445,122.999788201444,0.332431860003903
data.2.train.preprocessed.mat,2,10,10,20,19.999896684165,OASIS,burst_onsets,ok,,0.1,2,0.1,199,455,455,163,163,292,36,0.358241758241758,0.819095477386935,0.498470948012232,0.0521475086469737,0.0500002582909218,0.00674850111902012,0,0.0627351514252423,0.47852630798432,77.9997882014441,0.391958734680624
data.2.train.preprocessed.mat,2,10,10,10,9.99994834208249,SimpleBaseline,spike_bins,ok,,0.1,1,0.1,303,220,220,143,143,77,160,0.65,0.471947194719472,0.546845124282983,0.0391610414586241,0,0.0321679983410126,0,0.0538668303803728,0.608391608391608,87,0.287128712871287
data.2.train.preprocessed.mat,2,10,10,10,9.99994834208249,SimpleBaseline,burst_onsets,ok,,0.1,1,0.1,196,220,220,115,115,105,81,0.522727272727273,0.586734693877551,0.552884615384615,0.0660872979149575,0.100000516581844,0.0573916008208842,0.100000516581844,0.0578277334298443,0.339130434782609,39,0.198979591836735
data.2.train.preprocessed.mat,2,10,10,10,9.99994834208249,OASIS,spike_bins,ok,,0.1,1,0.1,303,177,177,154,154,23,149,0.870056497175141,0.508250825082508,0.641666666666667,0.0298702841737974,0,0.00129870800755641,0,0.0548166885531614,0.701298701298701,108,0.356435643564356
data.2.train.preprocessed.mat,2,10,10,10,9.99994834208249,OASIS,burst_onsets,ok,,0.1,1,0.1,196,177,177,143,143,34,53,0.807909604519774,0.729591836734694,0.766756032171582,0.0573429535644138,0.100000516581844,0.0265735638469235,0,0.0711588387759556,0.426573426573427,61,0.311224489795918
data.2.train.preprocessed.mat,2,11,11,100,100.000543600459,SimpleBaseline,spike_bins,ok,,0.1,10,0.1,501,443,443,179,179,264,322,0.404063205417607,0.357285429141717,0.379237288135593,0.03318417715256,0.0299998369207487,-0.0147485231789155,-0.00999994564024956,0.0416013948763356,0.6681582284744,119.600322896918,0.238723199395045
data.2.train.preprocessed.mat,2,11,11,100,100.000543600459,SimpleBaseline,burst_onsets,ok,,0.1,10,0.1,254,443,443,170,170,273,84,0.383747178329571,0.669291338582677,0.487804878048781,0.0444115232846377,0.0399997825609982,-0.0041764478850454,0,0.0526082777874558,0.555884767153623,94.5004104161158,0.372048859905968
data.2.train.preprocessed.mat,2,11,11,100,100.000543600459,OASIS,spike_bins,ok,,0.1,10,0.1,501,1592,1592,273,273,1319,228,0.171482412060302,0.544910179640719,0.260869565217391,0.0418312744365018,0.0399997825609982,0.00043955805012086,0,0.052304930401018,0.581687255634982,158.80062078835,0.316967306962775
data.2.train.preprocessed.mat,2,11,11,100,100.000543600459,OASIS,burst_onsets,ok,,0.1,10,0.1,254,1592,1592,215,215,1377,39,0.135050251256281,0.846456692913386,0.232936078006501,0.0436741811916015,0.0399997825609982,-0.00767437688670315,-0.00999994564024956,0.0524997016742327,0.563258188083984,121.100510438057,0.476773663141955
data.2.train.preprocessed.mat,2,11,11,50,50.0002718002297,SimpleBaseline,spike_bins,ok,,0.1,5,0.1,468,447,447,182,182,265,286,0.407158836689038,0.388888888888889,0.397814207650273,0.032197627171353,0.0199998912804991,-0.00999994564024956,0,0.0420336962408431,0.67802372828647,123.400318548138,0.263675894333627
data.2.train.preprocessed.mat,2,11,11,50,50.0002718002297,SimpleBaseline,burst_onsets,ok,,0.1,5,0.1,253,447,447,174,174,273,79,0.389261744966443,0.687747035573123,0.497142857142857,0.0455169939487221,0.0399997825609982,0.00183907046257463,0,0.0540715643918616,0.544830060512779,94.8004305292235,0.374705259008789
data.2.train.preprocessed.mat,2,11,11,50,50.0002718002297,OASIS,spike_bins,ok,,0.1,5,0.1,468,1357,1357,248,248,1109,220,0.182756079587325,0.52991452991453,0.271780821917808,0.0390320458861353,0.0399997825609982,0.00451610448269335,0,0.0505089515708725,0.609679541138646,151.200526202384,0.323078047440992
data.2.train.preprocessed.mat,2,11,11,50,50.0002718002297,OASIS,burst_onsets,ok,,0.1,5,0.1,253,1357,1357,208,208,1149,45,0.153279292557111,0.822134387351779,0.258385093167702,0.041826695706813,0.0399997825609982,-9.61533234639373e-05,0,0.0513203517169574,0.58173304293187,121.000472929829,0.478262738853079
data.2.train.preprocessed.mat,2,11,11,20,20.0001087200919,SimpleBaseline,spike_bins,ok,,0.1,2,0.1,400,421,421,185,185,236,215,0.439429928741093,0.4625,0.450669914738124,0.029459299318573,0,0.00459456961849304,0,0.0462501654207052,0.70540700681427,130.50029626064,0.3262507406516
data.2.train.preprocessed.mat,2,11,11,20,20.0001087200919,SimpleBaseline,burst_onsets,ok,,0.1,2,0.1,243,421,421,170,170,251,73,0.403800475059382,0.699588477366255,0.512048192771084,0.0535291207801594,0.0499997282012478,0.0264704443418371,0.0499997282012478,0.0608556128210233,0.464708792198406,79.000494673729,0.325104916352794
data.2.train.preprocessed.mat,2,11,11,20,20.0001087200919,OASIS,spike_bins,ok,,0.1,2,0.1,400,701,701,234,234,467,166,0.333808844507846,0.585,0.425068119891008,0.0373929591248648,0.0499997282012478,0.00363245888641544,0,0.0536002176090983,0.626070408751352,146.500475647816,0.366251189119541
data.2.train.preprocessed.mat,2,11,11,20,20.0001087200919,OASIS,burst_onsets,ok,,0.1,2,0.1,243,701,701,192,192,509,51,0.273894436519258,0.790123456790123,0.406779661016949,0.0427081011718992,0.0499997282012478,0.00052083050209633,0,0.0560451105741625,0.572918988281008,110.000445749954,0.452676731481291
data.2.train.preprocessed.mat,2,11,11,10,10.0000543600459,SimpleBaseline,spike_bins,ok,,0.1,1,0.1,339,346,346,176,176,170,163,0.508670520231214,0.519174041297935,0.513868613138686,0.0386361536100551,0,0.0261362215597432,0,0.056556754881048,0.613638463899449,108.000369646303,0.318585161198534
data.2.train.preprocessed.mat,2,11,11,10,10.0000543600459,SimpleBaseline,burst_onsets,ok,,0.1,1,0.1,239,346,346,149,149,197,90,0.430635838150289,0.623430962343096,0.509401709401709,0.0671137291291917,0.0999994564024956,0.048321884973018,0.0999994564024956,0.0663769664311434,0.328862708708083,49.0005435975044,0.205023194968638
data.2.train.preprocessed.mat,2,11,11,10,10.0000543600459,OASIS,spike_bins,ok,,0.1,1,0.1,339,240,240,173,173,67,166,0.720833333333333,0.510324483775811,0.597582037996546,0.0248553562156492,0,0.00173409461969645,0,0.0499694732111637,0.751446437843508,130.000233746927,0.383481515477661
data.2.train.preprocessed.mat,2,11,11,10,10.0000543600459,OASIS,burst_onsets,ok,,0.1,1,0.1,239,240,240,157,157,83,82,0.654166666666667,0.656903765690377,0.65553235908142,0.0496812585948704,0,0.022929811659171,0,0.0668640338075243,0.503187414051296,79.0004240060534,0.330545707138299
data.2.train.preprocessed.mat,2,12,12,100,99.9995640000989,SimpleBaseline,spike_bins,ok,,0.1,10,0.1,209,273,273,96,96,177,113,0.351648351648352,0.45933014354067,0.398340248962656,0.0368751607756645,0.0300001308005406,-0.010416712083521,-0.0150000654002703,0.0435750902147123,0.631248483077064,60.5998543753981,0.289951456341618
data.2.train.preprocessed.mat,2,12,12,100,99.9995640000989,SimpleBaseline,burst_onsets,ok,,0.1,10,0.1,137,273,273,93,93,180,44,0.340659340659341,0.678832116788321,0.453658536585366,0.0455915966287786,0.0400001744007208,-0.0019354923097123,-0.0100000436001802,0.053472250699471,0.544084268121785,50.599836935326,0.369341875440336
data.2.train.preprocessed.mat,2,12,12,100,99.9995640000989,OASIS,spike_bins,ok,,0.1,10,0.1,209,1024,1024,123,123,901,86,0.1201171875,0.588516746411483,0.199513381995134,0.0419514024202682,0.0400001744007208,-0.00861792375300082,-0.0100000436001802,0.0502834368390696,0.580486188481124,71.3998011831783,0.341625842981714
data.2.train.preprocessed.mat,2,12,12,100,99.9995640000989,OASIS,burst_onsets,ok,,0.1,10,0.1,137,1024,1024,107,107,917,30,0.1044921875,0.781021897810219,0.184323858742463,0.0446730919708985,0.0400001744007208,-0.0117757522768477,-0.0100000436001802,0.0521938634837636,0.553269324778007,59.1998177512468,0.432115458038298
data.2.train.preprocessed.mat,2,12,12,50,49.9997820000495,SimpleBaseline,spike_bins,ok,,0.1,5,0.1,201,274,274,101,101,173,100,0.368613138686131,0.502487562189055,0.425263157894737,0.0376239264165196,0.0400001744007208,-0.0067327026219035,0,0.0468426830517038,0.623760994845776,62.9998604794233,0.313432141688673
data.2.train.preprocessed.mat,2,12,12,50,49.9997820000495,SimpleBaseline,burst_onsets,ok,,0.1,5,0.1,137,274,274,96,96,178,41,0.35036496350365,0.700729927007299,0.467153284671533,0.0466668701341743,0.0400001744007208,0.00125000545002253,0,0.0557298533672878,0.533331752826801,51.1998482713729,0.373721520228999
data.2.train.preprocessed.mat,2,12,12,50,49.9997820000495,OASIS,spike_bins,ok,,0.1,5,0.1,201,795,795,105,105,690,96,0.132075471698113,0.522388059701492,0.210843373493976,0.034666817813958,0.0400001744007208,0.000761908083823254,0,0.0447150014470912,0.653332029480325,68.5998630954342,0.341292851221065
data.2.train.preprocessed.mat,2,12,12,50,49.9997820000495,OASIS,burst_onsets,ok,,0.1,5,0.1,137,795,795,97,97,698,40,0.122012578616352,0.708029197080292,0.208154506437768,0.0393816150027715,0.0400001744007208,0.00391754285367884,0,0.0490443415192849,0.606184119664121,58.7998596074197,0.429196055528611
data.2.train.preprocessed.mat,2,12,12,20,19.9999128000198,SimpleBaseline,spike_bins,ok,,0.1,2,0.1,184,259,259,102,102,157,82,0.393822393822394,0.554347826086957,0.460496613995485,0.0377452626085233,0.050000218000901,0.00931376609820705,0,0.0520523676756243,0.622548143329711,63.4999106196306,0.345108209889297
data.2.train.preprocessed.mat,2,12,12,20,19.9999128000198,SimpleBaseline,burst_onsets,ok,,0.1,2,0.1,134,259,259,94,94,165,40,0.362934362934363,0.701492537313433,0.478371501272265,0.0484044663625744,0.050000218000901,0.0175532680215929,0,0.0575989027397186,0.515956356804005,48.4998975395765,0.361939533877437
data.2.train.preprocessed.mat,2,12,12,20,19.9999128000198,OASIS,spike_bins,ok,,0.1,2,0.1,184,457,457,115,115,342,69,0.25164113785558,0.625,0.358814352574103,0.0369566828702312,0.050000218000901,-0.00565219855662359,0,0.0528842552048813,0.630434005388092,72.4999106196306,0.394021253367557
data.2.train.preprocessed.mat,2,12,12,20,19.9999128000198,OASIS,burst_onsets,ok,,0.1,2,0.1,134,457,457,104,104,353,30,0.227571115973742,0.776119402985075,0.351945854483926,0.0442309620777201,0.050000218000901,-0.00288462796159044,0,0.0586364232423822,0.557691427304054,57.9999084396216,0.432835137609116
data.2.train.preprocessed.mat,2,12,12,10,9.99995640000989,SimpleBaseline,spike_bins,ok,,0.1,1,0.1,168,222,222,97,97,125,71,0.436936936936937,0.577380952380952,0.497435897435897,0.0453610225162814,0,0.0288661052376336,0,0.0611673242834749,0.54639175257732,53,0.31547619047619
data.2.train.preprocessed.mat,2,12,12,10,9.99995640000989,SimpleBaseline,burst_onsets,ok,,0.1,1,0.1,129,222,222,85,85,137,44,0.382882882882883,0.65891472868217,0.484330484330484,0.0647061644717543,0.100000436001802,0.0458825529890621,0.100000436001802,0.0664635649545047,0.352941176470588,30,0.232558139534884
data.2.train.preprocessed.mat,2,12,12,10,9.99995640000989,OASIS,spike_bins,ok,,0.1,1,0.1,168,189,189,101,101,88,67,0.534391534391534,0.601190476190476,0.565826330532213,0.0386140297432701,0,0.000990103326750516,0,0.062442324592948,0.613861386138614,62,0.369047619047619
data.2.train.preprocessed.mat,2,12,12,10,9.99995640000989,OASIS,burst_onsets,ok,,0.1,1,0.1,129,189,189,93,93,96,36,0.492063492063492,0.720930232558139,0.584905660377358,0.0591400427967647,0.100000436001802,0.0182796495917273,0,0.0751034978803178,0.408602150537634,38,0.294573643410853
data.2.train.preprocessed.mat,2,13,13,100,99.9993257505036,SimpleBaseline,spike_bins,ok,,0.1,10,0.1,748,363,363,242,242,121,506,0.666666666666667,0.323529411764706,0.435643564356436,0.0299588796835458,0.0200001348508085,-0.00904964779406418,0,0.0388360906361294,0.700411370334965,169.499551621062,0.226603678637783
data.2.train.preprocessed.mat,2,13,13,100,99.9993257505036,SimpleBaseline,burst_onsets,ok,,0.1,10,0.1,401,363,363,236,236,127,165,0.650137741046832,0.588528678304239,0.617801047120419,0.0387714478569699,0.0300002022762128,0.00122882184464713,0.00500003371270213,0.0472634410916741,0.61228577856108,144.499443740415,0.360347740001035
data.2.train.preprocessed.mat,2,13,13,100,99.9993257505036,OASIS,spike_bins,ok,,0.1,10,0.1,748,646,646,328,328,318,420,0.507739938080495,0.438502673796791,0.470588235294118,0.0366465885528534,0.0300002022762128,-0.0116464199893428,-0.0100000674254043,0.0452083179495518,0.633534402262825,207.799283942207,0.277806529334501
data.2.train.preprocessed.mat,2,13,13,100,99.9993257505036,OASIS,burst_onsets,ok,,0.1,10,0.1,401,646,646,300,300,346,101,0.464396284829721,0.748129675810474,0.573065902578797,0.0416002804896817,0.040000269701617,-0.00940006337988,-0.0100000674254043,0.0489386229682685,0.583997442329665,175.1992326989,0.436905817204238
data.2.train.preprocessed.mat,2,13,13,50,49.9996628752518,SimpleBaseline,spike_bins,ok,,0.1,5,0.1,712,360,360,248,248,112,464,0.688888888888889,0.348314606741573,0.462686567164179,0.0298389108661256,0.0200001348508085,-0.00580649076313795,0,0.0396157626704455,0.701611136027711,173.999561734872,0.244381406931
data.2.train.preprocessed.mat,2,13,13,50,49.9996628752518,SimpleBaseline,burst_onsets,ok,,0.1,5,0.1,398,360,360,238,238,122,160,0.661111111111111,0.597989949748744,0.627968337730871,0.0399162355215716,0.040000269701617,0.00613449514331521,0.0100000674254043,0.0481668650306475,0.600837928084302,142.999426884064,0.359295042422271
data.2.train.preprocessed.mat,2,13,13,50,49.9996628752518,OASIS,spike_bins,ok,,0.1,5,0.1,712,820,820,362,362,458,350,0.441463414634146,0.508426966292135,0.472584856396867,0.0373483181191894,0.040000269701617,-0.00883983860809216,0,0.0475121706636526,0.626517377582174,226.799290684747,0.318538329613409
data.2.train.preprocessed.mat,2,13,13,50,49.9996628752518,OASIS,burst_onsets,ok,,0.1,5,0.1,398,820,820,324,324,496,74,0.395121951219512,0.814070351758794,0.532019704433498,0.043395354321353,0.040000269701617,-0.00586423707045311,0,0.051853262119544,0.566046935423599,183.399207077246,0.460802027832276
data.2.train.preprocessed.mat,2,13,13,20,19.9998651501007,SimpleBaseline,spike_bins,ok,,0.1,2,0.1,624,347,347,259,259,88,365,0.746397694524496,0.415064102564103,0.533470648815654,0.0276063637419461,0,0.00521239035687094,0,0.0444810823008799,0.723937195635727,187.499733669653,0.300480342419316
data.2.train.preprocessed.mat,2,13,13,20,19.9998651501007,SimpleBaseline,burst_onsets,ok,,0.1,2,0.1,389,347,347,249,249,98,140,0.717579250720461,0.640102827763496,0.676630434782609,0.0495987279934709,0.0500003371270213,0.0246989617133478,0.0500003371270213,0.0566402462362212,0.504014507244681,125.499612303925,0.322621111321145
data.2.train.preprocessed.mat,2,13,13,20,19.9998651501007,OASIS,spike_bins,ok,,0.1,2,0.1,624,465,465,306,306,159,318,0.658064516129032,0.490384615384615,0.56198347107438,0.0348041562354756,0.0500003371270213,-0.00833338952117021,0,0.0501231379762254,0.651959561401982,199.499625789006,0.319710938764433
data.2.train.preprocessed.mat,2,13,13,20,19.9998651501007,OASIS,burst_onsets,ok,,0.1,2,0.1,389,465,465,281,281,184,108,0.604301075268817,0.722365038560411,0.65807962529274,0.0450180971285992,0.0500003371270213,-0.00266905714201181,0,0.0574925678768562,0.549820444407549,154.499544878521,0.397171066525762
data.2.train.preprocessed.mat,2,13,13,10,9.99993257505036,SimpleBaseline,spike_bins,ok,,0.1,1,0.1,530,306,306,242,242,64,288,0.790849673202614,0.456603773584906,0.578947368421053,0.0371903334002637,0,0.0314051704268894,0,0.0523842819566935,0.628099173553719,152,0.286792452830189
data.2.train.preprocessed.mat,2,13,13,10,9.99993257505036,SimpleBaseline,burst_onsets,ok,,0.1,1,0.1,378,306,306,215,215,91,163,0.702614379084967,0.568783068783069,0.628654970760234,0.0693027928551271,0.100000674254043,0.0590701657221553,0.100000674254043,0.0587972887818652,0.306976744186047,66,0.174603174603175
data.2.train.preprocessed.mat,2,13,13,10,9.99993257505036,OASIS,spike_bins,ok,,0.1,1,0.1,530,267,267,228,228,39,302,0.853932584269663,0.430188679245283,0.572145545796738,0.0263159669089586,0,0.00350879558786114,0,0.0512917300046273,0.736842105263158,168,0.316981132075472
data.2.train.preprocessed.mat,2,13,13,10,9.99993257505036,OASIS,burst_onsets,ok,,0.1,1,0.1,378,267,267,217,217,50,161,0.812734082397004,0.574074074074074,0.672868217054264,0.0516132512278929,0.100000674254043,0.0258066256139465,0,0.0672026036164411,0.483870967741935,105,0.277777777777778
data.2.train.preprocessed.mat,2,14,14,100,99.9998737266835,SimpleBaseline,spike_bins,ok,,0.1,10,0.1,205,552,552,65,65,487,140,0.117753623188406,0.317073170731707,0.171730515191546,0.0296923451858167,0.0200000252546952,-0.0112307834122519,-0.0100000126273476,0.0399417146281664,0.70307658699521,45.6999781546887,0.222926722705798
data.2.train.preprocessed.mat,2,14,14,100,99.9998737266835,SimpleBaseline,burst_onsets,ok,,0.1,10,0.1,92,552,552,63,63,489,29,0.114130434782609,0.684782608695652,0.195652173913043,0.0406349719460474,0.0400000505093904,0.00158730359164248,0.0100000126273476,0.0502319884152323,0.593650360713162,37.3999727249292,0.406521442662274
data.2.train.preprocessed.mat,2,14,14,100,99.9998737266835,OASIS,spike_bins,ok,,0.1,10,0.1,205,1897,1897,93,93,1804,112,0.0490247759620453,0.453658536585366,0.0884871550903901,0.0350538077044658,0.0300000378820428,-0.000430108069993445,0,0.0445000312403789,0.649461950110929,60.3999613603164,0.294633957855202
data.2.train.preprocessed.mat,2,14,14,100,99.9998737266835,OASIS,burst_onsets,ok,,0.1,10,0.1,92,1897,1897,73,73,1824,19,0.0384818133895625,0.793478260869565,0.073403720462544,0.0389041587146126,0.0400000505093904,-0.00821918846083364,-0.0200000252546952,0.0471211348096505,0.610958464747084,44.5999679265371,0.484782260071056
data.2.train.preprocessed.mat,2,14,14,50,49.9999368633418,SimpleBaseline,spike_bins,ok,,0.1,5,0.1,186,553,553,68,68,485,118,0.122965641952984,0.365591397849462,0.18403247631935,0.0305882739189456,0.0200000252546952,-0.0070588324428336,0,0.0427090247634063,0.694117353658688,47.1999800487908,0.25376333359565
data.2.train.preprocessed.mat,2,14,14,50,49.9999368633418,SimpleBaseline,burst_onsets,ok,,0.1,5,0.1,91,553,553,65,65,488,26,0.11754068716094,0.714285714285714,0.201863354037267,0.0443077482565555,0.0400000505093904,0.0061538539245216,0.0200000252546952,0.0531417500047375,0.556922633994577,36.1999712096475,0.397801881424698
data.2.train.preprocessed.mat,2,14,14,50,49.9999368633418,OASIS,spike_bins,ok,,0.1,5,0.1,186,1564,1564,89,89,1475,97,0.0569053708439898,0.478494623655914,0.101714285714286,0.039550611739622,0.0400000505093904,0,0,0.0500908898476312,0.604493996108029,53.7999656536145,0.289247127169971
data.2.train.preprocessed.mat,2,14,14,50,49.9999368633418,OASIS,burst_onsets,ok,,0.1,5,0.1,91,1564,1564,73,73,1491,18,0.0466751918158568,0.802197802197802,0.0882175226586103,0.0468493742267518,0.0400000505093904,0.000273972948694455,0,0.0548223224818717,0.531506413412111,38.7999681790841,0.426373276693231
data.2.train.preprocessed.mat,2,14,14,20,19.9999747453367,SimpleBaseline,spike_bins,ok,,0.1,2,0.1,150,520,520,67,67,453,83,0.128846153846154,0.446666666666667,0.2,0.0261194359669527,0,-0.000746269599055791,0,0.0403512903854866,0.738805715717623,49.4999829530807,0.329999886353872
data.2.train.preprocessed.mat,2,14,14,20,19.9999747453367,SimpleBaseline,burst_onsets,ok,,0.1,2,0.1,89,520,520,63,63,457,26,0.121153846153846,0.707865168539326,0.206896551724138,0.0492064113409167,0.050000063136738,0.0206349466913522,0.050000063136738,0.0572452443842809,0.507936187241966,31.9999797962439,0.359550334789257
data.2.train.preprocessed.mat,2,14,14,20,19.9999747453367,OASIS,spike_bins,ok,,0.1,2,0.1,150,882,882,81,81,801,69,0.0918367346938776,0.54,0.156976744186047,0.0364197990749079,0.050000063136738,0.00185185419024955,0,0.0508948358819388,0.635802196322737,51.4999779021417,0.343333186014278
data.2.train.preprocessed.mat,2,14,14,20,19.9999747453367,OASIS,burst_onsets,ok,,0.1,2,0.1,89,882,882,68,68,814,21,0.0770975056689342,0.764044943820225,0.140061791967044,0.048529473044481,0.050000063136738,0.007352950461285,0,0.0581203205126832,0.514705510960365,34.9999747453048,0.393258143205672
data.2.train.preprocessed.mat,2,14,14,10,9.99998737266835,SimpleBaseline,spike_bins,ok,,0.1,1,0.1,127,429,429,68,68,361,59,0.158508158508158,0.535433070866142,0.244604316546763,0.032352982029654,0,0.026470621660626,0,0.0507192118872166,0.676470588235294,46,0.362204724409449
data.2.train.preprocessed.mat,2,14,14,10,9.99998737266835,SimpleBaseline,burst_onsets,ok,,0.1,1,0.1,87,429,429,55,55,374,32,0.128205128205128,0.632183908045977,0.213178294573643,0.0563637075359592,0.100000126273476,0.0490909710797064,0.100000126273476,0.0573254183184611,0.436363636363636,24,0.275862068965517
data.2.train.preprocessed.mat,2,14,14,10,9.99998737266835,OASIS,spike_bins,ok,,0.1,1,0.1,127,411,411,71,71,340,56,0.172749391727494,0.559055118110236,0.263940520446097,0.0239436922063252,0,-0.00140845248272501,0,0.0492601815297343,0.76056338028169,54,0.425196850393701
data.2.train.preprocessed.mat,2,14,14,10,9.99998737266835,OASIS,burst_onsets,ok,,0.1,1,0.1,87,411,411,65,65,346,22,0.158150851581509,0.747126436781609,0.261044176706827,0.0492308313961728,0,0.0184615617735648,0,0.0682191901666986,0.507692307692308,33,0.379310344827586
data.2.train.preprocessed.mat,2,15,15,100,100.000749691275,SimpleBaseline,spike_bins,ok,,0.1,10,0.1,345,379,379,197,197,182,148,0.519788918205805,0.571014492753623,0.544198895027624,0.0377662143319153,0.0299997750943037,-0.00548219240301997,-0.00999992503143457,0.0464929682700035,0.622337856680847,122.600557766127,0.355363935553991
data.2.train.preprocessed.mat,2,15,15,100,100.000749691275,SimpleBaseline,burst_onsets,ok,,0.1,10,0.1,256,379,379,188,188,191,68,0.496042216358839,0.734375,0.592125984251968,0.0409039486658148,0.0399997001257383,-0.00356380306971338,0,0.0488644058196078,0.590960513341852,111.100576508268,0.433986626985423
data.2.train.preprocessed.mat,2,15,15,100,100.000749691275,OASIS,spike_bins,ok,,0.1,10,0.1,345,1306,1306,248,248,1058,97,0.18989280245023,0.718840579710145,0.300423985463356,0.0445561175795774,0.0399997001257383,0.00124999062892932,0,0.0538742632274394,0.554438824204226,137.500828402648,0.398553125804777
data.2.train.preprocessed.mat,2,15,15,100,100.000749691275,OASIS,burst_onsets,ok,,0.1,10,0.1,256,1306,1306,219,219,1087,37,0.167687595712098,0.85546875,0.280409731113956,0.0465749932970925,0.0399997001257383,-0.000821911646419279,0,0.0554564877065362,0.534250067029075,117.000764679367,0.457034237028779
data.2.train.preprocessed.mat,2,15,15,50,50.0003748456373,SimpleBaseline,spike_bins,ok,,0.1,5,0.1,337,374,374,198,198,176,139,0.529411764705882,0.587537091988131,0.556962025316456,0.0370704291569342,0.0399997001257383,-0.00191917753128542,0,0.0469833206589834,0.629295708430658,124.60055026927,0.369734570531959
data.2.train.preprocessed.mat,2,15,15,50,50.0003748456373,SimpleBaseline,burst_onsets,ok,,0.1,5,0.1,254,374,374,192,192,182,62,0.513368983957219,0.755905511811024,0.611464968152866,0.0418746860691322,0.0399997001257383,0.00270831302934686,0,0.0507629893063616,0.581253139308678,111.600602747266,0.43937245176089
data.2.train.preprocessed.mat,2,15,15,50,50.0003748456373,OASIS,spike_bins,ok,,0.1,5,0.1,337,1094,1094,237,237,857,100,0.216636197440585,0.70326409495549,0.331236897274633,0.0416030636328881,0.0399997001257383,0.00075948797707098,0,0.0522807617370226,0.583969363671119,138.400739190055,0.410684686023903
data.2.train.preprocessed.mat,2,15,15,50,50.0003748456373,OASIS,burst_onsets,ok,,0.1,5,0.1,254,1094,1094,208,208,886,46,0.190127970749543,0.818897637795276,0.308605341246291,0.0427881407595037,0.0399997001257383,-0.00432689063860149,0,0.052331961084205,0.572118592404963,119.000667220232,0.468506563859183
data.2.train.preprocessed.mat,2,15,15,20,20.0001499382549,SimpleBaseline,spike_bins,ok,,0.1,2,0.1,319,351,351,207,207,144,112,0.58974358974359,0.648902821316614,0.617910447761194,0.0400963177588922,0.0499996251571728,0.00966176331539572,0,0.0521698087147128,0.599036822411077,124.000622239093,0.388716684135088
data.2.train.preprocessed.mat,2,15,15,20,20.0001499382549,SimpleBaseline,burst_onsets,ok,,0.1,2,0.1,251,351,351,198,198,153,53,0.564102564102564,0.788844621513944,0.6578073089701,0.0482319616415152,0.0499996251571728,0.0159089716409186,0,0.0577662235550421,0.517680383584848,102.5007159498,0.408369386254183
data.2.train.preprocessed.mat,2,15,15,20,20.0001499382549,OASIS,spike_bins,ok,,0.1,2,0.1,319,650,650,222,222,428,97,0.341538461538462,0.695924764890282,0.458204334365325,0.0373871070995076,0.0499996251571728,0.00180178829395217,0,0.0505298092509596,0.626128929004924,139.000622239093,0.435738627708756
data.2.train.preprocessed.mat,2,15,15,20,20.0001499382549,OASIS,burst_onsets,ok,,0.1,2,0.1,251,650,650,204,204,446,47,0.313846153846154,0.812749003984064,0.452830188679245,0.0404408732888898,0.0499996251571728,0.000735288605252542,0,0.0526341248763373,0.595591267111102,121.500618490665,0.484066209126154
data.2.train.preprocessed.mat,2,15,15,10,10.0000749691275,SimpleBaseline,spike_bins,ok,,0.1,1,0.1,298,299,299,188,188,111,110,0.62876254180602,0.630872483221476,0.629815745393635,0.0468081597216086,0,0.0382975852267707,0,0.0568442030283229,0.531918402783914,100.000659723376,0.335572683635489
data.2.train.preprocessed.mat,2,15,15,10,10.0000749691275,SimpleBaseline,burst_onsets,ok,,0.1,1,0.1,239,299,299,174,174,125,65,0.581939799331104,0.728033472803347,0.646840148698885,0.0649420418708107,0.0999992503143457,0.055746708508572,0.0999992503143457,0.0583612448862209,0.350579581291893,61.0008471447894,0.25523367006188
data.2.train.preprocessed.mat,2,15,15,10,10.0000749691275,OASIS,spike_bins,ok,,0.1,1,0.1,298,276,276,193,193,83,105,0.699275362318841,0.647651006711409,0.672473867595819,0.0310878498386567,0,0.0145076632580398,0,0.0539757782876088,0.689121501613433,133.000449811393,0.446310234266418
data.2.train.preprocessed.mat,2,15,15,10,10.0000749691275,OASIS,burst_onsets,ok,,0.1,1,0.1,239,276,276,182,182,94,57,0.659420289855073,0.761506276150628,0.706796116504854,0.0423073751329924,0,0.0247250893634371,0,0.0603272103047481,0.576926248670076,105.000577257954,0.439332959238301
data.2.train.preprocessed.mat,2,16,16,100,100.001254995748,SimpleBaseline,spike_bins,ok,,0.1,10,0.1,388,445,445,157,157,288,231,0.352808988764045,0.404639175257732,0.376950780312125,0.0399994980080009,0.0399994980080008,-0.00433115583526124,0,0.0492016584399528,0.600005019919991,94.2007881274387,0.242785536410924
data.2.train.preprocessed.mat,2,16,16,100,100.001254995748,SimpleBaseline,burst_onsets,ok,,0.1,10,0.1,209,445,445,147,147,298,62,0.330337078651685,0.703349282296651,0.44954128440367,0.0465300282950214,0.0499993725100011,0.000544210857251713,0,0.0546060320430191,0.534699717049786,78.6008584063185,0.376080662231189
data.2.train.preprocessed.mat,2,16,16,100,100.001254995748,OASIS,spike_bins,ok,,0.1,10,0.1,388,1376,1376,208,208,1168,180,0.151162790697674,0.536082474226804,0.235827664399093,0.0423552376743375,0.0399994980080008,0.00197112910856735,0,0.0519604921939061,0.576447623256626,119.901105637378,0.309023468137572
data.2.train.preprocessed.mat,2,16,16,100,100.001254995748,OASIS,burst_onsets,ok,,0.1,10,0.1,209,1376,1376,173,173,1203,36,0.125726744186047,0.827751196172249,0.218296529968454,0.046820221656764,0.0499993725100011,-0.000693632913433542,0,0.0557456509375209,0.53179778343236,92.0010165337983,0.440196251357887
data.2.train.preprocessed.mat,2,16,16,50,50.0006274978739,SimpleBaseline,spike_bins,ok,,0.1,5,0.1,369,445,445,162,162,283,207,0.364044943820225,0.439024390243902,0.398034398034398,0.0420982371010132,0.0399994980080008,0.000123455240765435,0,0.0521099266571229,0.579017628989868,93.8008558963585,0.254202861507747
data.2.train.preprocessed.mat,2,16,16,50,50.0006274978739,SimpleBaseline,burst_onsets,ok,,0.1,5,0.1,205,445,445,149,149,296,56,0.334831460674157,0.726829268292683,0.458461538461538,0.0493953532447796,0.0399994980080008,0.00590596614883234,0.0199997490040004,0.0570674438928797,0.506046467552204,75.4009236652784,0.367809383733066
data.2.train.preprocessed.mat,2,16,16,50,50.0006274978739,OASIS,spike_bins,ok,,0.1,5,0.1,369,1024,1024,185,185,839,184,0.1806640625,0.501355013550135,0.265613783201723,0.0382697899860333,0.0399994980080008,0.00540533756864876,0,0.0494416270333142,0.617302100139667,114.200888525838,0.30948750278005
data.2.train.preprocessed.mat,2,16,16,50,50.0006274978739,OASIS,burst_onsets,ok,,0.1,5,0.1,205,1024,1024,156,156,868,49,0.15234375,0.760975609756098,0.25386493083808,0.0438456035856932,0.0399994980080008,0.00461532669323087,0.0199997490040004,0.0535612860872164,0.561543964143068,87.6008584063185,0.427321260518627
data.2.train.preprocessed.mat,2,16,16,20,20.0002509991496,SimpleBaseline,spike_bins,ok,,0.1,2,0.1,316,419,419,157,157,262,159,0.374701670644391,0.496835443037975,0.427210884353741,0.0417192216484722,0.0499993725100011,0.0105094222473251,0,0.0557666301769964,0.582807783515278,91.5008220118986,0.289559563328793
data.2.train.preprocessed.mat,2,16,16,20,20.0002509991496,SimpleBaseline,burst_onsets,ok,,0.1,2,0.1,202,419,419,141,141,278,61,0.336515513126492,0.698019801980198,0.454106280193237,0.0539000327767387,0.0499993725100011,0.019148695854894,0,0.0625804687907342,0.460999672232613,65.0009537847984,0.321786899924745
data.2.train.preprocessed.mat,2,16,16,20,20.0002509991496,OASIS,spike_bins,ok,,0.1,2,0.1,316,649,649,187,187,462,129,0.288135593220339,0.591772151898734,0.387564766839378,0.0422454591260971,0.0499993725100011,0.00106950529433157,0,0.0563099760520387,0.577545408739028,108.000991434198,0.341775289348729
data.2.train.preprocessed.mat,2,16,16,20,20.0002509991496,OASIS,burst_onsets,ok,,0.1,2,0.1,202,649,649,155,155,494,47,0.238828967642527,0.767326732673267,0.36427732079906,0.0503219491068398,0.0499993725100011,-0.000645153193677435,0,0.062154006010313,0.496780508931602,77.0009788843984,0.381192964774249
data.2.train.preprocessed.mat,2,16,16,10,10.0001254995748,SimpleBaseline,spike_bins,ok,,0.1,1,0.1,274,343,343,143,143,200,131,0.416909620991254,0.521897810218978,0.463533225283631,0.0440553911626583,0,0.0188808819268536,0,0.0638553849140049,0.559446088373417,80.0007906373987,0.291973688457659
data.2.train.preprocessed.mat,2,16,16,10,10.0001254995748,SimpleBaseline,burst_onsets,ok,,0.1,1,0.1,195,343,343,120,120,223,75,0.349854227405248,0.615384615384615,0.446096654275093,0.0641658613878347,0.0999987450200021,0.0341662378818341,0,0.0727549620652926,0.358341386121653,43.0009663345984,0.220517776074864
data.2.train.preprocessed.mat,2,16,16,10,10.0001254995748,OASIS,spike_bins,ok,,0.1,1,0.1,274,308,308,159,159,149,115,0.516233766233766,0.58029197080292,0.54639175257732,0.0333329150066674,0,0.0119495355684279,0,0.0566626070885688,0.666670849933326,106.000665139399,0.386863741384668
data.2.train.preprocessed.mat,2,16,16,10,10.0001254995748,OASIS,burst_onsets,ok,,0.1,1,0.1,195,308,308,146,146,162,49,0.474025974025974,0.748717948717949,0.58051689860835,0.0554787557987683,0.0999987450200021,0.0308215309993157,0,0.0680407849583188,0.445212442012317,65.0010165337983,0.333338546327171
data.2.train.preprocessed.mat,2,17,17,100,100.000460306905,SimpleBaseline,spike_bins,ok,,0.1,10,0.1,313,253,253,135,135,118,178,0.533596837944664,0.431309904153355,0.477031802120141,0.0362961292227073,0.0299998619085642,-0.00444442398645395,0,0.0457222923522833,0.637038707772927,86.0002255493452,0.274761103991518
data.2.train.preprocessed.mat,2,17,17,100,100.000460306905,SimpleBaseline,burst_onsets,ok,,0.1,10,0.1,183,253,253,121,121,132,62,0.478260869565217,0.66120218579235,0.555045871559633,0.0479336636555571,0.0399998158780855,0.00727269379601555,0.00999995396952139,0.0560503143992,0.520663363444429,63.000266976776,0.344263753971453
data.2.train.preprocessed.mat,2,17,17,100,100.000460306905,OASIS,spike_bins,ok,,0.1,10,0.1,313,842,842,181,181,661,132,0.214964370546318,0.578274760383387,0.313419913419913,0.0417125151767329,0.0299998619085642,0.00403313060649205,0,0.0523954648095634,0.582874848232671,105.500347530114,0.337061813195251
data.2.train.preprocessed.mat,2,17,17,100,100.000460306905,OASIS,burst_onsets,ok,,0.1,10,0.1,183,842,842,146,146,696,37,0.173396674584323,0.797814207650273,0.284878048780488,0.0469175922542613,0.0399998158780855,-0.0014383495435613,0,0.0570295509387319,0.530824077457387,77.5003153087785,0.423498990758352
data.2.train.preprocessed.mat,2,17,17,50,50.0002301534525,SimpleBaseline,spike_bins,ok,,0.1,5,0.1,300,253,253,136,136,117,164,0.537549407114625,0.453333333333333,0.491862567811935,0.0360292459195991,0.0399998158780855,-0.003382337372044,0,0.0467967548673319,0.639707540804009,87.0002255493452,0.290000751831151
data.2.train.preprocessed.mat,2,17,17,50,50.0002301534525,SimpleBaseline,burst_onsets,ok,,0.1,5,0.1,181,253,253,122,122,131,59,0.482213438735178,0.674033149171271,0.56221198156682,0.049671902504344,0.0399998158780855,0.00999995396952139,0.0199999079390428,0.0580250907146206,0.503280974956561,61.4002789447004,0.339228060467958
data.2.train.preprocessed.mat,2,17,17,50,50.0002301534525,OASIS,spike_bins,ok,,0.1,5,0.1,300,654,654,159,159,495,141,0.243119266055046,0.53,0.333333333333333,0.042892884322098,0.0399998158780855,0.00440249545827986,0,0.0545008372026639,0.57107115677902,90.8003139278641,0.30266771309288
data.2.train.preprocessed.mat,2,17,17,50,50.0002301534525,OASIS,burst_onsets,ok,,0.1,5,0.1,181,654,654,131,131,523,50,0.200305810397554,0.723756906077348,0.31377245508982,0.0503814474800314,0.0399998158780855,0.00488547369503335,0,0.0607180666445769,0.496185525199686,65.0003038011588,0.359117700558889
data.2.train.preprocessed.mat,2,17,17,20,20.000092061381,SimpleBaseline,spike_bins,ok,,0.1,2,0.1,272,243,243,137,137,106,135,0.563786008230453,0.503676470588235,0.532038834951456,0.0332115259571696,0.0499997698476069,0.0120437401822703,0,0.0459879371414788,0.667884740428305,91.5002094386777,0.336397828818668
data.2.train.preprocessed.mat,2,17,17,20,20.000092061381,SimpleBaseline,burst_onsets,ok,,0.1,2,0.1,177,243,243,121,121,122,56,0.497942386831276,0.68361581920904,0.576190476190476,0.0549584247085266,0.0499997698476069,0.0309915928807481,0.0499997698476069,0.0592506760433532,0.450415752914734,54.5003061026828,0.307911333913462
data.2.train.preprocessed.mat,2,17,17,20,20.000092061381,OASIS,spike_bins,ok,,0.1,2,0.1,272,379,379,145,145,234,127,0.382585751978892,0.533088235294118,0.445468509984639,0.0379308598843915,0.0499997698476069,0.00758617197687829,0,0.0514816349986838,0.620691401156086,90.0002531676324,0.330883283704531
data.2.train.preprocessed.mat,2,17,17,20,20.000092061381,OASIS,burst_onsets,ok,,0.1,2,0.1,177,379,379,122,122,257,55,0.321899736147757,0.689265536723164,0.438848920863309,0.0495899356685282,0.0499997698476069,0.0118851911932836,0,0.0606617974658972,0.504100643314718,61.5002784843956,0.347459200476811
data.2.train.preprocessed.mat,2,17,17,10,10.0000460306905,SimpleBaseline,spike_bins,ok,,0.1,1,0.1,237,206,206,122,122,84,115,0.592233009708738,0.514767932489452,0.55079006772009,0.0508194382057644,0.0999995396952139,0.0377047444752446,0,0.0607496737404893,0.491805617942356,60.0002853889674,0.253165761134883
data.2.train.preprocessed.mat,2,17,17,10,10.0000460306905,SimpleBaseline,burst_onsets,ok,,0.1,1,0.1,171,206,206,100,100,106,71,0.485436893203884,0.584795321637427,0.530503978779841,0.0699996777866497,0.0999995396952139,0.0539997514354155,0.0999995396952139,0.0642278331245131,0.300003222133503,30.0003222133503,0.175440480779826
data.2.train.preprocessed.mat,2,17,17,10,10.0000460306905,OASIS,spike_bins,ok,,0.1,1,0.1,237,194,194,128,128,66,109,0.65979381443299,0.540084388185654,0.593967517401392,0.032812348962492,0,0.010937449654164,0,0.0564489717597231,0.67187651037508,86.0001933280102,0.362870014042237
data.2.train.preprocessed.mat,2,17,17,10,10.0000460306905,OASIS,burst_onsets,ok,,0.1,1,0.1,171,194,194,114,114,80,57,0.587628865979381,0.666666666666667,0.624657534246575,0.0499997698476069,0.0499997698476069,0.0254384793961509,0,0.0662673254595728,0.500002301523931,57.0002623737281,0.33333486768262
data.2.train.preprocessed.mat,2,18,18,100,99.9996978834497,SimpleBaseline,spike_bins,ok,,0.1,10,0.1,1997,441,441,285,285,156,1712,0.646258503401361,0.14271407110666,0.233798195242002,0.0251930585685398,0.0200000604234926,-0.00905265892852823,0,0.034316578722311,0.748069435515828,213.199789122011,0.106760034612925
data.2.train.preprocessed.mat,2,18,18,100,99.9996978834497,SimpleBaseline,burst_onsets,ok,,0.1,10,0.1,487,441,441,231,231,210,256,0.523809523809524,0.474332648870637,0.497844827586207,0.045454682780665,0.0400001208469852,0.00857145446721112,0.0200000604234926,0.0523463540317286,0.545453276822775,125.999706946061,0.258726297630515
data.2.train.preprocessed.mat,2,18,18,100,99.9996978834497,OASIS,spike_bins,ok,,0.1,10,0.1,1997,1083,1083,476,476,607,1521,0.439519852262235,0.238357536304457,0.309090909090909,0.0292017688956457,0.0200000604234926,-0.00310925309104717,0,0.0401995799253222,0.707982387207609,336.999616310822,0.168752937561754
data.2.train.preprocessed.mat,2,18,18,100,99.9996978834497,OASIS,burst_onsets,ok,,0.1,10,0.1,487,1083,1083,337,337,746,150,0.311172668513389,0.691991786447639,0.429299363057325,0.0435016151051041,0.0400001208469852,-0.000712168323685196,0,0.0526170662183773,0.564983992387517,190.399605434593,0.390964282206557
data.2.train.preprocessed.mat,2,18,18,50,49.9998489417249,SimpleBaseline,spike_bins,ok,,0.1,5,0.1,1742,441,441,287,287,154,1455,0.650793650793651,0.164753157290471,0.262940907008704,0.0222997189390858,0.0200000604234926,-0.00487806351792503,0,0.0330909228462291,0.777002842189365,222.999815708348,0.128013671474367
data.2.train.preprocessed.mat,2,18,18,50,49.9998489417249,SimpleBaseline,burst_onsets,ok,,0.1,5,0.1,481,441,441,232,232,209,249,0.526077097505669,0.482328482328482,0.503253796095445,0.0463794504648234,0.0400001208469852,0.0158621168875976,0.0200000604234926,0.0523735919878871,0.536205729753246,124.399729302753,0.258627295847719
data.2.train.preprocessed.mat,2,18,18,50,49.9998489417249,OASIS,spike_bins,ok,,0.1,5,0.1,1742,1061,1061,461,461,600,1281,0.43449575871819,0.264638346727899,0.328933285765252,0.0304122393858315,0.0200000604234926,0.00125813829128262,0,0.0422949080621341,0.695877756872741,320.799645918333,0.184155939103521
data.2.train.preprocessed.mat,2,18,18,50,49.9998489417249,OASIS,burst_onsets,ok,,0.1,5,0.1,481,1061,1061,328,328,733,153,0.309142318567389,0.681912681912682,0.425421530479896,0.044695256982988,0.0400001208469852,0.000792685321662818,0,0.053871509738161,0.553047697286169,181.399644709864,0.377130238482045
data.2.train.preprocessed.mat,2,18,18,20,19.9999395766899,SimpleBaseline,spike_bins,ok,,0.1,2,0.1,1272,430,430,290,290,140,982,0.674418604651163,0.227987421383648,0.340775558166863,0.0201724747374882,0,0.00362070059390814,0,0.0369091587891074,0.798275471399832,231.499886705951,0.181996766278264
data.2.train.preprocessed.mat,2,18,18,20,19.9999395766899,SimpleBaseline,burst_onsets,ok,,0.1,2,0.1,466,430,430,219,219,211,247,0.509302325581395,0.469957081545064,0.488839285714286,0.0536531301315156,0.0500001510587315,0.0299087661584193,0.0500001510587315,0.0587172791934238,0.463469691947737,101.499862536554,0.217810863812348
data.2.train.preprocessed.mat,2,18,18,20,19.9999395766899,OASIS,spike_bins,ok,,0.1,2,0.1,1272,545,545,380,380,165,892,0.697247706422018,0.29874213836478,0.418271876719868,0.0243421788049088,0,-0.000394738034674196,0,0.0401988622051281,0.756578450464699,287.499811176586,0.226021864132536
data.2.train.preprocessed.mat,2,18,18,20,19.9999395766899,OASIS,burst_onsets,ok,,0.1,2,0.1,466,545,545,275,275,270,191,0.504587155963303,0.590128755364807,0.544015825914936,0.0456365015117877,0.0500001510587315,0.00927275528725566,0,0.0556599318115151,0.543635523200512,149.499768880141,0.320814954678414
data.2.train.preprocessed.mat,2,18,18,10,9.99996978834497,SimpleBaseline,spike_bins,ok,,0.1,1,0.1,921,361,361,267,267,94,654,0.739612188365651,0.289902280130293,0.416536661466459,0.0239701098708525,0,0.0179775824031394,0,0.0456247859556171,0.760299625468165,203,0.220412595005429
data.2.train.preprocessed.mat,2,18,18,10,9.99996978834497,SimpleBaseline,burst_onsets,ok,,0.1,1,0.1,449,361,361,175,175,186,274,0.484764542936288,0.389755011135857,0.432098765432099,0.069143066035503,0.100000302117463,0.0565715994835934,0.100000302117463,0.061117316259201,0.308571428571429,54,0.120267260579065
data.2.train.preprocessed.mat,2,18,18,10,9.99996978834497,OASIS,spike_bins,ok,,0.1,1,0.1,921,287,287,242,242,45,679,0.843205574912892,0.262757871878393,0.400662251655629,0.0123967316674541,0,0.00578514144481191,0,0.0348025008768768,0.87603305785124,212,0.230184581976113
data.2.train.preprocessed.mat,2,18,18,10,9.99996978834497,OASIS,burst_onsets,ok,,0.1,1,0.1,449,287,287,182,182,105,267,0.634146341463415,0.405345211581292,0.494565217391304,0.057692481990844,0.100000302117463,0.0456045333832386,0.100000302117463,0.0609087522322933,0.423076923076923,77,0.171492204899777
data.2.train.preprocessed.mat,2,19,19,100,99.9979806845811,SimpleBaseline,spike_bins,ok,,0.1,10,0.1,559,232,232,97,97,135,462,0.418103448275862,0.173524150268336,0.245259165613148,0.0381451001667965,0.0300006058068588,0.00742283030272796,0.0100002019356196,0.0470443331097563,0.618549206513087,59.9992730317694,0.107333225459337
data.2.train.preprocessed.mat,2,19,19,100,99.9979806845811,SimpleBaseline,burst_onsets,ok,,0.1,10,0.1,245,232,232,75,75,157,170,0.323275862068966,0.306122448979592,0.314465408805031,0.0493343295490567,0.0500010096780981,0.00266672051616523,0.0100002019356196,0.0576659303476882,0.506657512251911,37.9993134188933,0.155099238444463
data.2.train.preprocessed.mat,2,19,19,100,99.9979806845811,OASIS,spike_bins,ok,,0.1,10,0.1,559,638,638,207,207,431,352,0.324451410658307,0.370304114490161,0.345864661654135,0.0379717812627875,0.0300006058068588,0.000869582777010401,0,0.0479716048549918,0.62028296779964,128.398574334526,0.229693335124375
data.2.train.preprocessed.mat,2,19,19,100,99.9979806845811,OASIS,burst_onsets,ok,,0.1,10,0.1,245,638,638,150,150,488,95,0.235109717868339,0.612244897959184,0.339750849377123,0.0460009289038502,0.0400008077424784,-0.000800016154849568,-0.00500010096780981,0.0539899033853633,0.539991653327723,80.9987479991584,0.330607134690443
data.2.train.preprocessed.mat,2,19,19,50,49.9989903422905,SimpleBaseline,spike_bins,ok,,0.1,5,0.1,532,235,235,101,101,134,431,0.429787234042553,0.18984962406015,0.263363754889179,0.0392087125396571,0.0400008077424784,0.00792095202821355,0.0200004038712392,0.0486695934504646,0.607914074220971,61.3993214963181,0.115412258451726
data.2.train.preprocessed.mat,2,19,19,50,49.9989903422905,SimpleBaseline,burst_onsets,ok,,0.1,5,0.1,239,235,235,75,75,160,164,0.319148936170213,0.313807531380753,0.316455696202532,0.0501343457039063,0.0600012116137177,0.00373340872263132,0.0200004038712392,0.0588820429053553,0.498658427693386,37.399382077004,0.156482770196669
data.2.train.preprocessed.mat,2,19,19,50,49.9989903422905,OASIS,spike_bins,ok,,0.1,5,0.1,532,509,509,168,168,341,364,0.330058939096267,0.315789473684211,0.322766570605187,0.0388103075120475,0.0200004038712392,0.00142860027651709,0,0.0507473790245966,0.611899088475449,102.799046863875,0.19323129109751
data.2.train.preprocessed.mat,2,19,19,50,49.9989903422905,OASIS,burst_onsets,ok,,0.1,5,0.1,239,509,509,130,130,379,109,0.255402750491159,0.543933054393305,0.347593582887701,0.0490779141148101,0.0400008077424784,0.00323083447150787,0,0.0592891606999919,0.509223965553739,66.1991155219861,0.276983746953917
data.2.train.preprocessed.mat,2,19,19,20,19.9995961369162,SimpleBaseline,spike_bins,ok,,0.1,2,0.1,472,235,235,110,110,125,362,0.468085106382979,0.233050847457627,0.311173974540311,0.0390916984756039,0.0500010096780981,0.0090910926687451,0,0.0538364708497426,0.609087053956353,66.9995759351988,0.141948254099997
data.2.train.preprocessed.mat,2,19,19,20,19.9995961369162,SimpleBaseline,burst_onsets,ok,,0.1,2,0.1,227,235,235,81,81,154,146,0.34468085106383,0.356828193832599,0.350649350649351,0.055556677420109,0.0500010096780981,0.00740755698934786,0,0.067135135873893,0.444440206289465,35.9996567094467,0.158588796076857
data.2.train.preprocessed.mat,2,19,19,20,19.9995961369162,OASIS,spike_bins,ok,,0.1,2,0.1,472,331,331,134,134,197,338,0.404833836858006,0.283898305084746,0.333748443337484,0.0436575980025185,0.0500010096780981,0.00858226285519594,0,0.0573636514705445,0.563428691619747,75.4994446770461,0.159956450586962
data.2.train.preprocessed.mat,2,19,19,20,19.9995961369162,OASIS,burst_onsets,ok,,0.1,2,0.1,227,331,331,99,99,232,128,0.299093655589124,0.436123348017621,0.354838709677419,0.0560617381239281,0.0500010096780981,0.00656578914964924,0,0.0680073996699539,0.439389961874159,43.4996062255417,0.191628221257893
data.2.train.preprocessed.mat,2,19,19,10,9.99979806845811,SimpleBaseline,spike_bins,ok,,0.1,1,0.1,384,197,197,100,100,97,284,0.50761421319797,0.260416666666667,0.344234079173838,0.0440008885167263,0,0.0100002019356196,0,0.0659060677329985,0.56,56,0.145833333333333
data.2.train.preprocessed.mat,2,19,19,10,9.99979806845811,SimpleBaseline,burst_onsets,ok,,0.1,1,0.1,206,197,197,74,74,123,132,0.375634517766497,0.359223300970874,0.367245657568238,0.070271689277327,0.100002019356196,0.0189193009592803,0,0.0822236713330292,0.297297297297297,22,0.106796116504854
data.2.train.preprocessed.mat,2,19,19,10,9.99979806845811,OASIS,spike_bins,ok,,0.1,1,0.1,384,199,199,104,104,95,280,0.522613065326633,0.270833333333333,0.356775300171527,0.0451932202859732,0,0.00673090514897474,0,0.0672126933653661,0.548076923076923,57,0.1484375
data.2.train.preprocessed.mat,2,19,19,10,9.99979806845811,OASIS,burst_onsets,ok,,0.1,1,0.1,206,199,199,71,71,128,135,0.35678391959799,0.344660194174757,0.350617283950617,0.067606999001372,0.100002019356196,-0.0084508748751715,0,0.0823710038005881,0.323943661971831,23,0.111650485436893
data.2.train.preprocessed.mat,2,20,20,100,100.00142391772,SimpleBaseline,spike_bins,ok,,0.1,10,0.1,126,258,258,52,52,206,74,0.201550387596899,0.412698412698413,0.270833333333333,0.0338456719116341,0.0299995728307666,0.00807680806982178,0.00999985761025554,0.0435676025169463,0.661543280883659,34.4002506059503,0.273017861951986
data.2.train.preprocessed.mat,2,20,20,100,100.00142391772,SimpleBaseline,burst_onsets,ok,,0.1,10,0.1,65,258,258,47,47,211,18,0.182170542635659,0.723076923076923,0.291021671826625,0.042978111431311,0.0399994304410221,0.0136168273841777,0.0199997152205111,0.0491408673742526,0.57021888568689,26.8002876272838,0.412312117342828
data.2.train.preprocessed.mat,2,20,20,100,100.00142391772,OASIS,spike_bins,ok,,0.1,10,0.1,126,762,762,63,63,699,63,0.0826771653543307,0.5,0.141891891891892,0.0374597840638144,0.0299995728307666,0.00571420434871745,0.00999985761025554,0.0472704831442006,0.625402159361856,39.4003360397969,0.312701079680928
data.2.train.preprocessed.mat,2,20,20,100,100.00142391772,OASIS,burst_onsets,ok,,0.1,10,0.1,65,762,762,52,52,710,13,0.068241469816273,0.8,0.125755743651753,0.0521146425457548,0.0549992168564055,0.00673067339151815,0.0199997152205111,0.0614751251859367,0.478853574542452,24.9003858762075,0.383082859633961
data.2.train.preprocessed.mat,2,20,20,50,50.0007119588599,SimpleBaseline,spike_bins,ok,,0.1,5,0.1,119,260,260,51,51,209,68,0.196153846153846,0.428571428571429,0.269129287598945,0.0329407074220182,0.0199997152205111,0.00784302557667101,0,0.0430952666951622,0.670592925779818,34.2002392147707,0.28739696819135
data.2.train.preprocessed.mat,2,20,20,50,50.0007119588599,SimpleBaseline,burst_onsets,ok,,0.1,5,0.1,64,260,260,46,46,214,18,0.176923076923077,0.71875,0.283950617283951,0.0430428653658825,0.0399994304410221,0.0160867274599763,0.0199997152205111,0.0492820769043035,0.569571346341175,26.200281931694,0.409379405182719
data.2.train.preprocessed.mat,2,20,20,50,50.0007119588599,OASIS,spike_bins,ok,,0.1,5,0.1,119,739,739,62,62,677,57,0.0838971583220568,0.521008403361345,0.144522144522145,0.0351607896618662,0.0299995728307666,0.00999985761025554,0.0199997152205111,0.0459144496277634,0.648392103381338,40.2003104096429,0.337817734534815
data.2.train.preprocessed.mat,2,20,20,50,50.0007119588599,OASIS,burst_onsets,ok,,0.1,5,0.1,64,739,739,53,53,686,11,0.0717185385656292,0.828125,0.13200498132005,0.0483011990231211,0.0599991456615332,0.0135847122252528,0.0199997152205111,0.0577484480887101,0.516988009768789,27.4003645177458,0.428130695589779
data.2.train.preprocessed.mat,2,20,20,20,20.000284783544,SimpleBaseline,spike_bins,ok,,0.1,2,0.1,107,253,253,53,53,200,54,0.209486166007905,0.495327102803738,0.294444444444444,0.042452225703915,0.0499992880512777,0.0273581010091897,0.0499992880512777,0.0505406169437497,0.57547774296085,30.500320376925,0.285049723148832
data.2.train.preprocessed.mat,2,20,20,20,20.000284783544,SimpleBaseline,burst_onsets,ok,,0.1,2,0.1,65,253,253,48,48,205,17,0.189723320158103,0.738461538461539,0.30188679245283,0.0593741545608922,0.0499992880512777,0.0427077252104664,0.0499992880512777,0.0583356687555698,0.406258454391078,19.5004058107717,0.300006243242642
data.2.train.preprocessed.mat,2,20,20,20,20.000284783544,OASIS,spike_bins,ok,,0.1,2,0.1,107,393,393,63,63,330,44,0.16030534351145,0.588785046728972,0.252,0.0388883351509937,0.0499992880512777,0.0166664293504259,0,0.052362748206414,0.611116648490062,38.5003488548739,0.359816344438074
data.2.train.preprocessed.mat,2,20,20,20,20.000284783544,OASIS,burst_onsets,ok,,0.1,2,0.1,65,393,393,55,55,338,10,0.139949109414758,0.846153846153846,0.240174672489083,0.0499992880512777,0.0499992880512777,0.017272481326805,0,0.0617769344596193,0.500007119487223,27.5003915717973,0.42308294725842
data.2.train.preprocessed.mat,2,20,20,10,10.000142391772,SimpleBaseline,spike_bins,ok,,0.1,1,0.1,92,203,203,47,47,156,45,0.231527093596059,0.510869565217391,0.31864406779661,0.0553183612482221,0.0999985761025554,0.046807844133111,0.0999985761025554,0.058424385354005,0.446816387517779,21.0003702133356,0.228264893623213
data.2.train.preprocessed.mat,2,20,20,10,10.000142391772,SimpleBaseline,burst_onsets,ok,,0.1,1,0.1,63,203,203,39,39,164,24,0.192118226600985,0.619047619047619,0.293233082706767,0.0820501137251736,0.0999985761025554,0.0666657174017035,0.0999985761025554,0.0621251898081534,0.179498862748264,7.00045564718229,0.111118343606068
data.2.train.preprocessed.mat,2,20,20,10,10.000142391772,OASIS,spike_bins,ok,,0.1,1,0.1,92,157,157,55,55,102,37,0.35031847133758,0.597826086956522,0.441767068273092,0.0363631185827474,0,0.0254541830079232,0,0.0551695963736544,0.636368814172526,35.0002847794889,0.380437878037923
data.2.train.preprocessed.mat,2,20,20,10,10.000142391772,OASIS,burst_onsets,ok,,0.1,1,0.1,63,157,157,48,48,109,15,0.305732484076433,0.761904761904762,0.436363636363636,0.0604158063952939,0.0999985761025554,0.0395827697072615,0.0499992880512777,0.0676010748189937,0.395841936047061,19.0004129302589,0.301593856035856
data.2.train.preprocessed.mat,2,21,21,100,100.000593801544,SimpleBaseline,spike_bins,ok,,0.1,10,0.1,42,73,73,20,20,53,22,0.273972602739726,0.476190476190476,0.347826086956522,0.0299998218605945,0.0199998812403963,-0.0059999643721189,0.00499997031009908,0.0391217093104784,0.700001781394055,14.0000356278811,0.333334181616217
data.2.train.preprocessed.mat,2,21,21,100,100.000593801544,SimpleBaseline,burst_onsets,ok,,0.1,10,0.1,27,73,73,20,20,53,7,0.273972602739726,0.740740740740741,0.4,0.0374997773257431,0.0299998218605945,0.00249998515504954,0.00999994062019817,0.0454072419221949,0.625002226742569,12.5000445348514,0.462964612401903
data.2.train.preprocessed.mat,2,21,21,100,100.000593801544,OASIS,spike_bins,ok,,0.1,10,0.1,42,249,249,25,25,224,17,0.100401606425703,0.595238095238095,0.171821305841924,0.0347997933582896,0.0199998812403963,-0.00119999287442378,0,0.047020992570655,0.652002066417104,16.3000516604276,0.388096468105419
data.2.train.preprocessed.mat,2,21,21,100,100.000593801544,OASIS,burst_onsets,ok,,0.1,10,0.1,27,249,249,25,25,224,2,0.100401606425703,0.925925925925926,0.181159420289855,0.0367997814823292,0.0199998812403963,0.000799995249615854,0.00999994062019817,0.0476022382788216,0.632002185176707,15.8000546294177,0.585187208496951
data.2.train.preprocessed.mat,2,21,21,50,50.0002969007721,SimpleBaseline,spike_bins,ok,,0.1,5,0.1,41,74,74,20,20,54,21,0.27027027027027,0.48780487804878,0.347826086956522,0.0299998218605945,0.0199998812403963,-0.00799995249615853,0.00999994062019817,0.0369350013544571,0.700001781394055,14.0000356278811,0.341464283606856
data.2.train.preprocessed.mat,2,21,21,50,50.0002969007721,SimpleBaseline,burst_onsets,ok,,0.1,5,0.1,27,74,74,20,20,54,7,0.27027027027027,0.740740740740741,0.396039603960396,0.037999774356753,0.0299998218605945,6.93889390390723e-19,0.0199998812403963,0.0463394315790136,0.62000225643247,12.4000451286494,0.459260930690718
data.2.train.preprocessed.mat,2,21,21,50,50.0002969007721,OASIS,spike_bins,ok,,0.1,5,0.1,41,227,227,26,26,201,15,0.114537444933921,0.634146341463415,0.194029850746269,0.0376920838761316,0.0199998812403963,-0.00538458341087594,0,0.0526290153751775,0.623079161238685,16.2000581922058,0.395123370541605
data.2.train.preprocessed.mat,2,21,21,50,50.0002969007721,OASIS,burst_onsets,ok,,0.1,5,0.1,27,227,227,25,25,202,2,0.110132158590308,0.925925925925926,0.196850393700787,0.0375997767319451,0.0199998812403963,-0.00719995724654268,0,0.0512767209127844,0.624002232680549,15.6000558170137,0.577779845074582
data.2.train.preprocessed.mat,2,21,21,20,20.0001187603089,SimpleBaseline,spike_bins,ok,,0.1,2,0.1,35,67,67,21,21,46,14,0.313432835820896,0.6,0.411764705882353,0.0428568883722779,0.0499997031009908,0.014285629457426,0.0499997031009908,0.0503555773649884,0.571431116277222,12.0000534418217,0.342858669766333
data.2.train.preprocessed.mat,2,21,21,20,20.0001187603089,SimpleBaseline,burst_onsets,ok,,0.1,2,0.1,25,67,67,19,19,48,6,0.283582089552239,0.76,0.41304347826087,0.0526312664220956,0.0499997031009908,0.0210525065688382,0.0499997031009908,0.0560645835131629,0.473687335779044,9.00005937980183,0.360002375192073
data.2.train.preprocessed.mat,2,21,21,20,20.0001187603089,OASIS,spike_bins,ok,,0.1,2,0.1,35,138,138,28,28,110,7,0.202898550724638,0.8,0.323699421965318,0.0446425920544561,0.0499997031009908,-0.00535711104653473,0,0.0613717333994572,0.553574079455439,15.5000742247523,0.442859263564351
data.2.train.preprocessed.mat,2,21,21,20,20.0001187603089,OASIS,burst_onsets,ok,,0.1,2,0.1,25,138,138,25,25,113,0,0.181159420289855,1,0.306748466257669,0.0479997149769512,0.0499997031009908,-0.00799995249615854,0,0.0623828538103604,0.520002850230488,13.0000712557622,0.520002850230488
data.2.train.preprocessed.mat,2,21,21,10,10.0000593801544,SimpleBaseline,spike_bins,ok,,0.1,1,0.1,32,50,50,18,18,32,14,0.36,0.5625,0.439024390243902,0.0444441805342141,0,0.0444441805342141,0,0.051130695641631,0.555558194657859,10.0000475038415,0.312501484495046
data.2.train.preprocessed.mat,2,21,21,10,10.0000593801544,SimpleBaseline,burst_onsets,ok,,0.1,1,0.1,24,50,50,16,16,34,8,0.32,0.666666666666667,0.432432432432432,0.0687495917638624,0.0999994062019817,0.0687495917638624,0.0999994062019817,0.0478710711286573,0.312504082361376,5.00006531778201,0.208336054907584
data.2.train.preprocessed.mat,2,21,21,10,10.0000593801544,OASIS,spike_bins,ok,,0.1,1,0.1,32,63,63,26,26,37,6,0.412698412698413,0.8125,0.547368421052632,0.0346151790699167,0,0.00384613100776853,0,0.0598713020903299,0.653848209300833,17.0000534418217,0.531251670056927
data.2.train.preprocessed.mat,2,21,21,10,10.0000593801544,OASIS,burst_onsets,ok,,0.1,1,0.1,24,63,63,23,23,40,1,0.365079365079365,0.958333333333333,0.528735632183908,0.0391302024268624,0,0.00434780026965138,0,0.0638051557198271,0.608697975731376,14.0000534418216,0.583335560075902
data.3.train.preprocessed.mat,3,1,2,100,100.000114674259,SimpleBaseline,spike_bins,ok,,0.1,10,0.1,635,1372,1372,369,369,1003,266,0.268950437317784,0.581102362204724,0.367713004484305,0.0416801690057432,0.0399999541303491,0.00238482111346255,0,0.0508434076468725,0.583198309942569,215.200176368808,0.33889791554143
data.3.train.preprocessed.mat,3,1,2,100,100.000114674259,SimpleBaseline,burst_onsets,ok,,0.1,10,0.1,363,1372,1372,285,285,1087,78,0.207725947521866,0.785123966942149,0.328530259365994,0.0460350349289632,0.0399999541303491,-0.0068771850960951,-0.00999998853258727,0.0541294351629543,0.539649650710369,153.800150452455,0.42369187452467
data.3.train.preprocessed.mat,3,1,2,100,100.000114674259,OASIS,spike_bins,ok,,0.1,10,0.1,635,1645,1645,363,363,1282,272,0.220668693009119,0.571653543307087,0.318421052631579,0.0411294294191537,0.0399999541303491,-0.000743800799944508,0,0.0500854819241332,0.588705705808463,213.700171208472,0.336535702690507
data.3.train.preprocessed.mat,3,1,2,100,100.000114674259,OASIS,burst_onsets,ok,,0.1,10,0.1,363,1645,1645,282,282,1363,81,0.171428571428571,0.776859504132231,0.280876494023904,0.0456382455370206,0.0399999541303491,-0.0130850913777472,-0.0199999770651745,0.0526052300418426,0.543617544629794,153.300147585602,0.422314456158683
data.3.train.preprocessed.mat,3,1,2,50,50.0000573371294,SimpleBaseline,spike_bins,ok,,0.1,5,0.1,601,960,960,305,305,655,296,0.317708333333333,0.507487520798669,0.390775144138373,0.0436065073716101,0.0399999541303491,0.00557376410013061,0,0.0547398903480276,0.563934926283899,172.000152516589,0.286189937631596
data.3.train.preprocessed.mat,3,1,2,50,50.0000573371294,SimpleBaseline,burst_onsets,ok,,0.1,5,0.1,351,960,960,232,232,728,119,0.241666666666667,0.660968660968661,0.353928299008391,0.0486206338998209,0.0399999541303491,-0.00448275348012533,0,0.0585294581588001,0.513793661001791,119.200129352416,0.33960150812654
data.3.train.preprocessed.mat,3,1,2,50,50.0000573371294,OASIS,spike_bins,ok,,0.1,5,0.1,601,292,292,174,174,118,427,0.595890410958904,0.289517470881864,0.38969764837626,0.0410344357026857,0.0399999541303491,0.00678160141865114,0,0.050819678748833,0.589655642973143,102.600081877327,0.170715610444803
data.3.train.preprocessed.mat,3,1,2,50,50.0000573371294,OASIS,burst_onsets,ok,,0.1,5,0.1,351,292,292,130,130,162,221,0.445205479452055,0.37037037037037,0.404354587869362,0.0479999449564189,0.0399999541303491,-0.0147692138327443,-0.0199999770651745,0.0558265694048119,0.520000550435811,67.6000715566555,0.192592796457708
data.3.train.preprocessed.mat,3,1,2,20,20.0000229348518,SimpleBaseline,spike_bins,ok,,0.1,2,0.1,534,397,397,179,179,218,355,0.45088161209068,0.335205992509363,0.38453276047261,0.0466479911994993,0.0499999426629363,0.0175977451830446,0,0.0569380560130832,0.533520088005007,95.5000957528963,0.178839130623401
data.3.train.preprocessed.mat,3,1,2,20,20.0000229348518,SimpleBaseline,burst_onsets,ok,,0.1,2,0.1,333,397,397,130,130,267,203,0.327455919395466,0.39039039039039,0.356164383561644,0.0542307070421079,0.0499999426629363,0.00730768392765993,0,0.0650316822656861,0.457692929578921,59.5000808452597,0.178678921457236
data.3.train.preprocessed.mat,3,1,2,20,20.0000229348518,OASIS,spike_bins,ok,,0.1,2,0.1,534,234,234,159,159,75,375,0.67948717948718,0.297752808988764,0.4140625,0.0449685018918232,0.0499999426629363,0.00849055630125334,0,0.0563126774138968,0.550314981081767,87.500081992001,0.163857831445695
data.3.train.preprocessed.mat,3,1,2,20,20.0000229348518,OASIS,burst_onsets,ok,,0.1,2,0.1,333,234,234,118,118,116,215,0.504273504273504,0.354354354354354,0.416225749559083,0.0563558675777164,0.0499999426629363,-0.0114406648466041,0,0.0664775457810663,0.436441324222836,51.5000762582947,0.154654883658543
data.3.train.preprocessed.mat,3,1,2,10,10.0000114674259,SimpleBaseline,spike_bins,ok,,0.1,1,0.1,477,231,231,127,127,104,350,0.54978354978355,0.266247379454927,0.358757062146893,0.0543306463581513,0.0999998853258727,0.0259842221712898,0,0.0692505562789753,0.456693536418487,58.0000791251478,0.121593457285425
data.3.train.preprocessed.mat,3,1,2,10,10.0000114674259,SimpleBaseline,burst_onsets,ok,,0.1,1,0.1,305,231,231,99,99,132,206,0.428571428571429,0.324590163934426,0.369402985074627,0.0646463905136955,0.0999998853258727,0.0121211982213179,0,0.0798885135792428,0.353536094863045,35.0000733914415,0.114754338988333
data.3.train.preprocessed.mat,3,1,2,10,10.0000114674259,OASIS,spike_bins,ok,,0.1,1,0.1,477,222,222,146,146,76,331,0.657657657657658,0.306079664570231,0.417739628040057,0.0479451504987061,0,0.0205479216423026,0,0.0663509322401925,0.520548495012939,76.0000802718891,0.159329308746099
data.3.train.preprocessed.mat,3,1,2,10,10.0000114674259,OASIS,burst_onsets,ok,,0.1,1,0.1,305,222,222,102,102,120,203,0.459459459459459,0.334426229508197,0.387096774193548,0.0617646350542155,0.0999998853258727,0.00686273722824616,0,0.0786768452958174,0.382353649457845,39.0000722447002,0.127869089326886
data.3.train.preprocessed.mat,3,2,2,100,99.9996003444444,SimpleBaseline,spike_bins,ok,,0.1,10,0.1,1134,662,662,526,526,136,608,0.794561933534743,0.46384479717813,0.585746102449889,0.0312358662807418,0.0200000799314306,-0.000589355967561166,0,0.0408277285638077,0.68764138278085,361.699367342727,0.318958877727273
data.3.train.preprocessed.mat,3,2,2,100,99.9996003444444,SimpleBaseline,burst_onsets,ok,,0.1,10,0.1,387,662,662,305,305,357,82,0.460725075528701,0.788113695090439,0.581506196377502,0.0475739606237799,0.0500001998285764,-0.0127541493333221,-0.0100000399657153,0.0534498504296137,0.52426051169382,159.899456066615,0.413176889061021
data.3.train.preprocessed.mat,3,2,2,100,99.9996003444444,OASIS,spike_bins,ok,,0.1,10,0.1,1134,319,319,259,259,60,875,0.811912225705329,0.228395061728395,0.356503785271851,0.0274518471645697,0.0200000799314306,-0.00706566530396099,-0.0100000399657153,0.0357517560729329,0.725481605508193,187.899735826622,0.165696416072859
data.3.train.preprocessed.mat,3,2,2,100,99.9996003444444,OASIS,burst_onsets,ok,,0.1,10,0.1,387,319,319,184,184,135,203,0.576802507836991,0.475452196382429,0.521246458923513,0.0386958068238548,0.0300001198971458,-0.00315218651093199,-0.0100000399657153,0.0471583191045491,0.613042062084437,112.799739423536,0.291472194892859
data.3.train.preprocessed.mat,3,2,2,50,49.9998001722222,SimpleBaseline,spike_bins,ok,,0.1,5,0.1,1026,488,488,434,434,54,592,0.889344262295082,0.423001949317739,0.57331571994716,0.0300001198971458,0.0200000799314306,0.000414748201343031,0,0.0397315125904194,0.699998920741514,303.799531601817,0.296100907993974
data.3.train.preprocessed.mat,3,2,2,50,49.9998001722222,SimpleBaseline,burst_onsets,ok,,0.1,5,0.1,370,488,488,267,267,221,103,0.547131147540984,0.721621621621622,0.622377622377622,0.0509365331586996,0.0400001598628611,-0.00104869332973793,0,0.0581840987027286,0.490635072560687,130.999564373703,0.354052876685685
data.3.train.preprocessed.mat,3,2,2,50,49.9998001722222,OASIS,spike_bins,ok,,0.1,5,0.1,1026,156,156,140,140,16,886,0.897435897435897,0.1364522417154,0.236886632825719,0.0241429536315126,0.0200000799314306,-0.00242858113453085,0,0.0341363727617245,0.758570577872632,106.199880902168,0.103508655850067
data.3.train.preprocessed.mat,3,2,2,50,49.9998001722222,OASIS,burst_onsets,ok,,0.1,5,0.1,370,156,156,105,105,51,265,0.673076923076923,0.283783783783784,0.399239543726236,0.0361906208283029,0.0200000799314306,-0.00342858513110238,0,0.0475927835916258,0.638094134280245,66.9998840994257,0.181080767836286
data.3.train.preprocessed.mat,3,2,2,20,19.9999200688889,SimpleBaseline,spike_bins,ok,,0.1,2,0.1,869,268,268,266,266,2,603,0.992537313432836,0.306098964326812,0.467897977132806,0.0246241585621936,0,0.0152256247598297,0,0.0350653874725009,0.753758594674524,200.499786183423,0.230724725182305
data.3.train.preprocessed.mat,3,2,2,20,19.9999200688889,SimpleBaseline,burst_onsets,ok,,0.1,2,0.1,334,268,268,179,179,89,155,0.667910447761194,0.535928143712575,0.59468438538206,0.0664807126212357,0.0500001998285764,0.0491622076526785,0.0500001998285764,0.0564581398470971,0.335194682292078,59.9998481302819,0.17964026386312
data.3.train.preprocessed.mat,3,2,2,20,19.9999200688889,OASIS,spike_bins,ok,,0.1,2,0.1,869,161,161,157,157,4,712,0.975155279503106,0.180667433831991,0.304854368932039,0.0149682126875356,0,0.00414014393485028,0,0.0299369031670459,0.850318000403992,133.499926063427,0.153624771074139
data.3.train.preprocessed.mat,3,2,2,20,19.9999200688889,OASIS,burst_onsets,ok,,0.1,2,0.1,334,161,161,111,111,50,223,0.68944099378882,0.332335329341317,0.448484848484848,0.0391893458115869,0.0500001998285764,0.0148649242733606,0,0.0533407122882289,0.608107406007704,67.4999220668552,0.202095575050465
data.3.train.preprocessed.mat,3,2,2,10,9.99996003444445,SimpleBaseline,spike_bins,ok,,0.1,1,0.1,682,203,203,203,203,0,479,1,0.297653958944282,0.458757062146893,0.0285715427591865,0,0.0285715427591865,0,0.0452872583733746,0.714285714285714,145,0.212609970674487
data.3.train.preprocessed.mat,3,2,2,10,9.99996003444445,SimpleBaseline,burst_onsets,ok,,0.1,1,0.1,306,203,203,107,107,96,199,0.527093596059113,0.349673202614379,0.420432220039293,0.0887854015647618,0.100000399657153,0.075701237123639,0.100000399657153,0.0563701649126648,0.11214953271028,12,0.0392156862745098
data.3.train.preprocessed.mat,3,2,2,10,9.99996003444445,OASIS,spike_bins,ok,,0.1,1,0.1,682,150,150,146,146,4,536,0.973333333333333,0.214076246334311,0.350961538461538,0.0130137506403144,0,0.00616440819804367,0,0.0356664170400777,0.86986301369863,127,0.186217008797654
data.3.train.preprocessed.mat,3,2,2,10,9.99996003444445,OASIS,burst_onsets,ok,,0.1,1,0.1,306,150,150,97,97,53,209,0.646666666666667,0.316993464052288,0.425438596491228,0.0567012575375609,0.100000399657153,0.0422682101643636,0,0.062641842542136,0.43298969072165,42,0.137254901960784
data.3.train.preprocessed.mat,3,3,3,100,99.9983830476719,SimpleBaseline,spike_bins,ok,,0.1,10,0.1,561,463,463,224,224,239,337,0.483801295896328,0.399286987522282,0.4375,0.0342416250993256,0.0300004850935422,0.00325898126760205,0,0.0447582158714971,0.65758468743175,147.298969984712,0.262565008885405
data.3.train.preprocessed.mat,3,3,3,100,99.9983830476719,SimpleBaseline,burst_onsets,ok,,0.1,10,0.1,192,463,463,125,125,338,67,0.269978401727862,0.651041666666667,0.381679389312977,0.0491207942598264,0.0500008084892369,-0.00240003880748337,0,0.0593577269357457,0.508793997775905,63.5992497219881,0.331246092302022
data.3.train.preprocessed.mat,3,3,3,100,99.9983830476719,OASIS,spike_bins,ok,,0.1,10,0.1,561,211,211,142,142,69,419,0.672985781990521,0.253119429590018,0.367875647668394,0.0404936125088891,0.0400006467913895,0.0199298997217663,0.0200003233956948,0.0457024620154112,0.595064330398004,84.4991349165165,0.150622343879709
data.3.train.preprocessed.mat,3,3,3,100,99.9983830476719,OASIS,burst_onsets,ok,,0.1,10,0.1,192,211,211,72,72,139,120,0.341232227488152,0.375,0.357320099255583,0.0518063932402371,0.0600009701870843,0.00458340744484672,0.00500008084892369,0.0595990896637532,0.481937190499347,34.699477715953,0.180726446437255
data.3.train.preprocessed.mat,3,3,3,50,49.999191523836,SimpleBaseline,spike_bins,ok,,0.1,5,0.1,530,349,349,190,190,159,340,0.544412607449857,0.358490566037736,0.43230944254835,0.0352637280924092,0.0400006467913895,0.00957910225793802,0,0.0446845806148084,0.64736339990895,122.9990459827,0.232073671665473
data.3.train.preprocessed.mat,3,3,3,50,49.999191523836,SimpleBaseline,burst_onsets,ok,,0.1,5,0.1,188,349,349,99,99,250,89,0.283667621776504,0.526595744680851,0.368715083798883,0.0496977732862718,0.0600009701870843,-0.00242428162372058,0,0.0595415664501808,0.503024227111189,49.7993984840077,0.264890417468126
data.3.train.preprocessed.mat,3,3,3,50,49.999191523836,OASIS,spike_bins,ok,,0.1,5,0.1,530,56,56,47,47,9,483,0.839285714285714,0.0886792452830189,0.160409556313993,0.0395751079957365,0.0400006467913895,0.0131917026652455,0.0200003233956948,0.0486837180007672,0.604249952156555,28.3997477513581,0.0535844297195435
data.3.train.preprocessed.mat,3,3,3,50,49.999191523836,OASIS,burst_onsets,ok,,0.1,5,0.1,188,56,56,22,22,34,166,0.392857142857143,0.117021276595745,0.180327868852459,0.06272828701377,0.0600009701870843,-0.00818195048005695,-0.0100001616978474,0.0700104078581898,0.372720069823162,8.19984153610956,0.0436161783835615
data.3.train.preprocessed.mat,3,3,3,20,19.9996766095344,SimpleBaseline,spike_bins,ok,,0.1,2,0.1,436,163,163,103,103,60,333,0.631901840490798,0.236238532110092,0.343906510851419,0.0504862532318509,0.0500008084892369,0.0320393530125207,0.0500008084892369,0.0559483453870249,0.495142648292136,50.99969277409,0.116971772417638
data.3.train.preprocessed.mat,3,3,3,20,19.9996766095344,SimpleBaseline,burst_onsets,ok,,0.1,2,0.1,177,163,163,48,48,115,129,0.294478527607362,0.271186440677966,0.282352941176471,0.0635426941217386,0.0500008084892369,0.00729178457134705,0,0.0736518783454472,0.364580133063437,17.499846387045,0.0988691886273728
data.3.train.preprocessed.mat,3,3,3,20,19.9996766095344,OASIS,spike_bins,ok,,0.1,2,0.1,436,51,51,41,41,10,395,0.803921568627451,0.0940366972477064,0.168377823408624,0.0378054893455206,0.0500008084892369,0.023171106373061,0,0.0488597208694225,0.621948261624743,25.4998787266145,0.0584859603821433
data.3.train.preprocessed.mat,3,3,3,20,19.9996766095344,OASIS,burst_onsets,ok,,0.1,2,0.1,177,51,51,18,18,33,159,0.352941176470588,0.101694915254237,0.157894736842105,0.0611120992646229,0.0500008084892369,0.00555564538769299,0,0.0725369427430547,0.388885295603391,6.99993532086105,0.0395476571800059
data.3.train.preprocessed.mat,3,3,3,10,9.99983830476719,SimpleBaseline,spike_bins,ok,,0.1,1,0.1,345,107,107,65,65,42,280,0.607476635514019,0.188405797101449,0.287610619469027,0.0446161060365499,0,0.0323082147161223,0,0.0589174515969793,0.553846153846154,36,0.104347826086957
data.3.train.preprocessed.mat,3,3,3,10,9.99983830476719,SimpleBaseline,burst_onsets,ok,,0.1,1,0.1,164,107,107,28,28,79,136,0.261682242990654,0.170731707317073,0.206642066420664,0.0750012127338554,0.100001616978474,0.00357148632065978,0,0.0881181103337625,0.25,7,0.0426829268292683
data.3.train.preprocessed.mat,3,3,3,10,9.99983830476719,OASIS,spike_bins,ok,,0.1,1,0.1,345,45,45,41,41,4,304,0.911111111111111,0.118840579710145,0.21025641025641,0.036585957431149,0,0.0268297021161759,0,0.0548843560209302,0.634146341463415,26,0.0753623188405797
data.3.train.preprocessed.mat,3,3,3,10,9.99983830476719,OASIS,burst_onsets,ok,,0.1,1,0.1,164,45,45,17,17,28,147,0.377777777777778,0.103658536585366,0.162679425837321,0.0764718247482447,0.100001616978474,0.0176473441726719,0,0.0882857276546207,0.235294117647059,4,0.024390243902439
data.3.train.preprocessed.mat,3,4,3,100,99.9990535871405,SimpleBaseline,spike_bins,ok,,0.1,10,0.1,617,347,347,161,161,186,456,0.463976945244957,0.260940032414911,0.33402489626556,0.0322363299334924,0.0200001892843633,0.00403730529032179,0,0.0418838490035404,0.677636818233003,109.099527735514,0.176822573315257
data.3.train.preprocessed.mat,3,4,3,100,99.9990535871405,SimpleBaseline,burst_onsets,ok,,0.1,10,0.1,224,347,347,78,78,269,146,0.22478386167147,0.348214285714286,0.273204903677758,0.045769663939216,0.0400003785687266,-0.0150001419632725,-0.0200001892843633,0.0523665895219368,0.5423036032801,42.2996810558478,0.188837861856463
data.3.train.preprocessed.mat,3,4,3,100,99.9990535871405,OASIS,spike_bins,ok,,0.1,10,0.1,617,183,183,112,112,71,505,0.612021857923497,0.181523500810373,0.28,0.0344646118918046,0.030000283926545,0.00571433979553238,0,0.045771392265006,0.655354219089745,73.3996725380515,0.118962192120019
data.3.train.preprocessed.mat,3,4,3,100,99.9990535871405,OASIS,burst_onsets,ok,,0.1,10,0.1,224,183,183,62,62,121,162,0.33879781420765,0.276785714285714,0.304668304668305,0.0500004732109083,0.0500004732109083,0.00193550218880935,0,0.0595022840016896,0.499996336431678,30.999772858764,0.138391843119482
data.3.train.preprocessed.mat,3,4,3,50,49.9995267935702,SimpleBaseline,spike_bins,ok,,0.1,5,0.1,583,253,253,118,118,135,465,0.466403162055336,0.202401372212693,0.282296650717703,0.0335596396466435,0.0200001892843633,0.00203391755434203,0,0.0461432718403188,0.664404565996429,78.3997387875786,0.134476395862056
data.3.train.preprocessed.mat,3,4,3,50,49.9995267935702,SimpleBaseline,burst_onsets,ok,,0.1,5,0.1,219,253,253,62,62,191,157,0.245059288537549,0.28310502283105,0.26271186440678,0.0500004732109083,0.0400003785687266,-0.0125807642272608,0,0.0595324940721183,0.499997252323758,30.999829644073,0.14155173353458
data.3.train.preprocessed.mat,3,4,3,50,49.9995267935702,OASIS,spike_bins,ok,,0.1,5,0.1,583,80,80,64,64,16,519,0.8,0.109777015437393,0.193061840120664,0.0281252661811359,0.0200001892843633,-0.00250002366054542,0,0.0410191605293873,0.718747929702276,45.9998675009457,0.0789020025745209
data.3.train.preprocessed.mat,3,4,3,50,49.9995267935702,OASIS,burst_onsets,ok,,0.1,5,0.1,219,80,80,27,27,53,192,0.3375,0.123287671232877,0.180602006688963,0.0525930903403628,0.06000056785309,-0.00666672976145444,0,0.0615198099948767,0.474070498702767,12.7999034649747,0.0584470477852726
data.3.train.preprocessed.mat,3,4,3,20,19.9998107174281,SimpleBaseline,spike_bins,ok,,0.1,2,0.1,493,140,140,78,78,62,415,0.557142857142857,0.158215010141988,0.246445497630332,0.0371798390542651,0.0500004732109083,0.00641031707832158,0,0.0530619553834922,0.628203429499303,48.9998675009457,0.0993912119694638
data.3.train.preprocessed.mat,3,4,3,20,19.9998107174281,SimpleBaseline,burst_onsets,ok,,0.1,2,0.1,203,140,140,41,41,99,162,0.292857142857143,0.201970443349754,0.239067055393586,0.0524395206846111,0.0500004732109083,-0.00853666615795995,0,0.0660521571147675,0.47560802483814,19.4999290183638,0.0960587636372599
data.3.train.preprocessed.mat,3,4,3,20,19.9998107174281,OASIS,spike_bins,ok,,0.1,2,0.1,493,80,80,63,63,17,430,0.7875,0.127789046653144,0.219895287958115,0.0357146237220774,0,0.0119048745740258,0,0.0529111723708388,0.642855865938819,40.4999195541456,0.082149938243703
data.3.train.preprocessed.mat,3,4,3,20,19.9998107174281,OASIS,burst_onsets,ok,,0.1,2,0.1,203,80,80,29,29,51,174,0.3625,0.142857142857143,0.204946996466431,0.0534487817082123,0.0500004732109083,-0.0189656967351721,0,0.0646615312498717,0.465515446441382,13.4999479468001,0.0665022066344832
data.3.train.preprocessed.mat,3,4,3,10,9.99990535871405,SimpleBaseline,spike_bins,ok,,0.1,1,0.1,396,83,83,45,45,38,351,0.542168674698795,0.113636363636364,0.187891440501044,0.0422226218225448,0,0.0288891622996359,0,0.058861804638465,0.577777777777778,26,0.0656565656565657
data.3.train.preprocessed.mat,3,4,3,10,9.99990535871405,SimpleBaseline,burst_onsets,ok,,0.1,1,0.1,184,83,83,30,30,53,154,0.36144578313253,0.16304347826087,0.224719101123595,0.0666672976145444,0.100000946421817,0.0200001892843633,0,0.0805163420043045,0.333333333333333,10,0.0543478260869565
data.3.train.preprocessed.mat,3,4,3,10,9.99990535871405,OASIS,spike_bins,ok,,0.1,1,0.1,396,79,79,55,55,24,341,0.69620253164557,0.138888888888889,0.231578947368421,0.034545781491173,0,0.0127273931809585,0,0.0579102653336709,0.654545454545455,36,0.0909090909090909
data.3.train.preprocessed.mat,3,4,3,10,9.99990535871405,OASIS,burst_onsets,ok,,0.1,1,0.1,184,79,79,32,32,47,152,0.405063291139241,0.173913043478261,0.243346007604563,0.0593755619379536,0.100000946421817,-0.00937508872704531,0,0.0777072760290372,0.40625,13,0.0706521739130435
data.3.train.preprocessed.mat,3,5,4,100,100.001279191729,SimpleBaseline,spike_bins,ok,,0.1,10,0.1,751,270,270,232,232,38,519,0.859259259259259,0.308921438082557,0.454456415279138,0.0274565453298671,0.0199997441649268,0.00676715481442565,0,0.0360055172210212,0.725434546701329,168.300814834708,0.224102283401742
data.3.train.preprocessed.mat,3,5,4,100,100.001279191729,SimpleBaseline,burst_onsets,ok,,0.1,10,0.1,175,270,270,122,122,148,53,0.451851851851852,0.697142857142857,0.548314606741573,0.0475403754740062,0.0499993604123169,0.00409830823051778,0,0.0548884287767495,0.524596245259938,64.0007419217124,0.365718525266928
data.3.train.preprocessed.mat,3,5,4,100,100.001279191729,OASIS,spike_bins,ok,,0.1,10,0.1,751,137,137,95,95,42,656,0.693430656934307,0.126498002663116,0.213963963963964,0.0139998209154487,0.00999987208246338,-0.00263154528485878,0,0.0229802957344722,0.860001790845513,81.7001701303237,0.10878850882866
data.3.train.preprocessed.mat,3,5,4,100,100.001279191729,OASIS,burst_onsets,ok,,0.1,10,0.1,175,137,137,58,58,79,117,0.423357664233577,0.331428571428571,0.371794871794872,0.0318961437113056,0.0249996802061584,0.0098274604948347,0.00999987208246338,0.0401959934461973,0.681038562886944,39.5002366474427,0.225715637985387
data.3.train.preprocessed.mat,3,5,4,50,50.0006395958647,SimpleBaseline,spike_bins,ok,,0.1,5,0.1,641,208,208,190,190,18,451,0.913461538461538,0.296411856474259,0.447585394581861,0.0276838563967144,0.0199997441649268,0.00789463585457635,0,0.0365547667301452,0.723161436032856,137.400672846243,0.21435362378509
data.3.train.preprocessed.mat,3,5,4,50,50.0006395958647,SimpleBaseline,burst_onsets,ok,,0.1,5,0.1,172,208,208,96,96,112,76,0.461538461538462,0.558139534883721,0.505263157894737,0.053540981774856,0.0599992324947803,0.0081248960670015,0.0199997441649268,0.0606329391717443,0.46459018225144,44.6006574961382,0.259306148233362
data.3.train.preprocessed.mat,3,5,4,50,50.0006395958647,OASIS,spike_bins,ok,,0.1,5,0.1,641,75,75,62,62,13,579,0.826666666666667,0.0967238689547582,0.173184357541899,0.0129030607515656,0,0.000645153037578282,0,0.0226061778906618,0.870969392484343,54.0001023340293,0.084243529382261
data.3.train.preprocessed.mat,3,5,4,50,50.0006395958647,OASIS,burst_onsets,ok,,0.1,5,0.1,172,75,75,44,44,31,128,0.586666666666667,0.255813953488372,0.356275303643725,0.0363631712089577,0.0299996162473901,0.0199997441649268,0.0199997441649268,0.0402313713641941,0.636368287910423,28.0002046680586,0.162791887604992
data.3.train.preprocessed.mat,3,5,4,20,20.0002558383459,SimpleBaseline,spike_bins,ok,,0.1,2,0.1,468,104,104,103,103,1,365,0.990384615384615,0.22008547008547,0.36013986013986,0.0184463659773596,0,0.0116503364067535,0,0.0329908747377053,0.815536340226404,84.0002430433196,0.179487698810512
data.3.train.preprocessed.mat,3,5,4,20,20.0002558383459,SimpleBaseline,burst_onsets,ok,,0.1,2,0.1,157,104,104,49,49,55,108,0.471153846153846,0.312101910828025,0.375478927203065,0.0744888430632476,0.0999987208246338,0.0602033115168714,0.0999987208246338,0.0568063223403189,0.255111569367524,12.5004668990087,0.0796208082739405
data.3.train.preprocessed.mat,3,5,4,20,20.0002558383459,OASIS,spike_bins,ok,,0.1,2,0.1,468,76,76,68,68,8,400,0.894736842105263,0.145299145299145,0.25,0.0139704095269709,0,0.00367642355972918,0,0.0277460667486832,0.860295904730291,58.5001215216598,0.125000259661666
data.3.train.preprocessed.mat,3,5,4,20,20.0002558383459,OASIS,burst_onsets,ok,,0.1,2,0.1,157,76,76,42,42,34,115,0.552631578947368,0.267515923566879,0.360515021459227,0.0511898213745149,0.0499993604123169,0.0202378363573664,0.0499993604123169,0.060545039460049,0.488101786254851,20.5002750227037,0.13057500014461
data.3.train.preprocessed.mat,3,5,4,10,10.0001279191729,SimpleBaseline,spike_bins,ok,,0.1,1,0.1,347,75,75,75,75,0,272,1,0.216138328530259,0.355450236966825,0.0279996418308975,0,0.0279996418308975,0,0.045201669994029,0.720003581691025,54.0002686268269,0.155620370682498
data.3.train.preprocessed.mat,3,5,4,10,10.0001279191729,SimpleBaseline,burst_onsets,ok,,0.1,1,0.1,134,75,75,25,25,50,109,0.333333333333333,0.186567164179104,0.239234449760766,0.0959987719916485,0.0999987208246338,0.0559992836617949,0.0999987208246338,0.0820558411824073,0.0400122800835156,1.00030700208789,0.00746497762752156
data.3.train.preprocessed.mat,3,5,4,10,10.0001279191729,OASIS,spike_bins,ok,,0.1,1,0.1,347,59,59,56,56,3,291,0.949152542372881,0.161383285302594,0.275862068965517,0.0142855315463763,0,0.0142855315463763,0,0.0353089415111305,0.857144684536237,48.0001023340293,0.138328825170113
data.3.train.preprocessed.mat,3,5,4,10,10.0001279191729,OASIS,burst_onsets,ok,,0.1,1,0.1,134,59,59,27,27,32,107,0.457627118644068,0.201492537313433,0.27979274611399,0.0814804391904424,0.0999987208246338,0.0592585012294126,0.0999987208246338,0.069387979043582,0.185195608095576,5.00028141858057,0.0373155329744818
data.3.train.preprocessed.mat,3,6,4,100,99.9987162017924,SimpleBaseline,spike_bins,ok,,0.1,10,0.1,59,500,500,42,42,458,17,0.084,0.711864406779661,0.150268336314848,0.0497625436125477,0.0400005135258757,-0.00928583349707829,0.0100001283814689,0.0592807028314969,0.502375480885015,21.0997701971706,0.357623223680858
data.3.train.preprocessed.mat,3,6,4,100,99.9987162017924,SimpleBaseline,burst_onsets,ok,,0.1,10,0.1,33,500,500,31,31,469,2,0.062,0.939393939393939,0.116322701688555,0.0509683962668416,0.0600007702888135,-0.0264519524929178,-0.0100001283814689,0.0550490725498392,0.490316865599125,15.1998228335729,0.460600691926451
data.3.train.preprocessed.mat,3,6,4,100,99.9987162017924,OASIS,spike_bins,ok,,0.1,10,0.1,59,624,624,41,41,583,18,0.0657051282051282,0.694915254237288,0.120058565153734,0.0382931745339176,0.0400005135258757,-0.0226832180360149,-0.0300003851444068,0.0406837123292575,0.617068567786358,25.2998112792407,0.428810360665096
data.3.train.preprocessed.mat,3,6,4,100,99.9987162017924,OASIS,burst_onsets,ok,,0.1,10,0.1,33,624,624,31,31,593,2,0.0496794871794872,0.939393939393939,0.0943683409436834,0.0458070396828576,0.0400005135258757,-0.0412908526718717,-0.0400005135258757,0.0357534948163803,0.541930017305194,16.799830536461,0.509085773832152
data.3.train.preprocessed.mat,3,6,4,50,49.9993581008962,SimpleBaseline,spike_bins,ok,,0.1,5,0.1,53,350,350,35,35,315,18,0.1,0.660377358490566,0.173697270471464,0.0457148726010008,0.0400005135258757,-0.0182859490404003,0,0.0551734698333215,0.542853108010977,18.9998587803842,0.358487901516683
data.3.train.preprocessed.mat,3,6,4,50,49.9993581008962,SimpleBaseline,burst_onsets,ok,,0.1,5,0.1,33,350,350,29,29,321,4,0.0828571428571429,0.878787878787879,0.151436031331593,0.0517248019731151,0.0600007702888135,-0.0310348811838691,-0.0200002567629378,0.054664925370051,0.482754193742451,13.9998716185311,0.424238533894881
data.3.train.preprocessed.mat,3,6,4,50,49.9993581008962,OASIS,spike_bins,ok,,0.1,5,0.1,53,133,133,26,26,107,27,0.195488721804511,0.490566037735849,0.279569892473118,0.0369235509469622,0.0400005135258757,-0.0184617754734811,-0.0100001283814689,0.0441541449784962,0.630764984305259,16.3998895919367,0.309431879093146
data.3.train.preprocessed.mat,3,6,4,50,49.9993581008962,OASIS,burst_onsets,ok,,0.1,5,0.1,33,133,133,23,23,110,10,0.172932330827068,0.696969696969697,0.27710843373494,0.0382613607638811,0.0400005135258757,-0.0243481386679243,-0.0200002567629378,0.0430466259356279,0.617386950541489,14.1998998624542,0.430299995831947
data.3.train.preprocessed.mat,3,6,4,20,19.9997432403585,SimpleBaseline,spike_bins,ok,,0.1,2,0.1,49,152,152,31,31,121,18,0.203947368421053,0.63265306122449,0.308457711442786,0.0370972504473847,0.0500006419073446,-0.0112904675274649,0,0.0511697840335433,0.629029566195006,19.4999165520452,0.397957480653984
data.3.train.preprocessed.mat,3,6,4,20,19.9997432403585,SimpleBaseline,burst_onsets,ok,,0.1,2,0.1,32,152,152,25,25,127,7,0.164473684210526,0.78125,0.271739130434783,0.0440005648784633,0.0500006419073446,-0.0120001540577627,0,0.0545442608114212,0.55999640531887,13.9999101329717,0.437497191655367
data.3.train.preprocessed.mat,3,6,4,20,19.9997432403585,OASIS,spike_bins,ok,,0.1,2,0.1,49,83,83,24,24,59,25,0.289156626506024,0.489795918367347,0.363636363636364,0.0250003209536723,0.0250003209536723,-0.0125001604768362,0,0.0337836299482446,0.749996790463277,17.9999229711186,0.367345366757523
data.3.train.preprocessed.mat,3,6,4,20,19.9997432403585,OASIS,burst_onsets,ok,,0.1,2,0.1,32,83,83,21,21,62,11,0.253012048192771,0.65625,0.365217391304348,0.0285717953756255,0.0500006419073446,-0.0142858976878127,0,0.0358573186156455,0.714282046243745,14.9999229711186,0.468747592847458
data.3.train.preprocessed.mat,3,6,4,10,9.99987162017924,SimpleBaseline,spike_bins,ok,,0.1,1,0.1,43,64,64,26,26,38,17,0.40625,0.604651162790698,0.485981308411215,0.0461544386837027,0,0.0384620322364189,0,0.0571106137797148,0.538461538461538,14,0.325581395348837
data.3.train.preprocessed.mat,3,6,4,10,9.99987162017924,SimpleBaseline,burst_onsets,ok,,0.1,1,0.1,30,64,64,25,25,39,5,0.390625,0.833333333333333,0.531914893617021,0.0800010270517514,0.100001283814689,0.0720009243465763,0.100001283814689,0.054160951348229,0.2,5,0.166666666666667
data.3.train.preprocessed.mat,3,6,4,10,9.99987162017924,OASIS,spike_bins,ok,,0.1,1,0.1,43,57,57,24,24,33,19,0.421052631578947,0.558139534883721,0.48,0.0166668806357815,0,0.00833344031789077,0,0.0408253531615385,0.833333333333333,20,0.465116279069767
data.3.train.preprocessed.mat,3,6,4,10,9.99987162017924,OASIS,burst_onsets,ok,,0.1,1,0.1,30,57,57,22,22,35,8,0.385964912280702,0.733333333333333,0.505747126436782,0.0272730774040062,0,0.0181820516026708,0,0.0501087515295758,0.727272727272727,16,0.533333333333333
data.3.train.preprocessed.mat,3,7,4,100,100.000127825,SimpleBaseline,spike_bins,ok,,0.1,10,0.1,2149,1087,1087,587,587,500,1562,0.540018399264029,0.273150302466263,0.362793572311496,0.0363713334061284,0.029999961652549,0.00768312476166928,0.00999998721751634,0.0458489490914708,0.636286665938716,373.500272906026,0.173801895256411
data.3.train.preprocessed.mat,3,7,4,100,100.000127825,SimpleBaseline,burst_onsets,ok,,0.1,10,0.1,667,1087,1087,299,299,788,368,0.27506899724011,0.448275862068966,0.340935005701254,0.0505016076871226,0.0499999360875817,-0.0153845957192559,-0.0199999744350327,0.0566405220852519,0.494983923128774,148.000193015503,0.22188934485083
data.3.train.preprocessed.mat,3,7,4,100,100.000127825,OASIS,spike_bins,ok,,0.1,10,0.1,2149,482,482,339,339,143,1810,0.703319502074689,0.157747789669614,0.25769669327252,0.0315043845082815,0.0199999744350327,0.00678465209448011,0.00999998721751634,0.0403679039463942,0.684956154917185,232.200136516926,0.108050319458783
data.3.train.preprocessed.mat,3,7,4,100,100.000127825,OASIS,burst_onsets,ok,,0.1,10,0.1,667,482,482,168,168,314,499,0.348547717842324,0.251874062968516,0.29242819843342,0.0438094678100716,0.0399999488700654,-0.00928570241626517,-0.00999998721751634,0.0514876389977747,0.561905321899284,94.4000940790798,0.141529376430404
data.3.train.preprocessed.mat,3,7,4,50,50.0000639125,SimpleBaseline,spike_bins,ok,,0.1,5,0.1,1942,783,783,458,458,325,1484,0.58492975734355,0.235839340885685,0.336146788990826,0.0376418732816554,0.0199999744350327,0.0140611173975557,0.0199999744350327,0.0470542240731699,0.623581267183446,285.600220370018,0.147064995041204
data.3.train.preprocessed.mat,3,7,4,50,50.0000639125,SimpleBaseline,burst_onsets,ok,,0.1,5,0.1,646,783,783,213,213,570,433,0.272030651340996,0.329721362229102,0.298110566829951,0.0513614366946614,0.0399999488700654,-0.0100469355143122,-0.0199999744350327,0.0593875034114464,0.486385633053386,103.600139840371,0.160371733499027
data.3.train.preprocessed.mat,3,7,4,50,50.0000639125,OASIS,spike_bins,ok,,0.1,5,0.1,1942,133,133,109,109,24,1833,0.819548872180451,0.0561277033985582,0.105060240963855,0.033577938730376,0.0199999744350327,0.0104587022274942,0,0.0428257189337872,0.66422061269624,72.4000467838902,0.0372811775406232
data.3.train.preprocessed.mat,3,7,4,50,50.0000639125,OASIS,burst_onsets,ok,,0.1,5,0.1,646,133,133,54,54,79,592,0.406015037593985,0.0835913312693498,0.138639281129653,0.0429629080456257,0.0399999488700654,-0.00592591835112079,-0.0199999744350327,0.0523600258434824,0.570370919543742,30.8000296553621,0.0476780644819847
data.3.train.preprocessed.mat,3,7,4,20,20.000025565,SimpleBaseline,spike_bins,ok,,0.1,2,0.1,1558,387,387,249,249,138,1309,0.643410852713178,0.15982028241335,0.256041131105398,0.0415662119282306,0.0499999360875817,0.0218875222230779,0,0.0532496802067262,0.584337880717695,145.500132298706,0.0933890451211206
data.3.train.preprocessed.mat,3,7,4,20,20.000025565,SimpleBaseline,burst_onsets,ok,,0.1,2,0.1,594,387,387,119,119,268,475,0.30749354005168,0.2003367003367,0.242609582059123,0.0588234542206844,0.0499999360875817,-0.0126050259044324,0,0.0692631306625077,0.411765457793156,49.0000894773856,0.0824917331269118
data.3.train.preprocessed.mat,3,7,4,20,20.000025565,OASIS,spike_bins,ok,,0.1,2,0.1,1558,141,141,123,123,18,1435,0.872340425531915,0.0789473684210526,0.144791053560918,0.033739794270482,0.0499999360875817,0.0109755957265423,0,0.0481359247043775,0.662602057295181,81.5000530473072,0.05231068873383
data.3.train.preprocessed.mat,3,7,4,20,20.000025565,OASIS,burst_onsets,ok,,0.1,2,0.1,594,141,141,54,54,87,540,0.382978723404255,0.0909090909090909,0.146938775510204,0.0611110329959332,0.0499999360875817,-0.0129629463930767,-0.0499999360875817,0.0708340135341132,0.388889670040668,21.0000421821961,0.0353536063673335
data.3.train.preprocessed.mat,3,7,4,10,10.0000127825,SimpleBaseline,spike_bins,ok,,0.1,1,0.1,1210,255,255,155,155,100,1055,0.607843137254902,0.128099173553719,0.21160409556314,0.0380644674731267,0,0.0161290116411554,0,0.0597438261825432,0.619355325268733,96.0000754166536,0.0793389053030195
data.3.train.preprocessed.mat,3,7,4,10,10.0000127825,SimpleBaseline,burst_onsets,ok,,0.1,1,0.1,537,255,255,79,79,176,458,0.309803921568627,0.147113594040968,0.19949494949495,0.063291058338711,0.0999998721751634,-0.00506328466709688,0,0.0799016551346866,0.36708941661289,29.0000639124183,0.0540038434123246
data.3.train.preprocessed.mat,3,7,4,10,10.0000127825,OASIS,spike_bins,ok,,0.1,1,0.1,1210,115,115,99,99,16,1111,0.860869565217391,0.0818181818181818,0.149433962264151,0.0353534901629366,0,0.0212120940977619,0,0.055828981260513,0.646465098370634,64.0000447386928,0.0528925989575974
data.3.train.preprocessed.mat,3,7,4,10,10.0000127825,OASIS,burst_onsets,ok,,0.1,1,0.1,537,115,115,39,39,76,498,0.339130434782609,0.0726256983240224,0.119631901840491,0.0743588793097369,0.0999998721751634,-0.0128204964327133,0,0.0863878979392786,0.256411206902631,10.0000370692026,0.018622042959409
data.3.train.preprocessed.mat,3,8,6,100,99.9996003444444,SimpleBaseline,spike_bins,ok,,0.1,10,0.1,1196,484,484,437,437,47,759,0.902892561983471,0.365384615384615,0.520238095238095,0.0324944090419124,0.0200000799314306,-0.00942795529948443,-0.0100000399657153,0.0415790118936953,0.675056037617493,294.999488438844,0.24665509066793
data.3.train.preprocessed.mat,3,8,6,100,99.9996003444444,SimpleBaseline,burst_onsets,ok,,0.1,10,0.1,555,484,484,280,280,204,275,0.578512396694215,0.504504504504504,0.53897978825794,0.042393026568943,0.0400001598628611,-0.0202500809305734,-0.0200000799314306,0.0470219742286322,0.576069934139147,161.299581558961,0.290629876682813
data.3.train.preprocessed.mat,3,8,6,100,99.9996003444444,OASIS,spike_bins,ok,,0.1,10,0.1,1196,208,208,181,181,27,1015,0.870192307692308,0.15133779264214,0.257834757834758,0.0315470874056543,0.0200000799314306,-0.011105016757507,-0.0100000399657153,0.0406325937124314,0.684529324668008,123.899807764909,0.103595156994071
data.3.train.preprocessed.mat,3,8,6,100,99.9996003444444,OASIS,burst_onsets,ok,,0.1,10,0.1,555,208,208,131,131,77,424,0.629807692307692,0.236036036036036,0.343381389252949,0.0438933051930251,0.0400001598628611,-0.0132061596493797,-0.0200000799314306,0.0514599311478924,0.561067314167904,73.4998181559955,0.132432104785577
data.3.train.preprocessed.mat,3,8,6,50,49.9998001722222,SimpleBaseline,spike_bins,ok,,0.1,5,0.1,1090,357,357,333,333,24,757,0.932773109243697,0.305504587155963,0.460262612301313,0.0278079189437008,0.0200000799314306,-0.00366367830575755,0,0.0376066388717699,0.721920906576723,240.399661890049,0.220550148522981
data.3.train.preprocessed.mat,3,8,6,50,49.9998001722222,SimpleBaseline,burst_onsets,ok,,0.1,5,0.1,543,357,357,232,232,125,311,0.649859943977591,0.427255985267035,0.515555555555556,0.0407760250326149,0.0400001598628611,-0.00681037204561644,0,0.0491681503423972,0.592240025299474,137.399685869478,0.2530380955239
data.3.train.preprocessed.mat,3,8,6,50,49.9998001722222,OASIS,spike_bins,ok,,0.1,5,0.1,1090,148,148,140,140,8,950,0.945945945945946,0.128440366972477,0.226171243941842,0.0302858353247377,0.0200000799314306,-0.00828574740016409,0,0.0392730970460244,0.697141760940381,97.5998465316533,0.0895411436070214
data.3.train.preprocessed.mat,3,8,6,50,49.9998001722222,OASIS,burst_onsets,ok,,0.1,5,0.1,543,148,148,109,109,39,434,0.736486486486487,0.20073664825046,0.31548480463097,0.0438533862716688,0.0400001598628611,-0.00165138274663188,0,0.0531337576162627,0.561466540607044,61.1998529261678,0.112706911466239
data.3.train.preprocessed.mat,3,8,6,20,19.9999200688889,SimpleBaseline,spike_bins,ok,,0.1,2,0.1,952,201,201,198,198,3,754,0.985074626865672,0.207983193277311,0.343451864700781,0.019191995893797,0,0.0116162080409824,0,0.0309153365959305,0.808080141985553,159.99986811314,0.168067088354138
data.3.train.preprocessed.mat,3,8,6,20,19.9999200688889,SimpleBaseline,burst_onsets,ok,,0.1,2,0.1,513,201,201,139,139,62,374,0.691542288557214,0.270955165692008,0.389355742296919,0.0417267854684522,0.0500001998285764,0.0280576660908558,0.0500001998285764,0.0485722338188716,0.582732979132559,80.9998840994257,0.15789451091506
data.3.train.preprocessed.mat,3,8,6,20,19.9999200688889,OASIS,spike_bins,ok,,0.1,2,0.1,952,130,130,127,127,3,825,0.976923076923077,0.133403361344538,0.234750462107209,0.0200788204036015,0,0.00590553541282398,0,0.0336970642744087,0.799211921840253,101.499914073712,0.106617556800118
data.3.train.preprocessed.mat,3,8,6,20,19.9999200688889,OASIS,burst_onsets,ok,,0.1,2,0.1,513,130,130,93,93,37,420,0.715384615384615,0.181286549707602,0.289269051321928,0.0408603783545355,0.0500001998285764,0.0129032773751165,0,0.0541252857525882,0.591397032958505,54.999924065141,0.107212327612361
data.3.train.preprocessed.mat,3,8,6,10,9.99996003444445,SimpleBaseline,spike_bins,ok,,0.1,1,0.1,813,157,157,157,157,0,656,1,0.193111931119311,0.323711340206186,0.0210191922846245,0,0.0210191922846245,0,0.0408749677321045,0.789808917197452,124,0.152521525215252
data.3.train.preprocessed.mat,3,8,6,10,9.99996003444445,SimpleBaseline,burst_onsets,ok,,0.1,1,0.1,489,157,157,103,103,54,386,0.656050955414013,0.210633946830266,0.318885448916409,0.0689323143267752,0.100000399657153,0.0514565163284378,0.100000399657153,0.0654760133192821,0.310679611650485,32,0.065439672801636
data.3.train.preprocessed.mat,3,8,6,10,9.99996003444445,OASIS,spike_bins,ok,,0.1,1,0.1,813,117,117,115,115,2,698,0.982905982905983,0.141451414514145,0.247311827956989,0.0130435303900634,0,0.00434784346335447,0,0.0360101433753295,0.869565217391304,100,0.1230012300123
data.3.train.preprocessed.mat,3,8,6,10,9.99996003444445,OASIS,burst_onsets,ok,,0.1,1,0.1,489,117,117,79,79,38,410,0.675213675213675,0.161554192229039,0.260726072607261,0.0468356302191728,0,0.0240507290314671,0,0.0644808051025186,0.531645569620253,42,0.0858895705521472
data.3.train.preprocessed.mat,3,9,7,100,99.9996003444444,SimpleBaseline,spike_bins,ok,,0.1,10,0.1,1785,588,588,553,553,35,1232,0.94047619047619,0.309803921568627,0.466076696165192,0.0259494707971093,0.0200000799314306,-0.00359856772726463,0,0.0353282840673898,0.74050536429964,409.499466457701,0.229411465802634
data.3.train.preprocessed.mat,3,9,7,100,99.9996003444444,SimpleBaseline,burst_onsets,ok,,0.1,10,0.1,627,588,588,290,290,298,337,0.493197278911565,0.462519936204147,0.477366255144033,0.0421036165453047,0.0400001598628611,-0.0106552149979518,-0.0100000399657153,0.0500028128240774,0.578964055047451,167.899575963761,0.267782417805041
data.3.train.preprocessed.mat,3,9,7,100,99.9996003444444,OASIS,spike_bins,ok,,0.1,10,0.1,1785,166,166,142,142,24,1643,0.855421686746988,0.0795518207282913,0.145566376217324,0.027464898497387,0.0200000799314306,-0.00845073799919601,-0.0100000399657153,0.0370221995584685,0.72535101502613,102.99984413371,0.0577029939124428
data.3.train.preprocessed.mat,3,9,7,100,99.9996003444444,OASIS,burst_onsets,ok,,0.1,10,0.1,627,166,166,85,85,81,542,0.512048192771084,0.135566188197767,0.21437578814628,0.0505884374736185,0.0500001998285764,-0.00988239243670687,-0.0200000799314306,0.0577041984119366,0.494115860356258,41.9998481302819,0.0669854037165581
data.3.train.preprocessed.mat,3,9,7,50,49.9998001722222,SimpleBaseline,spike_bins,ok,,0.1,5,0.1,1673,455,455,442,442,13,1231,0.971428571428571,0.264196054991034,0.415413533834586,0.0241629924963437,0.0200000799314306,0.002986437274829,0,0.0351498984328091,0.758370210666818,335.199633114734,0.200358417880893
data.3.train.preprocessed.mat,3,9,7,50,49.9998001722222,SimpleBaseline,burst_onsets,ok,,0.1,5,0.1,609,455,455,238,238,217,371,0.523076923076923,0.390804597701149,0.447368421052632,0.0457985023639902,0.0400001598628611,0.00277312032662693,0,0.05582430438002,0.542015463337302,128.999680274278,0.211822135097336
data.3.train.preprocessed.mat,3,9,7,50,49.9998001722222,OASIS,spike_bins,ok,,0.1,5,0.1,1673,123,123,114,114,9,1559,0.926829268292683,0.0681410639569635,0.126948775055679,0.0254386981583985,0.0200000799314306,-0.00333334665523843,0,0.0349885492082218,0.74561305347366,84.9998880959972,0.0508068667638955
data.3.train.preprocessed.mat,3,9,7,50,49.9998001722222,OASIS,burst_onsets,ok,,0.1,5,0.1,609,123,123,71,71,52,538,0.577235772357724,0.116584564860427,0.193989071038251,0.0509861192618159,0.0400001598628611,0.00140845633319933,-0.0200000799314306,0.0594572034455944,0.490139370279239,34.799895289826,0.0571426852049687
data.3.train.preprocessed.mat,3,9,7,20,19.9999200688889,SimpleBaseline,spike_bins,ok,,0.1,2,0.1,1380,245,245,244,244,1,1136,0.995918367346939,0.176811594202899,0.300307692307692,0.0153689138817345,0,0.0104508614395795,0,0.0272808782579919,0.846310926700221,206.499866114854,0.149637584141198
data.3.train.preprocessed.mat,3,9,7,20,19.9999200688889,SimpleBaseline,burst_onsets,ok,,0.1,2,0.1,558,245,245,136,136,109,422,0.555102040816327,0.243727598566308,0.338729763387298,0.0573531703916023,0.0500001998285764,0.0441178233781556,0.0500001998285764,0.0523730972405595,0.426469736025189,57.9998840994257,0.103942444622627
data.3.train.preprocessed.mat,3,9,7,20,19.9999200688889,OASIS,spike_bins,ok,,0.1,2,0.1,1380,136,136,134,134,2,1246,0.985294117647059,0.0971014492753623,0.176781002638522,0.0167911118827309,0,-0.00186567909808121,0,0.0315078027637565,0.832089000473334,111.499926063427,0.0807970478720483
data.3.train.preprocessed.mat,3,9,7,20,19.9999200688889,OASIS,burst_onsets,ok,,0.1,2,0.1,558,136,136,71,71,65,487,0.522058823529412,0.127240143369176,0.204610951008646,0.0549297969947741,0.0500001998285764,0.00281691266639867,0,0.0664872805337791,0.450703324716275,31.9999360548555,0.057347555653863
data.3.train.preprocessed.mat,3,9,7,10,9.99996003444445,SimpleBaseline,spike_bins,ok,,0.1,1,0.1,1090,187,187,186,186,1,904,0.994652406417112,0.170642201834862,0.291307752545027,0.00967745803133737,0,0.00967745803133737,0,0.0296449206892442,0.903225806451613,168,0.154128440366972
data.3.train.preprocessed.mat,3,9,7,10,9.99996003444445,SimpleBaseline,burst_onsets,ok,,0.1,1,0.1,513,187,187,79,79,108,434,0.422459893048128,0.153996101364522,0.225714285714286,0.0835446376882542,0.100000399657153,0.0835446376882542,0.100000399657153,0.0373150933672454,0.164556962025316,13,0.0253411306042885
data.3.train.preprocessed.mat,3,9,7,10,9.99996003444445,OASIS,spike_bins,ok,,0.1,1,0.1,1090,121,121,117,117,4,973,0.966942148760331,0.107339449541284,0.193228736581338,0.00341881708229582,0,0,0,0.0185696080321753,0.965811965811966,113,0.103669724770642
data.3.train.preprocessed.mat,3,9,7,10,9.99996003444445,OASIS,burst_onsets,ok,,0.1,1,0.1,513,121,121,58,58,63,455,0.479338842975207,0.113060428849903,0.182965299684543,0.0568967791152766,0.100000399657153,0.0465519101852263,0.100000399657153,0.0598700314442414,0.431034482758621,25,0.0487329434697856
data.3.train.preprocessed.mat,3,10,7,100,100.000127825,SimpleBaseline,spike_bins,ok,,0.1,10,0.1,2675,1019,1019,707,707,312,1968,0.693817468105986,0.264299065420561,0.382782891174878,0.0331682744343363,0.0199999744350327,0.00858556186850413,0.00999998721751634,0.0431018002388027,0.668317255656636,472.500299749242,0.176635626074483
data.3.train.preprocessed.mat,3,10,7,100,100.000127825,SimpleBaseline,burst_onsets,ok,,0.1,10,0.1,816,1019,1019,320,320,699,496,0.314033366045142,0.392156862745098,0.348773841961853,0.0530624321729461,0.0499999360875817,-0.0111249857794869,-0.0199999744350327,0.0596487129825353,0.469375678270539,150.200217046573,0.184068893439427
data.3.train.preprocessed.mat,3,10,7,100,100.000127825,OASIS,spike_bins,ok,,0.1,10,0.1,2675,429,429,358,358,71,2317,0.834498834498835,0.133831775700935,0.230670103092783,0.0268714740314266,0.0199999744350327,0.00765362150167451,0.00999998721751634,0.0366078402761722,0.731285259685735,261.800122967493,0.0978692048476609
data.3.train.preprocessed.mat,3,10,7,100,100.000127825,OASIS,burst_onsets,ok,,0.1,10,0.1,816,429,429,142,142,287,674,0.331002331002331,0.174019607843137,0.228112449799197,0.0479576851769622,0.0399999488700654,-0.00415492426643285,0,0.0562824342861951,0.520423148230378,73.9000870487137,0.0905638321675414
data.3.train.preprocessed.mat,3,10,7,50,50.0000639125,SimpleBaseline,spike_bins,ok,,0.1,5,0.1,2545,763,763,564,564,199,1981,0.739187418086501,0.221611001964637,0.3409915356711,0.0316666261888017,0.0199999744350327,0.0109574328021722,0,0.0424615672777349,0.683333738111983,385.400228295158,0.151434274379237
data.3.train.preprocessed.mat,3,10,7,50,50.0000639125,SimpleBaseline,burst_onsets,ok,,0.1,5,0.1,788,763,763,254,254,509,534,0.332896461336828,0.322335025380711,0.327530625402966,0.0529920582471535,0.059999923305098,-0.00795274573991457,-0.0199999744350327,0.0616612245755524,0.470079417528465,119.40017205223,0.151523060979987
data.3.train.preprocessed.mat,3,10,7,50,50.0000639125,OASIS,spike_bins,ok,,0.1,5,0.1,2545,164,164,154,154,10,2391,0.939024390243902,0.0605108055009823,0.113695090439276,0.0253246429534505,0.0199999744350327,0.010259727145244,0,0.0364601215068541,0.746753570465495,115.000049851686,0.0451866600596017
data.3.train.preprocessed.mat,3,10,7,50,50.0000639125,OASIS,burst_onsets,ok,,0.1,5,0.1,788,164,164,55,55,109,733,0.335365853658537,0.0697969543147208,0.115546218487395,0.0498181181381723,0.0399999488700654,-0.00181817949409388,0,0.059662273335051,0.501818818618277,27.6000350240052,0.035025425157367
data.3.train.preprocessed.mat,3,10,7,20,20.000025565,SimpleBaseline,spike_bins,ok,,0.1,2,0.1,2052,402,402,306,306,96,1746,0.761194029850746,0.149122807017544,0.249388753056235,0.0364378619200351,0.0499999360875817,0.0217319983648639,0,0.0495216499742138,0.63562138079965,194.500142524693,0.0947856445052109
data.3.train.preprocessed.mat,3,10,7,20,20.000025565,SimpleBaseline,burst_onsets,ok,,0.1,2,0.1,725,402,402,120,120,282,605,0.298507462686567,0.16551724137931,0.212954747116238,0.0604165894391612,0.0499999360875817,-0.0129166501559586,0,0.0711536168926391,0.395834105608388,47.5000926730065,0.0655173692041469
data.3.train.preprocessed.mat,3,10,7,20,20.000025565,OASIS,spike_bins,ok,,0.1,2,0.1,2052,189,189,174,174,15,1878,0.920634920634921,0.0847953216374269,0.15528781793842,0.0252873239983172,0,0.0166666453625272,0,0.0392609459671429,0.747126760016829,130.000056242928,0.0633528539195556
data.3.train.preprocessed.mat,3,10,7,20,20.000025565,OASIS,burst_onsets,ok,,0.1,2,0.1,725,189,189,56,56,133,669,0.296296296296296,0.0772413793103448,0.12253829321663,0.0633927761110411,0.0499999360875817,-0.00624999201094771,0,0.0732755379044233,0.366072238889589,20.500045377817,0.0282759246590579
data.3.train.preprocessed.mat,3,10,7,10,10.0000127825,SimpleBaseline,spike_bins,ok,,0.1,1,0.1,1589,251,251,190,190,61,1399,0.756972111553785,0.119572057898049,0.206521739130435,0.0347367977029515,0,0.0242104953687238,0,0.0538776870884132,0.652632022970485,124.000084364392,0.0780365540367477
data.3.train.preprocessed.mat,3,10,7,10,10.0000127825,SimpleBaseline,burst_onsets,ok,,0.1,1,0.1,647,251,251,73,73,178,574,0.290836653386454,0.112828438948995,0.162583518930958,0.049315005456245,0,-0.0164383351520817,0,0.0687460203589589,0.50684994543755,37.0000460169412,0.0571870881251023
data.3.train.preprocessed.mat,3,10,7,10,10.0000127825,OASIS,spike_bins,ok,,0.1,1,0.1,1589,198,198,178,178,20,1411,0.898989898989899,0.112020138451857,0.199216564073867,0.0275280546999045,0,0.0185393021448337,0,0.0492210010092437,0.724719453000955,129.00006263417,0.0811831734639206
data.3.train.preprocessed.mat,3,10,7,10,10.0000127825,OASIS,burst_onsets,ok,,0.1,1,0.1,647,198,198,53,53,145,594,0.267676767676768,0.0819165378670788,0.125443786982249,0.0603772813133062,0.0999998721751634,-0.00754716016416328,0,0.0780754469573602,0.396227186866938,21.0000409039477,0.0324575593569516
data.3.train.preprocessed.mat,3,11,8,100,99.9996003444444,SimpleBaseline,spike_bins,ok,,0.1,10,0.1,1500,731,731,655,655,76,845,0.896032831737346,0.436666666666667,0.587180636485881,0.031740584868278,0.0200000799314306,-0.00639697213074,0,0.0407293120342773,0.682594255045031,447.099237054496,0.29806615803633
data.3.train.preprocessed.mat,3,11,8,100,99.9996003444444,SimpleBaseline,burst_onsets,ok,,0.1,10,0.1,722,731,731,445,445,286,277,0.60875512995896,0.616343490304709,0.612525808671714,0.0417754478567746,0.0400001598628611,-0.0140899439516932,-0.0200000799314306,0.0480653787936555,0.582245656148148,259.099316985926,0.358863319925105
data.3.train.preprocessed.mat,3,11,8,100,99.9996003444444,OASIS,spike_bins,ok,,0.1,10,0.1,1500,285,285,261,261,24,1239,0.91578947368421,0.174,0.292436974789916,0.0295403479446992,0.0200000799314306,-0.0066283789811063,-0.0100000399657153,0.0383022392921294,0.704596612428216,183.899715843764,0.12259981056251
data.3.train.preprocessed.mat,3,11,8,100,99.9996003444444,OASIS,burst_onsets,ok,,0.1,10,0.1,722,285,285,201,201,84,521,0.705263157894737,0.278393351800554,0.399205561072493,0.0445275411408715,0.0400001598628611,-0.00990053708048428,-0.0100000399657153,0.0523833177920231,0.554724847076011,111.499694262278,0.15443170950454
data.3.train.preprocessed.mat,3,11,8,50,49.9998001722222,SimpleBaseline,spike_bins,ok,,0.1,5,0.1,1421,578,578,545,545,33,876,0.942906574394464,0.383532723434201,0.545272636318159,0.0307524164817226,0.0200000799314306,-0.00587158309913558,0,0.0401929636449386,0.692475974512791,377.399406109471,0.265587196417643
data.3.train.preprocessed.mat,3,11,8,50,49.9998001722222,SimpleBaseline,burst_onsets,ok,,0.1,5,0.1,701,578,578,387,387,191,314,0.669550173010381,0.55206847360913,0.605160281469898,0.0459950158629798,0.0400001598628611,-0.00248063006901464,0,0.0544598477220382,0.540050192490181,208.9994244937,0.298144685440371
data.3.train.preprocessed.mat,3,11,8,50,49.9998001722222,OASIS,spike_bins,ok,,0.1,5,0.1,1421,176,176,169,169,7,1252,0.960227272727273,0.118930330752991,0.211646837820914,0.0299409480630292,0.0200000799314306,-0.00650890175283243,0,0.0403291827414047,0.700590684908174,118.399825749481,0.0833214818785935
data.3.train.preprocessed.mat,3,11,8,50,49.9998001722222,OASIS,burst_onsets,ok,,0.1,5,0.1,701,176,176,122,122,54,579,0.693181818181818,0.174037089871612,0.278221208665906,0.0483608490145247,0.0400001598628611,-0.00475411736074989,-0.0200000799314306,0.0570953802384556,0.516391968477715,62.9998201542813,0.0898713554269347
data.3.train.preprocessed.mat,3,11,8,20,19.9999200688889,SimpleBaseline,spike_bins,ok,,0.1,2,0.1,1284,331,331,329,329,2,955,0.993957703927492,0.256230529595016,0.407430340557276,0.0232523725646571,0,0.0138298425057765,0,0.034241677912304,0.767476432272669,252.499746217708,0.196650892692919
data.3.train.preprocessed.mat,3,11,8,20,19.9999200688889,SimpleBaseline,burst_onsets,ok,,0.1,2,0.1,645,331,331,232,232,99,413,0.700906344410876,0.35968992248062,0.475409836065574,0.0506467541367046,0.0500001998285764,0.0312501248928603,0.0500001998285764,0.054093989986963,0.493533543908843,114.499782186852,0.177519042150158
data.3.train.preprocessed.mat,3,11,8,20,19.9999200688889,OASIS,spike_bins,ok,,0.1,2,0.1,1284,201,201,196,196,5,1088,0.975124378109453,0.152647975077882,0.263973063973064,0.0239796876728887,0,0.00204082448279904,0,0.0378381102843645,0.760203306787153,148.999848130282,0.116043495428568
data.3.train.preprocessed.mat,3,11,8,20,19.9999200688889,OASIS,burst_onsets,ok,,0.1,2,0.1,645,201,201,140,140,61,505,0.696517412935323,0.217054263565891,0.33096926713948,0.0457144684146984,0.0500001998285764,0.00785717425877629,0,0.0576120010578178,0.5428561722612,75.999864116568,0.117829246692354
data.3.train.preprocessed.mat,3,11,8,10,9.99996003444445,SimpleBaseline,spike_bins,ok,,0.1,1,0.1,1094,251,251,247,247,4,847,0.98406374501992,0.225776965265082,0.36728624535316,0.0202429958820147,0,0.0202429958820147,0,0.040262785812311,0.797570850202429,197,0.180073126142596
data.3.train.preprocessed.mat,3,11,8,10,9.99996003444445,SimpleBaseline,burst_onsets,ok,,0.1,1,0.1,582,251,251,153,153,98,429,0.609561752988048,0.262886597938144,0.36734693877551,0.0732029069385694,0.100000399657153,0.062745348804488,0.100000399657153,0.0583575185961721,0.26797385620915,41,0.070446735395189
data.3.train.preprocessed.mat,3,11,8,10,9.99996003444445,OASIS,spike_bins,ok,,0.1,1,0.1,1094,192,192,190,190,2,904,0.989583333333333,0.173674588665448,0.295489891135303,0.0131579473233096,0,0.00684213260812098,0,0.0357169346367305,0.868421052631579,165,0.150822669104205
data.3.train.preprocessed.mat,3,11,8,10,9.99996003444445,OASIS,burst_onsets,ok,,0.1,1,0.1,582,192,192,121,121,71,461,0.630208333333333,0.207903780068729,0.31266149870801,0.046281176700831,0,0.0247934875183023,0,0.0636149691730983,0.537190082644628,65,0.111683848797251
data.3.train.preprocessed.mat,3,12,9,100,99.9996003444444,SimpleBaseline,spike_bins,ok,,0.1,10,0.1,1755,753,753,606,606,147,1149,0.804780876494024,0.345299145299145,0.483253588516746,0.0343070678031717,0.0300001198971458,-0.00694722248443256,0,0.0432073864614759,0.656929361538298,398.099193092209,0.226837147061088
data.3.train.preprocessed.mat,3,12,9,100,99.9996003444444,SimpleBaseline,burst_onsets,ok,,0.1,10,0.1,752,753,753,413,413,340,339,0.548472775564409,0.549202127659574,0.548837209302325,0.0463440108822737,0.0400001598628611,-0.01472160847253,-0.0200000799314306,0.0526183846924462,0.536560016977335,221.599287011639,0.29467990294101
data.3.train.preprocessed.mat,3,12,9,100,99.9996003444444,OASIS,spike_bins,ok,,0.1,10,0.1,1755,406,406,342,342,64,1413,0.842364532019704,0.194871794871795,0.316520129569644,0.0295907615359762,0.0200000799314306,-0.0080117279257485,0,0.039537361741402,0.70409246644141,240.799623522962,0.137207762691146
data.3.train.preprocessed.mat,3,12,9,100,99.9996003444444,OASIS,burst_onsets,ok,,0.1,10,0.1,752,406,406,252,252,154,500,0.620689655172414,0.335106382978723,0.435233160621762,0.043174775724993,0.0400001598628611,-0.00626986632771037,-0.0100000399657153,0.0517001396097775,0.568252433063,143.199613131876,0.190425017462601
data.3.train.preprocessed.mat,3,12,9,50,49.9998001722222,SimpleBaseline,spike_bins,ok,,0.1,5,0.1,1569,570,570,506,506,64,1063,0.887719298245614,0.322498406628426,0.473118279569893,0.0320554640798225,0.0200000799314306,-0.00272728362701326,0,0.042024120660398,0.679445493473941,343.799419697814,0.21912008903621
data.3.train.preprocessed.mat,3,12,9,50,49.9998001722222,SimpleBaseline,burst_onsets,ok,,0.1,5,0.1,729,570,570,343,343,227,386,0.601754385964912,0.470507544581619,0.528098537336413,0.0478136021684346,0.0400001598628611,-0.00513121584246615,-0.0200000799314306,0.0566248003562334,0.521864456039948,178.999508421702,0.245541163815778
data.3.train.preprocessed.mat,3,12,9,50,49.9998001722222,OASIS,spike_bins,ok,,0.1,5,0.1,1569,190,190,165,165,25,1404,0.868421052631579,0.105162523900574,0.187606594656055,0.0224243320443312,0.0200000799314306,-0.00327274035241591,0,0.0327065788800834,0.775756679556687,127.999852126853,0.0815805303549098
data.3.train.preprocessed.mat,3,12,9,50,49.9998001722222,OASIS,burst_onsets,ok,,0.1,5,0.1,729,190,190,123,123,67,606,0.647368421052632,0.168724279835391,0.267682263329706,0.0395123530352653,0.0400001598628611,0.00439026144836281,0,0.0486903548657496,0.604876567124702,74.3998177563383,0.102057363177419
data.3.train.preprocessed.mat,3,12,9,20,19.9999200688889,SimpleBaseline,spike_bins,ok,,0.1,2,0.1,1310,298,298,291,291,7,1019,0.976510067114094,0.222137404580153,0.361940298507463,0.0269760528284759,0,0.0118557174851264,0,0.0392428999891819,0.730239732659774,212.499762203994,0.162213558934347
data.3.train.preprocessed.mat,3,12,9,20,19.9999200688889,SimpleBaseline,burst_onsets,ok,,0.1,2,0.1,693,298,298,212,212,86,481,0.711409395973154,0.305916305916306,0.427850655903128,0.0511794498245334,0.0500001998285764,0.0247642499150968,0.0500001998285764,0.0577005598733845,0.48820659515631,103.499798173138,0.149350358114196
data.3.train.preprocessed.mat,3,12,9,20,19.9999200688889,OASIS,spike_bins,ok,,0.1,2,0.1,1310,186,186,177,177,9,1133,0.951612903225806,0.135114503816794,0.236631016042781,0.0214690123557729,0,-0.00112994801872489,0,0.0369102049090423,0.785310102237272,138.999888095997,0.106106784806105
data.3.train.preprocessed.mat,3,12,9,20,19.9999200688889,OASIS,burst_onsets,ok,,0.1,2,0.1,693,186,186,135,135,51,558,0.725806451612903,0.194805194805195,0.307167235494881,0.0492594561274123,0.0500001998285764,0.0129630147703717,0,0.0610736532292121,0.507406563686751,68.4998860977114,0.0988454344844321
data.3.train.preprocessed.mat,3,12,9,10,9.99996003444445,SimpleBaseline,spike_bins,ok,,0.1,1,0.1,1076,211,211,211,211,0,865,1,0.196096654275093,0.327894327894328,0.030331874777525,0,0.030331874777525,0,0.0460786254143095,0.696682464454976,147,0.136617100371747
data.3.train.preprocessed.mat,3,12,9,10,9.99996003444445,SimpleBaseline,burst_onsets,ok,,0.1,1,0.1,654,211,211,133,133,78,521,0.630331753554502,0.203363914373089,0.307514450867052,0.0729326223063445,0.100000399657153,0.0593987336309404,0.100000399657153,0.0615922492595737,0.270676691729323,36,0.055045871559633
data.3.train.preprocessed.mat,3,12,9,10,9.99996003444445,OASIS,spike_bins,ok,,0.1,1,0.1,1076,168,168,167,167,1,909,0.994047619047619,0.155204460966543,0.268488745980707,0.0167665340742532,0,0.00479043830692948,0,0.0407881591696674,0.832335329341317,139,0.129182156133829
data.3.train.preprocessed.mat,3,12,9,10,9.99996003444445,OASIS,burst_onsets,ok,,0.1,1,0.1,654,168,168,123,123,45,531,0.732142857142857,0.188073394495413,0.299270072992701,0.0634148875874627,0.100000399657153,0.0373985234490165,0.100000399657153,0.0705930579445564,0.365853658536585,45,0.0688073394495413
data.3.train.preprocessed.mat,3,13,11,100,99.9996003444444,SimpleBaseline,spike_bins,ok,,0.1,10,0.1,984,699,699,482,482,217,502,0.689556509298999,0.489837398373984,0.572786690433749,0.0367428854341945,0.0300001198971458,-0.0116390506654902,-0.0100000399657153,0.0449858598089837,0.632571294907614,304.89936414547,0.309857077383608
data.3.train.preprocessed.mat,3,13,11,100,99.9996003444444,SimpleBaseline,burst_onsets,ok,,0.1,10,0.1,511,699,699,363,363,336,148,0.51931330472103,0.710371819960861,0.6,0.0442150527409725,0.0400001598628611,-0.02195601061343,-0.0300001198971458,0.0481915496221688,0.557849681777214,202.499434485129,0.396280693708667
data.3.train.preprocessed.mat,3,13,11,100,99.9996003444444,OASIS,spike_bins,ok,,0.1,10,0.1,984,411,411,308,308,103,676,0.749391727493917,0.313008130081301,0.4415770609319,0.0322403885907639,0.0200000799314306,-0.0103571842502051,-0.0100000399657153,0.0407688643764228,0.677596204923532,208.699631116448,0.212093121053301
data.3.train.preprocessed.mat,3,13,11,100,99.9996003444444,OASIS,burst_onsets,ok,,0.1,10,0.1,511,411,411,271,271,140,240,0.659367396593674,0.530332681017613,0.587852494577007,0.0418082851703152,0.0400001598628611,-0.0105166471964164,-0.0100000399657153,0.049692871704959,0.581917369509295,157.699607137019,0.308609798702581
data.3.train.preprocessed.mat,3,13,11,50,49.9998001722222,SimpleBaseline,spike_bins,ok,,0.1,5,0.1,880,520,520,415,415,105,465,0.798076923076923,0.471590909090909,0.592857142857143,0.0341688112563476,0.0200000799314306,-0.00708436566245854,0,0.0433494470220617,0.658312060781795,273.199505224445,0.310453983209596
data.3.train.preprocessed.mat,3,13,11,50,49.9998001722222,SimpleBaseline,burst_onsets,ok,,0.1,5,0.1,494,520,520,324,324,196,170,0.623076923076923,0.65587044534413,0.63905325443787,0.0414816472651893,0.0400001598628611,-0.0113580700845161,-0.0200000799314306,0.049261064014533,0.585183835725539,189.599562775075,0.383804782945496
data.3.train.preprocessed.mat,3,13,11,50,49.9998001722222,OASIS,spike_bins,ok,,0.1,5,0.1,880,208,208,171,171,37,709,0.822115384615385,0.194318181818182,0.314338235294118,0.0313451545124175,0.0200000799314306,-0.0119298722398007,0,0.0403269992545298,0.686548595106405,117.399809763195,0.133408874730904
data.3.train.preprocessed.mat,3,13,11,50,49.9998001722222,OASIS,burst_onsets,ok,,0.1,5,0.1,494,208,208,153,153,55,341,0.735576923076923,0.309716599190283,0.435897435897436,0.0410459156762693,0.0400001598628611,-0.0122876308075456,-0.0200000799314306,0.0492110311153219,0.58954107832975,90.1997849844518,0.182590657863263
data.3.train.preprocessed.mat,3,13,11,20,19.9999200688889,SimpleBaseline,spike_bins,ok,,0.1,2,0.1,771,266,266,251,251,15,520,0.943609022556391,0.325551232166018,0.484088717454195,0.0300798014904981,0.0500001998285764,0.00498009958451956,0,0.0441034596044808,0.69920235131472,175.499790179995,0.227626187003884
data.3.train.preprocessed.mat,3,13,11,20,19.9999200688889,SimpleBaseline,burst_onsets,ok,,0.1,2,0.1,474,266,266,215,215,51,259,0.808270676691729,0.453586497890295,0.581081081081081,0.049302522621666,0.0500001998285764,0.0186047255176098,0,0.0586286936133095,0.506975814750807,108.999800171424,0.229957384327898
data.3.train.preprocessed.mat,3,13,11,20,19.9999200688889,OASIS,spike_bins,ok,,0.1,2,0.1,771,184,184,165,165,19,606,0.896739130434783,0.214007782101167,0.345549738219895,0.0312122459535962,0.0500001998285764,-0.00454547271168876,0,0.0458053716271799,0.687877976453659,113.499866114854,0.147211240097087
data.3.train.preprocessed.mat,3,13,11,20,19.9999200688889,OASIS,burst_onsets,ok,,0.1,2,0.1,474,184,184,144,144,40,330,0.782608695652174,0.30379746835443,0.437689969604863,0.0479168581690524,0.0500001998285764,0.00208334165952402,0,0.060843674009571,0.520832445206327,74.9998721097111,0.15822757829053
data.3.train.preprocessed.mat,3,13,11,10,9.99996003444445,SimpleBaseline,spike_bins,ok,,0.1,1,0.1,679,201,201,197,197,4,482,0.980099502487562,0.290132547864507,0.447727272727273,0.0289341257891254,0,0.0279188933052965,0,0.046094956851088,0.710659898477157,140,0.206185567010309
data.3.train.preprocessed.mat,3,13,11,10,9.99996003444445,SimpleBaseline,burst_onsets,ok,,0.1,1,0.1,439,201,201,155,155,46,284,0.771144278606965,0.353075170842825,0.484375,0.0690325339568732,0.100000399657153,0.062580895269315,0.100000399657153,0.054829810032942,0.309677419354839,48,0.109339407744875
data.3.train.preprocessed.mat,3,13,11,10,9.99996003444445,OASIS,spike_bins,ok,,0.1,1,0.1,679,166,166,158,158,8,521,0.951807228915663,0.232695139911635,0.37396449704142,0.0202532455001828,0,0.0113924505938529,0,0.0436762893003573,0.79746835443038,126,0.185567010309278
data.3.train.preprocessed.mat,3,13,11,10,9.99996003444445,OASIS,burst_onsets,ok,,0.1,1,0.1,439,166,166,128,128,38,311,0.771084337349398,0.291571753986333,0.423140495867769,0.0507814529508979,0.100000399657153,0.0367188967491108,0,0.0613127834167301,0.4921875,63,0.143507972665148
data.4.train.preprocessed.mat,4,1,1,100,99.9992796219456,SimpleBaseline,spike_bins,ok,,0.1,10,0.1,1861,315,315,197,197,118,1664,0.625396825396825,0.105857066093498,0.181066176470588,0.0323352583168154,0.0200001440766488,-0.00238580398883881,0,0.0426891843548119,0.67664763623791,133.299584338868,0.0716279335512457
data.4.train.preprocessed.mat,4,1,1,100,99.9992796219456,SimpleBaseline,burst_onsets,ok,,0.1,10,0.1,514,315,315,155,155,160,359,0.492063492063492,0.301556420233463,0.37394451145959,0.0485809951281178,0.0500003601916219,0.00225808078284744,0.0100000720383244,0.0566899065627181,0.514190513482205,79.6995295897418,0.1550574505637
data.4.train.preprocessed.mat,4,1,1,100,99.9992796219456,OASIS,spike_bins,ok,,0.1,10,0.1,1861,915,915,507,507,408,1354,0.554098360655738,0.272434175174637,0.365273775216138,0.0354834903292812,0.0300002161149732,-0.00522686211076127,0,0.0466181350023976,0.645165409299522,327.098862514858,0.175765106133723
data.4.train.preprocessed.mat,4,1,1,100,99.9992796219456,OASIS,burst_onsets,ok,,0.1,10,0.1,514,915,915,365,365,550,149,0.398907103825137,0.71011673151751,0.510846745976207,0.0495893983270333,0.0500003601916219,-0.00471236271395012,-0.0100000720383244,0.0578913431442203,0.504106608825484,183.998912221302,0.357974537395529
data.4.train.preprocessed.mat,4,1,1,50,49.9996398109728,SimpleBaseline,spike_bins,ok,,0.1,5,0.1,1715,323,323,208,208,115,1507,0.643962848297214,0.121282798833819,0.204121687929343,0.0336540885905148,0.0200001440766488,0.000192309077660083,0,0.0451726902984238,0.66345952970057,137.999582177719,0.0804662286750545
data.4.train.preprocessed.mat,4,1,1,50,49.9996398109728,SimpleBaseline,burst_onsets,ok,,0.1,5,0.1,510,323,323,161,161,162,349,0.498452012383901,0.315686274509804,0.386554621848739,0.0498140234455662,0.0400002881532976,0.00360251042374419,0,0.0583480080552064,0.501860794663258,80.7995879407845,0.158430564589774
data.4.train.preprocessed.mat,4,1,1,50,49.9996398109728,OASIS,spike_bins,ok,,0.1,5,0.1,1715,452,452,263,263,189,1452,0.581858407079646,0.1533527696793,0.242731887401938,0.0352854252911218,0.0200001440766488,0.00456277051178299,0,0.0475078633293668,0.647146349690735,170.199489968663,0.0992416851129232
data.4.train.preprocessed.mat,4,1,1,50,49.9996398109728,OASIS,burst_onsets,ok,,0.1,5,0.1,510,452,452,197,197,255,313,0.435840707964602,0.386274509803922,0.40956340956341,0.0498480748306322,0.0400002881532976,0.00680207945754045,0.0200001440766488,0.0584185686642785,0.501520202453289,98.7994798832979,0.193724470359408
data.4.train.preprocessed.mat,4,1,1,20,19.9998559243891,SimpleBaseline,spike_bins,ok,,0.1,2,0.1,1260,325,325,224,224,101,1036,0.689230769230769,0.177777777777778,0.282649842271293,0.0352681112065905,0.025000180095811,0.00446431787425196,0,0.0527514118905913,0.647320367292542,144.99976227353,0.115079176407563
data.4.train.preprocessed.mat,4,1,1,20,19.9998559243891,SimpleBaseline,burst_onsets,ok,,0.1,2,0.1,481,325,325,173,173,152,308,0.532307692307692,0.35966735966736,0.429280397022332,0.0552027098069352,0.0500003601916219,0.00953764096140765,0,0.0663313523771568,0.447975358728994,77.499737060116,0.161122114470096
data.4.train.preprocessed.mat,4,1,1,20,19.9998559243891,OASIS,spike_bins,ok,,0.1,2,0.1,1260,247,247,175,175,72,1085,0.708502024291498,0.138888888888889,0.232249502322495,0.0348573939621593,0,0.00971435569437226,0,0.0516115237096883,0.651427501144895,113.999812700357,0.0904760418256798
data.4.train.preprocessed.mat,4,1,1,20,19.9998559243891,OASIS,burst_onsets,ok,,0.1,2,0.1,481,247,247,133,133,114,348,0.538461538461538,0.276507276507277,0.365384615384615,0.0560154411169298,0.0500003601916219,0.0184211853337555,0.0500003601916219,0.0649811424544786,0.439848080381771,58.4997946907755,0.121621194783317
data.4.train.preprocessed.mat,4,1,1,10,9.99992796219456,SimpleBaseline,spike_bins,ok,,0.1,1,0.1,937,295,295,209,209,86,728,0.708474576271186,0.223052294557097,0.339285714285714,0.0406701494381614,0,0.0119618086582828,0,0.0627919148046817,0.593301435406699,124,0.132337246531483
data.4.train.preprocessed.mat,4,1,1,10,9.99992796219456,SimpleBaseline,burst_onsets,ok,,0.1,1,0.1,445,295,295,154,154,141,291,0.522033898305085,0.346067415730337,0.416216216216216,0.0694810200065396,0.100000720383244,0.0201300151420816,0,0.081152318648708,0.305194805194805,47,0.10561797752809
data.4.train.preprocessed.mat,4,1,1,10,9.99992796219456,OASIS,spike_bins,ok,,0.1,1,0.1,937,188,188,147,147,41,790,0.781914893617021,0.156883671291355,0.261333333333333,0.0380955125269501,0,0.0122449861693768,0,0.0607017712294342,0.619047619047619,91,0.0971184631803629
data.4.train.preprocessed.mat,4,1,1,10,9.99992796219456,OASIS,burst_onsets,ok,,0.1,1,0.1,445,188,188,103,103,85,342,0.547872340425532,0.231460674157303,0.325434439178515,0.0660198930685493,0.100000720383244,0.0194176156083969,0,0.0792844399260868,0.339805825242718,35,0.0786516853932584
data.4.train.preprocessed.mat,4,2,2,100,100,SimpleBaseline,spike_bins,ok,,0.1,10,0.1,790,327,327,146,146,181,644,0.446483180428135,0.184810126582278,0.261414503133393,0.0337671232876712,0.03,-0.00938356164383562,0,0.0455952599281643,0.662328767123288,96.7,0.122405063291139
data.4.train.preprocessed.mat,4,2,2,100,100,SimpleBaseline,burst_onsets,ok,,0.1,10,0.1,252,327,327,129,129,198,123,0.394495412844037,0.511904761904762,0.44559585492228,0.0482945736434109,0.05,0.00162790697674419,0,0.0577276836978263,0.517054263565891,66.7,0.26468253968254
data.4.train.preprocessed.mat,4,2,2,100,100,OASIS,spike_bins,ok,,0.1,10,0.1,790,903,903,257,257,646,533,0.284606866002215,0.325316455696203,0.303603071470762,0.0398054474708171,0.03,-0.00299610894941634,0,0.050943941161345,0.601945525291829,154.7,0.195822784810127
data.4.train.preprocessed.mat,4,2,2,100,100,OASIS,burst_onsets,ok,,0.1,10,0.1,252,903,903,187,187,716,65,0.207087486157254,0.742063492063492,0.323809523809524,0.0514438502673797,0.05,-0.00524064171122995,-0.01,0.0596704286879276,0.485561497326203,90.8,0.36031746031746
data.4.train.preprocessed.mat,4,2,2,50,50,SimpleBaseline,spike_bins,ok,,0.1,5,0.1,705,331,331,152,152,179,553,0.459214501510574,0.215602836879433,0.293436293436293,0.035921052631579,0.02,-0.0056578947368421,0,0.0483046492851194,0.640789473684211,97.4,0.138156028368794
data.4.train.preprocessed.mat,4,2,2,50,50,SimpleBaseline,burst_onsets,ok,,0.1,5,0.1,250,331,331,130,130,201,120,0.392749244712991,0.52,0.44750430292599,0.0498461538461539,0.04,0.00184615384615385,0,0.0587965170010011,0.501538461538462,65.2,0.2608
data.4.train.preprocessed.mat,4,2,2,50,50,OASIS,spike_bins,ok,,0.1,5,0.1,705,729,729,185,185,544,520,0.253772290809328,0.26241134751773,0.258019525801953,0.0356756756756757,0.02,0.00367567567567568,0,0.0477709970077204,0.643243243243243,119,0.168794326241135
data.4.train.preprocessed.mat,4,2,2,50,50,OASIS,burst_onsets,ok,,0.1,5,0.1,250,729,729,142,142,587,108,0.194787379972565,0.568,0.290091930541369,0.0473239436619718,0.04,0.00619718309859155,0.02,0.0562760722160451,0.526760563380282,74.8,0.2992
data.4.train.preprocessed.mat,4,2,2,20,20,SimpleBaseline,spike_bins,ok,,0.1,2,0.1,522,333,333,159,159,174,363,0.477477477477477,0.304597701149425,0.371929824561404,0.0342767295597484,0.05,0.00345911949685535,0,0.0506662874631224,0.657232704402516,104.5,0.200191570881226
data.4.train.preprocessed.mat,4,2,2,20,20,SimpleBaseline,burst_onsets,ok,,0.1,2,0.1,245,333,333,136,136,197,109,0.408408408408408,0.555102040816327,0.470588235294118,0.0551470588235294,0.05,0.0176470588235294,0.05,0.0634003773106853,0.448529411764706,61,0.248979591836735
data.4.train.preprocessed.mat,4,2,2,20,20,OASIS,spike_bins,ok,,0.1,2,0.1,522,374,374,145,145,229,377,0.387700534759358,0.277777777777778,0.323660714285714,0.0375862068965517,0.05,0.00172413793103448,0,0.0534938317781983,0.624137931034483,90.5,0.173371647509579
data.4.train.preprocessed.mat,4,2,2,20,20,OASIS,burst_onsets,ok,,0.1,2,0.1,245,374,374,118,118,256,127,0.315508021390374,0.481632653061224,0.381260096930533,0.0567796610169492,0.05,0.00932203389830508,0,0.0663290014506079,0.432203389830508,51,0.208163265306122
data.4.train.preprocessed.mat,4,2,2,10,10,SimpleBaseline,spike_bins,ok,,0.1,1,0.1,401,297,297,149,149,148,252,0.501683501683502,0.371571072319202,0.426934097421203,0.0322147651006711,0,0.0174496644295302,0,0.0541912823648425,0.677852348993289,101,0.251870324189526
data.4.train.preprocessed.mat,4,2,2,10,10,SimpleBaseline,burst_onsets,ok,,0.1,1,0.1,240,297,297,119,119,178,121,0.400673400673401,0.495833333333333,0.443202979515829,0.0647058823529412,0.1,0.0411764705882353,0.1,0.0693941880850267,0.352941176470588,42,0.175
data.4.train.preprocessed.mat,4,2,2,10,10,OASIS,spike_bins,ok,,0.1,1,0.1,401,247,247,142,142,105,259,0.574898785425101,0.354114713216958,0.438271604938272,0.0330985915492958,0,0.00352112676056338,0,0.057626791236585,0.669014084507042,95,0.236907730673317
data.4.train.preprocessed.mat,4,2,2,10,10,OASIS,burst_onsets,ok,,0.1,1,0.1,240,247,247,114,114,133,126,0.461538461538462,0.475,0.468172484599589,0.0570175438596491,0.1,0.0184210526315789,0,0.0735518473128306,0.429824561403509,49,0.204166666666667
data.4.train.preprocessed.mat,4,3,3,100,100.000601887519,SimpleBaseline,spike_bins,ok,,0.1,10,0.1,2231,351,351,169,169,182,2062,0.481481481481481,0.0757507844016136,0.130906274206042,0.0236684965955274,0.00999993981161034,-0.00355027448932911,0,0.0368448385173748,0.763315034044726,129.000240753559,0.0578217125744324
data.4.train.preprocessed.mat,4,3,3,100,100.000601887519,SimpleBaseline,burst_onsets,ok,,0.1,10,0.1,298,351,351,95,95,256,203,0.270655270655271,0.318791946308725,0.292758089368259,0.0488418112903915,0.0499996990580517,0.00357892582731317,0.00999993981161034,0.0578129205788453,0.511581887096085,48.600279274128,0.163088185483651
data.4.train.preprocessed.mat,4,3,3,100,100.000601887519,OASIS,spike_bins,ok,,0.1,10,0.1,2231,908,908,329,329,579,1902,0.362334801762115,0.147467503361721,0.209620898375279,0.0286928364199397,0.0199998796232207,-0.000303949538346818,0,0.041096367131281,0.713071635800603,234.600568178398,0.105154893849573
data.4.train.preprocessed.mat,4,3,3,100,100.000601887519,OASIS,burst_onsets,ok,,0.1,10,0.1,298,908,908,188,188,720,110,0.20704845814978,0.630872483221476,0.311774461028192,0.0463295083825139,0.0449997291522465,-0.000691485199739011,0,0.0547040344980004,0.536704916174861,100.900524240874,0.338592363224409
data.4.train.preprocessed.mat,4,3,3,50,50.0003009437596,SimpleBaseline,spike_bins,ok,,0.1,5,0.1,1712,357,357,176,176,181,1536,0.492997198879552,0.102803738317757,0.170130497825036,0.0244316711306389,0.0199998796232207,-0.00238634927322519,0,0.0395542615651524,0.755683288693611,133.000258810076,0.07768706706196
data.4.train.preprocessed.mat,4,3,3,50,50.0003009437596,SimpleBaseline,burst_onsets,ok,,0.1,5,0.1,291,357,357,101,101,256,190,0.282913165266106,0.347079037800687,0.311728395061728,0.0530689875150806,0.059999638869662,0.00554452108366514,0.0199998796232207,0.062168351837251,0.469310124849194,47.4003226097686,0.162887706562779
data.4.train.preprocessed.mat,4,3,3,50,50.0003009437596,OASIS,spike_bins,ok,,0.1,5,0.1,1712,734,734,252,252,482,1460,0.343324250681199,0.147196261682243,0.206050695012265,0.0311109238583433,0.0199998796232207,0.00396823008397236,0,0.0453417977413363,0.688890761416567,173.600471876975,0.101402144787953
data.4.train.preprocessed.mat,4,3,3,50,50.0003009437596,OASIS,burst_onsets,ok,,0.1,5,0.1,291,734,734,146,146,588,145,0.198910081743869,0.501718213058419,0.284878048780488,0.0517805102573796,0.059999638869662,0.00410956430614124,0,0.0611119790604953,0.482194897426204,70.4004550242258,0.241925962282563
data.4.train.preprocessed.mat,4,3,3,20,20.0001203775039,SimpleBaseline,spike_bins,ok,,0.1,2,0.1,1069,355,355,182,182,173,887,0.512676056338028,0.170252572497661,0.25561797752809,0.0233515078018373,0,0.00302195983317895,0,0.0411058618852576,0.766484921981627,139.500255800656,0.130496029748041
data.4.train.preprocessed.mat,4,3,3,20,20.0001203775039,SimpleBaseline,burst_onsets,ok,,0.1,2,0.1,271,355,355,96,96,259,175,0.270422535211268,0.354243542435424,0.306709265175719,0.0541663406462227,0.0499996990580517,0.0114582643674702,0,0.0642684427605996,0.458336593537773,44.0003129796263,0.162362778522606
data.4.train.preprocessed.mat,4,3,3,20,20.0001203775039,OASIS,spike_bins,ok,,0.1,2,0.1,1069,416,416,195,195,221,874,0.46875,0.182413470533209,0.262626262626263,0.0310254542873039,0,0.0017948609918275,0,0.0495789516394815,0.689745457126961,134.500364139757,0.125818862619043
data.4.train.preprocessed.mat,4,3,3,20,20.0001203775039,OASIS,burst_onsets,ok,,0.1,2,0.1,271,416,416,106,106,310,165,0.254807692307692,0.391143911439114,0.308588064046579,0.059433604540703,0.0499996990580517,5.23690105955262e-19,0,0.07071025252247,0.405663954592971,43.0003791868549,0.158672985929354
data.4.train.preprocessed.mat,4,3,3,10,10.0000601887519,SimpleBaseline,spike_bins,ok,,0.1,1,0.1,719,318,318,178,178,140,541,0.559748427672956,0.247566063977747,0.343297974927676,0.0219099804861125,0,0.000561794371438783,0,0.0469366158862306,0.780900195138875,139.00023473472,0.193324387669986
data.4.train.preprocessed.mat,4,3,3,10,10.0000601887519,SimpleBaseline,burst_onsets,ok,,0.1,1,0.1,257,318,318,96,96,222,161,0.30188679245283,0.373540856031128,0.333913043478261,0.0656246050136928,0.0999993981161034,0.0197915475438121,0,0.0789662621020118,0.343753949863071,33.0003791868549,0.128406144695933
data.4.train.preprocessed.mat,4,3,3,10,10.0000601887519,OASIS,spike_bins,ok,,0.1,1,0.1,719,253,253,157,157,96,562,0.620553359683794,0.218358831710709,0.323045267489712,0.0235667371356422,0,0.00828020493954996,0,0.0479871339887953,0.764332628643578,120.000222697042,0.166898779828987
data.4.train.preprocessed.mat,4,3,3,10,10.0000601887519,OASIS,burst_onsets,ok,,0.1,1,0.1,257,253,253,79,79,174,178,0.312252964426877,0.307392996108949,0.309803921568627,0.0632907583013313,0.0999993981161034,0.0177214123243728,0,0.0780519348182697,0.367092416986687,29.0003009419483,0.112841637906414
data.4.train.preprocessed.mat,4,4,4,100,100,SimpleBaseline,spike_bins,ok,,0.1,10,0.1,360,337,337,51,51,286,309,0.1513353115727,0.141666666666667,0.146341463414634,0.0349019607843137,0.03,0.00274509803921569,0,0.0460902779931972,0.650980392156863,33.2,0.0922222222222222
data.4.train.preprocessed.mat,4,4,4,100,100,SimpleBaseline,burst_onsets,ok,,0.1,10,0.1,86,337,337,40,40,297,46,0.118694362017804,0.465116279069767,0.189125295508274,0.0475,0.05,0.005,0.005,0.0550989785376956,0.525,21,0.244186046511628
data.4.train.preprocessed.mat,4,4,4,100,100,OASIS,spike_bins,ok,,0.1,10,0.1,360,1003,1003,79,79,924,281,0.0787637088733799,0.219444444444444,0.115920763022744,0.0418987341772152,0.03,0.00518987341772152,0,0.0542279320469289,0.581012658227848,45.9,0.1275
data.4.train.preprocessed.mat,4,4,4,100,100,OASIS,burst_onsets,ok,,0.1,10,0.1,86,1003,1003,57,57,946,29,0.0568295114656032,0.662790697674419,0.104683195592286,0.0519298245614035,0.05,0.000350877192982457,0,0.0598201146378726,0.480701754385965,27.4,0.318604651162791
data.4.train.preprocessed.mat,4,4,4,50,50,SimpleBaseline,spike_bins,ok,,0.1,5,0.1,280,341,341,51,51,290,229,0.149560117302053,0.182142857142857,0.164251207729469,0.0349019607843137,0.02,0.00980392156862745,0,0.0465398838021081,0.650980392156863,33.2,0.118571428571429
data.4.train.preprocessed.mat,4,4,4,50,50,SimpleBaseline,burst_onsets,ok,,0.1,5,0.1,86,341,341,40,40,301,46,0.117302052785924,0.465116279069767,0.187353629976581,0.049,0.04,0.011,0.01,0.0569209978830308,0.51,20.4,0.237209302325581
data.4.train.preprocessed.mat,4,4,4,50,50,OASIS,spike_bins,ok,,0.1,5,0.1,280,560,560,55,55,505,225,0.0982142857142857,0.196428571428571,0.130952380952381,0.0345454545454545,0.02,0.00909090909090909,0,0.046796356587869,0.654545454545455,36,0.128571428571429
data.4.train.preprocessed.mat,4,4,4,50,50,OASIS,burst_onsets,ok,,0.1,5,0.1,86,560,560,41,41,519,45,0.0732142857142857,0.476744186046512,0.126934984520124,0.0507317073170732,0.06,0.0136585365853659,0.02,0.056646098610627,0.492682926829268,20.2,0.234883720930233
data.4.train.preprocessed.mat,4,4,4,20,20,SimpleBaseline,spike_bins,ok,,0.1,2,0.1,193,339,339,54,54,285,139,0.15929203539823,0.27979274611399,0.203007518796992,0.0324074074074074,0,0.0101851851851852,0,0.0489316327342603,0.675925925925926,36.5,0.189119170984456
data.4.train.preprocessed.mat,4,4,4,20,20,SimpleBaseline,burst_onsets,ok,,0.1,2,0.1,78,339,339,37,37,302,41,0.109144542772861,0.474358974358974,0.177458033573141,0.0540540540540541,0.05,0.0216216216216216,0,0.0629600187735357,0.459459459459459,17,0.217948717948718
data.4.train.preprocessed.mat,4,4,4,20,20,OASIS,spike_bins,ok,,0.1,2,0.1,193,281,281,51,51,230,142,0.181494661921708,0.264248704663212,0.215189873417722,0.0313725490196078,0,0.00784313725490196,0,0.0483451642045074,0.686274509803922,35,0.181347150259067
data.4.train.preprocessed.mat,4,4,4,20,20,OASIS,burst_onsets,ok,,0.1,2,0.1,78,281,281,34,34,247,44,0.120996441281139,0.435897435897436,0.18941504178273,0.0544117647058824,0.05,0.0191176470588235,0.05,0.0615638445182857,0.455882352941176,15.5,0.198717948717949
data.4.train.preprocessed.mat,4,4,4,10,10,SimpleBaseline,spike_bins,ok,,0.1,1,0.1,147,324,324,53,53,271,94,0.16358024691358,0.360544217687075,0.225053078556263,0.0320754716981132,0,0.00943396226415094,0,0.0563783610405086,0.679245283018868,36,0.244897959183673
data.4.train.preprocessed.mat,4,4,4,10,10,SimpleBaseline,burst_onsets,ok,,0.1,1,0.1,76,324,324,34,34,290,42,0.104938271604938,0.447368421052632,0.17,0.0588235294117647,0.1,0.0235294117647059,0,0.0740958573634948,0.411764705882353,14,0.184210526315789
data.4.train.preprocessed.mat,4,4,4,10,10,OASIS,spike_bins,ok,,0.1,1,0.1,147,195,195,44,44,151,103,0.225641025641026,0.299319727891156,0.257309941520468,0.0227272727272727,0,0.00909090909090909,0,0.0473393578236369,0.772727272727273,34,0.231292517006803
data.4.train.preprocessed.mat,4,4,4,10,10,OASIS,burst_onsets,ok,,0.1,1,0.1,76,195,195,27,27,168,49,0.138461538461538,0.355263157894737,0.199261992619926,0.0555555555555556,0.1,0.0333333333333333,0,0.0679366220486758,0.444444444444444,12,0.157894736842105
data.4.train.preprocessed.mat,4,5,5,100,100.000606560559,SimpleBaseline,spike_bins,ok,,0.1,10,0.1,950,382,382,99,99,283,851,0.259162303664921,0.104210526315789,0.148648648648649,0.0310099129161999,0.00999993934431201,-0.00131312334824299,0,0.0445300787476962,0.689900870838001,68.3001862129621,0.0718949328557496
data.4.train.preprocessed.mat,4,5,5,100,100.000606560559,SimpleBaseline,burst_onsets,ok,,0.1,10,0.1,181,382,382,66,66,316,115,0.172774869109948,0.364640883977901,0.234458259325044,0.0496966682565809,0.0499996967215601,0.00606056929958304,0.00999993934431201,0.0583323468082605,0.503033317434191,33.2001989506566,0.183426513539539
data.4.train.preprocessed.mat,4,5,5,100,100.000606560559,OASIS,spike_bins,ok,,0.1,10,0.1,950,1118,1118,197,197,921,753,0.176207513416816,0.207368421052632,0.190522243713733,0.0348728849215348,0.019999878688624,-0.00218272787718486,0,0.0474533104111725,0.651271150784652,128.300416704576,0.135053070215344
data.4.train.preprocessed.mat,4,5,5,100,100.000606560559,OASIS,burst_onsets,ok,,0.1,10,0.1,181,1118,1118,116,116,1002,65,0.103756708407871,0.640883977900553,0.178598922247883,0.0515514114474016,0.0499996967215601,-0.00879305011310194,-0.00999993934431201,0.0587867341739773,0.484485885525984,56.2003627210142,0.310499241552564
data.4.train.preprocessed.mat,4,5,5,50,50.0003032802795,SimpleBaseline,spike_bins,ok,,0.1,5,0.1,859,389,389,105,105,284,754,0.269922879177378,0.122235157159488,0.168269230769231,0.0340950312882257,0.019999878688624,-0.000190475035129753,0,0.049574447688168,0.659049687117743,69.200217147363,0.0805590420807485
data.4.train.preprocessed.mat,4,5,5,50,50.0003032802795,SimpleBaseline,burst_onsets,ok,,0.1,5,0.1,179,389,389,70,70,319,109,0.179948586118252,0.391061452513966,0.246478873239437,0.0545710975646741,0.0599996360658721,0.00714281381736572,0.00999993934431201,0.0642487372169887,0.454289024353259,31.8002317047281,0.177654925724738
data.4.train.preprocessed.mat,4,5,5,50,50.0003032802795,OASIS,spike_bins,ok,,0.1,5,0.1,859,485,485,104,104,381,755,0.214432989690722,0.121071012805588,0.154761904761905,0.0328844159207183,0.019999878688624,0.00673072840482539,0,0.0475910605431067,0.671155840792817,69.8002074424529,0.0812575173951722
data.4.train.preprocessed.mat,4,5,5,50,50.0003032802795,OASIS,burst_onsets,ok,,0.1,5,0.1,179,485,485,63,63,422,116,0.129896907216495,0.35195530726257,0.189759036144578,0.0526980930525649,0.039999757377248,0.00507933427012674,0,0.0642539691156204,0.473019069474351,29.8002013768841,0.1664815719379
data.4.train.preprocessed.mat,4,5,5,20,20.0001213121118,SimpleBaseline,spike_bins,ok,,0.1,2,0.1,584,391,391,112,112,279,472,0.286445012787724,0.191780821917808,0.22974358974359,0.0330355139053165,0,0.000892851727170715,0,0.0519794723895631,0.669644860946835,75.0002244260455,0.12842504182542
data.4.train.preprocessed.mat,4,5,5,20,20.0001213121118,SimpleBaseline,burst_onsets,ok,,0.1,2,0.1,171,391,391,75,75,316,96,0.191815856777494,0.43859649122807,0.266903914590747,0.0579996481970097,0.0499996967215601,0.00733328885249548,0,0.0695994639299989,0.420003518029903,31.5002638522427,0.184212069311361
data.4.train.preprocessed.mat,4,5,5,20,20.0001213121118,OASIS,spike_bins,ok,,0.1,2,0.1,584,300,300,92,92,208,492,0.306666666666667,0.157534246575342,0.208144796380091,0.0271737482182392,0,0.00869559942983653,0,0.0442323185506705,0.728262517817608,67.00015163922,0.114726287053459
data.4.train.preprocessed.mat,4,5,5,20,20.0001213121118,OASIS,burst_onsets,ok,,0.1,2,0.1,171,300,300,52,52,248,119,0.173333333333333,0.304093567251462,0.220806794055202,0.0538458272386031,0.0499996967215601,0.0173075873266939,0,0.0640803013980666,0.461541727613969,24.0001698359264,0.140351870385534
data.4.train.preprocessed.mat,4,5,5,10,10.0000606560559,SimpleBaseline,spike_bins,ok,,0.1,1,0.1,402,363,363,109,109,254,293,0.300275482093664,0.271144278606965,0.284967320261438,0.0376144507446599,0,0.00458712813959267,0,0.061441139861708,0.623855492553401,68.0002486883208,0.169154847483385
data.4.train.preprocessed.mat,4,5,5,10,10.0000606560559,SimpleBaseline,burst_onsets,ok,,0.1,1,0.1,164,363,363,72,72,291,92,0.198347107438017,0.439024390243902,0.273244781783681,0.0680551427599012,0.0999993934431201,0.0180554460383411,0,0.0810600645220182,0.319448572400988,23.0002972128711,0.140245714712629
data.4.train.preprocessed.mat,4,5,5,10,10.0000606560559,OASIS,spike_bins,ok,,0.1,1,0.1,402,226,226,79,79,147,323,0.349557522123894,0.196517412935323,0.251592356687898,0.0265821172443737,0,0.00886070574812457,0,0.051115128482972,0.734178827556263,58.0001273769448,0.144278923823246
data.4.train.preprocessed.mat,4,5,5,10,10.0000606560559,OASIS,burst_onsets,ok,,0.1,1,0.1,164,226,226,39,39,187,125,0.172566371681416,0.23780487804878,0.2,0.0666662622954134,0.0999993934431201,0.0307690441363447,0,0.0766183667873788,0.333337377045866,13.0001577047888,0.0792692542974926
data.4.train.preprocessed.mat,4,6,6,100,100.001287597857,SimpleBaseline,spike_bins,ok,,0.1,10,0.1,1486,311,311,184,184,127,1302,0.591639871382637,0.123822341857335,0.204785754034502,0.0274996459151484,0.0149998068628082,-0.00532601837882321,0,0.0400527571933077,0.725003540848516,133.400651516127,0.0897716362827234
data.4.train.preprocessed.mat,4,6,6,100,100.001287597857,SimpleBaseline,burst_onsets,ok,,0.1,10,0.1,323,311,311,147,147,164,176,0.472668810289389,0.455108359133127,0.463722397476341,0.0470742238052757,0.0399994849674886,0.00965973956697853,0.0199997424837443,0.055324168299207,0.529257761947243,77.8008910062448,0.240869631598281
data.4.train.preprocessed.mat,4,6,6,100,100.001287597857,OASIS,spike_bins,ok,,0.1,10,0.1,1486,824,824,315,315,509,1171,0.382281553398058,0.211978465679677,0.272727272727273,0.0351106590270177,0.0299996137256164,-0.00241266734724534,0,0.046636852989565,0.648893409729822,204.401424064894,0.137551429384182
data.4.train.preprocessed.mat,4,6,6,100,100.001287597857,OASIS,burst_onsets,ok,,0.1,10,0.1,323,824,824,218,218,606,105,0.264563106796116,0.674922600619195,0.380122057541412,0.050366323961356,0.0499993562093607,-0.00587148403192493,-0.0199997424837443,0.0578360032929075,0.49633676038644,108.201413764244,0.334988897102922
data.4.train.preprocessed.mat,4,6,6,50,50.0006437989287,SimpleBaseline,spike_bins,ok,,0.1,5,0.1,1195,316,316,195,195,121,1000,0.617088607594937,0.163179916317992,0.258107213765718,0.029332955642825,0.0199997424837443,-0.00471788797052429,0,0.0440506850057404,0.706670443571751,137.800736496491,0.115314423846436
data.4.train.preprocessed.mat,4,6,6,50,50.0006437989287,SimpleBaseline,burst_onsets,ok,,0.1,5,0.1,319,316,316,155,155,161,164,0.490506329113924,0.4858934169279,0.488188976377953,0.0509670856843806,0.0399994849674886,0.00838698878350567,0.0199997424837443,0.0594718501268421,0.490329143156194,76.0010171892101,0.238247702787492
data.4.train.preprocessed.mat,4,6,6,50,50.0006437989287,OASIS,spike_bins,ok,,0.1,5,0.1,1195,649,649,236,236,413,959,0.363636363636364,0.197489539748954,0.255965292841649,0.0348300600034699,0.0199997424837443,0.00245759547469739,0,0.0487355085918524,0.651699399965301,153.801058391811,0.128703814553817
data.4.train.preprocessed.mat,4,6,6,50,50.0006437989287,OASIS,burst_onsets,ok,,0.1,5,0.1,319,649,649,165,165,484,154,0.254237288135593,0.517241379310345,0.340909090909091,0.0521205410182427,0.0599992274512329,0.00533326466233181,0.0199997424837443,0.0606515000236408,0.478794589817573,79.0011073198996,0.247652374043572
data.4.train.preprocessed.mat,4,6,6,20,20.0002575195715,SimpleBaseline,spike_bins,ok,,0.1,2,0.1,766,315,315,205,205,110,561,0.650793650793651,0.267624020887728,0.379278445883441,0.0307313116213632,0,-2.70786103567111e-19,0,0.049009171899933,0.692686883786368,142.000811176206,0.185379649055099
data.4.train.preprocessed.mat,4,6,6,20,20.0002575195715,SimpleBaseline,burst_onsets,ok,,0.1,2,0.1,313,315,315,155,155,160,158,0.492063492063492,0.495207667731629,0.493630573248408,0.05580573305948,0.0499993562093607,0.0151610951086449,0.0499993562093607,0.0643072256339255,0.4419426694052,68.501113757806,0.21885339858724
data.4.train.preprocessed.mat,4,6,6,20,20.0002575195715,OASIS,spike_bins,ok,,0.1,2,0.1,766,348,348,190,190,158,576,0.545977011494253,0.248041775456919,0.341113105924596,0.0273680686619659,0,0.00894725321641192,0,0.0442324278962276,0.726319313380341,138.000669542265,0.18015753203951
data.4.train.preprocessed.mat,4,6,6,20,20.0002575195715,OASIS,burst_onsets,ok,,0.1,2,0.1,313,348,348,141,141,207,172,0.405172413793103,0.450479233226837,0.426626323751891,0.0574460688362868,0.0499993562093607,0.0312052719604521,0.0499993562093607,0.0602187655595772,0.425539311637132,60.0010429408356,0.191696622814171
data.4.train.preprocessed.mat,4,6,6,10,10.0001287597857,SimpleBaseline,spike_bins,ok,,0.1,1,0.1,563,290,290,193,193,97,370,0.66551724137931,0.342806394316163,0.452520515826495,0.0238338900065346,0,0.011398816959647,0,0.0475937167547021,0.761661099934654,147.000592287388,0.261102295359482
data.4.train.preprocessed.mat,4,6,6,10,10.0001287597857,SimpleBaseline,burst_onsets,ok,,0.1,1,0.1,305,290,290,137,137,153,168,0.472413793103448,0.449180327868852,0.460504201680672,0.0598532439294537,0.0999987124187214,0.042335221315955,0.0999987124187214,0.064990822980716,0.401467560705463,55.0010558166484,0.180331330546388
data.4.train.preprocessed.mat,4,6,6,10,10.0001287597857,OASIS,spike_bins,ok,,0.1,1,0.1,563,231,231,163,163,68,400,0.705627705627706,0.289520426287744,0.410579345088161,0.0202451380970418,0,0.00429442323270583,0,0.0449269258854226,0.797548619029582,130.000424901822,0.230906616166646
data.4.train.preprocessed.mat,4,6,6,10,10.0001287597857,OASIS,burst_onsets,ok,,0.1,1,0.1,305,231,231,121,121,110,184,0.523809523809524,0.39672131147541,0.451492537313433,0.0652884155461074,0.0999987124187214,0.0438010889106796,0.0999987124187214,0.0681809402854919,0.347115844538926,42.0010171892101,0.137708253079377
data.5.train.preprocessed.mat,5,1,0,100,100.00025707,SimpleBaseline,spike_bins,ok,,0.1,10,0.1,476,353,353,214,214,139,262,0.606232294617564,0.449579831932773,0.516284680337756,0.0376167257285897,0.0299999228791983,0.00929904151551472,0.00999997429306609,0.0465016780816803,0.623832742714103,133.500206940818,0.280462619623567
data.5.train.preprocessed.mat,5,1,0,100,100.00025707,SimpleBaseline,burst_onsets,ok,,0.1,10,0.1,310,353,353,150,150,203,160,0.424929178470255,0.483870967741935,0.452488687782805,0.0450665508140845,0.0399998971722643,-0.00119999691516793,0.00999997429306609,0.0547466222145733,0.549334491859155,82.4001737788733,0.265807012189914
data.5.train.preprocessed.mat,5,1,0,100,100.00025707,OASIS,spike_bins,ok,,0.1,10,0.1,476,186,186,151,151,35,325,0.811827956989247,0.317226890756303,0.45619335347432,0.043046246956907,0.0399998971722643,0.0136423490355736,0.0199999485861322,0.0494162460108811,0.56953753043093,86.0001670950705,0.180672619947627
data.5.train.preprocessed.mat,5,1,0,100,100.00025707,OASIS,burst_onsets,ok,,0.1,10,0.1,310,186,186,100,100,86,210,0.537634408602151,0.32258064516129,0.403225806451613,0.0554998573265168,0.0499998714653304,0.00989997455013542,0.0199999485861322,0.0613729354018787,0.445001426734832,44.5001426734832,0.143548847333817
data.5.train.preprocessed.mat,5,1,0,50,50.000128535,SimpleBaseline,spike_bins,ok,,0.1,5,0.1,475,240,240,156,156,84,319,0.65,0.328421052631579,0.436363636363636,0.0399998971722644,0.0399998971722643,0.012307660668389,0.0199999485861322,0.0491191643862964,0.600001028277357,93.6001604112676,0.197052969286879
data.5.train.preprocessed.mat,5,1,0,50,50.000128535,SimpleBaseline,burst_onsets,ok,,0.1,5,0.1,305,240,240,105,105,135,200,0.4375,0.344262295081967,0.385321100917431,0.0489522551108188,0.0399998971722643,0.0059047467254295,0.0199999485861322,0.057707590735063,0.510477448891813,53.6001321336403,0.175738138143083
data.5.train.preprocessed.mat,5,1,0,50,50.000128535,OASIS,spike_bins,ok,,0.1,5,0.1,475,50,50,46,46,4,429,0.92,0.0968421052631579,0.175238095238095,0.0539129048843563,0.0399998971722643,0.0147825706940977,0.0299999228791983,0.059394539573943,0.460870951156437,21.2000637531961,0.0446317131646234
data.5.train.preprocessed.mat,5,1,0,50,50.000128535,OASIS,burst_onsets,ok,,0.1,5,0.1,305,50,50,28,28,22,277,0.56,0.0918032786885246,0.157746478873239,0.0649998329049296,0.0699998200514626,-0.00785712265883764,-0.0299999228791983,0.0710426913769584,0.350001670950705,9.80004678661973,0.0321313009397368
data.5.train.preprocessed.mat,5,1,0,20,20.000051414,SimpleBaseline,spike_bins,ok,,0.1,2,0.1,450,108,108,90,90,18,360,0.833333333333333,0.2,0.32258064516129,0.0488887632105453,0.0499998714653304,0.0299999228791983,0.0499998714653304,0.0539453185879606,0.511112367894547,46.0001131105092,0.102222473578909
data.5.train.preprocessed.mat,5,1,0,20,20.000051414,SimpleBaseline,burst_onsets,ok,,0.1,2,0.1,286,108,108,52,52,56,234,0.481481481481481,0.181818181818182,0.263959390862944,0.0576921593830736,0.0499998714653304,-0.00192307197943579,0,0.0713739608334193,0.423078406169264,22.0000771208017,0.0769233465762299
data.5.train.preprocessed.mat,5,1,0,20,20.000051414,OASIS,spike_bins,ok,,0.1,2,0.1,450,52,52,49,49,3,401,0.942307692307692,0.108888888888889,0.195219123505976,0.0479590603851129,0.0499998714653304,0.0275509495829372,0.0499998714653304,0.0530929661829065,0.520409396148871,25.5000604112947,0.0566668009139882
data.5.train.preprocessed.mat,5,1,0,20,20.000051414,OASIS,burst_onsets,ok,,0.1,2,0.1,286,52,52,31,31,21,255,0.596153846153846,0.108391608391608,0.183431952662722,0.0548385687039108,0.0499998714653304,0.00967739447716073,0,0.0637955448934626,0.451614312960892,14.0000437017877,0.0489512017545023
data.5.train.preprocessed.mat,5,1,0,10,10.000025707,SimpleBaseline,spike_bins,ok,,0.1,1,0.1,401,74,74,64,64,10,337,0.864864864864865,0.159600997506234,0.269473684210526,0.0687498232648293,0.0999997429306608,0.0437498875321641,0.0999997429306608,0.0709905390087908,0.312501767351707,20.0001131105092,0.0498755937917936
data.5.train.preprocessed.mat,5,1,0,10,10.000025707,SimpleBaseline,burst_onsets,ok,,0.1,1,0.1,270,74,74,33,33,41,237,0.445945945945946,0.122222222222222,0.191860465116279,0.0696967905274303,0.0999997429306608,-0.0212120666822614,0,0.0819966479832751,0.303032094725697,10.000059125948,0.0370372560220296
data.5.train.preprocessed.mat,5,1,0,10,10.000025707,OASIS,spike_bins,ok,,0.1,1,0.1,401,40,40,38,38,2,363,0.95,0.0947630922693267,0.172335600907029,0.0552630158301021,0.0999997429306608,0.0499998714653304,0.0999997429306608,0.0557502657226196,0.44736984169898,17.0000539845612,0.0423941495874345
data.5.train.preprocessed.mat,5,1,0,10,10.000025707,OASIS,burst_onsets,ok,,0.1,1,0.1,270,40,40,22,22,18,248,0.55,0.0814814814814815,0.141935483870968,0.0727270857677534,0.0999997429306608,0.00909088572096917,0,0.086789566223068,0.272729142322467,6.00004113109426,0.0222223745596084
data.5.train.preprocessed.mat,5,2,0,100,100.00025707,SimpleBaseline,spike_bins,ok,,0.1,10,0.1,474,367,367,227,227,140,247,0.618528610354223,0.478902953586498,0.539833531510107,0.0407487939254896,0.0399998971722643,0.0152863043158323,0.00999997429306609,0.0474972643040654,0.592512060745105,134.500237789139,0.283755775926453
data.5.train.preprocessed.mat,5,2,0,100,100.00025707,SimpleBaseline,burst_onsets,ok,,0.1,10,0.1,322,367,367,167,167,200,155,0.455040871934605,0.518633540372671,0.484760522496372,0.047185507442731,0.0499998714653304,0.0120957772886189,0.00999997429306609,0.0542508650289105,0.52814492557269,88.2002025706393,0.273913672579625
data.5.train.preprocessed.mat,5,2,0,100,100.00025707,OASIS,spike_bins,ok,,0.1,10,0.1,474,156,156,128,128,28,346,0.82051282051282,0.270042194092827,0.406349206349206,0.0417967675530497,0.0399998971722643,0.013359340657143,0.0199999485861322,0.0480037698730363,0.582032324469504,74.5001375320965,0.157173285932693
data.5.train.preprocessed.mat,5,2,0,100,100.00025707,OASIS,burst_onsets,ok,,0.1,10,0.1,322,156,156,86,86,70,236,0.551282051282051,0.267080745341615,0.359832635983264,0.0576742703414044,0.0599998457583965,0.0148836826687495,0.0299999228791983,0.0628300332854358,0.423257296585956,36.4001275063922,0.113043874243454
data.5.train.preprocessed.mat,5,2,0,50,50.000128535,SimpleBaseline,spike_bins,ok,,0.1,5,0.1,473,268,268,177,177,91,296,0.66044776119403,0.374207188160677,0.477732793522267,0.0399998971722644,0.0399998971722643,0.0167231208516811,0.0199999485861322,0.0477741710443007,0.600001028277357,106.200182005092,0.224524697685184
data.5.train.preprocessed.mat,5,2,0,50,50.000128535,SimpleBaseline,burst_onsets,ok,,0.1,5,0.1,318,268,268,125,125,143,193,0.466417910447761,0.393081761006289,0.426621160409556,0.0470398790745829,0.0399998971722643,0.0115199703856121,0.0199999485861322,0.0558374088591471,0.529601209254171,66.2001511567714,0.20817657596469
data.5.train.preprocessed.mat,5,2,0,50,50.000128535,OASIS,spike_bins,ok,,0.1,5,0.1,473,40,40,40,40,0,433,1,0.0845665961945032,0.155945419103314,0.0444998856041441,0.0399998971722643,0.0174999550128656,0.0299999228791983,0.0518749631849485,0.555001143958559,22.2000457583424,0.0469345576286308
data.5.train.preprocessed.mat,5,2,0,50,50.000128535,OASIS,burst_onsets,ok,,0.1,5,0.1,318,40,40,16,16,24,302,0.4,0.050314465408805,0.0893854748603352,0.0799997943445287,0.0899997686375948,-0.0249999357326652,-0.0799997943445287,0.0821378839482027,0.200002056554713,3.20003290487541,0.010062996556212
data.5.train.preprocessed.mat,5,2,0,20,20.000051414,SimpleBaseline,spike_bins,ok,,0.1,2,0.1,459,127,127,100,100,27,359,0.78740157480315,0.217864923747277,0.341296928327645,0.0514998676092904,0.0499998714653304,0.0314999190231582,0.0499998714653304,0.0553477017441818,0.485001323907096,48.5001323907097,0.105664776450348
data.5.train.preprocessed.mat,5,2,0,20,20.000051414,SimpleBaseline,burst_onsets,ok,,0.1,2,0.1,301,127,127,57,57,70,244,0.448818897637795,0.18936877076412,0.266355140186916,0.0631577323772595,0.0499998714653304,0.00877190727461937,0,0.0738739834121229,0.368422676227405,21.0000925449621,0.0697677493188109
data.5.train.preprocessed.mat,5,2,0,20,20.000051414,OASIS,spike_bins,ok,,0.1,2,0.1,459,36,36,36,36,0,423,1,0.0784313725490196,0.145454545454545,0.0430554448729234,0.0499998714653304,0.034722132962035,0.0499998714653304,0.0427941560342847,0.569445551270766,20.5000398457476,0.0446623961780993
data.5.train.preprocessed.mat,5,2,0,20,20.000051414,OASIS,burst_onsets,ok,,0.1,2,0.1,301,36,36,17,17,19,284,0.472222222222222,0.0564784053156146,0.100890207715134,0.0794115605625836,0.0999997429306608,0.0264705201875279,0.0499998714653304,0.0812356496653632,0.205884394374164,3.50003470436079,0.0116280222736239
data.5.train.preprocessed.mat,5,2,0,10,10.000025707,SimpleBaseline,spike_bins,ok,,0.1,1,0.1,409,67,67,52,52,15,357,0.776119402985075,0.127139364303178,0.218487394957983,0.0519229434447662,0.0999997429306608,0.0365383676092799,0,0.0627125236632201,0.480770565552338,25.0000694087216,0.0611248640800038
data.5.train.preprocessed.mat,5,2,0,10,10.000025707,SimpleBaseline,burst_onsets,ok,,0.1,1,0.1,280,67,67,24,24,43,256,0.358208955223881,0.0857142857142857,0.138328530259366,0.0708331512425514,0.0999997429306608,-0.020833279777221,0,0.0832968794380644,0.291668487574486,7.00004370178766,0.0250001560778131
data.5.train.preprocessed.mat,5,2,0,10,10.000025707,OASIS,spike_bins,ok,,0.1,1,0.1,409,35,35,35,35,0,374,1,0.0855745721271394,0.157657657657658,0.0485713037091781,0,0.0485713037091781,0,0.0507091249257635,0.514286962908219,18.0000437017877,0.0440098868014368
data.5.train.preprocessed.mat,5,2,0,10,10.000025707,OASIS,burst_onsets,ok,,0.1,1,0.1,280,35,35,15,15,20,265,0.428571428571429,0.0535714285714286,0.0952380952380952,0.0933330934019501,0.0999997429306608,0.0399998971722643,0.0999997429306608,0.091025664983603,0.0666690659804988,1.00003598970748,0.00357155710609815
data.5.train.preprocessed.mat,5,3,2,100,100.00025707,SimpleBaseline,spike_bins,ok,,0.1,10,0.1,1002,378,378,307,307,71,695,0.812169312169312,0.306387225548902,0.444927536231884,0.0288924338695427,0.0199999485861322,0.00856675322174717,0.00999997429306609,0.0374936669791013,0.711075661304573,218.300228020504,0.217864499022459
data.5.train.preprocessed.mat,5,3,2,100,100.00025707,SimpleBaseline,burst_onsets,ok,,0.1,10,0.1,330,378,378,161,161,217,169,0.425925925925926,0.487878787878788,0.454802259887006,0.0488818619170373,0.0499998714653304,0.000434781491002874,0.00999997429306609,0.0575253663076704,0.511181380829627,82.3002023135699,0.249394552465363
data.5.train.preprocessed.mat,5,3,2,100,100.00025707,OASIS,spike_bins,ok,,0.1,10,0.1,1002,181,181,158,158,23,844,0.87292817679558,0.157684630738523,0.267117497886729,0.0258860094042027,0.0199999485861322,0.00689871644268483,0.00499998714653304,0.0343251062869076,0.741139905957973,117.10010514136,0.116866372396567
data.5.train.preprocessed.mat,5,3,2,100,100.00025707,OASIS,burst_onsets,ok,,0.1,10,0.1,330,181,181,71,71,110,259,0.392265193370166,0.215151515151515,0.277886497064579,0.0536618338825096,0.0499998714653304,-0.000704223541765217,0,0.0615123015527116,0.463381661174905,32.9000979434182,0.0996972664952067
data.5.train.preprocessed.mat,5,3,2,50,50.000128535,SimpleBaseline,spike_bins,ok,,0.1,5,0.1,941,285,285,249,249,36,692,0.873684210526316,0.26461211477152,0.406199021207178,0.0279517353733896,0.0199999485861322,0.0126907304281481,0,0.0377969621997075,0.720482646266105,179.40017892026,0.190648436684655
data.5.train.preprocessed.mat,5,3,2,50,50.000128535,SimpleBaseline,burst_onsets,ok,,0.1,5,0.1,315,285,285,117,117,168,198,0.410526315789474,0.371428571428571,0.39,0.052136618109148,0.0599998457583965,-0.00153845758354863,0,0.0614845664899641,0.47863381890852,56.0001568122969,0.177778275594593
data.5.train.preprocessed.mat,5,3,2,50,50.000128535,OASIS,spike_bins,ok,,0.1,5,0.1,941,35,35,32,32,3,909,0.914285714285714,0.0340063761955367,0.0655737704918033,0.0256249341259819,0.0199999485861322,0.0181249534061823,0.0199999485861322,0.0297773234115907,0.743750658740182,23.8000210796858,0.0252922646967968
data.5.train.preprocessed.mat,5,3,2,50,50.000128535,OASIS,burst_onsets,ok,,0.1,5,0.1,315,35,35,19,19,16,296,0.542857142857143,0.0603174603174603,0.108571428571429,0.0589472168854422,0.0599998457583965,0.0315788661886298,0.0599998457583965,0.0593727890090539,0.410527831145578,7.80002879176599,0.0247619961643365
data.5.train.preprocessed.mat,5,3,2,20,20.000051414,SimpleBaseline,spike_bins,ok,,0.1,2,0.1,754,140,140,127,127,13,627,0.907142857142857,0.168435013262599,0.284116331096197,0.0224408871931011,0,0.0161416907880201,0,0.035006649588421,0.775591128068989,98.5000732647617,0.130636701942655
data.5.train.preprocessed.mat,5,3,2,20,20.000051414,SimpleBaseline,burst_onsets,ok,,0.1,2,0.1,285,140,140,41,41,99,244,0.292857142857143,0.143859649122807,0.192941176470588,0.0621949620666305,0.0499998714653304,0.00853656342091008,0,0.0723724944195143,0.378050379333695,15.5000655526815,0.0543861949216894
data.5.train.preprocessed.mat,5,3,2,20,20.000051414,OASIS,spike_bins,ok,,0.1,2,0.1,754,34,34,33,33,1,721,0.970588235294118,0.0437665782493369,0.083756345177665,0.028787804783069,0,0.0136363285814538,0,0.043790453036968,0.71212195216931,23.5000244215872,0.0311671411426886
data.5.train.preprocessed.mat,5,3,2,20,20.000051414,OASIS,burst_onsets,ok,,0.1,2,0.1,285,34,34,14,14,20,271,0.411764705882353,0.0491228070175439,0.0877742946708464,0.0714283878076149,0.0999997429306608,-0.00714283878076149,0,0.0828739799723342,0.285716121923851,4.00002570693391,0.0140351779190664
data.5.train.preprocessed.mat,5,3,2,10,10.000025707,SimpleBaseline,spike_bins,ok,,0.1,1,0.1,588,70,70,63,63,7,525,0.9,0.107142857142857,0.191489361702128,0.0317459501367177,0,0.0317459501367177,0,0.0469225914824753,0.682540498632823,43.0000514138678,0.073129339139231
data.5.train.preprocessed.mat,5,3,2,10,10.000025707,SimpleBaseline,burst_onsets,ok,,0.1,1,0.1,239,70,70,16,16,54,223,0.228571428571429,0.0669456066945607,0.103559870550162,0.0749998071979956,0.0999997429306608,-0.062499839331663,-0.0999997429306608,0.0619137595749873,0.250001928020044,4.0000308483207,0.0167365307461117
data.5.train.preprocessed.mat,5,3,2,10,10.000025707,OASIS,spike_bins,ok,,0.1,1,0.1,588,29,29,27,27,2,561,0.931034482758621,0.0459183673469388,0.0875202593192869,0.0296295534609365,0,0.0222221650957024,0,0.0506368381820634,0.703704465390635,19.0000205655471,0.0323129601454883
data.5.train.preprocessed.mat,5,3,2,10,10.000025707,OASIS,burst_onsets,ok,,0.1,1,0.1,239,29,29,9,9,20,230,0.310344827586207,0.0376569037656904,0.0671641791044776,0.0777775778349584,0.0999997429306608,-0.0333332476435536,-0.0999997429306608,0.0866023177498656,0.222224221650416,2.00001799485374,0.00836827612909515
data.5.train.preprocessed.mat,5,4,2,100,100.00025707,SimpleBaseline,spike_bins,ok,,0.1,10,0.1,1402,422,422,380,380,42,1022,0.900473933649289,0.271041369472183,0.416666666666667,0.026157827492915,0.0199999485861322,0.00336841239345384,0,0.0349476065127367,0.73842172507085,280.600255526923,0.200142835611215
data.5.train.preprocessed.mat,5,4,2,100,100.00025707,SimpleBaseline,burst_onsets,ok,,0.1,10,0.1,459,422,422,179,179,243,280,0.424170616113744,0.389978213507625,0.406356413166856,0.0491060190145536,0.0499998714653304,-0.00608936982091734,0,0.0574094085375853,0.508939809854465,91.1002259639491,0.198475437829955
data.5.train.preprocessed.mat,5,4,2,100,100.00025707,OASIS,spike_bins,ok,,0.1,10,0.1,1402,347,347,333,333,14,1069,0.959654178674352,0.237517831669044,0.380789022298456,0.0264864183978507,0.0199999485861322,0.00660658962304666,0.00999997429306609,0.0341357793974207,0.735135816021493,244.800226735157,0.174607865003678
data.5.train.preprocessed.mat,5,4,2,100,100.00025707,OASIS,burst_onsets,ok,,0.1,10,0.1,459,347,347,149,149,198,310,0.429394812680115,0.324618736383442,0.369727047146402,0.0506038967582002,0.0499998714653304,-0.00979863252877616,-0.0199999485861322,0.0570970889023785,0.493961032417998,73.6001938302817,0.160349006166191
data.5.train.preprocessed.mat,5,4,2,50,50.000128535,SimpleBaseline,spike_bins,ok,,0.1,5,0.1,1358,336,336,315,315,21,1043,0.9375,0.231958762886598,0.371900826446281,0.0242539059044524,0.0199999485861322,0.00990473644265593,0,0.0332666966958197,0.757460940955477,238.600196400975,0.175699702798951
data.5.train.preprocessed.mat,5,4,2,50,50.000128535,SimpleBaseline,burst_onsets,ok,,0.1,5,0.1,438,336,336,136,136,200,302,0.404761904761905,0.310502283105023,0.351421188630491,0.0527939819295695,0.0599998457583965,-0.00220587668229399,0,0.0624758042708637,0.472060180704305,64.2001845757855,0.146575763871656
data.5.train.preprocessed.mat,5,4,2,50,50.000128535,OASIS,spike_bins,ok,,0.1,5,0.1,1358,93,93,92,92,1,1266,0.989247311827957,0.0677466863033873,0.126809097174363,0.0271738431876796,0.0199999485861322,0.00847823907455603,0,0.0351114989658056,0.728261568123204,67.0000642673348,0.0493373080024557
data.5.train.preprocessed.mat,5,4,2,50,50.000128535,OASIS,burst_onsets,ok,,0.1,5,0.1,438,93,93,39,39,54,399,0.419354838709677,0.089041095890411,0.146892655367232,0.0646152185090424,0.0799997943445287,-0.0205127677806484,-0.0399998971722643,0.0687460659641118,0.353847814909576,13.8000647814735,0.0315069972179759
data.5.train.preprocessed.mat,5,4,2,20,20.000051414,SimpleBaseline,spike_bins,ok,,0.1,2,0.1,1134,183,183,180,180,3,954,0.983606557377049,0.158730158730159,0.273348519362187,0.0272221522422355,0,0.0205555027135247,0,0.0365359863879707,0.727778477577645,131.000125963976,0.115520393266293
data.5.train.preprocessed.mat,5,4,2,20,20.000051414,SimpleBaseline,burst_onsets,ok,,0.1,2,0.1,367,183,183,45,45,138,322,0.245901639344262,0.122615803814714,0.163636363636364,0.0677776035418923,0.0499998714653304,-0.0211110568409173,-0.0499998714653304,0.0734604444663133,0.322223964581076,14.5000784061484,0.0395097504254726
data.5.train.preprocessed.mat,5,4,2,20,20.000051414,OASIS,spike_bins,ok,,0.1,2,0.1,1134,90,90,89,89,1,1045,0.988888888888889,0.0784832451499118,0.145424836601307,0.0196628708009726,0,0.00842694462898827,0,0.0321889497009826,0.803371291990273,71.5000449871343,0.063051186055674
data.5.train.preprocessed.mat,5,4,2,20,20.000051414,OASIS,burst_onsets,ok,,0.1,2,0.1,367,90,90,31,31,59,336,0.344444444444444,0.0844686648501362,0.135667396061269,0.0564514677834376,0.0499998714653304,-0.0145160917157411,-0.0499998714653304,0.0673218743236875,0.435485322165624,13.5000449871343,0.0367848637251617
data.5.train.preprocessed.mat,5,4,2,10,10.000025707,SimpleBaseline,spike_bins,ok,,0.1,1,0.1,868,105,105,103,103,2,765,0.980952380952381,0.118663594470046,0.211716341212744,0.0281552674270793,0,0.0262135248459014,0,0.0463598640920435,0.718447325729208,74.0000745501084,0.0852535421084198
data.5.train.preprocessed.mat,5,4,2,10,10.000025707,SimpleBaseline,burst_onsets,ok,,0.1,1,0.1,303,105,105,32,32,73,271,0.304761904761905,0.105610561056106,0.156862745098039,0.0843747830977451,0.0999997429306608,-0.0468748794987473,-0.0999997429306608,0.0802589505270177,0.156252169022549,5.00006940872157,0.0165018792367049
data.5.train.preprocessed.mat,5,4,2,10,10.000025707,OASIS,spike_bins,ok,,0.1,1,0.1,868,65,65,65,65,0,803,1,0.0748847926267281,0.139335476956056,0.012307660668389,0,0.012307660668389,0,0.0331081290684054,0.87692339331611,57.0000205655471,0.0656682264580036
data.5.train.preprocessed.mat,5,4,2,10,10.000025707,OASIS,burst_onsets,ok,,0.1,1,0.1,303,65,65,14,14,51,289,0.215384615384615,0.0462046204620462,0.0760869565217391,0.0857140653691379,0.0999997429306608,-0.028571355123046,-0.0999997429306608,0.0913871184174722,0.142859346308621,2.0000308483207,0.00660076187564587
data.5.train.preprocessed.mat,5,5,3,100,100.00025707,SimpleBaseline,spike_bins,ok,,0.1,10,0.1,423,266,266,99,99,167,324,0.37218045112782,0.234042553191489,0.287373004354136,0.0346463755810269,0.0199999485861322,0.00333332476435536,0,0.0474663000522,0.653536244189731,64.7000881747833,0.152955291193341
data.5.train.preprocessed.mat,5,5,3,100,100.00025707,SimpleBaseline,burst_onsets,ok,,0.1,10,0.1,124,266,266,55,55,211,69,0.206766917293233,0.443548387096774,0.282051282051282,0.0470907880346203,0.0399998971722643,-0.0161817765833251,-0.0199999485861322,0.0543816010465951,0.529092119653797,29.1000665809588,0.234677956298055
data.5.train.preprocessed.mat,5,5,3,100,100.00025707,OASIS,spike_bins,ok,,0.1,10,0.1,423,146,146,88,88,58,335,0.602739726027397,0.208037825059102,0.309314586994728,0.036704451098413,0.0299999228791983,0.00874997750643282,0.00999997429306609,0.0476531390163948,0.63295548901587,55.7000830333965,0.131678683294082
data.5.train.preprocessed.mat,5,5,3,100,100.00025707,OASIS,burst_onsets,ok,,0.1,10,0.1,124,146,146,46,46,100,78,0.315068493150685,0.370967741935484,0.340740740740741,0.0556520308483678,0.0549998586118635,0.00086956298200575,0,0.0628515541101482,0.443479691516322,20.4000658097508,0.164516659756055
data.5.train.preprocessed.mat,5,5,3,50,50.000128535,SimpleBaseline,spike_bins,ok,,0.1,5,0.1,338,163,163,79,79,84,259,0.484662576687117,0.233727810650888,0.315369261477046,0.0362024385799608,0.0199999485861322,0.00582276984153215,0,0.0502456155172216,0.637975614200392,50.400073521831,0.149112643555713
data.5.train.preprocessed.mat,5,5,3,50,50.000128535,SimpleBaseline,burst_onsets,ok,,0.1,5,0.1,124,163,163,46,46,117,78,0.282208588957055,0.370967741935484,0.320557491289199,0.0495650899743275,0.0399998971722643,-0.00695650385604597,0,0.0592120674389585,0.504349100256725,23.2000586118093,0.18709724686943
data.5.train.preprocessed.mat,5,5,3,50,50.000128535,OASIS,spike_bins,ok,,0.1,5,0.1,338,40,40,31,31,9,307,0.775,0.0917159763313609,0.164021164021164,0.0361289393814001,0.0399998971722643,0.0206451082179429,0.0199999485861322,0.0442669156095082,0.638710606186,19.800028791766,0.0585799668395443
data.5.train.preprocessed.mat,5,5,3,50,50.000128535,OASIS,burst_onsets,ok,,0.1,5,0.1,124,40,40,16,16,24,108,0.4,0.129032258064516,0.195121951219512,0.0749998071979956,0.0799997943445287,0.0324999164524648,0.0799997943445287,0.0747883986717206,0.250001928020044,4.0000308483207,0.0322583132929089
data.5.train.preprocessed.mat,5,5,3,20,20.000051414,SimpleBaseline,spike_bins,ok,,0.1,2,0.1,238,61,61,46,46,15,192,0.754098360655738,0.19327731092437,0.307692307692308,0.0489129177378232,0.0499998714653304,0.0206521208226365,0,0.0619819948656362,0.510870822621768,23.5000578406013,0.0987397388260559
data.5.train.preprocessed.mat,5,5,3,20,20.000051414,SimpleBaseline,burst_onsets,ok,,0.1,2,0.1,117,61,61,18,18,43,99,0.295081967213115,0.153846153846154,0.202247191011236,0.0638887246501444,0.0499998714653304,-0.0194443944587396,-0.0499998714653304,0.07099875883618,0.361112753498556,6.500029562974,0.055555808230547
data.5.train.preprocessed.mat,5,5,3,20,20.000051414,OASIS,spike_bins,ok,,0.1,2,0.1,238,35,35,29,29,6,209,0.828571428571429,0.121848739495798,0.212454212454212,0.0379309369736989,0.0499998714653304,0.027586135980872,0,0.0474080730505988,0.620690630263011,18.0000282776273,0.0756303709144004
data.5.train.preprocessed.mat,5,5,3,20,20.000051414,OASIS,burst_onsets,ok,,0.1,2,0.1,117,35,35,13,13,22,104,0.371428571428571,0.111111111111111,0.171052631578947,0.080769023136303,0.0999997429306608,0.026923007712101,0.0499998714653304,0.0856720832788103,0.19230976863697,2.50002699228061,0.0213677520707745
data.5.train.preprocessed.mat,5,5,3,10,10.000025707,SimpleBaseline,spike_bins,ok,,0.1,1,0.1,186,38,38,30,30,8,156,0.789473684210526,0.161290322580645,0.267857142857143,0.0566665209940412,0.0999997429306608,0.0299999228791983,0,0.0702211444682845,0.433334790059589,13.0000437017877,0.0698927080741272
data.5.train.preprocessed.mat,5,5,3,10,10.000025707,SimpleBaseline,burst_onsets,ok,,0.1,1,0.1,112,38,38,17,17,21,95,0.447368421052632,0.151785714285714,0.226666666666667,0.0588233781945064,0.0999997429306608,-0.0117646756389013,0,0.0781211226169326,0.411766218054936,7.00002570693391,0.0625002295261957
data.5.train.preprocessed.mat,5,5,3,10,10.000025707,OASIS,spike_bins,ok,,0.1,1,0.1,186,36,36,28,28,8,158,0.777777777777778,0.150537634408602,0.252252252252252,0.0357141939038074,0,0.0357141939038074,0,0.0487948782104332,0.642858060961926,18.0000257069339,0.0967743317577092
data.5.train.preprocessed.mat,5,5,3,10,10.000025707,OASIS,burst_onsets,ok,,0.1,1,0.1,112,36,36,12,12,24,100,0.333333333333333,0.107142857142857,0.162162162162162,0.0583331833762188,0.0999997429306608,0.00833331191088841,0,0.0792959422637971,0.416668166237812,5.00001799485374,0.0446430178111941
data.5.train.preprocessed.mat,5,6,3,100,100.00025707,SimpleBaseline,spike_bins,ok,,0.1,10,0.1,635,306,306,174,174,132,461,0.568627450980392,0.274015748031496,0.369819341126461,0.0400573682888912,0.0399998971722643,0.0160344415388818,0.00999997429306609,0.0479981781889016,0.599426317111089,104.300179177329,0.16425225067296
data.5.train.preprocessed.mat,5,6,3,100,100.00025707,SimpleBaseline,burst_onsets,ok,,0.1,10,0.1,257,306,306,106,106,200,151,0.34640522875817,0.412451361867704,0.376554174067496,0.0502828896057002,0.0499998714653304,0.00499998714653304,0.00999997429306609,0.0592370625343607,0.497171103942998,52.7001370179578,0.205058898902559
data.5.train.preprocessed.mat,5,6,3,100,100.00025707,OASIS,spike_bins,ok,,0.1,10,0.1,635,196,196,142,142,54,493,0.724489795918367,0.223622047244094,0.341756919374248,0.03725342535938,0.0299999228791983,0.0102112413555956,0.00999997429306609,0.0461950931479106,0.6274657464062,89.1001359896804,0.140315174786898
data.5.train.preprocessed.mat,5,6,3,100,100.00025707,OASIS,burst_onsets,ok,,0.1,10,0.1,257,196,196,82,82,114,175,0.418367346938776,0.319066147859922,0.362030905077263,0.0490242642172264,0.0499998714653304,-0.00365852718039003,-0.00999997429306609,0.0570143024385002,0.509757357827736,41.8001033418743,0.162646316505348
data.5.train.preprocessed.mat,5,6,3,50,50.000128535,SimpleBaseline,spike_bins,ok,,0.1,5,0.1,556,196,196,129,129,67,427,0.658163265306122,0.232014388489209,0.343085106382979,0.0431006643949205,0.0399998971722643,0.0127131456128902,0.0199999485861322,0.0534401321108625,0.568993356050795,73.4001429305526,0.132014645558548
data.5.train.preprocessed.mat,5,6,3,50,50.000128535,SimpleBaseline,burst_onsets,ok,,0.1,5,0.1,250,196,196,80,80,116,170,0.408163265306122,0.32,0.358744394618834,0.0587498489717633,0.0599998457583965,0.00724998136247291,0.0199999485861322,0.0673732430387178,0.412501510282368,33.0001208225894,0.132000483290358
data.5.train.preprocessed.mat,5,6,3,50,50.000128535,OASIS,spike_bins,ok,,0.1,5,0.1,556,46,46,41,41,5,515,0.891304347826087,0.0737410071942446,0.136212624584718,0.0321950391874323,0.0199999485861322,0.0195121449620802,0.0199999485861322,0.0375466223443458,0.678049608125677,27.8000339331528,0.0500000610308503
data.5.train.preprocessed.mat,5,6,3,50,50.000128535,OASIS,burst_onsets,ok,,0.1,5,0.1,250,46,46,17,17,29,233,0.369565217391304,0.068,0.114864864864865,0.0658821835778472,0.0599998457583965,0.0211764161500223,0.0399998971722643,0.0722738026923598,0.341178164221529,5.80002879176599,0.0232001151670639
data.5.train.preprocessed.mat,5,6,3,20,20.000051414,SimpleBaseline,spike_bins,ok,,0.1,2,0.1,435,83,83,70,70,13,365,0.843373493975904,0.160919540229885,0.27027027027027,0.0514284392214827,0.0499998714653304,0.0299999228791983,0.0499998714653304,0.0579853563722797,0.485715607785173,34.0000925449621,0.0781611322872692
data.5.train.preprocessed.mat,5,6,3,20,20.000051414,SimpleBaseline,burst_onsets,ok,,0.1,2,0.1,240,83,83,41,41,42,199,0.493975903614458,0.170833333333333,0.253869969040248,0.0597559439463705,0.0499998714653304,-0.00609754530065005,0,0.070882751157119,0.402440560536295,16.5000629819881,0.0687502624249504
data.5.train.preprocessed.mat,5,6,3,20,20.000051414,OASIS,spike_bins,ok,,0.1,2,0.1,435,47,47,41,41,6,394,0.872340425531915,0.0942528735632184,0.170124481327801,0.0353657627437703,0.0499998714653304,0.0207316540222102,0,0.048702556651671,0.646342372562297,26.5000372750542,0.0609196259196648
data.5.train.preprocessed.mat,5,6,3,20,20.000051414,OASIS,burst_onsets,ok,,0.1,2,0.1,240,47,47,18,18,29,222,0.382978723404255,0.075,0.125435540069686,0.06944426592407,0.0999997429306608,-0.0305554770065908,-0.0499998714653304,0.0750270353009794,0.3055573407593,5.50003213366739,0.0229168005569475
data.5.train.preprocessed.mat,5,6,3,10,10.000025707,SimpleBaseline,spike_bins,ok,,0.1,1,0.1,365,51,51,39,39,12,326,0.764705882352941,0.106849315068493,0.1875,0.0410255355612968,0,0.0307691516709726,0,0.0569108930216145,0.589744644387032,23.0000411310943,0.0630138113180665
data.5.train.preprocessed.mat,5,6,3,10,10.000025707,SimpleBaseline,burst_onsets,ok,,0.1,1,0.1,217,51,51,24,24,27,193,0.470588235294118,0.110599078341014,0.17910447761194,0.041666559554442,0,-0.0166666238217768,0,0.0637020419682213,0.58333440445558,14.0000257069339,0.0645162474973913
data.5.train.preprocessed.mat,5,6,3,10,10.000025707,OASIS,spike_bins,ok,,0.1,1,0.1,365,44,44,39,39,5,326,0.886363636363636,0.106849315068493,0.190709046454768,0.053846015424202,0.0999997429306608,0.0487178234790399,0.0999997429306608,0.0555913884028866,0.46153984575798,18.0000539845612,0.0493152163960581
data.5.train.preprocessed.mat,5,6,3,10,10.000025707,OASIS,burst_onsets,ok,,0.1,1,0.1,217,44,44,19,19,25,198,0.431818181818182,0.0875576036866359,0.145593869731801,0.0736840211068027,0.0999997429306608,-0.042105154918173,-0.0999997429306608,0.0768531221312562,0.263159788931973,5.00003598970748,0.0230416405055644
data.5.train.preprocessed.mat,5,7,3,100,100.00025707,SimpleBaseline,spike_bins,ok,,0.1,10,0.1,847,255,255,203,203,52,644,0.796078431372549,0.239669421487603,0.368421052631579,0.0331526241341551,0.0199999485861322,0.00832510175137029,0,0.0442555868702717,0.66847375865845,135.700173007665,0.160212719017314
data.5.train.preprocessed.mat,5,7,3,100,100.00025707,SimpleBaseline,burst_onsets,ok,,0.1,10,0.1,292,255,255,118,118,137,174,0.462745098039216,0.404109589041096,0.431444241316271,0.0462710674916448,0.0399998971722643,-0.00338982179425969,0,0.055550255335085,0.537289325083552,63.4001403598592,0.217123768355682
data.5.train.preprocessed.mat,5,7,3,100,100.00025707,OASIS,spike_bins,ok,,0.1,10,0.1,847,136,136,121,121,15,726,0.889705882352941,0.142857142857143,0.24618514750763,0.0339668548301666,0.0299999228791983,0.0103305519556468,0.00999997429306609,0.0426991073280526,0.660331451698334,79.9001056554984,0.0943330645283334
data.5.train.preprocessed.mat,5,7,3,100,100.00025707,OASIS,burst_onsets,ok,,0.1,10,0.1,292,136,136,67,67,69,225,0.492647058823529,0.229452054794521,0.313084112149533,0.056716272109927,0.0599998457583965,-0.0113432544219854,-0.0199999485861322,0.0636488627073506,0.43283727890073,29.0000976863489,0.0993154030354414
data.5.train.preprocessed.mat,5,7,3,50,50.000128535,SimpleBaseline,spike_bins,ok,,0.1,5,0.1,724,180,180,153,153,27,571,0.85,0.211325966850829,0.338495575221239,0.0318953428432435,0.0199999485861322,0.00810455432902088,0,0.0445111442631199,0.681046571567565,104.200125449838,0.143922825206958
data.5.train.preprocessed.mat,5,7,3,50,50.000128535,SimpleBaseline,burst_onsets,ok,,0.1,5,0.1,286,180,180,87,87,93,199,0.483333333333333,0.304195804195804,0.373390557939914,0.0498849292320768,0.0399998971722643,-0.00666664952871072,0,0.0602062086918255,0.501150707679232,43.6001115680932,0.15244794254578
data.5.train.preprocessed.mat,5,7,3,50,50.000128535,OASIS,spike_bins,ok,,0.1,5,0.1,724,42,42,41,41,1,683,0.976190476190476,0.0566298342541436,0.107049608355091,0.0317072355633803,0.0199999485861322,0.00829266160888407,0,0.0433532297739766,0.682927644366197,28.0000334190141,0.0386740793080305
data.5.train.preprocessed.mat,5,7,3,50,50.000128535,OASIS,burst_onsets,ok,,0.1,5,0.1,286,42,42,14,14,28,272,0.333333333333333,0.048951048951049,0.0853658536585366,0.0657141167830057,0.0599998457583965,0.00857140653691378,0.0299999228791983,0.0722022161031882,0.342858832169943,4.8000236503792,0.0167832994768504
data.5.train.preprocessed.mat,5,7,3,20,20.000051414,SimpleBaseline,spike_bins,ok,,0.1,2,0.1,546,79,79,70,70,9,476,0.886075949367089,0.128205128205128,0.224,0.0471427359530258,0.0499998714653304,0.0242856518545891,0.0499998714653304,0.0543356767977363,0.528572640469742,37.0000848328819,0.0677657231371463
data.5.train.preprocessed.mat,5,7,3,20,20.000051414,SimpleBaseline,burst_onsets,ok,,0.1,2,0.1,260,79,79,30,30,49,230,0.379746835443038,0.115384615384615,0.176991150442478,0.0633331705227519,0.0499998714653304,-0.0299999228791983,-0.0499998714653304,0.0677213652927827,0.366668294772481,11.0000488431744,0.0423078801660555
data.5.train.preprocessed.mat,5,7,3,20,20.000051414,OASIS,spike_bins,ok,,0.1,2,0.1,546,47,47,46,46,1,500,0.978723404255319,0.0842490842490843,0.155143338954469,0.0304347043702011,0.0249999357326652,0.0217390745501437,0,0.0403486177384706,0.695652956297989,32.0000359897075,0.0586081245232738
data.5.train.preprocessed.mat,5,7,3,20,20.000051414,OASIS,burst_onsets,ok,,0.1,2,0.1,260,47,47,14,14,33,246,0.297872340425532,0.0538461538461538,0.0912052117263844,0.0749998071979956,0.0999997429306608,0.0178570969519037,0.0249999357326652,0.0822918173615365,0.250001928020044,3.50002699228061,0.0134616422780023
data.5.train.preprocessed.mat,5,7,3,10,10.000025707,SimpleBaseline,spike_bins,ok,,0.1,1,0.1,440,53,53,48,48,5,392,0.905660377358491,0.109090909090909,0.1947261663286,0.0395832315767199,0,0.0270832637103873,0,0.0573883505903976,0.604167684232801,29.0000488431744,0.0659092019163055
data.5.train.preprocessed.mat,5,7,3,10,10.000025707,SimpleBaseline,burst_onsets,ok,,0.1,1,0.1,248,53,53,23,23,30,225,0.433962264150943,0.092741935483871,0.152823920265781,0.065217223650431,0.0999997429306608,-0.0304347043702011,0,0.0764838041384159,0.34782776349569,8.00003856040087,0.0322582200016164
data.5.train.preprocessed.mat,5,7,3,10,10.000025707,OASIS,spike_bins,ok,,0.1,1,0.1,440,44,44,44,44,0,396,1,0.1,0.181818181818182,0.0318181000233921,0,0.0272726571629075,0,0.0499469895135004,0.681818999766079,30.0000359897075,0.0681818999766079
data.5.train.preprocessed.mat,5,7,3,10,10.000025707,OASIS,burst_onsets,ok,,0.1,1,0.1,248,44,44,17,17,27,231,0.386363636363636,0.0685483870967742,0.116438356164384,0.0823527294723089,0.0999997429306608,1.63268091856641e-18,0,0.0935411942030006,0.176472705276911,3.00003598970748,0.0120969193133366
data.5.train.preprocessed.mat,5,8,4,100,100.00025707,SimpleBaseline,spike_bins,ok,,0.1,10,0.1,1234,307,307,230,230,77,1004,0.749185667752443,0.186385737439222,0.298507462686567,0.0303477480720006,0.0199999485861322,0.00495650899743275,0,0.0403125156297316,0.696522519279995,160.200179434399,0.129821863399027
data.5.train.preprocessed.mat,5,8,4,100,100.00025707,SimpleBaseline,burst_onsets,ok,,0.1,10,0.1,341,307,307,115,115,192,226,0.374592833876221,0.337243401759531,0.354938271604938,0.0524346478149465,0.0599998457583965,-0.0061738971722408,-0.0199999485861322,0.0591989262936657,0.475653521850535,54.7001550128115,0.160411011767776
data.5.train.preprocessed.mat,5,8,4,100,100.00025707,OASIS,spike_bins,ok,,0.1,10,0.1,1234,257,257,214,214,43,1020,0.832684824902724,0.173419773095624,0.287055667337357,0.0333644002114448,0.0299999228791983,0.009439228071025,0.00999997429306609,0.0430923605037555,0.666355997885552,142.600183547508,0.115559305954221
data.5.train.preprocessed.mat,5,8,4,100,100.00025707,OASIS,burst_onsets,ok,,0.1,10,0.1,341,257,257,106,106,151,235,0.412451361867704,0.310850439882698,0.354515050167224,0.0535847679100145,0.0499998714653304,-0.00471696900616325,-0.0149999614395991,0.061259750129052,0.464152320899855,49.2001460153846,0.144281953124295
data.5.train.preprocessed.mat,5,8,4,50,50.000128535,SimpleBaseline,spike_bins,ok,,0.1,5,0.1,1041,235,235,186,186,49,855,0.791489361702128,0.178674351585014,0.29153605015674,0.0325805614064411,0.0199999485861322,0.00741933576582322,0,0.0440490785722029,0.674194385935589,125.40015578402,0.120461244749298
data.5.train.preprocessed.mat,5,8,4,50,50.000128535,SimpleBaseline,burst_onsets,ok,,0.1,5,0.1,328,235,235,85,85,150,243,0.361702127659574,0.259146341463415,0.301953818827709,0.0531763338878338,0.0599998457583965,-0.0131764367155694,-0.0199999485861322,0.0602021186630127,0.468236661121662,39.8001161953413,0.121341817668723
data.5.train.preprocessed.mat,5,8,4,50,50.000128535,OASIS,spike_bins,ok,,0.1,5,0.1,1041,84,84,79,79,5,962,0.94047619047619,0.0758885686839577,0.140444444444444,0.0263290462399715,0.0199999485861322,0.00556960593537858,0,0.0380196958743092,0.736709537600285,58.2000534704225,0.055907832344306
data.5.train.preprocessed.mat,5,8,4,50,50.000128535,OASIS,burst_onsets,ok,,0.1,5,0.1,328,84,84,33,33,51,295,0.392857142857143,0.100609756097561,0.160194174757282,0.0533331962296858,0.0399998971722643,-0.0230302438264552,-0.0399998971722643,0.0593970720160956,0.466668037703142,15.4000452442037,0.0469513574518405
data.5.train.preprocessed.mat,5,8,4,20,20.000051414,SimpleBaseline,spike_bins,ok,,0.1,2,0.1,776,105,105,89,89,16,687,0.847619047619048,0.114690721649485,0.202043132803632,0.0353931674417508,0,0.0207864634181711,0,0.0498912245912515,0.646068325582492,57.5000809768418,0.0740980424959302
data.5.train.preprocessed.mat,5,8,4,20,20.000051414,SimpleBaseline,burst_onsets,ok,,0.1,2,0.1,308,105,105,35,35,70,273,0.333333333333333,0.113636363636364,0.169491525423729,0.0557141424899396,0.0499998714653304,-0.0214285163422845,0,0.0678293202196894,0.442858575100604,15.5000501285211,0.0503248380796141
data.5.train.preprocessed.mat,5,8,4,20,20.000051414,OASIS,spike_bins,ok,,0.1,2,0.1,776,74,74,69,69,5,707,0.932432432432432,0.0889175257731959,0.162352941176471,0.029710068551863,0,0.0137680805484243,0,0.0427750013172656,0.70289931448137,48.5000526992145,0.0625000679113589
data.5.train.preprocessed.mat,5,8,4,20,20.000051414,OASIS,burst_onsets,ok,,0.1,2,0.1,308,74,74,31,31,43,277,0.418918918918919,0.100649350649351,0.162303664921466,0.0709675594991787,0.0999997429306608,-0.0354837797495893,-0.0499998714653304,0.0721033841198473,0.290324405008213,9.00005655525461,0.0292209628417358
data.5.train.preprocessed.mat,5,8,4,10,10.000025707,SimpleBaseline,spike_bins,ok,,0.1,1,0.1,601,65,65,54,54,11,547,0.830769230769231,0.0898502495840266,0.162162162162162,0.0333332476435536,0,0.0259258592783195,0,0.0520708814562311,0.666667523564464,36.000046272481,0.059900243381832
data.5.train.preprocessed.mat,5,8,4,10,10.000025707,SimpleBaseline,burst_onsets,ok,,0.1,1,0.1,273,65,65,21,21,44,252,0.323076923076923,0.0769230769230769,0.124260355029586,0.0619046027665996,0.0999997429306608,-0.0428570326845689,-0.0999997429306608,0.0676121665676847,0.380953972334004,8.00003341901409,0.0293041517180003
data.5.train.preprocessed.mat,5,8,4,10,10.000025707,OASIS,spike_bins,ok,,0.1,1,0.1,601,63,63,59,59,4,542,0.936507936507937,0.0981697171381032,0.177710843373494,0.0338982179425969,0,0.0338982179425969,0,0.047742612738304,0.661017820574031,39.0000514138678,0.064891932468998
data.5.train.preprocessed.mat,5,8,4,10,10.000025707,OASIS,burst_onsets,ok,,0.1,1,0.1,273,63,63,20,20,43,253,0.317460317460317,0.0732600732600733,0.119047619047619,0.0799997943445287,0.0999997429306608,-0.00999997429306608,0,0.091190716188925,0.200002056554713,4.00004113109426,0.0146521653153636
data.5.train.preprocessed.mat,5,9,4,100,100.00025707,SimpleBaseline,spike_bins,ok,,0.1,10,0.1,2007,389,389,349,349,40,1658,0.897172236503856,0.173891380169407,0.291318864774624,0.0302864550938993,0.0199999485861322,0.00318050758318148,0,0.0397176386394831,0.697135449061007,243.300271722291,0.121225845402238
data.5.train.preprocessed.mat,5,9,4,100,100.00025707,SimpleBaseline,burst_onsets,ok,,0.1,10,0.1,524,389,389,196,196,193,328,0.503856041131105,0.374045801526718,0.429353778751369,0.0468876345679986,0.0499998714653304,-0.0108673190021586,-0.0199999485861322,0.0543846502531771,0.531123654320014,104.100236246723,0.198664572989929
data.5.train.preprocessed.mat,5,9,4,100,100.00025707,OASIS,spike_bins,ok,,0.1,10,0.1,2007,390,390,353,353,37,1654,0.905128205128205,0.175884404583956,0.29453483521068,0.0312463785984473,0.0199999485861322,0.00133144133647056,0,0.0415834009831174,0.687536214015527,242.700283547481,0.120926897632028
data.5.train.preprocessed.mat,5,9,4,100,100.00025707,OASIS,burst_onsets,ok,,0.1,10,0.1,524,390,390,200,200,190,324,0.512820512820513,0.381679389312977,0.437636761487965,0.051299868123429,0.0499998714653304,-0.0151999609254605,-0.0199999485861322,0.0569840265761421,0.48700131876571,97.400263753142,0.185878365941111
data.5.train.preprocessed.mat,5,9,4,50,50.000128535,SimpleBaseline,spike_bins,ok,,0.1,5,0.1,1789,307,307,276,276,31,1513,0.899022801302932,0.154276131917272,0.263358778625954,0.0314491945158745,0.0199999485861322,0.00565215938303735,0,0.0416382759827803,0.685508054841255,189.200223136186,0.105757531099042
data.5.train.preprocessed.mat,5,9,4,50,50.000128535,SimpleBaseline,burst_onsets,ok,,0.1,5,0.1,495,307,307,155,155,152,340,0.504885993485342,0.313131313131313,0.386533665835411,0.0451611742267501,0.0399998971722643,-0.0123870649307657,-0.0199999485861322,0.0535623500404359,0.5483882577325,85.0001799485374,0.171717535249571
data.5.train.preprocessed.mat,5,9,4,50,50.000128535,OASIS,spike_bins,ok,,0.1,5,0.1,1789,128,128,116,116,12,1673,0.90625,0.0648406931246506,0.121022430881586,0.0331033631770464,0.0199999485861322,0.0024137868983263,0,0.0431098736893643,0.668966368229537,77.6000987146262,0.0433762429930834
data.5.train.preprocessed.mat,5,9,4,50,50.000128535,OASIS,burst_onsets,ok,,0.1,5,0.1,495,128,128,69,69,59,426,0.5390625,0.139393939393939,0.221508828250401,0.0544926135390268,0.0599998457583965,-0.0139130077120919,-0.0199999485861322,0.0595377091287912,0.455073864609732,31.4000966580715,0.0634345387031748
data.5.train.preprocessed.mat,5,9,4,20,20.000051414,SimpleBaseline,spike_bins,ok,,0.1,2,0.1,1362,156,156,142,142,14,1220,0.91025641025641,0.104258443465492,0.187088274044796,0.0373238477135565,0.0499998714653304,0.00704223541765217,0,0.0514303101404613,0.626761522864435,89.0001362467497,0.0653451807979073
data.5.train.preprocessed.mat,5,9,4,20,20.000051414,SimpleBaseline,burst_onsets,ok,,0.1,2,0.1,423,156,156,80,80,76,343,0.512820512820513,0.189125295508274,0.276338514680484,0.0637498361182963,0.0499998714653304,-0.0174999550128656,-0.0499998714653304,0.0712010827749094,0.362501638817037,29.000131105363,0.0685582295635058
data.5.train.preprocessed.mat,5,9,4,20,20.000051414,OASIS,spike_bins,ok,,0.1,2,0.1,1362,124,124,115,115,9,1247,0.92741935483871,0.0844346549192364,0.154777927321669,0.034347737789227,0.0499998714653304,0.00913041131106034,0,0.0475645191965287,0.65652262210773,75.5001015423889,0.0554332610443384
data.5.train.preprocessed.mat,5,9,4,20,20.000051414,OASIS,burst_onsets,ok,,0.1,2,0.1,423,124,124,59,59,65,364,0.475806451612903,0.139479905437352,0.215722120658135,0.0576269705024147,0.0499998714653304,-0.0152541980741686,-0.0499998714653304,0.065819750541756,0.423730294975853,25.0000874035753,0.0591018614741733
data.5.train.preprocessed.mat,5,9,4,10,10.000025707,SimpleBaseline,spike_bins,ok,,0.1,1,0.1,1035,97,97,93,93,4,942,0.958762886597938,0.0898550724637681,0.164310954063604,0.0354837797495893,0,0.0118279265831964,0,0.0586985313450075,0.645162202504107,60.0000848328819,0.0579710964568907
data.5.train.preprocessed.mat,5,9,4,10,10.000025707,SimpleBaseline,burst_onsets,ok,,0.1,1,0.1,341,97,97,55,55,42,286,0.56701030927835,0.161290322580645,0.251141552511416,0.0690907314793657,0.0999997429306608,-0.010909062865163,0,0.0831612250928268,0.309092685206343,17.0000976863489,0.0498536589042489
data.5.train.preprocessed.mat,5,9,4,10,10.000025707,OASIS,spike_bins,ok,,0.1,1,0.1,1035,102,102,97,97,5,938,0.950980392156863,0.093719806763285,0.170624450307828,0.0319586807304174,0,0.0134020274030783,0,0.0552056586147424,0.680413192695826,66.0000796914951,0.0637681929386427
data.5.train.preprocessed.mat,5,9,4,10,10.000025707,OASIS,burst_onsets,ok,,0.1,1,0.1,341,102,102,48,48,54,293,0.470588235294118,0.140762463343109,0.216704288939052,0.0666664952871072,0.0999997429306608,-0.020833279777221,0,0.079782300673704,0.333335047128928,16.0000822621885,0.046921062352459
