time_sec,calcium,oasis_predicted_event,oasis_activity_z,oasis_activity_raw
0,0.0705010311277587,0,-0.490953367101651,0
0.0999998051168947,0.389516830510354,0,-0.490953367101651,0
0.199999610233789,-0.0176068264661963,0,-0.490953367101651,0
0.299999415350684,0.0370416022607021,0,-0.490953367101651,0
0.399999220467579,-0.110884827462012,0,-0.490953367101651,0
0.499999025584474,0.126719863917587,0,-0.490953367101651,0
0.599998830701368,-0.240769429480281,0,-0.490953367101651,0
0.699998635818263,-0.308436438300564,0,-0.490953367101651,0
0.799998440935158,0.091719466300872,0,-0.490953367101651,0
0.899998246052052,0.716247186313257,1,1.57990772088246,0.383509881889794
0.999998051168947,0.565358352025411,0,-0.490953367101651,0
1.09999785628584,0.458134220342268,0,-0.490953367101651,0
1.19999766140274,0.226359916985223,0,-0.490953367101651,0
1.29999746651963,0.218111493573731,0,-0.490953367101651,0
1.39999727163653,0.332270925233925,0,-0.490953367101651,0
1.49999707675342,0.193050476106146,0,-0.490953367101651,0
1.59999688187032,-0.222260001497391,0,-0.490953367101651,0
1.69999668698721,-0.315223837718974,0,-0.490953367101651,0
1.7999964921041,0.140882103618436,0,-0.490953367101651,0
1.899996297221,0.615520757296151,1,2.0343844708923,0.467675993141419
1.99999610233789,0.843184590239215,0,-0.490953367101651,0
2.09999590745479,0.5203092230048,0,-0.490953367101651,0
2.19999571257168,0.49126914741206,0,-0.490953367101651,0
2.29999551768858,0.137087337734752,0,-0.490953367101651,0
2.39999532280547,0.28619935700163,0,-0.490953367101651,0
2.49999512792237,0.206439311499437,0,-0.490953367101651,0
2.59999493303926,-0.0431573566828376,0,-0.490953367101651,0
2.69999473815616,0.158974447237588,0,-0.490953367101651,0
2.79999454327305,0.796393092976383,1,2.60562801849525,0.573466548936147
2.89999434838995,0.833498554234847,0,0.444172230725568,0.173179123242859
2.99999415350684,0.751609380212368,0,-0.490953367101651,0
3.09999395862374,1.08320702183366,1,1.9920799227278,0.459841468477207
3.19999376374063,1.38445705330738,0,1.49606187584905,0.367982181691894
3.29999356885753,1.04762877758094,0,-0.490953367101651,0
3.39999337397442,0.709293826988496,0,-0.490953367101651,0
3.49999317909132,0.776429222113778,0,-0.490953367101651,0
3.59999298420821,0.855497596288587,0,-0.490953367101651,0
3.6999927893251,0.541731127578181,0,-0.490953367101651,0
3.799992594442,0.781217979833501,1,1.04719391612561,0.284854781589349
3.89999239955889,0.776230986838877,0,0.0947152811831412,0.108461989765283
3.99999220467579,0.787454173082554,1,1.06268501082827,0.28772363065616
4.09999200979268,0.909244487662566,0,-0.490953367101651,0
4.19999181490958,0.947680072328857,0,-0.490953367101651,0
4.29999162002647,0.691886276310673,0,-0.490953367101651,0
4.39999142514337,0.283204724663529,0,-0.490953367101651,0
4.49999123026026,0.194866258167026,0,-0.490953367101651,0
4.59999103537716,0.354794543777927,0,-0.490953367101651,0
4.69999084049405,0.406588508185053,0,-0.490953367101651,0
4.79999064561095,0.246249956247798,0,-0.490953367101651,0
4.89999045072784,0.493556738919614,0,-0.490953367101651,0
4.99999025584474,0.328737270926371,0,-0.490953367101651,0
5.09999006096163,0.42402443822916,0,-0.490953367101651,0
5.19998986607852,0.215550920577153,0,-0.490953367101651,0
5.29998967119542,0.0171808748399924,0,-0.490953367101651,0
5.39998947631231,0.637928323921547,1,1.74340746563093,0.413788961525473
5.49998928142921,0.701024003540563,0,-0.490953367101651,0
5.5999890865461,0.505233053528068,0,-0.490953367101651,0
5.699988891663,0.588765401515924,0,-0.490953367101651,0
5.79998869677989,0.347085064206883,0,-0.490953367101651,0
5.89998850189679,-0.00866815431854356,0,-0.490953367101651,0
5.99998830701368,0.17023349022981,0,-0.490953367101651,0
6.09998811213058,-0.185773126540891,0,-0.490953367101651,0
6.19998791724747,-0.0438274330900314,0,-0.490953367101651,0
6.29998772236437,0.13729021903268,0,-0.490953367101651,0
6.39998752748126,0.252856424840003,0,-0.490953367101651,0
6.49998733259816,0.639075407690795,1,1.95285227120639,0.452576764876814
6.59998713771505,0.926202495766967,0,1.53855167629037,0.375851013861914
6.69998694283195,0.97008905094131,0,0.669338283326078,0.21487839836057
6.79998674794884,0.956933691716932,0,-0.490953367101651,0
6.89998655306573,0.710964293614465,0,-0.490953367101651,0
6.99998635818263,0.635167914257886,0,-0.490953367101651,0
7.09998616329952,0.645059963366484,0,-0.490953367101651,0
7.19998596841642,0.416939124860556,0,-0.490953367101651,0
7.29998577353331,0.133820872759932,0,-0.490953367101651,0
7.39998557865021,0.548008233060967,1,0.969487497182799,0.270464062808763
7.4999853837671,0.795863117680289,0,-0.490953367101651,0
7.599985188884,0.445173884696358,0,-0.490953367101651,0
7.69998499400089,0.31151554584316,0,-0.490953367101651,0
7.79998479911779,0.376121381283296,0,-0.490953367101651,0
7.89998460423468,0.144800442268403,0,-0.490953367101651,0
7.99998440935158,0.302154303993425,0,-0.490953367101651,0
8.09998421446847,0.437721914286957,0,0.261429638807815,0.139336394607286
8.19998401958537,0.306148628899808,0,-0.490953367101651,0
8.29998382470226,1.30601898628622,1,4.8679863448245,0.992440462520824
8.39998362981916,1.450695851709,0,1.39579064361952,0.349412607589401
8.49998343493605,1.7676859427553,0,1.31000424864851,0.333525530279396
8.59998324005294,1.21223592972189,0,-0.490953367101651,0
8.69998304516984,0.841533035980525,0,-0.490953367101651,0
8.79998285028674,1.00617000126066,0,-0.490953367101651,0
8.89998265540363,1.45735694464117,1,3.09821470237935,0.664690369815787
8.99998246052052,1.52545250973367,0,2.80315204129132,0.610046701555973
9.09998226563742,1.62786142258353,0,-0.490953367101651,0
9.19998207075431,1.64826317490948,0,-0.490953367101651,0
9.29998187587121,1.33752988531138,0,-0.490953367101651,0
9.3999816809881,0.860292991874689,0,-0.490953367101651,0
9.499981486105,0.701412107118194,0,-0.490953367101651,0
9.59998129122189,0.307865401674048,0,-0.490953367101651,0
9.69998109633879,0.87128471585454,0,-0.490953367101651,0
9.79998090145568,0.846098176645109,0,-0.490953367101651,0
9.89998070657258,0.211287222357075,0,-0.490953367101651,0
9.99998051168947,0.239614238713094,0,-0.490953367101651,0
10.0999803168064,0.466300337856476,0,-0.490953367101651,0
10.1999801219233,0.341790818270193,0,-0.490953367101651,0
10.2999799270402,0.157271181704394,0,-0.490953367101651,0
10.399979732157,-0.245691466125546,0,-0.490953367101651,0
10.4999795372739,-0.239008910024297,0,-0.490953367101651,0
10.5999793423908,0.09094819097748,0,-0.490953367101651,0
10.6999791475077,0.269417957290798,0,-0.490953367101651,0
10.7999789526246,0.256086495176554,0,-0.490953367101651,0
10.8999787577415,0.340990876308799,0,-0.490953367101651,0
10.9999785628584,0.268078490475095,0,-0.490953367101651,0
11.0999783679753,-0.108897797450147,0,-0.490953367101651,0
11.1999781730922,-0.01183137470854,0,-0.490953367101651,0
11.2999779782091,-0.0854541144155368,0,-0.490953367101651,0
11.399977783326,-0.246311982603007,0,-0.490953367101651,0
11.4999775884429,0.512514660790061,0,-0.490953367101651,0
11.5999773935598,0.262585655939939,0,-0.490953367101651,0
11.6999771986767,0.122591600326003,0,-0.490953367101651,0
11.7999770037936,0.015079780512068,0,-0.490953367101651,0
11.8999768089105,-0.0228367814368195,0,-0.490953367101651,0
11.9999766140274,0.0720730636531298,0,-0.490953367101651,0
12.0999764191443,0.153387481681013,0,-0.490953367101651,0
12.1999762242612,-0.135356180973139,0,-0.490953367101651,0
12.299976029378,-0.468787393706781,0,-0.490953367101651,0
12.3999758344949,0.25532334201743,0,-0.490953367101651,0
12.4999756396118,0.302403430845132,0,-0.490953367101651,0
12.5999754447287,-0.107305333228526,0,-0.490953367101651,0
12.6999752498456,0.00267760465787113,0,-0.490953367101651,0
12.7999750549625,0.269284378944246,0,-0.490953367101651,0
12.8999748600794,0.155838752346741,0,-0.490953367101651,0
12.9999746651963,-0.0545767954476744,0,-0.490953367101651,0
13.0999744703132,0.0859817254551685,0,-0.490953367101651,0
13.1999742754301,0.0227978321600909,0,-0.490953367101651,0
13.299974080547,0.0851906784138562,0,-0.490953367101651,0
13.3999738856639,-0.0748550495015436,0,-0.490953367101651,0
13.4999736907808,-0.0129703386061962,0,-0.490953367101651,0
13.5999734958977,0.281124385431833,0,-0.490953367101651,0
13.6999733010146,-0.199525162995052,0,-0.490953367101651,0
13.7999731061315,0.152375921457744,0,-0.490953367101651,0
13.8999729112484,0.0510072385502118,0,-0.490953367101651,0
13.9999727163653,-0.175777333720291,0,-0.490953367101651,0
14.0999725214822,-0.189856762502204,0,-0.490953367101651,0
14.199972326599,0.125899750911703,0,-0.490953367101651,0
14.2999721317159,-0.336958580486242,0,-0.490953367101651,0
14.3999719368328,-0.0558709147358756,0,-0.490953367101651,0
14.4999717419497,0.593593368287315,1,2.25545736455446,0.508617242088225
14.5999715470666,0.711799219257294,0,-0.490953367101651,0
14.6999713521835,0.387741779797333,0,-0.490953367101651,0
14.7999711573004,0.472551223357547,0,-0.490953367101651,0
14.8999709624173,0.370016574138457,0,-0.490953367101651,0
14.9999707675342,0.158029943808279,0,-0.490953367101651,0
15.0999705726511,1.37574816684868,0,5.36845883978346,1.08512468385488
15.199970377768,2.38597770741827,1,6.68499791307354,1.32893907943671
15.2999701828849,2.27167744753937,0,-0.490953367101651,0
15.3999699880018,1.59796959714754,0,-0.490953367101651,0
15.4999697931187,1.14411881401028,0,-0.490953367101651,0
15.5999695982356,1.32101150813859,0,-0.490953367101651,0
15.6999694033525,1.35268279847746,0,-0.490953367101651,0
15.7999692084694,1.02689833381949,0,-0.490953367101651,0
15.8999690135863,0.752638161450367,0,-0.490953367101651,0
15.9999688187032,1.24069879421966,0,2.75045506208873,0.60028756687176
16.0999686238201,1.83095647198051,1,3.81709437698859,0.797822167357428
16.1999684289369,1.65079096628022,0,-0.490953367101651,0
16.2999682340538,1.22419242847139,0,-0.490953367101651,0
16.3999680391707,1.2310245364024,0,-0.490953367101651,0
16.4999678442876,0.720874264243623,0,-0.490953367101651,0
16.5999676494045,1.05455459599572,0,0.942506180262707,0.265467300000627
16.6999674545214,1.16124360095339,0,0.954473962701536,0.267683654760601
16.7999672596383,1.46417903491583,0,2.11436657143645,0.482488153218676
16.8999670647552,1.5888681646806,1,2.47627351699674,0.549510944246169
16.9999668698721,1.52920730874285,0,-0.490953367101651,0
17.099966674989,1.48211935768572,0,-0.490953367101651,0
17.1999664801059,1.24806835952839,0,-0.490953367101651,0
17.2999662852228,0.945377801821526,0,-0.490953367101651,0
17.3999660903397,0.405911153312341,0,-0.490953367101651,0
17.4999658954566,0.714735137034626,0,-0.490953367101651,0
17.5999657005735,0.910123454409148,1,0.927274759971534,0.262646540930511
17.6999655056904,0.601554468883015,0,-0.490953367101651,0
17.7999653108073,1.83824420827234,1,6.17275867386481,1.23407573429583
17.8999651159242,1.88510636270862,0,1.48479608588068,0.365895831330089
17.999964921041,1.47506413877139,0,-0.490953367101651,0
18.0999647261579,1.28040107461612,0,-0.490953367101651,0
18.1999645312748,1.44888640069674,0,-0.490953367101651,0
18.2999643363917,1.01707668162612,0,-0.490953367101651,0
18.3999641415086,0.562087644466449,0,-0.490953367101651,0
18.4999639466255,0.695847342316497,0,-0.490953367101651,0
18.5999637517424,0.797225863155556,0,-0.490953367101651,0
18.6999635568593,1.20186789263638,1,2.02295319596244,0.465558996050867
18.7999633619762,0.731125864115496,0,-0.490953367101651,0
18.8999631670931,0.485971892906407,0,-0.490953367101651,0
18.99996297221,0.633420786552967,0,-0.490953367101651,0
19.0999627773269,0.813096045813241,0,0.417931405947048,0.168319494719297
19.1999625824438,0.584245565465467,0,-0.490953367101651,0
19.2999623875607,0.382307350887968,0,-0.490953367101651,0
19.3999621926776,0.411010288790733,0,-0.490953367101651,0
19.4999619977945,0.679039564993039,0,1.05962553578844,0.287157035958922
19.5999618029114,1.03562476147111,0,1.95114563210878,0.452260706517057
19.6999616080283,2.51703502693461,1,8.35985789877173,1.63911215624232
19.7999614131452,2.66966178393206,0,2.57618155637016,0.568013257415441
19.899961218262,2.71399554647647,1,2.87200858733346,0.622798481959394
19.9999610233789,2.50400714110359,0,-0.490953367101651,0
20.0999608284958,1.91132403117149,0,-0.490953367101651,0
20.1999606336127,1.80882235367207,0,-0.490953367101651,0
20.2999604387296,1.96293024664916,1,2.56919867694923,0.566720073977156
20.3999602438465,2.13804708124284,0,2.33774318693238,0.523856036329166
20.4999600489634,1.49352123444999,0,-0.490953367101651,0
20.5999598540803,1.80744882662115,0,-0.490953367101651,0
20.6999596591972,1.12493130673069,0,-0.490953367101651,0
20.7999594643141,0.921865718540162,0,-0.490953367101651,0
20.899959269431,0.854017172666492,0,-0.490953367101651,0
20.9999590745479,0.931525274197486,0,-0.490953367101651,0
21.0999588796648,1.11021362454899,0,-0.490953367101651,0
21.1999586847817,0.969186199891544,0,-0.490953367101651,0
21.2999584898986,0.584294340809014,0,-0.490953367101651,0
21.3999582950155,0.747698757679835,0,-0.490953367101651,0
21.4999581001324,0.327403249516744,0,-0.490953367101651,0
21.5999579052493,-0.0398631779404674,0,-0.490953367101651,0
21.6999577103662,0.383911068144876,0,-0.490953367101651,0
21.799957515483,0.562066558690638,1,1.08911554694713,0.292618392474828
21.8999573205999,0.651134116927101,0,0.396746252484615,0.164396143341777
21.9999571257168,0.771426328222109,0,0.329010036092032,0.151851840636438
22.0999569308337,0.61906823768444,0,-0.490953367101651,0
22.1999567359506,0.429877614469739,0,-0.490953367101651,0
22.2999565410675,0.76719866580843,1,1.16181117515516,0.306081145698467
22.3999563461844,1.02940020580253,0,-0.490953367101651,0
22.4999561513013,0.796963743836417,0,-0.490953367101651,0
22.5999559564182,0.127113738089339,0,-0.490953367101651,0
22.6999557615351,0.445359541293063,0,-0.490953367101651,0
22.799955566652,0.230490075286133,0,-0.490953367101651,0
22.8999553717689,0.110392491532621,0,-0.490953367101651,0
22.9999551768858,0.228797452543012,0,-0.490953367101651,0
23.0999549820027,0.339310492524958,0,-0.490953367101651,0
23.1999547871196,-0.076547447123134,0,-0.490953367101651,0
23.2999545922365,0.200003108122444,0,-0.490953367101651,0
23.3999543973534,0.128238000595222,0,-0.490953367101651,0
23.4999542024703,-0.0803925282437854,0,-0.490953367101651,0
23.5999540075872,-0.0716101093599935,0,-0.490953367101651,0
23.699953812704,0.108015608000716,0,-0.490953367101651,0
23.7999536178209,-0.439579749587101,0,-0.490953367101651,0
23.8999534229378,0.18054073475262,0,-0.490953367101651,0
23.9999532280547,0.202559876320119,0,-0.490953367101651,0
24.0999530331716,0.579865929146502,1,1.8336298465867,0.430497554325314
24.1999528382885,0.664132669013237,0,0.324988766353148,0.151107127873445
24.2999526434054,0.593654399163762,0,-0.490953367101651,0
24.3999524485223,0.558922503182737,0,-0.490953367101651,0
24.4999522536392,0.482260720534211,0,-0.490953367101651,0
24.5999520587561,0.15005793846753,0,-0.490953367101651,0
24.699951863873,0.286190582582126,0,-0.490953367101651,0
24.7999516689899,0.529136082246359,0,0.447690708774614,0.173830722284847
24.8999514741068,0.358052832947818,0,-0.490953367101651,0
24.9999512792237,0.336099006870609,0,-0.490953367101651,0
25.0999510843406,1.1633430631956,1,4.85364894196633,0.989785269611628
25.1999508894575,1.08847757732615,0,-0.490953367101651,0
25.2999506945744,1.14191776843133,0,-0.490953367101651,0
25.3999504996913,0.78703394545116,0,-0.490953367101651,0
25.4999503048082,0.445425994162237,0,-0.490953367101651,0
25.599950109925,0.851112044420314,0,-0.490953367101651,0
25.6999499150419,0.744530669205445,0,-0.490953367101651,0
25.7999497201588,0.382052930225673,0,-0.490953367101651,0
25.8999495252757,0.433571257755134,0,-0.490953367101651,0
25.9999493303926,0.52680831586686,0,-0.490953367101651,0
26.0999491355095,0.128207117930893,0,-0.490953367101651,0
26.1999489406264,-0.0951471028540976,0,-0.490953367101651,0
26.2999487457433,0.343956825056909,0,-0.490953367101651,0
26.3999485508602,0.342526657443385,0,-0.490953367101651,0
26.4999483559771,0.0765230699922479,0,-0.490953367101651,0
26.599948161094,-0.0601815442746974,0,-0.490953367101651,0
26.6999479662109,0.398844410736925,0,0.594010669861765,0.200928218741878
26.7999477713278,0.486037121295545,0,-0.490953367101651,0
26.8999475764447,0.108622660692023,0,-0.490953367101651,0
26.9999473815616,0.931442827270226,1,2.97358779364662,0.641610284277598
27.0999471866785,0.758690260817764,0,-0.490953367101651,0
27.1999469917954,0.950202116512408,1,1.04655605210056,0.284736653358379
27.2999467969123,1.00498111648709,0,0.576157929254354,0.197622008353608
27.3999466020292,1.19153059381528,0,1.33913872876377,0.338921044779504
27.499946407146,1.38683624099974,1,1.93891818250336,0.449996263102096
27.5999462122629,1.31580581133974,0,-0.490953367101651,0
27.6999460173798,1.0276279256548,0,-0.490953367101651,0
27.7999458224967,0.877802056718418,0,-0.490953367101651,0
27.8999456276136,1.65558390699269,1,4.55083763785749,0.93370660352074
27.9999454327305,1.43012033556146,0,-0.490953367101651,0
28.0999452378474,1.20163885912355,0,-0.490953367101651,0
28.1999450429643,1.38028851240694,1,0.859629430171659,0.250119069825629
28.2999448480812,0.936611752603328,0,-0.490953367101651,0
28.3999446531981,0.846181954419072,0,-0.490953367101651,0
28.499944458315,0.777686894026818,0,-0.490953367101651,0
28.5999442634319,1.4997211491148,1,4.38077062840881,0.902211309565264
28.6999440685488,1.34876575979829,0,-0.490953367101651,0
28.7999438736657,1.05268969198373,0,-0.490953367101651,0
28.8999436787826,1.12310137923291,0,-0.490953367101651,0
28.9999434838995,0.571757640800733,0,-0.490953367101651,0
29.0999432890164,0.806623395827595,0,-0.490953367101651,0
29.1999430941333,1.0667202076624,1,1.62995051902682,0.39277747966211
29.2999428992502,0.717744068957403,0,-0.490953367101651,0
29.399942704367,0.70454354399338,0,-0.490953367101651,0
29.4999425094839,0.944424520310639,0,1.33759450412255,0.338635064511102
29.5999423146008,1.22879416581109,1,1.39048413406515,0.348429876847948
29.6999421197177,0.741046124756817,0,-0.490953367101651,0
29.7999419248346,0.685586353885409,0,-0.490953367101651,0
29.8999417299515,0.728769406056744,0,-0.490953367101651,0
29.9999415350684,0.722686450606082,0,-0.490953367101651,0
30.0999413401853,0.579713002250861,0,-0.490953367101651,0
30.1999411453022,0.531865081360574,0,-0.490953367101651,0
30.2999409504191,0.584919411015558,0,-0.490953367101651,0
30.399940755536,0.2768441326747,0,-0.490953367101651,0
30.4999405606529,0.618478579394892,0,-0.490953367101651,0
30.5999403657698,0.358418505019183,0,-0.490953367101651,0
30.6999401708867,0.233350661816806,0,-0.490953367101651,0
30.7999399760036,0.204249981251593,0,-0.490953367101651,0
30.8999397811205,0.529437250025173,0,1.21107321406569,0.315204151985005
30.9999395862374,1.21635259264884,1,4.23299170335701,0.874843622557545
31.0999393913543,1.23510601088991,0,-0.490953367101651,0
31.1999391964711,0.783932848648066,0,-0.490953367101651,0
31.299939001588,0.950081435307856,0,-0.490953367101651,0
31.3999388067049,0.683303208653125,0,-0.490953367101651,0
31.4999386118218,0.33792784594536,0,-0.490953367101651,0
31.5999384169387,0.569376119695999,0,-0.490953367101651,0
31.6999382220556,0.718264632013701,0,-0.490953367101651,0
31.7999380271725,0.799374335955122,0,-0.490953367101651,0
31.8999378322894,0.517688891259039,0,-0.490953367101651,0
31.9999376374063,0.134517566743471,0,-0.490953367101651,0
32.0999374425232,0.102749274919152,0,-0.490953367101651,0
32.1999372476401,0.518170344000337,1,0.953242190246193,0.267455538586317
32.299937052757,0.600859493221287,0,0.245053528704551,0.136303646496871
32.3999368578739,0.459057537960779,0,-0.490953367101651,0
32.4999366629908,0.514734599330493,0,-0.490953367101651,0
32.5999364681077,0.343575649864811,0,-0.490953367101651,0
32.6999362732246,0.65192744508839,1,1.73431170937609,0.412104487164911
32.7999360783415,0.551994987760421,0,-0.490953367101651,0
32.8999358834584,0.682692105911307,0,-0.490953367101651,0
32.9999356885753,0.590261389565863,0,-0.490953367101651,0
33.0999354936922,0.451337672926872,0,-0.490953367101651,0
33.199935298809,0.338098897113826,0,-0.490953367101651,0
33.2999351039259,0.320553633064334,0,-0.490953367101651,0
33.3999349090428,0.434926806880187,0,-0.490953367101651,0
33.4999347141597,0.298621545327935,0,-0.490953367101651,0
33.5999345192766,0.254998690747742,0,-0.490953367101651,0
33.6999343243935,0.258852162093547,0,-0.490953367101651,0
33.7999341295104,0.468191278451129,0,-0.490953367101651,0
33.8999339346273,0.26528461183126,0,-0.490953367101651,0
33.9999337397442,-0.137308912222652,0,-0.490953367101651,0
34.0999335448611,0.184512300089928,0,-0.490953367101651,0
34.199933349978,0.100266464049624,0,-0.490953367101651,0
34.2999331550949,-0.00305498274951833,0,-0.490953367101651,0
34.3999329602118,-0.175933010563817,0,-0.490953367101651,0
34.4999327653287,0.0529155728137856,0,-0.490953367101651,0
34.5999325704456,0.315519775941352,0,-0.490953367101651,0
34.6999323755625,0.05417866452107,0,-0.490953367101651,0
34.7999321806794,-0.408259399430201,0,-0.490953367101651,0
34.8999319857963,0.0908988307860416,0,-0.490953367101651,0
34.9999317909132,0.118069926729702,0,-0.490953367101651,0
35.09993159603,0.324733848400882,0,0.531512922744507,0.18935404616488
35.1999314011469,0.820242046974868,1,2.36850991847403,0.529553833080544
35.2999312062638,0.869457898468341,0,0.240509885879816,0.13546219366685
35.3999310113807,0.671386442938088,0,-0.490953367101651,0
35.4999308164976,0.910528078556929,1,1.18518367284045,0.310409578869946
35.5999306216145,0.796841096293409,0,-0.490953367101651,0
35.6999304267314,1.13065319983406,0,1.99773244103252,0.46088827776828
35.7999302318483,1.70695743282607,1,3.56175985898145,0.750535890449965
35.8999300369652,1.90402691170634,0,1.28230986537904,0.328396712263397
35.9999298420821,1.3998282597377,0,-0.490953367101651,0
36.099929647199,1.06616532941289,0,-0.490953367101651,0
36.1999294523159,1.12092575847049,0,-0.490953367101651,0
36.2999292574328,1.17055094085516,1,0.955537935846345,0.267880695603885
36.3999290625497,0.875055497086935,0,-0.490953367101651,0
36.4999288676666,0.861139718988347,0,-0.490953367101651,0
36.5999286727835,0.796851023650393,0,-0.490953367101651,0
36.6999284779004,0.784743250737257,0,0.68855363043913,0.218436954530541
36.7999282830173,0.951142190520027,0,-0.490953367101651,0
36.8999280881341,0.539543502195598,0,-0.490953367101651,0
36.999927893251,0.316256022051698,0,-0.490953367101651,0
37.0999276983679,0.448768251040715,0,-0.490953367101651,0
37.1999275034848,0.603790062565382,0,0.468772725975087,0.177734973503562
37.2999273086017,0.577275422436166,0,-0.490953367101651,0
37.3999271137186,0.331809845280223,0,-0.490953367101651,0
37.4999269188355,0.334244263370288,0,-0.490953367101651,0
37.5999267239524,0.753783338132414,1,1.90687320914128,0.44406174435501
37.6999265290693,0.739047210022146,0,-0.490953367101651,0
37.7999263341862,0.549470761617679,0,-0.490953367101651,0
37.8999261393031,0.467885312730432,0,-0.490953367101651,0
37.99992594442,0.595981246749586,0,0.26630694377287,0.140239639475782
38.0999257495369,0.467241204665078,0,-0.490953367101651,0
38.1999255546538,1.02899242990091,1,2.93162700958724,0.633839422469439
38.2999253597707,1.16428468099357,0,-0.490953367101651,0
38.3999251648876,0.46176332412222,0,-0.490953367101651,0
38.4999249700045,0.708952494467551,0,-0.490953367101651,0
38.5999247751214,0.916198759642255,1,1.03307820746739,0.282240644990947
38.6999245802383,0.679050935649124,0,-0.490953367101651,0
38.7999243853551,0.570591881572491,0,-0.490953367101651,0
38.899924190472,0.646178085749552,0,0.115257269683559,0.112266231213099
38.9999239955889,0.957019192838438,1,1.91258226901407,0.445119024773391
39.0999238007058,0.887426872560484,0,-0.490953367101651,0
39.1999236058227,0.743245594854297,0,-0.490953367101651,0
39.2999234109396,0.853678228725621,1,1.19112663825586,0.311510177059638
39.3999232160565,0.787736734386107,0,-0.490953367101651,0
39.4999230211734,0.61687464270555,0,-0.490953367101651,0
39.5999228262903,0.42053738085975,0,-0.490953367101651,0
39.6999226314072,0.535831137395802,0,-0.490953367101651,0
39.7999224365241,0.835637628912701,0,-0.490953367101651,0
39.899922241641,0.366633984976249,0,-0.490953367101651,0
39.9999220467579,0.466332920077957,0,-0.490953367101651,0
40.0999218518748,0.522251817633601,0,-0.490953367101651,0
40.1999216569917,0.213837021049112,0,-0.490953367101651,0
40.2999214621086,0.326465180199931,0,-0.490953367101651,0
40.3999212672255,-0.0414447241664041,0,-0.490953367101651,0
40.4999210723424,0.234229088608622,0,-0.490953367101651,0
40.5999208774593,0.409154032553835,1,0.812397961888869,0.241372111892179
40.6999206825761,0.486604085197887,0,-0.490953367101651,0
40.799920487693,0.424407539116603,0,-0.490953367101651,0
40.8999202928099,0.447980128883271,0,-0.490953367101651,0
40.9999200979268,0.0431574806148882,0,-0.490953367101651,0
41.0999199030437,0.0139445353613359,0,-0.490953367101651,0
41.1999197081606,0.635185756634276,0,1.71326276709508,0.408206361204201
41.2999195132775,1.02389672420066,1,2.13426392218806,0.48617301198634
41.3999193183944,1.0181537533895,0,-0.490953367101651,0
41.4999191235113,0.688032782258597,0,-0.490953367101651,0
41.5999189286282,0.566481640419003,0,-0.490953367101651,0
41.6999187337451,0.376488369260427,0,-0.490953367101651,0
41.799918538862,0.46372229555858,0,-0.490953367101651,0
41.8999183439789,0.354049694331818,0,-0.490953367101651,0
41.9999181490958,0.491838626778858,0,-0.490953367101651,0
42.0999179542127,0.620348586188855,0,-0.490953367101651,0
42.1999177593296,0.339673392104017,0,-0.490953367101651,0
42.2999175644465,0.0725773364846415,0,-0.490953367101651,0
42.3999173695634,0.433342047209912,0,0.555638465835943,0.193821938403142
42.4999171746803,0.61123883164098,0,0.657772246183043,0.212736444192617
42.5999169797972,0.532046276495512,0,-0.490953367101651,0
42.699916784914,0.395331064614101,0,-0.490953367101651,0
42.7999165900309,0.661021217605678,0,0.969112853559305,0.270394681268577
42.8999163951478,1.14792980422873,0,2.63793660279824,0.579449886699343
42.9999162002647,1.79030242192178,1,3.63519136571231,0.764134923546268
43.0999160053816,1.38143990137371,0,-0.490953367101651,0
43.1999158104985,1.15323197358547,0,-0.490953367101651,0
43.2999156156154,1.32779899540398,0,-0.490953367101651,0
43.3999154207323,0.715390164315028,0,-0.490953367101651,0
43.4999152258492,0.651963270801557,0,-0.490953367101651,0
43.5999150309661,1.02480622451319,1,1.52266786491977,0.372909436245703
43.699914836083,0.796385653552503,0,-0.490953367101651,0
43.7999146411999,0.824468089793129,0,-0.490953367101651,0
43.8999144463168,0.369087309220394,0,-0.490953367101651,0
43.9999142514337,0.577945607445303,0,-0.490953367101651,0
44.0999140565506,0.654925341300464,0,-0.490953367101651,0
44.1999138616675,0.245567918273458,0,-0.490953367101651,0
44.2999136667844,0.390603570281551,0,-0.490953367101651,0
44.3999134719013,0.678660788457033,0,-0.490953367101651,0
44.4999132770181,0.30816850420238,0,-0.490953367101651,0
44.599913082135,0.217604183087037,0,-0.490953367101651,0
44.6999128872519,0.640844347531921,1,1.76880636868588,0.418492671671582
44.7999126923688,0.601645480614714,0,-0.490953367101651,0
44.8999124974857,0.594892209753014,0,-0.490953367101651,0
44.9999123026026,0.266887017382523,0,-0.490953367101651,0
45.0999121077195,0.507064530470248,1,0.774128834057505,0.234284920588141
45.1999119128364,0.52213139384472,0,-0.490953367101651,0
45.2999117179533,0.713795399090353,0,-0.490953367101651,0
45.3999115230702,0.346884583150643,0,-0.490953367101651,0
45.4999113281871,0.22279485319554,0,-0.490953367101651,0
45.599911133304,0.464319615941287,0,-0.490953367101651,0
45.6999109384209,0.458760426515702,0,-0.490953367101651,0
45.7999107435378,0.157606241571866,0,-0.490953367101651,0
45.8999105486547,0.0847391133377314,0,-0.490953367101651,0
45.9999103537716,0.176947898668655,0,-0.490953367101651,0
46.0999101588885,0.180638143178916,0,-0.490953367101651,0
46.1999099640054,-0.0488842651410447,0,-0.490953367101651,0
46.2999097691223,0.169404796717209,0,-0.490953367101651,0
46.3999095742391,0.340600488433456,0,0.394345149247767,0.163951474781384
46.499909379356,0.2881720987357,0,-0.490953367101651,0
46.5999091844729,0.542552769865433,0,0.451121496331581,0.174466081623238
46.6999089895898,0.267087533982333,0,-0.490953367101651,0
46.7999087947067,0.534118608354052,0,0.550845347363116,0.192934284320469
46.8999085998236,0.467345547553827,0,-0.490953367101651,0
46.9999084049405,0.984574358206606,1,2.68254496516142,0.587711062632612
47.0999082100574,0.853380055558284,0,-0.490953367101651,0
47.1999080151743,0.722241083007841,0,-0.490953367101651,0
47.2999078202912,1.10338842971117,0,2.13648211756591,0.48658380721172
47.3999076254081,1.44329323182562,1,2.2596510020665,0.509393876231512
47.499907430525,1.42539272144416,0,0.646848647357597,0.210713465384591
47.5999072356419,1.46156247025642,0,0.92200173778274,0.261670011829375
47.6999070407588,1.58056742522212,0,1.40326485269896,0.350796782055717
47.7999068458757,1.73004685708835,1,1.6795967303697,0.401971632161696
47.8999066509926,1.70510001168752,0,0.878137405616197,0.253546625405257
47.9999064561095,1.64161363938548,0,0.323409176997827,0.150814598292099
48.0999062612264,1.25650730212709,0,-0.490953367101651,0
48.1999060663433,1.25255186130797,0,0.223082883382794,0.132234827182393
48.2999058714601,1.64810452294287,1,2.69727524755725,0.590439014253611
48.399905676577,1.39762072268848,0,-0.490953367101651,0
48.4999054816939,1.14691690791581,0,-0.490953367101651,0
48.5999052868108,1.21600398405436,1,0.756574234926841,0.231033924044584
48.6999050919277,1.14433503485564,0,0.143027474106013,0.117409090808997
48.7999048970446,1.25965891691165,1,0.916676788446507,0.260683866161345
48.8999047021615,0.999266153007433,0,-0.490953367101651,0
48.9999045072784,1.10520678336132,0,0.729424513173643,0.226005973766642
49.0999043123953,1.51977253374895,1,2.66451007256141,0.584371118890825
49.1999041175122,1.72181013799804,0,1.73644497216463,0.412499553432186
49.2999039226291,1.51590510103211,0,-0.490953367101651,0
49.399903727746,1.03042825691851,0,-0.490953367101651,0
49.4999035328629,1.27965472700976,0,0.970004829842106,0.270559869421877
49.5999033379798,1.40884141329358,1,1.28738441147538,0.329336484894861
49.6999031430967,1.34156028747918,0,0.342395846771649,0.154330804919714
49.7999029482136,1.0669059272022,0,-0.490953367101651,0
49.8999027533305,1.03016167207389,0,-0.490953367101651,0
49.9999025584474,1.52410464761395,1,2.67788825037139,0.58684866961674
50.0999023635642,1.02608708666624,0,-0.490953367101651,0
50.1999021686811,1.17417009440225,0,0.474093090302334,0.178720270058021
50.299901973798,1.11844701198397,0,0.20191907570229,0.128315428903588
50.3999017789149,0.964712374187217,0,-0.490953367101651,0
50.4999015840318,0.788778089294976,0,-0.490953367101651,0
50.5999013891487,1.31292019362011,1,2.41709082160145,0.538550697490525
50.6999011942656,0.930983275400846,0,-0.490953367101651,0
50.7999009993825,1.27434389919868,1,1.64961048715889,0.396418376726638
50.8999008044994,1.28607757272142,0,0.648178134497127,0.210959677677059
50.9999006096163,1.28794614187456,0,0.605929958135901,0.20313559270083
51.0999004147332,1.47273580935917,1,1.03785136595606,0.283124602615556
51.1999002198501,1.2042172597305,0,-0.490953367101651,0
51.299900024967,0.762754599615981,0,-0.490953367101651,0
51.3998998300839,1.29817307342536,1,2.0466474093704,0.46994700886268
51.4998996352008,1.33109606676474,0,0.435389706615258,0.17155265741964
51.5998994403177,0.990068427591833,0,-0.490953367101651,0
51.6998992454346,1.59472166067304,1,2.62154021373087,0.576413383057871
51.7998990505515,1.23222467157346,0,-0.490953367101651,0
51.8998988556684,0.88321431782168,0,-0.490953367101651,0
51.9998986607852,0.914792603106592,0,-0.490953367101651,0
52.0998984659021,1.0776855970899,1,1.2311475407991,0.318921785542957
52.199898271019,1.09691782567554,0,0.444121179591049,0.173169668907808
52.2998980761359,0.905923118649029,0,-0.490953367101651,0
52.3998978812528,0.910412728125259,0,0.20289969382219,0.12849703294334
52.4998976863697,0.840498789590322,0,-0.0489668781764721,0.0818529968756074
52.5998974914866,0.748960274909212,0,-0.490953367101651,0
52.6998972966035,1.00256122828629,1,1.13593267800646,0.301288617873897
52.7998971017204,0.834844241322969,0,-0.490953367101651,0
52.8998969068373,0.595338221387266,0,-0.490953367101651,0
52.9998967119542,0.469035272484954,0,-0.490953367101651,0
53.0998965170711,0.931627107224743,1,1.39976910764106,0.350149393014487
53.199896322188,0.848507165085701,0,-0.490953367101651,0
53.2998961273049,0.352904782144283,0,-0.490953367101651,0
53.3998959324218,0.660016223926437,0,0.223875311708668,0.13238157970743
53.4998957375387,0.584067950864451,0,-0.490953367101651,0
53.5998955426556,0.633584892726855,0,0.294174339838809,0.145400498326159
53.6998953477725,0.563456681772359,0,-0.490953367101651,0
53.7998951528894,0.801230080561195,1,1.38871617940951,0.348102463249273
53.8998949580063,0.780270162979232,0,-0.490953367101651,0
53.9998947631231,0.435835786508456,0,-0.490953367101651,0
54.09989456824,0.516356806414027,0,-0.490953367101651,0
54.1998943733569,0.665337958021324,0,-0.490953367101651,0
54.2998941784738,0.381433045173053,0,-0.490953367101651,0
54.3998939835907,0.324457351213162,0,-0.490953367101651,0
54.4998937887076,0.49275510431414,0,0.483509932577826,0.180464207442234
54.5998935938245,0.664807607147751,0,0.429109473760837,0.170389599513818
54.6998933989414,0.377457368324812,0,-0.490953367101651,0
54.7998932040583,0.410738929049893,0,-0.490953367101651,0
54.8998930091752,0.509444202781906,0,-0.490953367101651,0
54.9998928142921,0.413605907043293,0,-0.490953367101651,0
55.099892619409,0.265171089188862,0,-0.490953367101651,0
55.1998924245259,0.49819768947097,0,0.662046201929849,0.213527952745833
55.2998922296428,0.535000936326696,0,-0.490953367101651,0
55.3998920347597,0.384163635854765,0,-0.490953367101651,0
55.4998918398766,0.284986436612868,0,-0.490953367101651,0
55.5998916449935,0.141360851058773,0,-0.490953367101651,0
55.6998914501104,0.272962588987869,0,-0.490953367101651,0
55.7998912552273,0.562136823000714,0,0.602800616151494,0.202556059104011
55.8998910603441,0.194274086322355,0,-0.490953367101651,0
55.999890865461,0.357835635333101,0,-0.490953367101651,0
56.0998906705779,0.337631888288226,0,-0.490953367101651,0
56.1998904756948,0.326574474905314,0,-0.490953367101651,0
56.2998902808117,0.753637741497923,1,1.75832794799148,0.416552136931605
56.3998900859286,0.716103924029644,0,-0.490953367101651,0
56.4998898910455,0.494274043775868,0,-0.490953367101651,0
56.5998896961624,0.314528592067096,0,-0.490953367101651,0
56.6998895012793,0.196663521365717,0,-0.490953367101651,0
56.7998893063962,0.147215970285262,0,-0.490953367101651,0
56.8998891115131,0.328807328147546,0,-0.490953367101651,0
56.99988891663,0.246413446217496,0,-0.490953367101651,0
57.0998887217469,0.243868883350767,0,-0.490953367101651,0
57.1998885268638,0.265894251693177,0,-0.490953367101651,0
57.2998883319807,0.150645598686298,0,-0.490953367101651,0
57.3998881370976,0.199581256708785,0,-0.490953367101651,0
57.4998879422145,0.298105321968579,0,-0.490953367101651,0
57.5998877473314,0.265371850038211,0,-0.490953367101651,0
57.6998875524482,0.197647576553492,0,-0.490953367101651,0
57.7998873575651,0.497450046125128,0,1.33298204306946,0.337780866996862
57.899887162682,0.941668161875212,1,2.02395603465055,0.465744715194012
57.9998869677989,0.710127290089858,0,-0.490953367101651,0
58.0998867729158,0.658585285138564,0,-0.490953367101651,0
58.1998865780327,0.938890997644599,1,1.14462912761337,0.302899143264015
58.2998863831496,0.649492983648702,0,-0.490953367101651,0
58.3998861882665,0.741608065118548,0,0.101448527266888,0.109708942747932
58.4998859933834,0.84844825295278,0,0.661350996350607,0.213399205235374
58.5998857985003,1.24493005478787,1,1.59356872823668,0.386039810791019
58.6998856036172,0.962541469534413,0,-0.490953367101651,0
58.7998854087341,0.555515371317562,0,-0.490953367101651,0
58.899885213851,0.699424499829893,0,-0.490953367101651,0
58.9998850189679,0.861849181452207,1,1.07761396509575,0.290488375003853
59.0998848240848,0.807206874475641,0,-0.490953367101651,0
59.1998846292017,0.585194459893203,0,-0.490953367101651,0
59.2998844343186,0.685137173735546,0,0.238506918280932,0.135091257213539
59.3998842394355,0.62947347161856,0,-0.269171968777296,0.041072459360142
59.4998840445524,0.609769967299469,0,-0.127278447842389,0.0673502081528659
59.5998838496692,0.636191148532216,0,0.103276969894904,0.110047558322092
59.6998836547861,1.37067249252432,1,3.00712099525328,0.647820413127947
59.799883459903,0.974732833349632,0,-0.490953367101651,0
59.8998832650199,0.643419358460973,0,-0.490953367101651,0
59.9998830701368,0.899145911197028,0,0.420653452934467,0.168823599955858
60.0998828752537,1.00705714666365,1,0.815103976575352,0.241873248051831
60.1998826803706,1.04609185203579,0,0.553362176564824,0.193400384570015
60.2998824854875,0.807855881936489,0,-0.490953367101651,0
60.3998822906044,0.730730772884146,0,-0.490953367101651,0
60.4998820957213,0.738540823658612,0,-0.490953367101651,0
60.5998819008382,0.627696809407149,0,-0.490953367101651,0
60.6998817059551,0.98108881086101,1,2.20198460749738,0.498714438436994
60.799881511072,0.93241472626563,0,0.791229122745514,0.237451781819478
60.8998813161889,0.894137953157841,0,-0.490953367101651,0
60.9998811213058,0.728738326645878,0,-0.490953367101651,0
61.0998809264227,0.74771791928569,0,-0.490953367101651,0
61.1998807315396,0.511865552407318,0,-0.490953367101651,0
61.2998805366565,0.576902415295523,0,-0.490953367101651,0
61.3998803417734,0.726422119093354,0,-0.490953367101651,0
61.4998801468902,0.481161969003911,0,-0.490953367101651,0
61.5998799520071,0.427140700893122,0,-0.490953367101651,0
61.699879757124,0.170150125342289,0,-0.490953367101651,0
61.7998795622409,0.476724222769226,0,0.634666109073737,0.208457339251616
61.8998793673578,0.87610131286313,1,0.933639208140298,0.263825194959822
61.9998791724747,0.371352645433038,0,-0.490953367101651,0
62.0998789775916,0.339166968633887,0,-0.490953367101651,0
62.1998787827085,0.608545622136197,0,-0.490953367101651,0
62.2998785878254,0.316405168593957,0,-0.490953367101651,0
62.3998783929423,0.401362573591821,0,-0.490953367101651,0
62.4998781980592,0.327800214585005,0,-0.490953367101651,0
62.5998780031761,0.269745159548016,0,-0.490953367101651,0
62.699877808293,0.494774068590444,1,1.11415456116345,0.297255453570068
62.7998776134099,0.54056698964855,0,-0.490953367101651,0
62.8998774185268,0.346340787574831,0,-0.490953367101651,0
62.9998772236437,0.359168545904401,0,-0.490953367101651,0
63.0998770287606,0.353885352504254,0,-0.490953367101651,0
63.1998768338775,0.223385380230433,0,-0.490953367101651,0
63.2998766389944,0.39483137353957,0,-0.490953367101651,0
63.3998764441112,0.310733186635524,0,-0.490953367101651,0
63.4998762492281,0.128960864038354,0,-0.490953367101651,0
63.599876054345,0.122293220937972,0,-0.490953367101651,0
63.6998758594619,0.388105118873948,0,-0.490953367101651,0
63.7998756645788,0.164515979162584,0,-0.490953367101651,0
63.8998754696957,0.743370254327135,0,2.59929555568241,0.572293818384825
63.9998752748126,1.3590551875924,1,3.08413388704236,0.662082695231463
64.0998750799295,1.15021762705748,0,-0.490953367101651,0
64.1998748850464,0.738429090719333,0,-0.490953367101651,0
64.2998746901633,0.838081237702924,0,-0.490953367101651,0
64.3998744952802,0.699210055414281,0,-0.490953367101651,0
64.4998743003971,0.526442509055062,0,-0.490953367101651,0
64.599874105514,0.552414034634118,0,-0.490953367101651,0
64.6998739106309,0.382533592434793,0,-0.490953367101651,0
64.7998737157478,0.695027684256804,1,1.19619503618915,0.312448811091657
64.8998735208647,0.834016043252865,0,0.169469831850172,0.122306041915081
64.9998733259816,0.541204686666012,0,-0.490953367101651,0
65.0998731310985,0.453541918672284,0,-0.490953367101651,0
65.1998729362154,0.637291271356427,0,0.458274708796304,0.175790809623294
65.2998727413323,0.756597142572041,0,0.630681709290427,0.207719454562409
65.3998725464491,0.884712716469062,0,0.499727705112483,0.183467632474155
65.499872351566,0.643614874022999,0,-0.490953367101651,0
65.5998721566829,0.673247689630199,0,-0.138384429717087,0.0652934532011458
65.6998719617998,0.930778946517382,0,1.41083809284404,0.352199296425423
65.7998717669167,1.11630561561402,1,1.96418565912306,0.454675633934983
65.8998715720336,1.0901607951048,0,-0.490953367101651,0
65.9998713771505,1.00784733412429,0,-0.490953367101651,0
66.0998711822674,0.861862022106899,0,-0.490953367101651,0
66.1998709873843,0.511914958700279,0,-0.490953367101651,0
66.2998707925012,0.620040717143435,0,-0.490953367101651,0
66.3998705976181,1.07071695790139,1,2.6155953921191,0.575312441112795
66.499870402735,0.815189816281369,0,-0.490953367101651,0
66.5998702078519,0.724955862933222,0,-0.490953367101651,0
66.6998700129688,0.719943961995935,0,-0.490953367101651,0
66.7998698180857,0.658960879185964,0,-0.490953367101651,0
66.8998696232026,0.662463972269914,0,0.457624574461921,0.175670409011568
66.9998694283195,0.651582451777163,0,-0.0486550779758904,0.0819107402263286
67.0998692334364,0.721786502377145,0,0.378966879132953,0.161103520087743
67.1998690385532,0.996024503740799,1,1.6399474127614,0.394628838769517
67.2998688436701,1.06529901769011,0,-0.490953367101651,0
67.399868648787,0.854085255733156,0,-0.490953367101651,0
67.4998684539039,0.540147902338192,0,-0.490953367101651,0
67.5998682590208,0.577664226049547,0,-0.490953367101651,0
67.6998680641377,0.319995457899623,0,-0.490953367101651,0
67.7998678692546,0.300463719806392,0,-0.490953367101651,0
67.8998676743715,0.313688125095843,0,-0.490953367101651,0
67.9998674794884,0.0539109736981325,0,-0.490953367101651,0
68.0998672846053,0.336415389601512,0,-0.490953367101651,0
68.1998670897222,0.269560606868452,0,-0.490953367101651,0
68.2998668948391,0.0160096581899619,0,-0.490953367101651,0
68.399866699956,-0.0287684698329643,0,-0.490953367101651,0
68.4998665050729,0.358882253832642,0,0.698447713720122,0.220269273816715
68.5998663101898,0.513437518642166,0,-0.490953367101651,0
68.6998661153067,0.228524672430107,0,-0.490953367101651,0
68.7998659204236,0.363913129565109,0,-0.490953367101651,0
68.8998657255405,0.20588024100696,0,-0.490953367101651,0
68.9998655306573,0.360591844122287,0,-0.490953367101651,0
69.0998653357742,0.0948097444720009,0,-0.490953367101651,0
69.1998651408911,0.355649769587361,0,0.303570194106525,0.147140548869082
69.299864946008,0.317895349350659,0,-0.490953367101651,0
69.3998647511249,0.283955236752419,0,-0.490953367101651,0
69.4998645562418,0.243657759050117,0,-0.490953367101651,0
69.5998643613587,0.388320891620692,0,0.345311220332252,0.154870712968776
69.6998641664756,0.622241995781636,0,1.01572754938051,0.27902741699018
69.7998639715925,0.708099439212162,1,1.27124216421642,0.326347046648309
69.8998637767094,0.753289930459246,0,-0.490953367101651,0
69.9998635818263,0.519817938109133,0,-0.490953367101651,0
70.0998633869432,0.679070786782797,0,-0.490953367101651,0
70.1998631920601,0.626905255059567,0,-0.490953367101651,0
70.299862997177,0.574134547230029,0,-0.490953367101651,0
70.3998628022939,0.299233386129325,0,-0.490953367101651,0
70.4998626074108,0.46822309132622,0,-0.490953367101651,0
70.5998624125277,0.39559194586179,0,-0.490953367101651,0
70.6998622176446,0.208195539389984,0,-0.490953367101651,0
70.7998620227615,0.23420834975643,0,-0.490953367101651,0
70.8998618278784,0.0477155728014138,0,-0.490953367101651,0
70.9998616329952,0.113530384812671,0,-0.490953367101651,0
71.0998614381121,0.607728757163654,1,1.18194104621692,0.309809065701477
71.199861243229,0.486446697321718,0,-0.490953367101651,0
71.2998610483459,0.116142970226877,0,-0.490953367101651,0
71.3998608534628,0.29952791463621,0,-0.490953367101651,0
71.4998606585797,0.445752207421474,0,-0.490953367101651,0
71.5998604636966,0.333266577322494,0,-0.490953367101651,0
71.6998602688135,0.0301045164962944,0,-0.490953367101651,0
71.7998600739304,0.273139844007947,0,-0.490953367101651,0
71.8998598790473,0.380809288250663,0,-0.490953367101651,0
71.9998596841642,0.238566302261087,0,-0.490953367101651,0
72.0998594892811,0.119667351169636,0,-0.490953367101651,0
72.199859294398,0.326567543816198,0,-0.490953367101651,0
72.2998590995149,0.00882625355456582,0,-0.490953367101651,0
72.3998589046318,0.0351453293372764,0,-0.490953367101651,0
72.4998587097487,0.124986523697559,0,-0.490953367101651,0
72.5998585148656,-0.0591464769612047,0,-0.490953367101651,0
72.6998583199825,0.250219589528606,0,-0.490953367101651,0
72.7998581250993,0.299367586613233,0,-0.490953367101651,0
72.8998579302162,0.101733974601702,0,-0.490953367101651,0
72.9998577353331,0.0666102054876553,0,-0.490953367101651,0
73.09985754045,0.180012418249229,0,-0.490953367101651,0
73.1998573455669,-0.00121412903931447,0,-0.490953367101651,0
73.2998571506838,0.160118291345095,0,-0.490953367101651,0
73.3998569558007,0.0965307625439944,0,-0.490953367101651,0
73.4998567609176,0.0610084825233382,0,-0.490953367101651,0
73.5998565660345,0.362019466259532,0,0.357329713722946,0.157096459064206
73.6998563711514,0.227756248880898,0,-0.490953367101651,0
73.7998561762683,0.172307498643803,0,-0.490953367101651,0
73.8998559813852,0.412677946724737,0,0.362317118393498,0.158020093675546
73.9998557865021,0.457167316311381,0,-0.490953367101651,0
74.099855591619,0.141551150512035,0,-0.490953367101651,0
74.1998553967359,0.215860446873784,0,-0.490953367101651,0
74.2998552018528,0.55786678839204,0,0.411281684270732,0.167088009908712
74.3998550069697,0.385413808390315,0,-0.490953367101651,0
74.4998548120866,0.0696726848325758,0,-0.490953367101651,0
74.5998546172035,0.247521739365705,0,-0.490953367101651,0
74.6998544223204,0.306141868739761,0,-0.490953367101651,0
74.7998542274373,0.144003916648203,0,-0.490953367101651,0
74.8998540325541,0.205536677521918,0,-0.490953367101651,0
74.999853837671,0.339076980797081,0,-0.490953367101651,0
75.0998536427879,0.368686805693724,0,-0.490953367101651,0
75.1998534479048,0.0386549943333109,0,-0.490953367101651,0
75.2998532530217,0.416658083453367,0,0.836441671421261,0.245824849092402
75.3998530581386,0.685244016221854,1,1.48794710287425,0.366479378996347
75.4998528632555,0.657317164066749,0,-0.490953367101651,0
75.5998526683724,0.630785944389149,0,-0.490953367101651,0
75.6998524734893,0.443760035353245,0,-0.490953367101651,0
75.7998522786062,0.360666903263638,0,-0.490953367101651,0
75.8998520837231,0.459347398906714,0,0.038150271083344,0.097986521145809
75.99985188884,0.598028585421604,0,0.0771417156832153,0.10520748077462
76.0998516939569,0.397134873745421,0,-0.490953367101651,0
76.1998514990738,0.317146941884597,0,-0.490953367101651,0
76.2998513041907,0.329986663699115,0,-0.490953367101651,0
76.3998511093076,0.376968832840645,0,-0.102628446672575,0.0719152265850878
76.4998509144245,0.626019583710334,1,1.08676142457678,0.292182424462562
76.5998507195414,0.663347175352668,0,0.177431636861118,0.123780515947692
76.6998505246582,1.09511596066097,1,2.34237963027245,0.524714675205552
76.7998503297751,1.47471044882324,0,1.6788309613931,0.401829816773174
76.899850134892,0.943581038612281,0,-0.490953367101651,0
76.9998499400089,1.05737743027205,0,0.100897009634675,0.109606805302201
77.0998497451258,1.86121256826173,1,4.60872275745482,0.944426547754933
77.1998495502427,1.41824509979935,0,-0.490953367101651,0
77.2998493553596,1.32493783380829,0,-0.490953367101651,0
77.3998491604765,1.20410662879542,0,-0.490953367101651,0
77.4998489655934,1.48507477602214,1,3.40380733026888,0.721284118816301
77.5998487707103,1.3684417675115,0,-0.490953367101651,0
77.6998485758272,1.14022753127673,0,-0.490953367101651,0
77.7998483809441,0.809652701489968,0,-0.490953367101651,0
77.899848186061,0.853521275483466,0,-0.490953367101651,0
77.9998479911779,1.05813644608209,0,-0.490953367101651,0
78.0998477962948,0.912874624302287,0,-0.490953367101651,0
78.1998476014117,0.212095484387939,0,-0.490953367101651,0
78.2998474065286,0.500258603437441,0,-0.490953367101651,0
78.3998472116455,0.475853756173766,0,-0.490953367101651,0
78.4998470167623,0.961671168329504,0,-0.490953367101651,0
78.5998468218792,0.37259687541289,0,-0.490953367101651,0
78.6998466269961,0.351398495165653,0,-0.490953367101651,0
78.799846432113,0.376833056092713,0,-0.490953367101651,0
78.8998462372299,0.301563230767153,0,-0.490953367101651,0
78.9998460423468,0.0953780928310411,0,-0.490953367101651,0
79.0998458474637,0.00462329592589222,0,-0.490953367101651,0
79.1998456525806,0.239454354748808,0,-0.490953367101651,0
79.2998454576975,0.37701787749771,0,-0.490953367101651,0
79.3998452628144,0.173602054144559,0,-0.490953367101651,0
79.4998450679313,0.20427688474956,0,-0.490953367101651,0
79.5998448730482,0.553536574173391,0,0.578011284024739,0.197965237493029
79.6998446781651,0.209137442690865,0,-0.490953367101651,0
79.799844483282,0.119383571240538,0,-0.490953367101651,0
79.8998442883989,0.328840544519941,0,-0.103529283682992,0.0717483974831884
79.9998440935158,0.316588556465505,0,-0.490953367101651,0
80.0998438986327,0.234851609846084,0,-0.490953367101651,0
80.1998437037496,0.354697245587738,0,0.0750592083843734,0.104821814090917
80.2998435088665,0.297490866280391,0,-0.490953367101651,0
80.3998433139834,0.355472263785921,0,0.075119771192,0.104833029925399
80.4998431191002,0.388563195459031,0,-0.490953367101651,0
80.5998429242171,0.305440333268003,0,-0.490953367101651,0
80.699842729334,0.239150496523113,0,-0.490953367101651,0
80.7998425344509,0.320302767972011,0,-0.0936786468659674,0.0735726707693864
80.8998423395678,0.624621986618332,1,1.12526349244552,0.299312754732677
80.9998421446847,0.467180625936177,0,-0.490953367101651,0
81.0998419498016,0.432837803743582,0,-0.490953367101651,0
81.1998417549185,0.72725915859348,1,1.44210617362406,0.357989939765262
81.2998415600354,0.658845250378822,0,-0.490953367101651,0
81.3998413651523,0.823881160699258,0,0.992300983899288,0.274688970817756
81.4998411702692,1.11047724081308,1,1.39784711360842,0.349793452334193
81.5998409753861,1.02679739104083,0,-0.490953367101651,0
81.699840780503,0.511636589905133,0,-0.490953367101651,0
81.7998405856199,1.2782499238362,1,3.15588328299211,0.675370212451239
81.8998403907368,1.18066470515162,0,-0.490953367101651,0
81.9998401958537,0.93658203784308,0,-0.490953367101651,0
82.0998400009706,1.35976046006396,1,2.51429147233546,0.55655162005308
82.1998398060875,1.23603368970456,0,-0.00304699479120492,0.0903570578943116
82.2998396112043,1.16186140062316,0,0.148323216558386,0.118389827553828
82.3998394163212,1.49131216193205,1,1.32351774896275,0.336028141844945
82.4998392214381,1.04361793517921,0,-0.490953367101651,0
82.599839026555,0.749925285993915,0,-0.490953367101651,0
82.6998388316719,0.821822773670526,0,-0.490953367101651,0
82.7998386367888,1.3185050467238,0,2.9420392455064,0.635767700223431
82.8998384419057,2.00167400084281,1,4.38776235220657,0.903506130924092
82.9998382470226,1.83930376521779,0,-0.490953367101651,0
83.0998380521395,1.25099260131726,0,-0.490953367101651,0
83.1998378572564,1.4687767756301,0,1.00278382998903,0.276630325111906
83.2998376623733,1.44607033598387,1,1.22516191614257,0.317813287141795
83.3998374674902,1.43046641821552,0,-0.490953367101651,0
83.4998372726071,1.11041979307026,0,-0.490953367101651,0
83.599837077724,0.928024970089625,0,-0.490953367101651,0
83.6998368828409,1.12298858482484,1,1.39100643020971,0.348526602665954
83.7998366879578,0.986362388807208,0,-0.490953367101651,0
83.8998364930747,0.950840970217364,0,0.218568757106567,0.131398840623431
83.9998362981916,1.36885144463506,1,2.45455319143956,0.545488482509176
84.0998361033084,1.12158551057877,0,-0.490953367101651,0
84.1998359084253,1.21267872915505,0,0.849288604173311,0.24820401672029
84.2998357135422,1.42426682423199,1,1.66942406903122,0.400087722047657
84.3998355186591,1.59338223483422,0,0.996661112822089,0.275496438077588
84.499835323776,1.11070673646878,0,-0.490953367101651,0
84.5998351288929,0.877089426810003,0,-0.490953367101651,0
84.6998349340098,1.22173165071624,0,-0.490953367101651,0
84.7998347391267,0.573815369588678,0,-0.490953367101651,0
84.8998345442436,0.887828518277913,0,0.812112731944607,0.241319289178541
84.9998343493605,1.83136403135478,1,5.76518794322468,1.15859630997496
85.0998341544774,1.59189324437034,0,-0.490953367101651,0
85.1998339595943,1.4129483815997,0,-0.490953367101651,0
85.2998337647112,1.05447337410091,0,-0.490953367101651,0
85.3998335698281,1.1485874481171,0,-0.490953367101651,0
85.499833374945,0.784003549875708,0,-0.490953367101651,0
85.5998331800619,0.67636734238698,0,-0.490953367101651,0
85.6998329851788,0.688724424648808,0,-0.490953367101651,0
85.7998327902957,0.871201582288639,1,1.63346135880398,0.393427664146278
85.8998325954126,0.894507971807963,0,-0.490953367101651,0
85.9998324005295,0.613962408170877,0,-0.490953367101651,0
86.0998322056464,0.587989730266626,0,-0.490953367101651,0
86.1998320107632,0.455083813962802,0,-0.490953367101651,0
86.2998318158801,0.262053240381388,0,-0.490953367101651,0
86.399831620997,0.564921832662747,0,-0.490953367101651,0
86.4998314261139,0.551188790727157,0,-0.490953367101651,0
86.5998312312308,0.0228835926742311,0,-0.490953367101651,0
86.6998310363477,0.270625613467004,0,-0.490953367101651,0
86.7998308414646,0.147545785882938,0,-0.490953367101651,0
86.8998306465815,0.213047172748055,0,-0.490953367101651,0
86.9998304516984,0.815366247506979,1,2.00454849600395,0.462150566413431
87.0998302568153,0.401239144380734,0,-0.490953367101651,0
87.1998300619322,0.400444237112075,0,-0.490953367101651,0
87.2998298670491,0.571587819924975,0,-0.490953367101651,0
87.399829672166,0.364898554464728,0,-0.490953367101651,0
87.4998294772829,0.259905415271869,0,-0.490953367101651,0
87.5998292823998,0.0969196791846802,0,-0.490953367101651,0
87.6998290875167,0.332691348350808,0,-0.490953367101651,0
87.7998288926336,0.335369847850346,0,-0.490953367101651,0
87.8998286977505,0.403706413422495,0,-0.490953367101651,0
87.9998285028673,0.316707421798309,0,-0.490953367101651,0
88.0998283079842,0.31682647485771,0,-0.490953367101651,0
88.1998281131011,0.0981771067397023,0,-0.490953367101651,0
88.299827918218,0.386506563599914,0,0.655898368964155,0.212389414430427
88.3998277233349,1.10682924048908,1,3.65725655865521,0.76822125245964
88.4998275284518,0.943005784302591,0,-0.490953367101651,0
88.5998273335687,1.06425886807101,1,0.862932037136996,0.250730690959733
88.6998271386856,0.972703242237928,0,-0.490953367101651,0
88.7998269438025,0.951377689301663,0,-0.490953367101651,0
88.8998267489194,0.345240563479992,0,-0.490953367101651,0
88.9998265540363,0.453327448262253,0,-0.490953367101651,0
89.0998263591532,0.597049918120271,0,-0.490953367101651,0
89.1998261642701,0.349695072391638,0,-0.490953367101651,0
89.299825969387,0.295695600821225,0,-0.490953367101651,0
89.3998257745039,0.5840584183128,1,0.889071654921004,0.255571576612159
89.4998255796208,0.764484747240515,0,0.784123566120975,0.236135879368246
89.5998253847377,0.508896792551462,0,-0.490953367101651,0
89.6998251898546,0.550808212666273,0,-0.490953367101651,0
89.7998249949714,0.629186828146502,0,-0.490953367101651,0
89.8998248000883,0.306877554040283,0,-0.490953367101651,0
89.9998246052052,0.303527875041343,0,-0.490953367101651,0
90.0998244103221,0.504459480907755,0,-0.490953367101651,0
90.199824215439,0.474664325096588,0,-0.490953367101651,0
90.2998240205559,0.2586478176121,0,-0.490953367101651,0
90.3998238256728,-0.0683325674023341,0,-0.490953367101651,0
90.4998236307897,0.161683565666943,0,-0.490953367101651,0
90.5998234359066,0.205996905086812,0,-0.490953367101651,0
90.6998232410235,0.226562703322986,0,-0.490953367101651,0
90.7998230461404,0.146683627718637,0,-0.490953367101651,0
90.8998228512573,0.332449922683063,0,-0.490953367101651,0
90.9998226563742,0.259040201594145,0,-0.490953367101651,0
91.0998224614911,0.232613522266481,0,-0.490953367101651,0
91.199822266608,0.800394439873839,0,3.00605138032099,0.647622327462652
91.2998220717249,2.08597610525479,1,7.16748364343759,1.41829227001964
91.3998218768418,1.77787404970577,0,-0.490953367101651,0
91.4998216819587,2.00994010224531,1,2.39627705573545,0.534696124658351
91.5998214870756,1.97560118468891,0,1.0903160417105,0.292840716225842
91.6998212921925,2.34658679658171,1,4.13765545194051,0.85718797451205
91.7998210973093,2.26963997869624,0,-0.490953367101651,0
91.8998209024262,1.42385408203689,0,-0.490953367101651,0
91.9998207075431,1.57047571733125,0,-0.490953367101651,0
92.09982051266,1.33130336072285,0,-0.490953367101651,0
92.1998203177769,1.35997109072849,0,-0.490953367101651,0
92.2998201228938,0.84847904590286,0,-0.490953367101651,0
92.3998199280107,0.904775178206128,0,-0.490953367101651,0
92.4998197331276,1.23328187550956,1,3.28757675565553,0.699758979249676
92.5998195382445,0.984998742015559,0,-0.490953367101651,0
92.6998193433614,0.929684529162011,0,-0.490953367101651,0
92.7998191484783,0.830996352304074,0,-0.490953367101651,0
92.8998189535952,0.724063628096726,0,-0.490953367101651,0
92.9998187587121,0.699895063904863,0,-0.490953367101651,0
93.099818563829,0.78927372098579,0,-0.490953367101651,0
93.1998183689459,0.502548577736808,0,-0.490953367101651,0
93.2998181740628,0.484914307780129,0,-0.490953367101651,0
93.3998179791797,0.736929560061167,0,-0.490953367101651,0
93.4998177842966,0.389076740098254,0,-0.490953367101651,0
93.5998175894134,0.188332605235188,0,-0.490953367101651,0
93.6998173945303,0.451531121075369,0,0.587577337588932,0.199736807828597
93.7998171996472,0.554896869567426,0,0.0807651801172008,0.105878522606046
93.8998170047641,0.371650381272017,0,-0.490953367101651,0
93.999816809881,0.585631783998903,0,0.602923270646015,0.202578773911383
94.0998166149979,1.00057107659353,1,2.14990560521726,0.489069749022877
94.1998164201148,0.838120430984281,0,-0.490953367101651,0
94.2998162252317,1.19022800833602,1,1.55562775400258,0.379013391379435
94.3998160303486,1.08692755581684,0,-0.490953367101651,0
94.4998158354655,0.693935093324687,0,-0.490953367101651,0
94.5998156405824,0.630383156010332,0,-0.490953367101651,0
94.6998154456993,0.536366513550051,0,-0.490953367101651,0
94.7998152508162,0.542795335795698,0,-0.490953367101651,0
94.8998150559331,0.212406076555447,0,-0.490953367101651,0
94.99981486105,0.187432478695335,0,-0.490953367101651,0
95.0998146661669,0.483629241626837,0,-0.490953367101651,0
95.1998144712838,0.242825770661918,0,-0.490953367101651,0
95.2998142764007,0.272008153555248,0,-0.490953367101651,0
95.3998140815176,0.0661774622164525,0,-0.490953367101651,0
95.4998138866345,0.310708004336867,0,-0.490953367101651,0
95.5998136917514,0.123587428374126,0,-0.490953367101651,0
95.6998134968682,0.185694250900305,0,-0.490953367101651,0
95.7998133019851,0.411806004032513,0,0.73800844040489,0.227595660751301
95.899813107102,0.520888606833951,0,0.0753832414384625,0.10488182288582
95.9998129122189,0.343960052957338,0,-0.490953367101651,0
96.0998127173358,0.482139862464228,0,0.168675227252364,0.122158886358765
96.1998125224527,0.606439540607878,1,0.881872239811947,0.254238292185612
96.2998123275696,0.833340417666575,0,-0.490953367101651,0
96.3998121326865,0.301321328510382,0,-0.490953367101651,0
96.4998119378034,0.190236165480993,0,-0.490953367101651,0
96.5998117429203,0.512446055340579,0,-0.490953367101651,0
96.6998115480372,0.437086285842481,0,-0.490953367101651,0
96.7998113531541,0.372781395933617,0,-0.490953367101651,0
96.899811158271,0.349761177746861,0,-0.490953367101651,0
96.9998109633879,0.217459939073475,0,-0.490953367101651,0
97.0998107685048,0.159852409038198,0,-0.490953367101651,0
97.1998105736217,0.377077953195598,0,-0.490953367101651,0
97.2998103787386,0.0025080869613273,0,-0.490953367101651,0
97.3998101838555,0.143003202810526,0,-0.490953367101651,0
97.4998099889723,0.341590533913836,0,-0.490953367101651,0
97.5998097940892,0.283470258879826,0,-0.490953367101651,0
97.6998095992061,-0.0444551463298995,0,-0.490953367101651,0
97.799809404323,0.09895303832248,0,-0.490953367101651,0
97.8998092094399,0.35781117876061,0,-0.490953367101651,0
97.9998090145568,0.0598784450158391,0,-0.490953367101651,0
98.0998088196737,0.267309365622935,0,-0.490953367101651,0
98.1998086247906,0.101107912020666,0,-0.490953367101651,0
98.2998084299075,0.440807580086081,0,1.13939224083722,0.301929306204134
98.3998082350244,1.40511924166256,1,5.00895966551542,1.01854779626788
98.4998080401413,1.79173293091447,0,2.06195147319295,0.472781221038027
98.5998078452582,1.38677412253364,0,-0.490953367101651,0
98.6998076503751,0.990099422156219,0,-0.490953367101651,0
98.799807455492,0.972304488641339,0,-0.490953367101651,0
98.8998072606089,1.11972246619112,1,1.03606712019619,0.282794172011302
98.9998070657258,0.953535260444917,0,-0.490953367101651,0
99.0998068708427,0.987717216901958,0,0.484236991778959,0.180598854034404
99.1998066759596,1.09424534619984,1,1.16515070965099,0.306699605568852
99.2998064810764,1.06676541466595,0,-0.490953367101651,0
99.3998062861933,0.724378514787587,0,-0.490953367101651,0
99.4998060913102,0.765759155007172,0,-0.490953367101651,0
99.5998058964271,0.731596213635883,0,0.208294223756484,0.129496064481455
99.699805701544,1.37958980940174,0,3.57404542651174,0.75281109692317
99.7998055066609,2.13465071439397,1,5.06589492005262,1.02909183172715
99.8998053117778,2.00979576394503,0,-0.490953367101651,0
99.9998051168947,1.30111119157798,0,-0.490953367101651,0
100.099804922012,1.41547456181857,0,-0.490953367101651,0
100.199804727128,1.37902272624162,1,1.07407888300109,0.289833701001593
100.299804532245,1.35696498318387,0,0.564033638070522,0.195376669201267
100.399804337362,1.58722960171989,0,1.90579564334014,0.443862186240986
100.499804142479,1.80077093860131,1,2.03177314443513,0.467192392620372
100.599803947596,1.91339838736908,0,1.43345655558508,0.356388087274157
100.699803752713,1.60943883546361,0,-0.490953367101651,0
100.79980355783,1.19044406252224,0,-0.490953367101651,0
100.899803362947,1.39186131166345,0,1.04017779194801,0.283555441440321
100.999803168064,1.64084847855718,1,2.08843527266812,0.477685846880703
101.099802973181,1.45298777574662,0,-0.490953367101651,0
101.199802778297,1.00951334881676,0,-0.490953367101651,0
101.299802583414,0.912751961422676,0,-0.490953367101651,0
101.399802388531,0.927556865034706,0,-0.490953367101651,0
101.499802193648,0.784730465591048,0,-0.490953367101651,0
101.599801998765,0.774456621076869,0,-0.490953367101651,0
101.699801803882,0.453580109681985,0,-0.490953367101651,0
101.799801608999,0.688991803809188,1,0.844524412738787,0.247321719735255
101.899801414116,0.626313444384426,0,-0.490953367101651,0
101.999801219233,0.630154934489348,0,0.0888970643349467,0.107384494191482
102.09980102435,0.890826719183531,1,0.801715838231084,0.239393852700339
102.199800829466,0.575411892237135,0,-0.490953367101651,0
102.299800634583,0.528750880280951,0,-0.490953367101651,0
102.3998004397,0.680815839712206,0,0.500024409846672,0.183522580243576
102.499800244817,0.68656937980374,0,0.0584074896833483,0.101738025077087
102.599800049934,0.669394382384198,0,-0.0599970047929736,0.0798102898198474
102.699799855051,0.810564180246438,0,0.520518811566284,0.18731800893191
102.799799660168,0.675333489851821,0,-0.490953367101651,0
102.899799465285,0.463523155574258,0,-0.490953367101651,0
102.999799270402,0.760778751042779,1,1.21299264756902,0.315559618472077
103.099799075518,0.692484877599274,0,-0.490953367101651,0
103.199798880635,0.652988139098981,0,-0.490953367101651,0
103.299798685752,0.37843904738846,0,-0.490953367101651,0
103.399798490869,0.674433569619976,0,-0.490953367101651,0
103.499798295986,0.403367510384868,0,-0.490953367101651,0
103.599798101103,0.397695346677113,0,-0.490953367101651,0
103.69979790622,0.0894922809807565,0,-0.490953367101651,0
103.799797711337,0.220965024089027,0,-0.490953367101651,0
103.899797516454,0.525799259931621,1,1.13760468148503,0.30159826194433
103.99979732157,0.506060226703337,0,-0.490953367101651,0
104.099797126687,0.419647450879265,0,-0.490953367101651,0
104.199796931804,0.663720157437281,0,0.609431486950273,0.203784052855799
104.299796736921,0.55622098954869,0,-0.490953367101651,0
104.399796542038,0.386073004116012,0,-0.490953367101651,0
104.499796347155,0.222301051974177,0,-0.490953367101651,0
104.599796152272,0.256540684944798,0,-0.490953367101651,0
104.699795957389,0.324195645057112,0,-0.490953367101651,0
104.799795762506,0.668976592979477,0,1.66694572845599,0.399628749639124
104.899795567623,1.51150879963888,1,4.56569078166941,0.936457308269626
104.999795372739,1.3712415869452,0,0.0501703036995835,0.100212552295708
105.099795177856,1.66826693026164,1,2.27969698993919,0.513106261618453
105.199794982973,1.64485155091675,0,0.921027295704019,0.261489551551915
105.29979478809,1.44103888912539,0,-0.490953367101651,0
105.399794593207,1.32207776836081,0,-0.490953367101651,0
105.499794398324,0.745121753643464,0,-0.490953367101651,0
105.599794203441,0.882478701089296,0,-0.490953367101651,0
105.699794008558,1.7336412395067,1,4.9897721226253,1.01499438925751
105.799793813675,2.06001548959014,0,2.2295500320279,0.50381937414093
105.899793618792,1.52374297558601,0,-0.490953367101651,0
105.999793423908,1.36883689058989,0,-0.490953367101651,0
106.099793229025,1.44185457405838,1,1.07161040591333,0.289376555246203
106.199793034142,1.22903088122584,0,-0.490953367101651,0
106.299792839259,1.24417787195139,1,0.918464326100116,0.261014906402715
106.399792644376,1.11310867163735,0,-0.490953367101651,0
106.499792449493,0.961290793913084,0,-0.490953367101651,0
106.59979225461,1.35111834646394,1,3.41580541408985,0.723506085193371
106.699792059727,1.33131197346291,0,-0.490953367101651,0
106.799791864844,1.11734751537598,0,-0.490953367101651,0
106.89979166996,0.988823460079734,0,-0.490953367101651,0
106.999791475077,0.920443952730719,0,-0.490953367101651,0
107.099791280194,0.499957762952053,0,-0.490953367101651,0
107.199791085311,0.528530940370335,0,-0.490953367101651,0
107.299790890428,0.597598215560963,0,-0.490953367101651,0
107.399790695545,0.729184422652635,1,1.13599816741633,0.301300746082781
107.499790500662,0.886553026748151,0,0.922523210364606,0.261766585128975
107.599790305779,1.06336626613864,0,1.17533018034692,0.308584776731201
107.699790110896,1.2853741402904,1,1.59382545002747,0.386087353981741
107.799789916013,1.04407212368685,0,-0.490953367101651,0
107.899789721129,0.672001765582409,0,-0.490953367101651,0
107.999789526246,0.786225045738187,0,-0.490953367101651,0
108.099789331363,0.959993667096326,0,-0.490953367101651,0
108.19978913648,0.75147091165133,0,-0.490953367101651,0
108.299788941597,0.371588812495176,0,-0.490953367101651,0
108.399788746714,0.447481679373329,0,-0.490953367101651,0
108.499788551831,0.490934389674435,0,-0.490953367101651,0
108.599788356948,0.373959667070919,0,-0.490953367101651,0
108.699788162065,0.275146526395323,0,-0.490953367101651,0
108.799787967181,0.355664462274249,0,-0.490953367101651,0
108.899787772298,0.175353009972849,0,-0.490953367101651,0
108.999787577415,0.260537552973429,0,-0.490953367101651,0
109.099787382532,0.399285479092506,0,0.577635404171247,0.197895627011161
109.199787187649,0.448755867976771,0,-0.490953367101651,0
109.299786992766,0.303577649047728,0,-0.490953367101651,0
109.399786797883,0.184078432359423,0,-0.490953367101651,0
109.499786603,0.672917518676053,0,0.351954949400083,0.156101087987601
109.599786408117,0.241341349160882,0,-0.490953367101651,0
109.699786213233,0.0942237427591602,0,-0.490953367101651,0
109.79978601835,0.475194843325371,0,0.424432820422842,0.169523514009724
109.899785823467,0.523451230174379,0,-0.490953367101651,0
109.999785628584,0.300146318962192,0,-0.490953367101651,0
110.099785433701,0.21344499921862,0,-0.490953367101651,0
110.199785238818,0.302436150318149,0,-0.490953367101651,0
110.299785043935,0.318193587236632,0,-0.490953367101651,0
110.399784849052,0.0612188925191,0,-0.490953367101651,0
110.499784654169,0.517580954079393,1,1.13901814991506,0.301860027020608
110.599784459286,0.57615601246599,0,-0.0683469315294953,0.0782639381910044
110.699784264402,0.400792174772053,0,-0.490953367101651,0
110.799784069519,0.575286232045449,0,0.343641193663443,0.154561434990536
110.899783874636,0.519502855272345,0,-0.490953367101651,0
110.999783679753,0.346301744316435,0,-0.490953367101651,0
111.09978348487,0.589506050702608,0,0.695988859040214,0.219813910068105
111.199783289987,0.657470377529658,0,0.308566799289487,0.148065887354935
111.299783095104,1.16893195390099,1,4.12039430310118,0.853991323036456
111.399782900221,1.30586861629076,0,-0.490953367101651,0
111.499782705338,1.25522587218189,0,-0.490953367101651,0
111.599782510455,0.972015688911464,0,-0.490953367101651,0
111.699782315571,0.488327335114378,0,-0.490953367101651,0
111.799782120688,0.496874557240686,0,-0.490953367101651,0
111.899781925805,0.711950618874304,0,-0.490953367101651,0
111.999781730922,0.397956259918629,0,-0.490953367101651,0
112.099781536039,0.40028072983926,0,-0.490953367101651,0
112.199781341156,0.47387100972632,0,-0.490953367101651,0
112.299781146273,0.574791062194755,0,-0.490953367101651,0
112.39978095139,0.305779372111033,0,-0.490953367101651,0
112.499780756507,0.0656118656625096,0,-0.490953367101651,0
112.599780561623,0.246654911527579,0,-0.490953367101651,0
112.69978036674,0.331949210432304,0,-0.490953367101651,0
112.799780171857,0.240529869480847,0,-0.490953367101651,0
112.899779976974,0.101966222244882,0,-0.490953367101651,0
112.999779782091,0.190681614903146,0,-0.490953367101651,0
113.099779587208,0.309899969403939,0,-0.490953367101651,0
113.199779392325,0.172776465901709,0,-0.490953367101651,0
113.299779197442,1.1218957413932,1,4.71788531833548,0.964642737567492
113.399779002559,1.16261668676816,0,0.369986722252495,0.159440453972609
113.499778807675,0.872804614861563,0,-0.490953367101651,0
113.599778612792,1.10556092500487,0,0.356696475834477,0.156979187563368
113.699778417909,0.701060722189357,0,-0.490953367101651,0
113.799778223026,0.603571641781702,0,-0.490953367101651,0
113.899778028143,0.910763990469394,1,1.21796120150196,0.316479762050534
113.99977783326,0.897125459827452,0,0.376054133575171,0.160564098727556
114.099777638377,0.795671262030546,0,-0.490953367101651,0
114.199777443494,0.727401340692174,0,-0.490953367101651,0
114.299777248611,0.635727845138761,0,-0.490953367101651,0
114.399777053728,0.498605946540238,0,-0.490953367101651,0
114.499776858844,0.381655955432356,0,-0.490953367101651,0
114.599776663961,0.812372290490661,1,1.81566356774719,0.42717031740164
114.699776469078,0.928547151406483,0,1.06097490318852,0.287406929945165
114.799776274195,0.900295688275315,0,-0.490953367101651,0
114.899776079312,0.7367282309394,0,-0.490953367101651,0
114.999775884429,0.586604509838152,0,-0.490953367101651,0
115.099775689546,0.50640426419231,0,-0.490953367101651,0
115.199775494663,0.840570075856412,1,1.45530898801902,0.360435014337673
115.29977529978,0.668973317366775,0,-0.490953367101651,0
115.399775104896,0.83380284184673,1,0.779377061812425,0.235256857922856
115.499774910013,0.911143810935033,0,0.588657520178186,0.199936850554605
115.59977471513,1.29938289964768,1,2.15443459439065,0.489908488092844
115.699774520247,1.06365417437339,0,-0.490953367101651,0
115.799774325364,0.858109948646988,0,-0.490953367101651,0
115.899774130481,1.01101410872913,0,0.814048879377999,0.241677850975761
115.999773935598,1.21388964931774,1,1.31448058831229,0.334354519005737
116.099773740715,0.980420799797264,0,-0.490953367101651,0
116.199773545832,1.3600919696647,1,2.95972497619843,0.639042981471502
116.299773350949,1.23733042651524,0,-0.490953367101651,0
116.399773156065,1.3546455541783,0,-0.490953367101651,0
116.499772961182,0.808445129076507,0,-0.490953367101651,0
116.599772766299,0.701674615023756,0,-0.490953367101651,0
116.699772571416,0.683735845842791,0,-0.490953367101651,0
116.799772376533,0.572917348551125,0,-0.490953367101651,0
116.89977218165,0.532532984189969,0,-0.490953367101651,0
116.999771986767,0.733318670447683,1,1.17493188605614,0.308511015242658
117.099771791884,0.866532161581918,0,0.854555965234027,0.249179497417661
117.199771597001,0.700705553247639,0,-0.490953367101651,0
117.299771402117,0.649715222711721,0,-0.490953367101651,0
117.399771207234,0.774887728562141,0,-0.490953367101651,0
117.499771012351,0.330109218565337,0,-0.490953367101651,0
117.599770817468,0.376509348111218,0,-0.490953367101651,0
117.699770622585,0.585259481170377,1,0.927039315941505,0.262602938241431
117.799770427702,0.527753829147008,0,-0.490953367101651,0
117.899770232819,0.419841907887753,0,-0.490953367101651,0
117.999770037936,0.267496725080456,0,-0.490953367101651,0
118.099769843053,0.463506182920096,0,-0.490953367101651,0
118.19976964817,0.358831331408546,0,-0.490953367101651,0
118.299769453286,0.208421366967668,0,-0.490953367101651,0
118.399769258403,0.276982151094259,0,-0.490953367101651,0
118.49976906352,0.544094522572615,0,-0.490953367101651,0
118.599768868637,0.290156612585277,0,-0.490953367101651,0
118.699768673754,0.191674415715221,0,-0.490953367101651,0
118.799768478871,0.387857247712869,0,-0.490953367101651,0
118.899768283988,0.346282870735475,0,-0.490953367101651,0
118.999768089105,0.142477073217425,0,-0.490953367101651,0
119.099767894222,0.246751296522785,0,-0.490953367101651,0
119.199767699338,0.378773492974042,0,-0.490953367101651,0
119.299767504455,0.125749602347885,0,-0.490953367101651,0
119.399767309572,0.0698056745245505,0,-0.490953367101651,0
119.499767114689,0.148054111405661,0,-0.490953367101651,0
119.599766919806,0.0653249554589933,0,-0.490953367101651,0
119.699766724923,0.397227441761822,0,-0.490953367101651,0
119.79976653004,0.113647516051511,0,-0.490953367101651,0
119.899766335157,-0.0550533958385983,0,-0.490953367101651,0
119.999766140274,0.275803833779,0,0.268376051098888,0.140622824572466
120.099765945391,0.977802659791871,1,3.43755143732693,0.72753330597202
120.199765750507,1.34489643695683,0,2.15162484996787,0.489388141866835
120.299765555624,1.11005171208714,0,-0.490953367101651,0
120.399765360741,0.906927328555802,0,-0.490953367101651,0
120.499765165858,1.09597258715678,1,1.10679067052943,0.295891709355796
120.599764970975,1.18219750083156,0,0.956471725987718,0.268053627409357
120.699764776092,1.09262262554981,0,-0.490953367101651,0
120.799764581209,0.799262649308187,0,-0.490953367101651,0
120.899764386326,0.501027887535878,0,-0.490953367101651,0
120.999764191443,0.521885155841437,0,-0.490953367101651,0
121.09976399656,0.669011648678648,0,-0.490953367101651,0
121.199763801676,0.696128560756282,0,-0.490953367101651,0
121.299763606793,0.714341552035586,0,-0.490953367101651,0
121.39976341191,0.124709983230067,0,-0.490953367101651,0
121.499763217027,0.202034926418339,0,-0.490953367101651,0
121.599763022144,0.463310263801073,0,-0.490953367101651,0
121.699762827261,0.305560944854278,0,-0.490953367101651,0
121.799762632378,0.601167334076027,1,1.37596377494081,0.345740801639048
121.899762437495,0.641063691863804,0,-0.490953367101651,0
121.999762242612,0.518216961743837,0,-0.490953367101651,0
122.099762047728,0.104329628302863,0,-0.490953367101651,0
122.199761852845,0.288910285611551,0,-0.490953367101651,0
122.299761657962,0.380761364140843,0,-0.490953367101651,0
122.399761463079,0.163399967559716,0,-0.490953367101651,0
122.499761268196,0.632034991477712,0,0.706143616166228,0.221694504439506
122.599761073313,0.00658806198113524,0,-0.490953367101651,0
122.69976087843,0.512211207636561,0,-0.490953367101651,0
122.799760683547,0.377760074213464,0,-0.490953367101651,0
122.899760488664,0.293987799255761,0,-0.490953367101651,0
122.99976029378,0.389693666042562,0,-0.490953367101651,0
123.099760098897,0.271737839793883,0,-0.490953367101651,0
123.199759904014,0.202799267929287,0,-0.490953367101651,0
123.299759709131,0.0154980729033893,0,-0.490953367101651,0
123.399759514248,0.248426736009749,0,-0.490953367101651,0
123.499759319365,0.281574755673436,0,-0.490953367101651,0
123.599759124482,-0.0397399590036079,0,-0.490953367101651,0
123.699758929599,0.364474594629466,0,-0.490953367101651,0
123.799758734716,-0.0599021566713482,0,-0.490953367101651,0
123.899758539833,0.172505036965704,0,-0.490953367101651,0
123.999758344949,0.21786778169125,0,-0.490953367101651,0
124.099758150066,0.223778093111881,0,-0.490953367101651,0
124.199757955183,0.450074211217023,0,-0.490953367101651,0
124.2997577603,0.115305634718478,0,-0.490953367101651,0
124.399757565417,-0.0503720584694562,0,-0.490953367101651,0
124.499757370534,0.382091693566581,1,0.835373289350234,0.24562699174492
124.599757175651,0.411277959120195,0,-0.0956421785988546,0.0732090375796298
124.699756980768,0.438264812796533,0,-0.0801048736798899,0.0760864444752118
124.799756785885,0.488052357668962,0,0.0683611449520045,0.10358137670439
124.899756591001,0.820033921927359,1,1.73819260389912,0.412823203359247
124.999756396118,0.737234253131092,0,-0.490953367101651,0
125.099756201235,0.702825746748942,0,-0.00638914188490867,0.0897381141879462
125.199756006352,0.908262933782799,1,1.84507819826522,0.43261771391764
125.299755811469,0.83177164711671,0,-0.490953367101651,0
125.399755616586,0.691334861253009,0,-0.490953367101651,0
125.499755421703,0.837560944333675,0,-0.490953367101651,0
125.59975522682,0.677342596400986,0,-0.490953367101651,0
125.699755031937,0.708920920473868,0,-0.490953367101651,0
125.799754837054,0.377815450665256,0,-0.490953367101651,0
125.89975464217,0.21010948841517,0,-0.490953367101651,0
125.999754447287,0.316963472946077,0,-0.490953367101651,0
126.099754252404,0.663261099020004,0,1.51712790436745,0.371883471911629
126.199754057521,1.55788906693527,1,4.84162700195186,0.987558885224097
126.299753862638,1.4723745760727,0,0.389385129452087,0.163032911669136
126.399753667755,1.63181948761259,1,1.76300517076325,0.417418327891096
126.499753472872,1.41980222608691,0,-0.490953367101651,0
126.599753277989,1.54253889214475,1,1.32302744068085,0.335937339969159
126.699753083106,1.22417998596936,0,-0.490953367101651,0
126.799752888222,1.36083657659586,1,1.49398334775393,0.367597251930605
126.899752693339,1.26075929789948,0,-0.490953367101651,0
126.999752498456,1.08662209385704,0,-0.490953367101651,0
127.099752303573,0.846535888965633,0,-0.490953367101651,0
127.19975210869,1.21540718004553,1,2.30718439775244,0.518196749138395
127.299751913807,1.10228758902662,0,-0.490953367101651,0
127.399751718924,0.906660642315839,0,-0.490953367101651,0
127.499751524041,0.942615224094636,0,0.471541050900575,0.178247649110519
127.599751329158,1.06559930287297,0,0.302296877772318,0.146904739041096
127.699751134275,0.741625082228257,0,-0.490953367101651,0
127.799750939391,0.592726769262159,0,-0.490953367101651,0
127.899750744508,1.04313527389236,0,1.95236570653885,0.452486656293838
127.999750549625,1.2827259483605,1,2.07149335385013,0.47454831470987
128.099750354742,1.21312038750618,0,-0.490953367101651,0
128.199750159859,0.760404771275236,0,-0.490953367101651,0
128.299749964976,1.08475830374048,0,-0.490953367101651,0
128.399749770093,0.616886747976931,0,-0.490953367101651,0
128.49974957521,0.663141348674977,0,-0.490953367101651,0
128.599749380327,0.298626873003678,0,-0.490953367101651,0
128.699749185443,0.673522149534071,0,-0.490953367101651,0
128.79974899056,0.616438089077493,0,-0.490953367101651,0
128.899748795677,0.308223359783177,0,-0.490953367101651,0
128.999748600794,0.769416419593637,1,1.32728860202603,0.336726479083167
129.099748405911,0.559426143606402,0,-0.490953367101651,0
129.199748211028,0.301960845982162,0,-0.490953367101651,0
129.299748016145,0.679508479688341,0,0.903024665505298,0.258155582595099
129.399747821262,0.845925509259644,0,0.924723720690772,0.262174105198854
129.499747626379,1.08960945254051,1,1.49825593942981,0.368388507866836
129.599747431496,1.00118918370855,0,-0.0661434172093787,0.0786720145808472
129.699747236612,1.15993728641778,1,1.39631175647947,0.349509114270864
129.799747041729,1.25173565496963,0,-0.490953367101651,0
129.899746846846,0.701253325578751,0,-0.490953367101651,0
129.999746651963,0.642065120988499,0,-0.490953367101651,0
130.09974645708,1.04738840242072,1,1.98679076945655,0.458861952005474
130.199746262197,0.88685765063342,0,-0.490953367101651,0
130.299746067314,0.571433958134913,0,-0.490953367101651,0
130.399745872431,0.730627545559777,0,-0.490953367101651,0
130.499745677548,0.827481668541004,0,-0.490953367101651,0
130.599745482665,0.676597810442465,0,-0.490953367101651,0
130.699745287781,0.511989854934005,0,-0.490953367101651,0
130.799745092898,0.234592214631984,0,-0.490953367101651,0
130.899744898015,0.338330781302122,0,-0.490953367101651,0
130.999744703132,0.62701634587037,1,1.2726302408571,0.326604109331852
131.099744508249,0.726591296609061,0,-0.163403704933449,0.0606600476391457
131.199744313366,0.366932108917888,0,-0.490953367101651,0
131.299744118483,0.566885235853449,0,0.134186193065991,0.115771743588033
131.3997439236,0.915776170338,1,1.26585961177236,0.325350233262774
131.499743728717,0.627639622906345,0,-0.490953367101651,0
131.599743533833,0.535013813488629,0,-0.490953367101651,0
131.69974333895,0.59712473478638,0,-0.0544359420734635,0.0808401621367865
131.799743144067,0.830306737064493,1,0.814853225943354,0.241826810680528
131.899742949184,0.56880133459849,0,-0.490953367101651,0
131.999742754301,0.547219734475166,0,-0.490953367101651,0
132.099742559418,0.770315925059798,0,1.05894449923371,0.287030912458809
132.199742364535,1.56476285634002,1,4.34518208237802,0.895620544417331
132.299742169652,1.33016209567719,0,-0.490953367101651,0
132.399741974769,1.02244008607989,0,-0.490953367101651,0
132.499741779885,0.974631844529372,0,-0.490953367101651,0
132.599741585002,1.2905146895233,1,1.81514550744359,0.427074376033579
132.699741390119,1.08324849764572,0,-0.490953367101651,0
132.799741195236,0.76336113136674,0,-0.490953367101651,0
132.899741000353,0.673051614169896,0,-0.490953367101651,0
132.99974080547,1.01722913773319,1,1.10334401396136,0.295253411180699
133.099740610587,0.689391073299101,0,-0.490953367101651,0
133.199740415704,0.951450682527416,1,1.02320444502638,0.280412088990968
133.299740220821,0.820562374408037,0,-0.490953367101651,0
133.399740025938,0.952087751977554,0,0.900975634494315,0.257776115500194
133.499739831054,1.18995202803534,1,1.60712227555899,0.388549838799623
133.599739636171,1.01678923989022,0,-0.490953367101651,0
133.699739441288,0.736302322430271,0,-0.490953367101651,0
133.799739246405,0.600366016180275,0,-0.490953367101651,0
133.899739051522,0.932154690344881,0,-0.490953367101651,0
133.999738856639,0.505607005869462,0,-0.490953367101651,0
134.099738661756,0.444419393793189,0,-0.490953367101651,0
134.199738466873,0.560209243619784,0,-0.490953367101651,0
134.29973827199,0.525921213762016,0,-0.490953367101651,0
134.399738077106,0.288420915278345,0,-0.490953367101651,0
134.499737882223,0.267926682964988,0,-0.490953367101651,0
134.59973768734,0.148299468351492,0,-0.490953367101651,0
134.699737492457,0.250132749441417,0,-0.490953367101651,0
134.799737297574,0.253644811135134,0,-0.490953367101651,0
134.899737102691,-0.0461821564976642,0,-0.490953367101651,0
134.999736907808,0.103600554909178,0,-0.490953367101651,0
135.099736712925,0.267536948775593,0,-0.490953367101651,0
135.199736518042,0.130192650446549,0,-0.490953367101651,0
135.299736323159,0.563030969166188,1,2.02894200903878,0.466668084926452
135.399736128275,0.613754556041236,0,-0.490953367101651,0
135.499735933392,0.438875002529645,0,-0.490953367101651,0
135.599735738509,0.278442352492201,0,-0.490953367101651,0
135.699735543626,0.492290963201158,0,-0.490953367101651,0
135.799735348743,0.439167898947217,0,-0.490953367101651,0
135.89973515386,0.246408510888984,0,-0.490953367101651,0
135.999734958977,0.0472684260615222,0,-0.490953367101651,0
136.099734764094,0.374100863304691,0,-0.490953367101651,0
136.199734569211,0.427333507151978,0,-0.490953367101651,0
136.299734374327,0.222450771116543,0,-0.490953367101651,0
136.399734179444,0.133089230808784,0,-0.490953367101651,0
136.499733984561,0.315318818093473,0,-0.490953367101651,0
136.599733789678,0.366877395131076,0,-0.490953367101651,0
136.699733594795,0.240745761257853,0,-0.490953367101651,0
136.799733399912,-0.0600230028649328,0,-0.490953367101651,0
136.899733205029,-0.104713689619815,0,-0.490953367101651,0
136.999733010146,0.182346183386085,0,-0.490953367101651,0
137.099732815263,0.192508303658048,0,-0.490953367101651,0
137.19973262038,0.0277957819376657,0,-0.490953367101651,0
137.299732425496,-0.0286623892299612,0,-0.490953367101651,0
137.399732230613,0.0506430839585984,0,-0.490953367101651,0
137.49973203573,0.375187174719962,0,0.578787612083688,0.198109008354302
137.599731840847,0.251832859242749,0,-0.490953367101651,0
137.699731645964,0.345738495882604,0,-0.490953367101651,0
137.799731451081,0.149153753960422,0,-0.490953367101651,0
137.899731256198,0.452738851293342,0,0.23842614764148,0.135076299021231
137.999731061315,0.202848494487513,0,-0.490953367101651,0
138.099730866432,0.291687792421392,0,-0.490953367101651,0
138.199730671548,0.955473218566228,1,3.26926431437441,0.696367635313772
138.299730476665,1.11728151542258,0,0.670440685089637,0.215082555931829
138.399730281782,0.761030320307117,0,-0.490953367101651,0
138.499730086899,1.06042811698442,0,0.533079146410506,0.189644100508286
138.599729892016,0.717348498518395,0,-0.490953367101651,0
138.699729697133,0.57705032738658,0,-0.490953367101651,0
138.79972950225,0.785894129840052,0,0.614229868851848,0.204672681690931
138.899729307367,0.828744489094127,0,0.357417611413805,0.157112737139657
138.999729112484,1.61321181602735,1,4.40221858758616,0.906183330836325
139.099728917601,1.70700337505535,0,1.99616390662999,0.460597795491635
139.199728722717,1.66332349539574,0,-0.490953367101651,0
139.299728527834,1.2585862746417,0,-0.490953367101651,0
139.399728332951,1.09090287596854,0,-0.490953367101651,0
139.499728138068,1.30983140872093,0,1.64458899214278,0.395488428807046
139.599727943185,1.81452596567088,1,2.65194191174239,0.582043577995279
139.699727748302,1.39169584155055,0,-0.490953367101651,0
139.799727553419,1.0327095744783,0,-0.490953367101651,0
139.899727358536,1.2146701229476,0,0.630909448051192,0.207761630286193
139.999727163653,2.19088403835568,1,6.0976028620549,1.22015737121595
140.099726968769,1.82490444806421,0,-0.490953367101651,0
140.199726773886,1.32658854795338,0,-0.490953367101651,0
140.299726579003,1.53187185759324,0,-0.490953367101651,0
140.39972638412,1.28975940547118,0,-0.490953367101651,0
140.499726189237,1.09381328681915,0,-0.490953367101651,0
140.599725994354,0.82965393009334,0,-0.490953367101651,0
140.699725799471,1.00587851698731,1,1.3528205046016,0.341454819867584
140.799725604588,0.850089923442828,0,-0.490953367101651,0
140.899725409705,0.794725290266906,0,-0.490953367101651,0
140.999725214822,1.10090083101889,1,1.99582111998057,0.46053431365396
141.099725019938,0.956479433886142,0,-0.490953367101651,0
141.199724825055,0.744232370919333,0,-0.490953367101651,0
141.299724630172,0.813027499766091,0,0.261807305710206,0.139406336038882
141.399724435289,1.412300890503,1,2.33270089816889,0.522922237544032
141.499724240406,0.910473144132917,0,-0.490953367101651,0
141.599724045523,0.726866651080903,0,-0.490953367101651,0
141.69972385064,0.976604296346273,0,0.604073934498473,0.202791869304749
141.799723655757,0.856971227553872,0,-0.490953367101651,0
141.899723460874,0.558288604079283,0,-0.490953367101651,0
141.99972326599,0.608191809050285,0,-0.490953367101651,0
142.099723071107,0.726212736339928,1,0.753649364722823,0.230492257279491
142.199722876224,0.709340066944329,0,-0.490953367101651,0
142.299722681341,0.562418693145943,0,-0.490953367101651,0
142.399722486458,0.364538627102123,0,-0.490953367101651,0
142.499722291575,0.536675285542053,0,0.175496682192328,0.123422175042647
142.599722096692,0.507903168604329,0,-0.263408741942146,0.0421397711444415
142.699721901809,0.830911071300437,1,1.05492493943914,0.28628651636628
142.799721706926,0.610806474797773,0,-0.490953367101651,0
142.899721512043,0.591385165489396,0,-0.490953367101651,0
142.999721317159,0.294270376419699,0,-0.490953367101651,0
143.099721122276,0.41514526745446,0,-0.490953367101651,0
143.199720927393,0.444668644893886,0,-0.490953367101651,0
143.29972073251,0.111250998142962,0,-0.490953367101651,0
143.399720537627,0.282113409164281,0,-0.490953367101651,0
143.499720342744,0.656115804062457,1,1.26595320905946,0.32536756686604
143.599720147861,0.556577103415199,0,-0.490953367101651,0
143.699719952978,0.192916332301518,0,-0.490953367101651,0
143.799719758095,0.421759316168473,0,-0.490953367101651,0
143.899719563211,0.376716167399894,0,-0.490953367101651,0
143.999719368328,0.38985272645194,0,-0.490953367101651,0
144.099719173445,0.186080757437421,0,-0.490953367101651,0
144.199718978562,0.162981202554265,0,-0.490953367101651,0
144.299718783679,0.348185333273647,0,-0.490953367101651,0
144.399718588796,0.333565817719622,0,-0.490953367101651,0
144.499718393913,0.101689079793426,0,-0.490953367101651,0
144.59971819903,0.954133465389553,1,3.32319543870701,0.706355325576046
144.699718004147,1.00010123423323,0,-0.490953367101651,0
144.799717809264,0.700496950810361,0,-0.490953367101651,0
144.89971761438,0.508748679700828,0,-0.490953367101651,0
144.999717419497,0.38090784872847,0,-0.490953367101651,0
145.099717224614,0.353310758335671,0,-0.490953367101651,0
145.199717029731,0.309984844963095,0,-0.490953367101651,0
145.299716834848,0.134280661433283,0,-0.490953367101651,0
145.399716639965,0.273277733240535,0,-0.490953367101651,0
145.499716445082,0.0782132607799821,0,-0.490953367101651,0
145.599716250199,0.0494692320265005,0,-0.490953367101651,0
145.699716055316,0.107551188424373,0,-0.490953367101651,0
145.799715860432,-0.140400044312951,0,-0.490953367101651,0
145.899715665549,0.0578021856522251,0,-0.490953367101651,0
145.999715470666,0.13911768887832,0,-0.490953367101651,0
146.099715275783,0.247662513520916,0,-0.490953367101651,0
146.1997150809,0.306463968050083,0,0.273862127538715,0.141638809922562
146.299714886017,0.666581126154113,1,1.62027064015989,0.390984829627541
146.399714691134,0.797321023515362,0,0.678657642857467,0.216604282580381
146.499714496251,0.779810093456955,0,-0.490953367101651,0
146.599714301368,0.654960160169997,0,-0.490953367101651,0
146.699714106485,0.284105418829183,0,-0.490953367101651,0
146.799713911601,0.378765937641111,0,-0.490953367101651,0
146.899713716718,0.392260728961312,0,-0.490953367101651,0
146.999713521835,0.865296143716338,1,2.35135410178205,0.526376688427317
147.099713326952,1.1413932891082,0,1.40975607540858,0.351998913897942
147.199713132069,0.85897396112029,0,-0.490953367101651,0
147.299712937186,0.935149905481254,0,0.324005860381368,0.150925100138542
147.399712742303,0.973755954399863,1,1.06552337267298,0.288249276640887
147.49971254742,0.746651960622673,0,-0.490953367101651,0
147.599712352537,0.799752357233228,0,-0.490953367101651,0
147.699712157653,0.812616591958441,0,-0.490953367101651,0
147.79971196277,0.802426826500296,0,-0.490953367101651,0
147.899711767887,0.683834417021091,0,-0.490953367101651,0
147.999711573004,0.362548749592993,0,-0.490953367101651,0
148.099711378121,0.198972961180047,0,-0.490953367101651,0
148.199711183238,0.393212247521765,0,-0.490953367101651,0
148.299710988355,0.39757730883588,0,-0.490953367101651,0
148.399710793472,0.333426592311264,0,-0.490953367101651,0
148.499710598589,0.137441718136437,0,-0.490953367101651,0
148.599710403706,0.285010155888117,0,-0.490953367101651,0
148.699710208822,0.273663102711387,0,-0.490953367101651,0
148.799710013939,0.249603972623685,0,-0.490953367101651,0
148.899709819056,0.378311270816046,0,-0.490953367101651,0
148.999709624173,0.201893420562439,0,-0.490953367101651,0
149.09970942929,0.00106924580108485,0,-0.490953367101651,0
149.199709234407,0.177408444085914,0,-0.490953367101651,0
149.299709039524,0.111813107105286,0,-0.490953367101651,0
149.399708844641,-0.233680455244011,0,-0.490953367101651,0
149.499708649758,0.0796499511092841,0,-0.490953367101651,0
149.599708454875,0.436345338636302,0,-0.490953367101651,0
149.699708259991,0.265515539638882,0,-0.490953367101651,0
149.799708065108,0.0676529589144971,0,-0.490953367101651,0
149.899707870225,0.348952600980538,0,-0.490953367101651,0
149.999707675342,0.3233081938687,0,-0.490953367101651,0
150.099707480459,-0.0541193367303824,0,-0.490953367101651,0
150.199707285576,0.218938962328047,0,-0.490953367101651,0
150.299707090693,0.31771882030835,0,0.583343145427477,0.19895266323041
150.39970689581,0.307941878667722,0,-0.490953367101651,0
150.499706700927,0.273850080443608,0,-0.490953367101651,0
150.599706506043,0.356498424712968,0,0.120506509296895,0.113238355937351
150.69970631116,0.437555661050699,0,0.160409754762472,0.120628175102102
150.799706116277,0.534093569853915,0,0.320135781333241,0.150208386899173
150.899705921394,0.553501191810764,0,-0.00567465601358839,0.0898704322819565
150.999705726511,0.903516111436892,0,0.660077669175116,0.213163393399653
151.099705531628,0.457497995088857,0,-0.490953367101651,0
151.199705336745,0.371022881463725,0,-0.490953367101651,0
151.299705141862,1.19753307661172,1,3.56273760943351,0.750716963416454
151.399704946979,1.35017994837503,0,0.647361937819258,0.210808523409231
151.499704752095,0.87760519915622,0,-0.490953367101651,0
151.599704557212,1.44628337603087,1,3.45172331857469,0.730157845365329
151.699704362329,1.2712717263653,0,-0.490953367101651,0
151.799704167446,1.28338622127045,0,-0.490953367101651,0
151.899703972563,0.871451992546586,0,-0.490953367101651,0
151.99970377768,0.923880315053122,0,-0.490953367101651,0
152.099703582797,0.787421009559258,0,-0.490953367101651,0
152.199703387914,0.708089040322084,0,-0.490953367101651,0
152.299703193031,0.467605565779785,0,-0.490953367101651,0
152.399702998148,0.399006405865261,0,-0.490953367101651,0
152.499702803264,0.637284827191976,0,-0.490953367101651,0
152.599702608381,0.574338251919301,0,-0.490953367101651,0
152.699702413498,0.300727176525818,0,-0.490953367101651,0
152.799702218615,0.680240167045178,1,1.16849912852538,0.307319710767838
152.899702023732,0.560304638101239,0,-0.490953367101651,0
152.999701828849,0.0802553436617801,0,-0.490953367101651,0
153.099701633966,0.350743156828636,0,-0.490953367101651,0
153.199701439083,0.38265424153634,0,-0.490953367101651,0
153.2997012442,0.417060444401558,0,-0.490953367101651,0
153.399701049316,0.406508323482587,0,-0.490953367101651,0
153.499700854433,0.361761850036989,0,-0.490953367101651,0
153.59970065955,0.238850432907638,0,-0.490953367101651,0
153.699700464667,0.150591210871911,0,-0.490953367101651,0
153.799700269784,0.657694292906733,1,1.99927200819096,0.461173395501439
153.899700074901,0.931415016584886,0,0.371645014360004,0.159747558787113
153.999699880018,0.443176916661578,0,-0.490953367101651,0
154.099699685135,0.450255840151464,0,-0.490953367101651,0
154.199699490252,0.60503110438711,0,0.319468966563054,0.150084897180215
154.299699295369,0.518901797923924,0,-0.490953367101651,0
154.399699100485,0.566534946715619,0,-0.490953367101651,0
154.499698905602,0.310537988422866,0,-0.490953367101651,0
154.599698710719,0.695981605533688,1,1.34788885764172,0.340541511218307
154.699698515836,0.794807418908941,0,0.394355111295835,0.163953319687302
154.799698320953,0.707538315904372,0,-0.490953367101651,0
154.89969812607,0.422806487957127,0,-0.490953367101651,0
154.999697931187,0.510039183191009,0,-0.490953367101651,0
155.099697736304,0.578617829982629,0,0.347057319043783,0.155194078990047
155.199697541421,0.54278845261148,0,-0.262121140658967,0.042378226451221
155.299697346537,0.595188062014686,0,0.180640925952746,0.124374855224055
155.399697151654,0.857302177963151,0,0.737634777712338,0.227526460873087
155.499696956771,0.711093299121532,0,-0.490953367101651,0
155.599696761888,0.285354958674915,0,-0.490953367101651,0
155.699696567005,0.615626617104924,0,0.272054589365185,0.141304065716172
155.799696372122,0.688443430406455,0,0.359303158651253,0.157461928112691
155.899696177239,0.765999863280119,0,0.453290153686789,0.174867702731955
155.999695982356,0.857587136174801,0,0.610038438339498,0.203896456269503
156.099695787473,0.779769683726184,0,-0.490953367101651,0
156.19969559259,0.571555183910674,0,-0.490953367101651,0
156.299695397706,0.671599668368592,1,0.75309755125664,0.23039006504725
156.399695202823,0.687806555425969,0,-0.490953367101651,0
156.49969500794,0.58981103989711,0,-0.490953367101651,0
156.599694813057,0.524410986361756,0,-0.490953367101651,0
156.699694618174,0.431581235764447,0,-0.490953367101651,0
156.799694423291,0.642238408448171,0,-0.490953367101651,0
156.899694228408,0.476759154991038,0,-0.490953367101651,0
156.999694033525,0.219001776435407,0,-0.490953367101651,0
157.099693838642,-0.0472478133403759,0,-0.490953367101651,0
157.199693643758,0.132988457801205,0,-0.490953367101651,0
157.299693448875,0.488270259965948,1,0.936183956742984,0.264296465699187
157.399693253992,0.588334599480528,0,0.500862306550563,0.1836777532138
157.499693059109,0.550934144036688,0,-0.490953367101651,0
157.599692864226,0.602987078845929,0,-0.490953367101651,0
157.699692669343,0.187466929046908,0,-0.490953367101651,0
157.79969247446,0.396259878979921,0,-0.490953367101651,0
157.899692279577,0.464776040216989,0,0.275347337116702,0.141913860988585
157.999692084694,0.387898417582117,0,-0.490953367101651,0
158.099691889811,0.65143611100973,0,0.724755576411433,0.225141317321738
158.199691694927,0.40910508666428,0,-0.490953367101651,0
158.299691500044,0.540796260944486,0,0.115466911999516,0.112305055594076
158.399691305161,0.481906896549757,0,-0.490953367101651,0
158.499691110278,0.504437921411994,0,-0.00410039320445164,0.0901619754219086
158.599690915395,0.527955967547492,0,-0.0113338286132884,0.0888223906591272
158.699690720512,0.520571118336028,0,-0.113272819881922,0.069943958528532
158.799690525629,0.510408754560286,0,-0.490953367101651,0
158.899690330746,0.35094427898122,0,-0.490953367101651,0
158.999690135863,0.424089801469017,0,0.174217868442834,0.123185347129431
159.099689940979,0.523920540554692,0,-0.490953367101651,0
159.199689746096,0.330705785882966,0,-0.490953367101651,0
159.299689551213,0.319923438157029,0,-0.490953367101651,0
159.39968935633,0.27476383144126,0,-0.490953367101651,0
159.499689161447,0.719154197675721,1,2.08816854495786,0.477636450659365
159.599688966564,0.661672499947009,0,-0.490953367101651,0
159.699688771681,0.544531997273882,0,-0.490953367101651,0
159.799688576798,0.960831481996308,1,2.13908007968943,0.487064932745887
159.899688381915,1.23015060888096,0,1.74460677242606,0.414011065272566
159.999688187032,1.686206299322,1,2.39744320565877,0.5349120879704
160.099687992148,1.45694212973367,0,-0.490953367101651,0
160.199687797265,0.917920546945891,0,-0.490953367101651,0
160.299687602382,0.675461943614921,0,-0.490953367101651,0
160.399687407499,0.9323414980566,0,-0.490953367101651,0
160.499687212616,0.886303362219542,0,0.598127872279169,0.201690697607301
160.599687017733,0.950223581611605,0,0.565500534099483,0.195648328718207
160.69968682285,1.1982080117915,1,1.6194409276464,0.390831172315664
160.799686627967,1.15021711706173,0,0.254168160380338,0.137991616461506
160.899686433084,1.40006564209167,1,1.88969195034795,0.440879887991595
160.9996862382,1.30132562820977,0,-0.490953367101651,0
161.099686043317,0.890140687262794,0,-0.490953367101651,0
161.199685848434,1.05901902136894,1,1.09303175339516,0.293343648205913
161.299685653551,0.956031579168645,0,-0.490953367101651,0
161.399685458668,0.696285331747822,0,-0.490953367101651,0
161.499685263785,0.801139396298411,0,-0.490953367101651,0
161.599685068902,0.785351899295031,0,-0.490953367101651,0
161.699684874019,0.638908391466537,0,-0.490953367101651,0
161.799684679136,0.531161468870764,0,-0.490953367101651,0
161.899684484253,0.293961799692818,0,-0.490953367101651,0
161.999684289369,0.516541121720195,0,0.410620195556933,0.166965506540441
162.099684094486,0.686563296484059,1,0.791121313163207,0.237431816192417
162.199683899603,0.783768352324544,0,0.557622048609082,0.194189284913953
162.29968370472,0.979154894399979,1,0.889826930624131,0.255711448715305
162.399683509837,0.898297064417025,0,-0.490953367101651,0
162.499683314954,0.593735700841368,0,-0.490953367101651,0
162.599683120071,0.415054540109765,0,-0.490953367101651,0
162.699682925188,0.902128861729165,0,1.68091044310464,0.402214923137966
162.799682730305,1.16927564156644,1,1.8436376067703,0.43235092582776
162.899682535421,0.860062225320691,0,-0.490953367101651,0
162.999682340538,0.913937648491379,0,-0.490953367101651,0
163.099682145655,0.842424115377307,0,-0.490953367101651,0
163.199681950772,0.728812592379384,0,-0.490953367101651,0
163.299681755889,0.205695750492976,0,-0.490953367101651,0
163.399681561006,0.588127996629174,0,-0.490953367101651,0
163.499681366123,0.639367677017019,0,-0.490953367101651,0
163.59968117124,0.413072714821145,0,-0.490953367101651,0
163.699680976357,0.148863111067659,0,-0.490953367101651,0
163.799680781474,0.376442943303058,0,-0.490953367101651,0
163.89968058659,0.648119415905092,0,-0.490953367101651,0
163.999680391707,0.298284058871246,0,-0.490953367101651,0
164.099680196824,0.0960953898473118,0,-0.490953367101651,0
164.199680001941,0.277911656754901,0,-0.490953367101651,0
164.299679807058,0.490248855200265,0,0.516332102643296,0.186542657917842
164.399679612175,0.288941337707673,0,-0.490953367101651,0
164.499679417292,0.185000706789078,0,-0.490953367101651,0
164.599679222409,0.522017199336359,0,0.877935288429228,0.253509194628778
164.699679027526,1.06544770189297,1,2.40615759754379,0.536525936152665
164.799678832642,0.76129615179777,0,-0.490953367101651,0
164.899678637759,0.58550589947723,0,-0.490953367101651,0
164.999678442876,0.724507996779106,0,-0.490953367101651,0
165.099678247993,0.570499874504868,0,-0.490953367101651,0
165.19967805311,0.532927268988035,0,-0.490953367101651,0
165.299677858227,0.478093091104299,0,-0.490953367101651,0
165.399677663344,0.398467357092828,0,-0.490953367101651,0
165.499677468461,0.0693331793158786,0,-0.490953367101651,0
165.599677273578,0.14501049370533,0,-0.490953367101651,0
165.699677078695,0.344587475514107,0,-0.490953367101651,0
165.799676883811,0.804862437054811,1,2.59022046747691,0.570613171611351
165.899676688928,0.847188482228,0,0.0135522310469644,0.0934311255744645
165.999676494045,0.58687306635293,0,-0.490953367101651,0
166.099676299162,0.642325855891312,0,-0.120509879724177,0.0686037025444697
166.199676104279,0.789359022989679,1,1.52375134118217,0.37311008893836
166.299675909396,0.987361335764277,0,-0.490953367101651,0
166.399675714513,0.864354411807875,0,-0.490953367101651,0
166.49967551963,0.454035929288349,0,-0.490953367101651,0
166.599675324747,0.466929074055825,0,-0.490953367101651,0
166.699675129863,0.338559792868163,0,-0.490953367101651,0
166.79967493498,0.353821700194617,0,-0.490953367101651,0
166.899674740097,0.385633639467711,0,-0.490953367101651,0
166.999674545214,0.0653394327178177,0,-0.490953367101651,0
167.099674350331,0.155707252040928,0,-0.490953367101651,0
167.199674155448,0.245615525713354,0,-0.490953367101651,0
167.299673960565,0.238655377949738,0,-0.490953367101651,0
167.399673765682,0.407963458241259,0,-0.490953367101651,0
167.499673570799,0.581767131582054,0,-0.490953367101651,0
167.599673375916,0.0064696180820157,0,-0.490953367101651,0
167.699673181032,0.110030622806976,0,-0.490953367101651,0
167.799672986149,0.248332727628717,0,-0.490953367101651,0
167.899672791266,0.114562339511939,0,-0.490953367101651,0
167.999672596383,0.0545670960125678,0,-0.490953367101651,0
168.0996724015,-0.0668859202567364,0,-0.490953367101651,0
168.199672206617,0.230460539378809,0,-0.490953367101651,0
168.299672011734,0.149658376280803,0,-0.490953367101651,0
168.399671816851,0.0507653684246214,0,-0.490953367101651,0
168.499671621968,0.201234597700584,0,-0.490953367101651,0
168.599671427084,0.515047071543913,1,0.815264166563902,0.241902914186342
168.699671232201,0.32990891826632,0,-0.490953367101651,0
168.799671037318,0.181947676805247,0,-0.490953367101651,0
168.899670842435,0.0792207203258816,0,-0.490953367101651,0
168.999670647552,0.284645523757444,0,-0.490953367101651,0
169.099670452669,0.459896904541955,0,-0.490953367101651,0
169.199670257786,0.116154950853583,0,-0.490953367101651,0
169.299670062903,0.0649518238974417,0,-0.490953367101651,0
169.39966986802,0.234605310198883,0,-0.490953367101651,0
169.499669673137,0.448619488298262,0,0.993081831740887,0.274833578713111
169.599669478253,1.4882827880415,1,4.89818115093321,0.998032342435719
169.69966928337,1.03476015668138,0,-0.490953367101651,0
169.799669088487,1.01303180475668,0,-0.490953367101651,0
169.899668893604,1.11336367334131,1,1.01573198376933,0.279028238209885
169.999668698721,1.18480418111236,0,-0.490953367101651,0
170.099668503838,0.72554103336657,0,-0.490953367101651,0
170.199668308955,0.439455051188863,0,-0.490953367101651,0
170.299668114072,0.597140727942273,0,-0.490953367101651,0
170.399667919189,0.746617636706751,0,0.786997810148501,0.236668170497726
170.499667724305,1.42527224045107,1,3.7537165698791,0.786085013445934
170.599667529422,1.55177121297387,0,1.4096446487741,0.351978278416558
170.699667334539,1.4765018091653,0,0.451579968596529,0.174550987677633
170.799667139656,1.24678126188832,0,-0.490953367101651,0
170.899666944773,1.43482630898198,1,1.65910301310075,0.398176330229133
170.99966674989,1.27528649700722,0,-0.490953367101651,0
171.099666555007,0.933268849303622,0,-0.490953367101651,0
171.199666360124,0.929344588301483,0,-0.490953367101651,0
171.299666165241,1.11153973430992,1,1.48149539190875,0.36528456446981
171.399665970358,0.931464174829153,0,-0.490953367101651,0
171.499665775474,0.801014226818878,0,-0.490953367101651,0
171.599665580591,1.23737761556294,1,2.02981786145466,0.466830287045424
171.699665385708,1.04461854709075,0,-0.490953367101651,0
171.799665190825,0.603699697738194,0,-0.490953367101651,0
171.899664995942,1.01864999934337,1,1.21143682269057,0.315271489915875
171.999664801059,1.12770394437053,0,0.148884054653594,0.118493691088133
172.099664606176,0.706775933915571,0,-0.490953367101651,0
172.199664411293,0.652173360012963,0,-0.490953367101651,0
172.29966421641,0.770302650436114,0,0.3744388435581,0.160264957617966
172.399664021526,1.04178221399404,1,1.57731579474482,0.383029874180595
172.499663826643,1.13316077384055,0,0.761846400050402,0.232010294422864
172.59966363176,0.921480260645318,0,-0.490953367101651,0
172.699663436877,0.962249951041895,1,0.801959430923938,0.239438964468293
172.799663241994,0.826779709983068,0,-0.490953367101651,0
172.899663047111,0.905894795591304,0,-0.490953367101651,0
172.999662852228,0.733839018975138,0,-0.490953367101651,0
173.099662657345,0.590889176042671,0,-0.490953367101651,0
173.199662462462,0.264898450007388,0,-0.490953367101651,0
173.299662267579,0.525069591709622,0,-0.490953367101651,0
173.399662072695,0.706238800406766,1,1.33308698524124,0.337800301598312
173.499661877812,0.901493777008008,0,1.1055485161382,0.295661670515124
173.599661682929,0.848066549668627,0,-0.0538796386732158,0.0809431858753471
173.699661488046,1.11153661771579,0,0.51132247956065,0.185614908602407
173.799661293163,0.534955660366977,0,-0.490953367101651,0
173.89966109828,0.6145904234028,0,-0.490953367101651,0
173.999660903397,0.613142389838897,0,-0.490953367101651,0
174.099660708514,0.64168605872374,0,0.31728086206008,0.149679674587368
174.199660513631,1.16450456676929,1,2.95868374813358,0.638850152867746
174.299660318747,1.03900458920319,0,-0.490953367101651,0
174.399660123864,1.24713724874983,1,1.0925259610884,0.293249978790347
174.499659928981,0.848979046700341,0,-0.490953367101651,0
174.599659734098,1.04099830205921,0,0.68204348274953,0.217231317906235
174.699659539215,1.13359550038628,0,0.735359005020209,0.227105002706998
174.799659344332,1.06946447592812,0,-0.490953367101651,0
174.899659149449,0.602629565785721,0,-0.490953367101651,0
174.999658954566,0.914761728780682,0,-0.490953367101651,0
175.099658759683,0.37681361124901,0,-0.490953367101651,0
175.1996585648,0.419909125867085,0,-0.490953367101651,0
175.299658369916,0.841314408211361,1,1.20173179613115,0.313474182693707
175.399658175033,0.589748158913168,0,-0.490953367101651,0
175.49965798015,0.377697023343196,0,-0.490953367101651,0
175.599657785267,0.548487607878776,0,-0.490953367101651,0
175.699657590384,0.525166968969747,0,-0.490953367101651,0
175.799657395501,0.483592587897503,0,-0.490953367101651,0
175.899657200618,0.0884407064216734,0,-0.490953367101651,0
175.999657005735,0.336917828318724,0,-0.490953367101651,0
176.099656810852,0.325859630297726,0,-0.490953367101651,0
176.199656615968,0.397167423308689,0,0.352640194009433,0.156227990791812
176.299656421085,0.43239132503532,0,-0.197338926995137,0.0543754672390906
176.399656226202,0.348562443179544,0,-0.490953367101651,0
176.499656031319,0.287024505340962,0,-0.490953367101651,0
176.599655836436,0.504555768547276,0,0.324343727012226,0.150987670821069
176.699655641553,0.339337855179902,0,-0.490953367101651,0
176.79965544667,0.288782537550775,0,-0.490953367101651,0
176.899655251787,0.529001242254967,0,0.632724047623059,0.20809768221721
176.999655056904,0.54694615007218,0,-0.490953367101651,0
177.099654862021,0.391637531545873,0,-0.490953367101651,0
177.199654667137,0.147990462287083,0,-0.490953367101651,0
177.299654472254,0.314615358610768,0,-0.490953367101651,0
177.399654277371,0.637789238323617,0,0.298553640645933,0.146211516093138
177.499654082488,0.326803351904435,0,-0.490953367101651,0
177.599653887605,0.0746729148581906,0,-0.490953367101651,0
177.699653692722,0.28258376025868,0,-0.490953367101651,0
177.799653497839,0.319418352647891,0,-0.1987123068979,0.0541211262949516
177.899653302956,0.336065326464448,0,-0.222218131254343,0.0497680018990333
177.999653108073,0.450051849706979,0,0.662262237436365,0.213567961103742
178.099652913189,0.405609059243441,0,-0.490953367101651,0
178.199652718306,0.402923840692342,0,-0.490953367101651,0
178.299652523423,0.669843411721856,0,-0.490953367101651,0
178.39965232854,0.313406691973601,0,-0.490953367101651,0
178.499652133657,0.0974419150423865,0,-0.490953367101651,0
178.599651938774,0.16766494664361,0,-0.490953367101651,0
178.699651743891,0.501351272786559,1,1.54565462099442,0.377166432602614
178.799651549008,0.765275819010022,0,-0.490953367101651,0
178.899651354125,0.42037169765227,0,-0.490953367101651,0
178.999651159242,0.377699874960527,0,-0.490953367101651,0
179.099650964358,0.463493923088344,0,-0.490953367101651,0
179.199650769475,0.260274207181167,0,-0.490953367101651,0
179.299650574592,0.0923542305584469,0,-0.490953367101651,0
179.399650379709,0.168380888310932,0,-0.490953367101651,0
179.499650184826,0.197612310783462,0,-0.490953367101651,0
179.599649989943,0.909522355179902,1,3.2612758777644,0.694888229283805
179.69964979506,1.049037689951,0,0.94930176099137,0.266725796950396
179.799649600177,0.8074387097023,0,-0.490953367101651,0
179.899649405294,0.737703926891215,0,-0.490953367101651,0
179.99964921041,0.813141253462857,0,-0.490953367101651,0
180.099649015527,0.424117580087737,0,-0.490953367101651,0
180.199648820644,0.546920455135248,0,-0.490953367101651,0
180.299648625761,0.872235517118559,1,2.01320600987854,0.463753881161469
180.399648430878,0.763524567860244,0,-0.490953367101651,0
180.499648235995,0.949691620932176,0,1.16472949852703,0.306621600033215
180.599648041112,1.10888623657191,1,2.28605895430069,0.514284455662961
180.699647846229,1.32054283471211,0,-0.490953367101651,0
180.799647651346,0.892401408770383,0,-0.490953367101651,0
180.899647456463,0.807736991439303,0,-0.490953367101651,0
180.999647261579,0.584693921814765,0,-0.490953367101651,0
181.099647066696,0.468468496319901,0,-0.490953367101651,0
181.199646871813,0.833681608343034,0,-0.490953367101651,0
181.29964667693,0.65125206305524,0,-0.490953367101651,0
181.399646482047,0.3579064757249,0,-0.490953367101651,0
181.499646287164,0.261114498038954,0,-0.490953367101651,0
181.599646092281,0.549109555910667,0,-0.490953367101651,0
181.699645897398,0.376721802236213,0,-0.490953367101651,0
181.799645702515,0.126025221417544,0,-0.490953367101651,0
181.899645507631,0.107731796203083,0,-0.490953367101651,0
181.999645312748,0.677899712820586,1,1.85710777450756,0.434845512484453
182.099645117865,0.732160840590328,0,-0.490953367101651,0
182.199644922982,0.263187896836098,0,-0.490953367101651,0
182.299644728099,0.608801027398897,0,-0.490953367101651,0
182.399644533216,0.376058112363929,0,-0.490953367101651,0
182.499644338333,0.209358161796492,0,-0.490953367101651,0
182.59964414345,0.0976705197000984,0,-0.490953367101651,0
182.699643948567,0.310354339489776,0,-0.490953367101651,0
182.799643753684,0.0457021753545193,0,-0.490953367101651,0
182.8996435588,0.224201852223437,0,-0.490953367101651,0
182.999643363917,0.523260999913216,0,1.22493973594972,0.317772140828305
183.099643169034,0.938190997758594,1,1.59713770231054,0.386700761365385
183.199642974151,0.651126103352348,0,-0.490953367101651,0
183.299642779268,0.52190829299424,0,-0.490953367101651,0
183.399642584385,0.568597182721567,0,-0.490953367101651,0
183.499642389502,1.09751687239576,1,2.3886384534893,0.533281505656513
183.599642194619,0.948271906357265,0,-0.490953367101651,0
183.699641999736,0.670923728556289,0,-0.490953367101651,0
183.799641804852,0.524418755737129,0,-0.490953367101651,0
183.899641609969,0.426991915642547,0,-0.490953367101651,0
183.999641415086,0.271053349855751,0,-0.490953367101651,0
184.099641220203,0.456216338564819,0,-0.490953367101651,0
184.19964102532,0.582780426495036,0,0.733446903527535,0.226750894060179
184.299640830437,0.795622038150748,1,1.02647018898449,0.281016883338074
184.399640635554,0.657717012374861,0,-0.490953367101651,0
184.499640440671,1.02198218236094,1,2.88849522671581,0.625851699366863
184.599640245788,1.04019566501337,0,-0.490953367101651,0
184.699640050905,1.05660728525082,0,-0.490953367101651,0
184.799639856021,0.691285145913773,0,-0.490953367101651,0
184.899639661138,0.511690778864635,0,-0.490953367101651,0
184.999639466255,0.396275173207314,0,-0.490953367101651,0
185.099639271372,0.608519025526639,0,-0.490953367101651,0
185.199639076489,0.381076146722323,0,-0.490953367101651,0
185.299638881606,0.542315371798752,0,-0.490953367101651,0
185.399638686723,0.678794562395383,0,-0.490953367101651,0
185.49963849184,0.221084998318752,0,-0.490953367101651,0
185.599638296957,0.189745261117709,0,-0.490953367101651,0
185.699638102073,0.576168623370133,0,-0.490953367101651,0
185.79963790719,0.339581209076096,0,-0.490953367101651,0
185.899637712307,0.142508787658074,0,-0.490953367101651,0
185.999637517424,0.423603118672246,0,0.769981539286079,0.233516868816257
186.099637322541,0.854694546885583,1,2.18660095430053,0.49586548683189
186.199637127658,0.755972076153776,0,-0.490953367101651,0
186.299636932775,0.807090398119742,0,0.494812620318287,0.182557391029261
186.399636737892,0.879840521363277,0,-0.490953367101651,0
186.499636543009,0.460476131235594,0,-0.490953367101651,0
186.599636348126,0.429265079305328,0,-0.490953367101651,0
186.699636153242,0.546131577691756,0,0.034185993339007,0.0972523629261531
186.799635958359,0.749592868563829,0,0.00388454791363448,0.0916407341097137
186.899635763476,0.411204193444041,0,-0.490953367101651,0
186.999635568593,0.250963200593505,0,-0.490953367101651,0
187.09963537371,1.00483794502061,1,2.91063676933421,0.629952167739035
187.199635178827,1.30470646378823,0,1.6471471692414,0.395962186415723
187.299634983944,0.948082780607935,0,-0.490953367101651,0
187.399634789061,0.938122696970402,0,-0.490953367101651,0
187.499634594178,1.12993018380414,0,0.603283691106296,0.202645521415093
187.599634399294,0.802186550645605,0,-0.490953367101651,0
187.699634204411,0.500138326066534,0,-0.490953367101651,0
187.799634009528,0.563849008284184,0,-0.490953367101651,0
187.899633814645,1.0328757299237,1,2.84225617032441,0.617288529602239
187.999633619762,0.974893949895012,0,-0.490953367101651,0
188.099633424879,0.830262954195856,0,-0.490953367101651,0
188.199633229996,0.683418336640492,0,-0.490953367101651,0
188.299633035113,0.780902623850913,0,-0.490953367101651,0
188.39963284023,0.471834421481898,0,-0.490953367101651,0
188.499632645347,0.336248746157399,0,-0.490953367101651,0
188.599632450463,0.553538168383256,0,-0.490953367101651,0
188.69963225558,0.538133377408949,0,-0.490953367101651,0
188.799632060697,0.39400656124,0,-0.490953367101651,0
188.899631865814,0.291924984683109,0,-0.490953367101651,0
188.999631670931,-0.0214320537643223,0,-0.490953367101651,0
189.099631476048,0.0768582713723576,0,-0.490953367101651,0
189.199631281165,0.608453480828338,1,1.27699835504201,0.327413055409816
189.299631086282,0.386155345876407,0,-0.490953367101651,0
189.399630891399,0.638299595993614,1,1.54291478531457,0.376659033016967
189.499630696515,0.850647998589812,0,-0.490953367101651,0
189.599630501632,0.568897542871019,0,-0.490953367101651,0
189.699630306749,0.589345056008762,0,-0.490953367101651,0
189.799630111866,0.613994544267435,0,-0.490953367101651,0
189.899629916983,0.447915519614841,0,-0.490953367101651,0
189.9996297221,0.0249437179533866,0,-0.490953367101651,0
190.099629527217,0.370516272558504,0,-0.490953367101651,0
190.199629332334,0.356583406034062,0,-0.490953367101651,0
190.299629137451,0.177977801985409,0,-0.490953367101651,0
190.399628942568,-0.124106105069647,0,-0.490953367101651,0
190.499628747684,0.0270021566430061,0,-0.490953367101651,0
190.599628552801,0.154161173159518,0,-0.490953367101651,0
190.699628357918,0.522715878679995,1,1.33900795693913,0.338896826695869
190.799628163035,0.616636562667276,0,0.385991298422945,0.162404396437142
190.899627968152,0.68377807212429,0,0.329606488603731,0.15196229972693
190.999627773269,0.794284120079097,0,0.626828145600735,0.207005799859028
191.099627578386,0.749107126832534,0,-0.110028499006399,0.0705447854613493
191.199627383503,0.886396312497628,0,0.832811854946319,0.245152630904681
191.29962718862,1.26854318147183,1,0.872987029946537,0.252592809634503
191.399626993736,0.831983026877292,0,-0.490953367101651,0
191.499626798853,0.498419488941388,0,-0.490953367101651,0
191.59962660397,0.47139739702747,0,-0.490953367101651,0
191.699626409087,1.06460614213067,1,2.31154821885386,0.519004900165474
191.799626214204,0.88618924139329,0,-0.490953367101651,0
191.899626019321,0.918846943388574,1,0.969210940972836,0.270412846413789
191.999625824438,1.16703696990003,0,-0.490953367101651,0
192.099625629555,0.722249823418136,0,-0.490953367101651,0
192.199625434672,0.456276787917254,0,-0.490953367101651,0
192.299625239789,0.558207372219141,0,-0.490953367101651,0
192.399625044905,0.443268638188865,0,-0.490953367101651,0
192.499624850022,0.718789075528503,0,1.14346415972791,0.302683398857618
192.599624655139,1.3553567937244,1,3.40085729033261,0.72073779078199
192.699624460256,1.01128868577748,0,-0.490953367101651,0
192.799624265373,1.00928975964005,0,-0.490953367101651,0
192.89962407049,0.736889469140315,0,-0.490953367101651,0
192.999623875607,0.78200944443636,0,-0.490953367101651,0
193.099623680724,0.690730810968933,0,-0.490953367101651,0
193.199623485841,0.89790642726947,1,1.5885392684525,0.385108387848654
193.299623290957,1.02629002401029,0,1.04348608962819,0.284168116457466
193.399623096074,0.915033998601408,0,-0.490953367101651,0
193.499622901191,1.03152594564429,0,0.396612372133824,0.164371349579503
193.599622706308,0.696845065402076,0,-0.490953367101651,0
193.699622511425,0.610925175980786,0,-0.490953367101651,0
193.799622316542,0.833544924891867,0,0.90373455955401,0.2582870503137
193.899622121659,1.45129910320031,1,3.59969262328002,0.757560789435372
193.999621926776,1.17852508343132,0,-0.490953367101651,0
194.099621731893,1.26754950256688,0,-0.490953367101651,0
194.19962153701,0.873962503770914,0,-0.490953367101651,0
194.299621342126,0.539458062218799,0,-0.490953367101651,0
194.399621147243,0.466298409748288,0,-0.490953367101651,0
194.49962095236,0.735055661615538,0,-0.490953367101651,0
194.599620757477,0.479994342837697,0,-0.490953367101651,0
194.699620562594,0.549674011879496,0,-0.490953367101651,0
194.799620367711,0.360936571368494,0,-0.490953367101651,0
194.899620172828,0.983809939989306,1,3.05468386155307,0.656628743799092
194.999619977945,1.31221473096159,0,2.08523797376923,0.47709372810934
195.099619783062,1.40985219149268,0,1.14760861318721,0.303450924437144
195.199619588178,1.84460814795368,1,3.72788264688203,0.781300740461693
195.299619393295,1.439915687828,0,-0.490953367101651,0
195.399619198412,1.65860677525997,0,-0.490953367101651,0
195.499619003529,1.33707772915486,0,-0.490953367101651,0
195.599618808646,0.80282385599299,0,-0.490953367101651,0
195.699618613763,0.695745151318023,0,-0.490953367101651,0
195.79961841888,1.10492962773675,0,-0.490953367101651,0
195.899618223997,0.611827504048742,0,-0.490953367101651,0
195.999618029114,0.647908431354504,0,-0.490953367101651,0
196.099617834231,0.879233708692552,1,1.7813277742317,0.420811553797396
196.199617639347,1.13728625343515,0,0.908191600641923,0.259112465070451
196.299617444464,0.926594761799327,0,-0.490953367101651,0
196.399617249581,0.577919285336846,0,-0.490953367101651,0
196.499617054698,0.374237462084712,0,-0.490953367101651,0
196.599616859815,0.640672074930597,0,-0.490953367101651,0
196.699616664932,0.781932689653906,0,-0.490953367101651,0
196.799616470049,0.361863640024271,0,-0.490953367101651,0
196.899616275166,0.205978251874654,0,-0.490953367101651,0
196.999616080283,0.351371645036379,0,-0.490953367101651,0
197.099615885399,0.194176435917094,0,-0.490953367101651,0
197.199615690516,-0.0741019464460009,0,-0.490953367101651,0
197.299615495633,0.396181853809617,0,0.371785509027667,0.159773577477461
197.39961530075,1.34980109996234,1,3.46879111113148,0.733318688526444
197.499615105867,0.705111277643568,0,-0.490953367101651,0
197.599614910984,0.685128407572974,0,-0.490953367101651,0
197.699614716101,0.763971805536819,0,-0.490953367101651,0
197.799614521218,0.661430666209632,0,-0.490953367101651,0
197.899614326335,0.175828375777819,0,-0.490953367101651,0
197.999614131452,0.616262873673759,0,0.503350979139765,0.184138639043509
198.099613936568,0.765430519492276,1,1.38245132218739,0.346942252809638
198.199613741685,0.766946159510792,0,-0.490953367101651,0
198.299613546802,0.558859426477703,0,-0.490953367101651,0
198.399613351919,0.707943287040961,0,-0.490953367101651,0
198.499613157036,0.559610349088128,0,-0.490953367101651,0
198.599612962153,0.456233926631275,0,-0.490953367101651,0
198.69961276727,0.364677214198543,0,-0.490953367101651,0
198.799612572387,0.199588798967159,0,-0.490953367101651,0
198.899612377504,0.452757520020006,0,-0.490953367101651,0
198.99961218262,0.346662563297789,0,-0.490953367101651,0
199.099611987737,0.0316801410570015,0,-0.490953367101651,0
199.199611792854,0.154846139959207,0,-0.490953367101651,0
199.299611597971,0.342236062417246,0,-0.490953367101651,0
199.399611403088,0.12298687435903,0,-0.490953367101651,0
199.499611208205,0.301292059399052,0,-0.490953367101651,0
199.599611013322,0.405151736815429,0,-0.490953367101651,0
199.699610818439,0.171597106574073,0,-0.490953367101651,0
199.799610623556,0.0519821705394607,0,-0.490953367101651,0
199.899610428673,0.23204629540619,0,-0.490953367101651,0
199.999610233789,0.341724809236706,0,-0.490953367101651,0
200.099610038906,0.177568741348792,0,-0.490953367101651,0
200.199609844023,-0.0209449465035949,0,-0.490953367101651,0
200.29960964914,0.336934907575907,0,-0.490953367101651,0
200.399609454257,0.0115476494185501,0,-0.490953367101651,0
200.499609259374,0.160129874891882,0,-0.490953367101651,0
200.599609064491,0.245472277147107,0,-0.490953367101651,0
200.699608869608,0.287056241004193,0,-0.490953367101651,0
200.799608674725,0.108150768744476,0,-0.490953367101651,0
200.899608479841,0.100095763947469,0,-0.490953367101651,0
200.999608284958,0.205614883139201,0,-0.490953367101651,0
201.099608090075,0.223936067303281,0,-0.490953367101651,0
201.199607895192,0.175530322077385,0,-0.490953367101651,0
201.299607700309,-0.0985479883303624,0,-0.490953367101651,0
201.399607505426,0.139974995792596,0,-0.490953367101651,0
201.499607310543,-0.141624674051638,0,-0.490953367101651,0
201.59960711566,-0.0625499536461373,0,-0.490953367101651,0
201.699606920777,0.409944239563939,0,0.727527919953849,0.225654737150175
201.799606725894,0.250043789234235,0,-0.490953367101651,0
201.89960653101,0.388612482485675,0,0.076557543516726,0.105099295923462
201.999606336127,0.661186294263993,0,0.519917171224412,0.187206589089319
202.099606141244,0.319249217195853,0,-0.490953367101651,0
202.199605946361,0.369894316257804,0,-0.490953367101651,0
202.299605751478,0.459757342241101,0,-0.490953367101651,0
202.399605556595,0.224358059068513,0,-0.490953367101651,0
202.499605361712,0.264719813724813,0,-0.490953367101651,0
202.599605166829,0.474607435039549,0,0.129825836852805,0.114964234235513
202.699604971946,0.204663473349416,0,-0.490953367101651,0
202.799604777062,0.417824297024668,0,0.174771923449533,0.123287954480263
202.899604582179,0.59809756827142,0,-0.0672253757226136,0.0784716429653738
202.999604387296,0.255285802199266,0,-0.490953367101651,0
203.099604192413,0.286659566423194,0,-0.490953367101651,0
203.19960399753,0.555749869529561,1,1.05331949100108,0.28598919785253
203.299603802647,0.545782614861042,0,-0.490953367101651,0
203.399603607764,0.412566927180627,0,-0.490953367101651,0
203.499603412881,0.459873616694458,0,-0.490953367101651,0
203.599603217998,0.336342284421634,0,-0.490953367101651,0
203.699603023115,0.302924459165162,0,-0.490953367101651,0
203.799602828231,0.278841579909617,0,-0.490953367101651,0
203.899602633348,0.631507339887935,1,1.79770266462005,0.423844076024615
203.999602438465,0.66981628985518,0,-0.490953367101651,0
204.099602243582,0.473063683983954,0,-0.490953367101651,0
204.199602048699,0.415855387693188,0,-0.490953367101651,0
204.299601853816,0.486076444225561,0,0.0648279277883262,0.102927048075109
204.399601658933,0.911946225593085,1,2.14402246492416,0.487980230053187
204.49960146405,0.942127197589907,0,0.407402126795474,0.166369541326848
204.599601269167,0.933740860308602,0,0.227495827688749,0.133052075504544
204.699601074283,0.928026585303612,0,0.358721268746036,0.157354165921341
204.7996008794,0.836009375778194,0,-0.490953367101651,0
204.899600684517,1.49945724481894,1,3.87999565460591,0.80947107113456
204.999600489634,1.53917758034341,0,1.01074017024539,0.278103787107834
205.099600294751,1.41838992760689,0,0.261863881831597,0.13941681356524
205.199600099868,1.22439066633581,0,-0.490953367101651,0
205.299599904985,1.34057379237951,1,1.39630609054217,0.349508064976463
205.399599710102,1.21517349675688,0,-0.490953367101651,0
205.499599515219,0.940161517740887,0,-0.490953367101651,0
205.599599320336,1.22013906533131,1,1.6281947906023,0.392452330281196
205.699599125452,1.3826693779986,0,0.901528435913388,0.257878490694825
205.799598930569,0.944406804935661,0,-0.490953367101651,0
205.899598735686,0.953491378122204,0,-0.490953367101651,0
205.999598540803,1.15972550540158,1,1.24098853825525,0.320744273682788
206.09959834592,0.865183750297084,0,-0.490953367101651,0
206.199598151037,1.25706734414021,1,1.87796297755871,0.438707759211356
206.299597956154,1.01063446414949,0,-0.490953367101651,0
206.399597761271,1.11541621869185,0,0.321724264117828,0.150502563485249
206.499597566388,0.774826254596089,0,-0.490953367101651,0
206.599597371504,1.09157392096532,1,1.37779584848753,0.346080089635521
206.699597176621,1.18560411691599,0,0.336589621696246,0.153255530143529
206.799596981738,0.781369922656149,0,-0.490953367101651,0
206.899596786855,0.867264358123392,0,0.00101299936532555,0.0911089421652937
206.999596591972,1.76788074292179,1,5.06557586889976,1.02903274554765
207.099596397089,1.90576113892476,0,0.734481094930337,0.226942419520308
207.199596202206,1.31862853097533,0,-0.490953367101651,0
207.299596007323,1.06071303202297,0,-0.490953367101651,0
207.39959581244,1.40980165519327,1,1.61373826908131,0.389775077377454
207.499595617557,1.38043530464051,0,0.681342797259296,0.217101555552226
207.599595422673,1.21089676739332,0,-0.490953367101651,0
207.69959522779,1.1253736677222,0,0.190906415766539,0.126275956562465
207.799595032907,1.17423298406458,0,0.708725341835013,0.222172623088822
207.899594838024,1.07510621857087,0,-0.0444721115501589,0.0826853981544675
207.999594643141,0.989166127321539,0,-0.0663734162525184,0.0786294202676018
208.099594448258,1.18662825415627,1,1.38320996517558,0.347082748511878
208.199594253375,1.34907883438628,0,0.303302723211236,0.147091015014756
208.299594058492,0.756632491840256,0,-0.490953367101651,0
208.399593863609,0.794177975587745,0,-0.490953367101651,0
208.499593668725,0.806341005567121,0,0.0596557570431188,0.10196919599941
208.599593473842,1.13178475816161,1,1.77913859910239,0.42040613293158
208.699593278959,0.91074044105105,0,-0.490953367101651,0
208.799593084076,0.97164478180915,0,0.266227946976698,0.140225009787607
208.899592889193,0.747244603094106,0,-0.490953367101651,0
208.99959269431,0.691823674122977,0,-0.490953367101651,0
209.099592499427,0.849779791580934,1,0.939032124643467,0.264823927701083
209.199592304544,0.828887755865914,0,0.150471914151509,0.118787752245608
209.299592109661,0.736232740281405,0,-0.490953367101651,0
209.399591914778,0.787486647721369,0,0.527016989974688,0.188521428923896
209.499591719894,0.82547341615016,0,-0.490953367101651,0
209.599591525011,0.606303354470205,0,-0.490953367101651,0
209.699591330128,0.318556136412373,0,-0.490953367101651,0
209.799591135245,0.587711161215538,0,0.286657552399604,0.144008438627067
209.899590940362,0.609294878179835,0,0.0564367908696281,0.101373064591
209.999590745479,0.755827968195971,1,0.898854449591805,0.257383285978142
210.099590550596,0.895824596941745,0,-0.490953367101651,0
210.199590355713,0.436966241086782,0,-0.490953367101651,0
210.29959016083,0.331385181594193,0,-0.490953367101651,0
210.399589965946,0.49423723495543,0,-0.490953367101651,0
210.499589771063,0.672558397224479,1,0.792341332890903,0.237657755838676
210.59958957618,0.450895811261995,0,-0.490953367101651,0
210.699589381297,0.482781104647538,0,-0.490953367101651,0
210.799589186414,0.502094442968135,0,0.0344839295694009,0.0973075387605884
210.899588991531,0.720013666833076,0,0.104519861339761,0.110277733660256
210.999588796648,0.394733149200052,0,-0.490953367101651,0
211.099588601765,0.258410812560998,0,-0.490953367101651,0
211.199588406882,1.0093664615787,1,2.98908497497936,0.644480260548353
211.299588211999,1.21852145406449,0,2.0401464005731,0.468743064701247
211.399588017115,1.1427860735859,0,-0.490953367101651,0
211.499587822232,0.925631465016797,0,-0.490953367101651,0
211.599587627349,0.850653528773272,0,-0.490953367101651,0
211.699587432466,0.836226735309065,0,-0.490953367101651,0
211.799587237583,0.573300515133714,0,-0.490953367101651,0
211.8995870427,0.569874369115413,0,-0.490953367101651,0
211.999586847817,0.511008645707801,0,-0.490953367101651,0
212.099586652934,0.249376661806872,0,-0.490953367101651,0
212.199586458051,0.561975723441623,0,0.674252606613639,0.215788498779433
212.299586263167,0.505423514121548,0,-0.490953367101651,0
212.399586068284,0.397121599535651,0,-0.490953367101651,0
212.499585873401,0.365412274454003,0,-0.490953367101651,0
212.599585678518,1.06178888684594,1,3.76749413312309,0.788636527732957
212.699585483635,1.04320549392087,0,-0.490953367101651,0
212.799585288752,0.707494890212854,0,-0.490953367101651,0
212.899585093869,0.759349487629313,0,-0.490953367101651,0
212.999584898986,0.794461347846685,0,0.455255516394739,0.175231675006276
213.099584704103,0.617989838306256,0,-0.490953367101651,0
213.19958450922,0.919153339095433,1,1.43347790623483,0.35639204127436
213.299584314336,1.09732552037594,0,1.21328842968769,0.315614395379158
213.399584119453,1.10823389631891,0,0.477454788101379,0.179342834426699
213.49958392457,1.21167228883539,0,0.564520367167773,0.195466808235547
213.599583729687,1.02169267966228,0,-0.490953367101651,0
213.699583534804,0.623105099918734,0,-0.490953367101651,0
213.799583339921,0.982470974055816,0,1.06057762710465,0.28733335702186
213.899583145038,1.14496669862157,1,1.1881112915483,0.310951754639908
213.999582950155,1.27463236370505,0,1.1634632054225,0.30638709086127
214.099582755272,1.74058113420752,1,2.6272117541674,0.577463715122908
214.199582560388,1.36144375576098,0,-0.490953367101651,0
214.299582365505,1.03405324783731,0,-0.490953367101651,0
214.399582170622,1.03337491589648,0,-0.490953367101651,0
214.499581975739,1.26020621605336,1,1.40197305644051,0.350557549867051
214.599581780856,0.973662970593162,0,-0.490953367101651,0
214.699581585973,0.785508379517759,0,-0.490953367101651,0
214.79958139109,0.92067047118037,0,0.55727739085807,0.194125456560545
214.899581196207,0.958511204090461,0,0.525509325555478,0.188242219368656
214.999581001324,0.840022460379276,0,-0.490953367101651,0
215.099580806441,0.791835889310291,0,-0.0150176956383291,0.0881401626642758
215.199580611557,0.957565549653925,0,1.02651715098285,0.281025580391947
215.299580416674,1.62561076006405,1,3.92476895050581,0.817762791676329
215.399580221791,1.3765756576764,0,-0.490953367101651,0
215.499580026908,1.56755406046735,1,2.4479068299853,0.544257619989662
215.599579832025,1.51243176492959,0,-0.490953367101651,0
215.699579637142,1.11450134332688,0,-0.490953367101651,0
215.799579442259,1.12109960299184,0,-0.490953367101651,0
215.899579247376,0.910441067094394,0,-0.490953367101651,0
215.999579052493,0.816590378337956,0,-0.490953367101651,0
216.099578857609,1.16542110235871,1,2.1931502710221,0.497078377303841
216.199578662726,1.03348214149943,0,-0.490953367101651,0
216.299578467843,0.649311479139022,0,-0.490953367101651,0
216.39957827296,0.87621228745345,0,0.328382730218081,0.151735667705755
216.499578078077,0.701548400178049,0,-0.490953367101651,0
216.599577883194,0.585095233623391,0,-0.490953367101651,0
216.699577688311,1.11948702179248,0,2.68731621770722,0.588594667289112
216.799577493428,1.67958466849273,1,4.45204649081581,0.915411131480848
216.899577298545,1.49748823035367,0,-0.490953367101651,0
216.999577103662,1.33586754946287,0,-0.490953367101651,0
217.099576908778,1.14785544305892,0,-0.490953367101651,0
217.199576713895,0.85671817927091,0,-0.490953367101651,0
217.299576519012,0.907452848863432,0,-0.490953367101651,0
217.399576324129,1.14061421501484,0,-0.490953367101651,0
217.499576129246,0.789867031850469,0,-0.490953367101651,0
217.599575934363,0.49728756606551,0,-0.490953367101651,0
217.69957573948,0.384659835745256,0,-0.490953367101651,0
217.799575544597,0.743686521447622,1,1.52095225604594,0.37259171674226
217.899575349714,0.666016763621277,0,-0.490953367101651,0
217.99957515483,1.00347985284687,1,1.62219394435602,0.391341012941514
218.099574959947,0.698370311087091,0,-0.490953367101651,0
218.199574765064,0.741169542406437,0,-0.490953367101651,0
218.299574570181,1.03521655156467,1,3.28693333904943,0.699639822717139
218.399574375298,1.28082321350317,0,-0.490953367101651,0
218.499574180415,0.834078736139871,0,-0.490953367101651,0
218.599573985532,0.812757673069602,0,-0.490953367101651,0
218.699573790649,0.769274672764508,0,-0.490953367101651,0
218.799573595766,0.572603419365641,0,-0.490953367101651,0
218.899573400883,0.633069939353757,0,-0.490953367101651,0
218.999573205999,0.541955773220471,0,-0.490953367101651,0
219.099573011116,0.601669347375642,0,-0.490953367101651,0
219.199572816233,0.383866527569601,0,-0.490953367101651,0
219.29957262135,0.133405460701439,0,-0.490953367101651,0
219.399572426467,0.0602820742876358,0,-0.490953367101651,0
219.499572231584,0.316087730864906,0,-0.490953367101651,0
219.599572036701,0.371280993745826,0,-0.490953367101651,0
219.699571841818,0.423672590392739,0,-0.490953367101651,0
219.799571646935,0.166450268307144,0,-0.490953367101651,0
219.899571452051,0.236009195407408,0,-0.490953367101651,0
219.999571257168,0.0233035902762561,0,-0.490953367101651,0
220.099571062285,-0.0353329184661881,0,-0.490953367101651,0
220.199570867402,0.204601097739512,0,-0.490953367101651,0
220.299570672519,0.183192599493028,0,-0.490953367101651,0
220.399570477636,0.177663899274076,0,-0.490953367101651,0
220.499570282753,-0.0762131047123616,0,-0.490953367101651,0
220.59957008787,0.0314159750436128,0,-0.490953367101651,0
220.699569892987,0.166281250596929,0,-0.490953367101651,0
220.799569698104,0.106127460365607,0,-0.490953367101651,0
220.89956950322,-0.0873728353830313,0,-0.490953367101651,0
220.999569308337,0.244130498418878,0,-0.490953367101651,0
221.099569113454,0.555591121599829,1,1.67696140169458,0.401483586587418
221.199568918571,0.441474550109858,0,-0.490953367101651,0
221.299568723688,0.63633830371157,1,1.14592029130718,0.303138258305862
221.399568528805,0.847370457350438,0,-0.490953367101651,0
221.499568333922,0.388773370470082,0,-0.490953367101651,0
221.599568139039,0.27309250323889,0,-0.490953367101651,0
221.699567944156,0.501224978039208,0,-0.490953367101651,0
221.799567749272,0.437277416202456,0,-0.490953367101651,0
221.899567554389,0.298897184344431,0,-0.490953367101651,0
221.999567359506,0.271641753458939,0,-0.490953367101651,0
222.099567164623,0.417018280853611,0,0.384222594641588,0.162076844105302
222.19956696974,0.715290482725848,0,0.45411154207327,0.175019818470144
222.299566774857,0.339883437835322,0,-0.490953367101651,0
222.399566579974,0.172488679289774,0,-0.490953367101651,0
222.499566385091,0.394199880727621,0,-0.490953367101651,0
222.599566190208,0.240683843079932,0,-0.490953367101651,0
222.699565995325,0.401851728102007,0,-0.490953367101651,0
222.799565800441,0.231813809878656,0,-0.490953367101651,0
222.899565605558,0.282400259263096,0,-0.490953367101651,0
222.999565410675,0.581923978451952,0,-0.490953367101651,0
223.099565215792,0.238581951045691,0,-0.490953367101651,0
223.199565020909,0.0900338851848956,0,-0.490953367101651,0
223.299564826026,0.212411602534446,0,-0.490953367101651,0
223.399564631143,0.058360462111118,0,-0.490953367101651,0
223.49956443626,0.0337260670006706,0,-0.490953367101651,0
223.599564241377,0.215435571699316,0,-0.490953367101651,0
223.699564046493,0.197166903178898,0,-0.490953367101651,0
223.79956385161,0.225092781463144,0,-0.490953367101651,0
223.899563656727,0.138785386511731,0,-0.490953367101651,0
223.999563461844,0.388143868897366,0,-0.490953367101651,0
224.099563266961,0.161708959025186,0,-0.490953367101651,0
224.199563072078,0.00250054332059566,0,-0.490953367101651,0
224.299562877195,0.223645860332979,0,-0.490953367101651,0
224.399562682312,0.342535444145966,0,0.726218268196602,0.225412198240321
224.499562487429,0.434708781604947,0,-0.490953367101651,0
224.599562292546,0.174945701161553,0,-0.490953367101651,0
224.699562097662,0.371990335896602,0,0.116237711615644,0.112447802624023
224.799561902779,0.379891823488293,0,-0.220062696991807,0.0501671741777742
224.899561707896,0.709979061910806,1,1.38707564641574,0.347798647306075
224.999561513013,0.637595836615872,0,-0.490953367101651,0
225.09956131813,0.409005080437305,0,-0.490953367101651,0
225.199561123247,0.555484991252681,0,0.122542492538343,0.113615406670975
225.299560928364,0.924935263677578,1,1.41094358988751,0.352218833785469
225.399560733481,0.600261557291465,0,-0.490953367101651,0
225.499560538598,0.760887486741317,0,0.325189813791643,0.151144360539527
225.599560343714,0.741961902852099,0,0.174026315339006,0.123149872751816
225.699560148831,0.69120267312968,0,-0.490953367101651,0
225.799559953948,0.670747546117904,0,-0.490953367101651,0
225.899559759065,0.430055534894891,0,-0.490953367101651,0
225.999559564182,0.37308085074695,0,-0.490953367101651,0
226.099559369299,0.572615364623652,0,0.564569411640031,0.195475890949918
226.199559174416,0.594108424678802,0,0.0417683315623862,0.098656562200247
226.299558979533,0.663843973860439,0,0.322453816664697,0.150637671828684
226.39955878465,0.79657086449399,0,0.728091974674068,0.22575919638232
226.499558589767,0.899188561520445,0,0.690175124421134,0.218737244573717
226.599558394883,1.15651227484547,1,1.44050815987588,0.357693998107283
226.6995582,0.907415167150418,0,-0.490953367101651,0
226.799558005117,0.80937197022645,0,-0.490953367101651,0
226.899557810234,1.06480023979211,1,1.35062344195513,0.341047938285356
226.999557615351,0.831682839008568,0,-0.490953367101651,0
227.099557420468,1.15625822585885,1,2.49291424692843,0.55259269821204
227.199557225585,1.16901943559735,0,-0.490953367101651,0
227.299557030702,1.02748885814415,0,-0.490953367101651,0
227.399556835819,0.630524502375481,0,-0.490953367101651,0
227.499556640935,0.832202705399704,0,-0.490953367101651,0
227.599556446052,0.651424825540452,0,-0.490953367101651,0
227.699556251169,0.480752558156717,0,-0.490953367101651,0
227.799556056286,0.602035940763508,0,0.408547299782931,0.166581619848054
227.899555861403,0.65100461870292,1,0.794073654201557,0.23797857037573
227.99955566652,0.700276075718229,0,-0.490953367101651,0
228.099555471637,0.452106071931682,0,-0.490953367101651,0
228.199555276754,0.505507129628952,0,-0.490953367101651,0
228.299555081871,0.671584024557346,0,-0.490953367101651,0
228.399554886988,0.415514015285721,0,-0.490953367101651,0
228.499554692104,0.334588049910077,0,-0.490953367101651,0
228.599554497221,0.195873472014341,0,-0.490953367101651,0
228.699554302338,0.328900825853175,0,-0.490953367101651,0
228.799554107455,0.445245645087778,0,0.486945319760777,0.181100418601169
228.899553912572,0.408402548491997,0,-0.490953367101651,0
228.999553717689,0.251808478329247,0,-0.490953367101651,0
229.099553522806,0.424901085365158,0,0.212864196029556,0.130342393352501
229.199553327923,0.707285293761092,1,1.31177510004811,0.33385348033604
229.29955313304,0.905170188443565,0,0.592279993520108,0.200607708842286
229.399552938156,0.641229312937909,0,-0.490953367101651,0
229.499552743273,0.592530404050597,0,-0.490953367101651,0
229.59955254839,0.638672124160733,0,-0.490953367101651,0
229.699552353507,0.250824539848835,0,-0.490953367101651,0
229.799552158624,0.285214618956029,0,-0.490953367101651,0
229.899551963741,0.589552320706206,0,0.649760298697189,0.211252684102752
229.999551768858,0.517632263020639,0,-0.490953367101651,0
230.099551573975,0.326939181530738,0,-0.490953367101651,0
230.199551379092,0.462326247156535,0,0.00994498504366464,0.0927630872899557
230.299551184209,0.521055829861171,0,0.139246029693314,0.116708792122377
230.399550989325,0.627654285282792,0,0.452888990237814,0.174793409894146
230.499550794442,0.89755273723838,0,0.348694195797397,0.155497217821565
230.599550599559,0.362390289651983,0,-0.490953367101651,0
230.699550404676,0.469320171913698,0,-0.490953367101651,0
230.799550209793,0.570298066515324,0,-0.490953367101651,0
230.89955001491,0.589662902767601,0,-0.490953367101651,0
230.999549820027,0.128830717310358,0,-0.490953367101651,0
231.099549625144,0.149046309469184,0,-0.490953367101651,0
231.199549430261,0.396278780940098,0,0.14810873201871,0.118350106424799
231.299549235377,0.548034717769753,0,0.34986287985543,0.155713650438732
231.399549040494,0.415111170111308,0,-0.490953367101651,0
231.499548845611,0.353656209303811,0,-0.490953367101651,0
231.599548650728,0.687177042465397,0,0.653865493455105,0.212012939228447
231.699548455845,0.427040159755595,0,-0.490953367101651,0
231.799548260962,0.501318234272965,0,-0.490953367101651,0
231.899548066079,0.180155361413666,0,-0.490953367101651,0
231.999547871196,0.2377886525657,0,-0.490953367101651,0
232.099547676313,0.383041103190561,0,-0.000327491938196999,0.0908606919738776
232.19954748143,0.469424315919819,0,0.0465990215996429,0.0995511742900604
232.299547286546,0.620447072345786,0,-0.490953367101651,0
232.399547091663,0.199338628865339,0,-0.490953367101651,0
232.49954689678,0.173116561918821,0,-0.490953367101651,0
232.599546701897,0.151881576630942,0,-0.490953367101651,0
232.699546507014,0.329868074038686,0,-0.0489459705066751,0.0818568688388313
232.799546312131,0.479088418091033,0,0.0140207283032061,0.09351788819145
232.899546117248,0.308589514344282,0,-0.490953367101651,0
232.999545922365,0.215199925149879,0,-0.490953367101651,0
233.099545727482,0.341791574779525,0,-0.131626044308483,0.0665450618217621
233.199545532598,0.399903798387353,0,0.0226985963638046,0.0951249724011471
233.299545337715,0.686171450141511,0,0.570636677301103,0.196599508729291
233.399545142832,0.392406506429881,0,-0.490953367101651,0
233.499544947949,0.235302766032962,0,-0.490953367101651,0
233.599544753066,0.269584137000011,0,-0.490953367101651,0
233.699544558183,0.590248653746523,0,-0.490953367101651,0
233.7995443633,0.465772588614998,0,-0.490953367101651,0
233.899544168417,0.0761716402283144,0,-0.490953367101651,0
233.999543973534,0.291901033697649,0,-0.490953367101651,0
234.099543778651,0.306191201378177,0,-0.490953367101651,0
234.199543583767,-0.0186906142084991,0,-0.490953367101651,0
234.299543388884,-0.0164557768397311,0,-0.490953367101651,0
234.399543194001,0.150361954192528,0,-0.490953367101651,0
234.499542999118,0.356213989546063,0,-0.490953367101651,0
234.599542804235,0.416765979309976,0,-0.490953367101651,0
234.699542609352,-0.222917346303959,0,-0.490953367101651,0
234.799542414469,0.19967088104376,0,-0.490953367101651,0
234.899542219586,0.228885637181924,0,-0.490953367101651,0
234.999542024703,0.591181535040226,1,1.91653572173156,0.445851178269123
235.099541829819,0.694608234642303,0,0.825618607766503,0.243820488738148
235.199541634936,0.824431166387671,0,-0.490953367101651,0
235.299541440053,0.431830819129766,0,-0.490953367101651,0
235.39954124517,0.457000836318271,0,-0.490953367101651,0
235.499541050287,0.410958812986178,0,-0.490953367101651,0
235.599540855404,0.408943117844886,0,-0.490953367101651,0
235.699540660521,0.960633302872327,1,3.01821533308754,0.649875011679802
235.799540465638,0.742258098466828,0,-0.490953367101651,0
235.899540270755,0.540365842926413,0,-0.490953367101651,0
235.999540075872,0.614549399860347,0,-0.490953367101651,0
236.099539880988,0.616410249450181,0,-0.490953367101651,0
236.199539686105,0.646803309634322,0,-0.490953367101651,0
236.299539491222,0.429996098943877,0,-0.490953367101651,0
236.399539296339,0.527655340988183,0,-0.490953367101651,0
236.499539101456,0.43015560822495,0,-0.490953367101651,0
236.599538906573,0.274565763935431,0,-0.490953367101651,0
236.69953871169,0.18426679966238,0,-0.490953367101651,0
236.799538516807,0.274745353284779,0,-0.490953367101651,0
236.899538321924,0.420003284273936,0,-0.490953367101651,0
236.99953812704,0.158879407518794,0,-0.490953367101651,0
237.099537932157,0.120896116530566,0,-0.490953367101651,0
237.199537737274,0.10729845379229,0,-0.490953367101651,0
237.299537542391,0.0445052879825119,0,-0.490953367101651,0
237.399537347508,0.21021492005059,0,-0.490953367101651,0
237.499537152625,0.0518544708032564,0,-0.490953367101651,0
237.599536957742,0.145230342849052,0,-0.490953367101651,0
237.699536762859,0.260816943014128,0,-0.490953367101651,0
237.799536567976,0.486968254542862,0,-0.490953367101651,0
237.899536373093,0.198885765589616,0,-0.490953367101651,0
237.999536178209,-0.0481575391433845,0,-0.490953367101651,0
238.099535983326,0.0699012761489161,0,-0.490953367101651,0
238.199535788443,0.752166661195563,1,2.83537767226783,0.616014676907548
238.29953559356,1.1826235605118,0,2.41872068075406,0.538852536708395
238.399535398677,1.53667721421163,0,2.41047407873236,0.537325320138588
238.499535203794,1.39878546230224,0,0.414008361538079,0.167592972642726
238.599535008911,1.29279626366456,0,-0.490953367101651,0
238.699534814028,1.04697799310668,0,-0.490953367101651,0
238.799534619145,1.012871677371,0,0.232357826122595,0.13395248570392
238.899534424261,1.3133377097668,1,2.44947172076969,0.544547427492143
238.999534229378,1.38940046167199,0,-0.490953367101651,0
239.099534034495,0.938555181132474,0,-0.490953367101651,0
239.199533839612,0.625884568792871,0,-0.490953367101651,0
239.299533644729,0.730028032320582,0,-0.490953367101651,0
239.399533449846,0.616836486892578,0,-0.490953367101651,0
239.499533254963,0.496296810695525,0,-0.490953367101651,0
239.59953306008,0.626997267148517,0,-0.490953367101651,0
239.699532865197,0.629194629359637,0,-0.490953367101651,0
239.799532670314,0.370651469698867,0,-0.490953367101651,0
239.89953247543,0.528578284676302,0,0.648371152373207,0.210995423320882
239.999532280547,0.633641962177318,0,0.451667127508238,0.174567128936034
240.099532085664,0.806455906552376,1,1.22339428879711,0.317485934158817
240.199531890781,0.5897220143283,0,-0.490953367101651,0
240.299531695898,0.858289105043343,0,-0.490953367101651,0
240.399531501015,0.533359359929996,0,-0.490953367101651,0
240.499531306132,0.538713761404022,0,-0.490953367101651,0
240.599531111249,0.456862118553299,0,-0.490953367101651,0
240.699530916366,0.550546908210333,0,-0.490953367101651,0
240.799530721482,0.104150049198926,0,-0.490953367101651,0
240.899530526599,0.17310926215261,0,-0.490953367101651,0
240.999530331716,0.477346916498301,0,0.60776469840103,0.20347537455605
241.099530136833,0.388626308976556,0,-0.490953367101651,0
241.19952994195,0.358671988492324,0,-0.490953367101651,0
241.299529747067,0.659355851755251,0,0.743616087308362,0.228634160153366
241.399529552184,0.406242287596464,0,-0.490953367101651,0
241.499529357301,0.330196677590483,0,-0.490953367101651,0
241.599529162418,0.744324611260875,0,1.56099271791997,0.380006947485271
241.699528967535,1.07466996334461,0,1.87077666012917,0.437376900389092
241.799528772651,1.43703970415245,1,2.3539820527735,0.526863367703003
241.899528577768,1.38030594115276,0,0.43128471511562,0.170792439936044
241.999528382885,1.31655758813223,0,0.72392927127257,0.224988291033278
242.099528188002,1.34348533664645,0,-0.490953367101651,0
242.199527993119,0.971845516809475,0,-0.490953367101651,0
242.299527798236,0.727336980743959,0,-0.490953367101651,0
242.399527603353,0.904413200363057,0,0.531535401100854,0.189358209008944
242.49952740847,1.10575175196204,1,1.32453637818132,0.336216785290693
242.599527213587,1.18620253892501,0,0.547504428362191,0.192315568048826
242.699527018703,1.05951365229967,0,-0.490953367101651,0
242.79952682382,0.666216782251007,0,-0.490953367101651,0
242.899526628937,0.566700415292878,0,-0.490953367101651,0
242.999526434054,0.598775809033384,0,-0.490953367101651,0
243.099526239171,0.570675094781353,0,-0.490953367101651,0
243.199526044288,1.06235128857779,1,3.14950345841191,0.674188710811448
243.299525849405,1.14696373589236,0,-0.490953367101651,0
243.399525654522,0.789228583014112,0,-0.490953367101651,0
243.499525459639,0.655045970048658,0,-0.490953367101651,0
243.599525264756,0.533553652993423,0,-0.490953367101651,0
243.699525069872,0.590617873254377,0,-0.490953367101651,0
243.799524874989,0.18997941156982,0,-0.490953367101651,0
243.899524680106,0.765333383006992,1,1.72841272774935,0.411012034484205
243.999524485223,0.638327527783464,0,-0.490953367101651,0
244.09952429034,0.822186065511337,0,-0.490953367101651,0
244.199524095457,0.677449721930666,0,-0.490953367101651,0
244.299523900574,0.274073899879996,0,-0.490953367101651,0
244.399523705691,0.110969403400969,0,-0.490953367101651,0
244.499523510808,0.605531787470647,0,0.930487045019519,0.263241435038328
244.599523315924,1.16937374515254,1,2.0438579341445,0.469430416358901
244.699523121041,0.906535370636228,0,-0.490953367101651,0
244.799522926158,0.700151832701452,0,-0.490953367101651,0
244.899522731275,0.712979243664341,0,-0.490953367101651,0
244.999522536392,0.2876130176623,0,-0.490953367101651,0
245.099522341509,0.343825529117977,0,-0.490953367101651,0
245.199522146626,0.391976952659091,0,-0.490953367101651,0
245.299521951743,0.519314517710858,0,-0.490953367101651,0
245.39952175686,0.13391465228101,0,-0.490953367101651,0
245.499521561977,0.14956515037285,0,-0.490953367101651,0
245.599521367093,0.1412945701271,0,-0.490953367101651,0
245.69952117221,0.185111571957455,0,-0.490953367101651,0
245.799520977327,0.116056351131425,0,-0.490953367101651,0
245.899520782444,0.0639643287247787,0,-0.490953367101651,0
245.999520587561,-0.076636633721697,0,-0.490953367101651,0
246.099520392678,0.0402036179050882,0,-0.490953367101651,0
246.199520197795,0.155517276422752,0,-0.490953367101651,0
246.299520002912,-0.239784758078979,0,-0.490953367101651,0
246.399519808029,0.0164022750285884,0,-0.490953367101651,0
246.499519613145,0.865804753322369,1,3.36409582450545,0.713929808585949
246.599519418262,1.32854078992376,0,2.76927635196549,0.603773146227871
246.699519223379,1.1460274846819,0,-0.490953367101651,0
246.799519028496,1.08769845712361,0,0.218492761437292,0.131384766724261
246.899518833613,1.21473670208437,0,0.656982421023277,0.212590173756859
246.99951863873,1.05269054656968,0,-0.490953367101651,0
247.099518443847,0.581592570524125,0,-0.490953367101651,0
247.199518248964,1.03496995759963,1,2.27430929540698,0.512108495951942
247.299518054081,1.12732429169207,0,-0.490953367101651,0
247.399517859198,0.788304083584211,0,-0.490953367101651,0
247.499517664314,0.562351487832169,0,-0.490953367101651,0
247.599517469431,0.838807160307439,0,-0.490953367101651,0
247.699517274548,0.597735336440228,0,-0.490953367101651,0
247.799517079665,0.582638824649971,0,-0.490953367101651,0
247.899516884782,0.67674453481216,0,-0.490953367101651,0
247.999516689899,0.36015422062395,0,-0.490953367101651,0
248.099516495016,0.273203925667131,0,-0.490953367101651,0
248.199516300133,0.428174663479938,0,-0.490953367101651,0
248.29951610525,0.648375608764484,1,1.60193103375851,0.387588454889656
248.399515910366,0.617646009647912,0,-0.169062615485351,0.0596120545458488
248.499515715483,0.635958539509184,0,0.0668898841704256,0.103308908863912
248.5995155206,1.4010078387535,1,4.1162890651912,0.853231059919282
248.699515325717,1.71144839021857,0,2.70814982772791,0.592452915128494
248.799515130834,1.437220355244,0,-0.490953367101651,0
248.899514935951,1.38700878202318,0,-0.490953367101651,0
248.999514741068,1.05945488277147,0,-0.490953367101651,0
249.099514546185,0.905316769219193,0,-0.490953367101651,0
249.199514351302,1.10964021578486,1,1.30674746829229,0.332922395932529
249.299514156419,0.915833156788119,0,-0.490953367101651,0
249.399513961535,0.776714273185797,0,-0.490953367101651,0
249.499513766652,0.941980312390231,0,0.961908061302697,0.269060401029596
249.599513571769,1.26801962825477,1,1.58778095192354,0.384967952604522
249.699513376886,0.941579960733263,0,-0.490953367101651,0
249.799513182003,0.977911830353126,0,-0.490953367101651,0
249.89951298712,0.618379776039438,0,-0.490953367101651,0
249.999512792237,0.490920340107641,0,-0.490953367101651,0
250.099512597354,1.3028119449369,1,3.14018012574038,0.672462090792161
250.199512402471,1.17317372291553,0,-0.490953367101651,0
250.299512207587,0.69709148925946,0,-0.490953367101651,0
250.399512012704,0.555526326281992,0,-0.490953367101651,0
250.499511817821,0.784555141218899,0,-0.490953367101651,0
250.599511622938,0.274774513427997,0,-0.490953367101651,0
250.699511428055,0.355587653047766,0,-0.490953367101651,0
250.799511233172,0.564267818998496,0,-0.490953367101651,0
250.899511038289,0.364111613249614,0,-0.490953367101651,0
250.999510843406,0.456860096506577,0,-0.490953367101651,0
251.099510648523,0.5228796882579,0,0.774039508786239,0.234268378134168
251.19951045364,1.14720417302573,1,3.25019806546331,0.692836691152232
251.299510258756,1.45098350743862,0,2.00433906351379,0.462111780890813
251.399510063873,1.16063900848521,0,-0.490953367101651,0
251.49950986899,1.04482944197966,0,-0.490953367101651,0
251.599509674107,1.20771658566155,1,1.68587901250388,0.40313506958068
251.699509479224,1.09002145915771,0,-0.490953367101651,0
251.799509284341,1.06189432690112,0,-0.490953367101651,0
251.899509089458,0.582382715560571,0,-0.490953367101651,0
251.999508894575,0.645704129072263,0,-0.490953367101651,0
252.099508699692,0.691312686121188,0,-0.490953367101651,0
252.199508504808,0.479614341272635,0,-0.490953367101651,0
252.299508309925,0.662185070722864,0,-0.490953367101651,0
252.399508115042,0.308202524547828,0,-0.490953367101651,0
252.499507920159,0.224047455621045,0,-0.490953367101651,0
252.599507725276,0.231980361652847,0,-0.490953367101651,0
252.699507530393,0.13523645781302,0,-0.490953367101651,0
252.79950733551,0.405895675250493,0,0.384003782843754,0.162036321596463
252.899507140627,0.538609141855575,0,0.507601767978642,0.184925857237426
252.999506945744,0.597900179710847,0,-0.490953367101651,0
253.099506750861,0.413935523524576,0,-0.490953367101651,0
253.199506555977,0.148751117616252,0,-0.490953367101651,0
253.299506361094,0.358861404410236,0,-0.490953367101651,0
253.399506166211,0.53575891832829,0,0.846289124911222,0.247648532847321
253.499505971328,0.756787555412624,0,1.08459451611738,0.291781127237871
253.599505776445,1.22083521828146,1,2.54167936717715,0.561623678423819
253.699505581562,1.06509722035268,0,-0.490953367101651,0
253.799505386679,0.795860913826854,0,-0.490953367101651,0
253.899505191796,1.08222350855362,1,1.48258317028314,0.365486013885372
253.999504996913,0.959427077889697,0,-0.490953367101651,0
254.099504802029,1.23141802436847,1,1.27436221419801,0.326924859427192
254.199504607146,1.12194743596512,0,-0.490953367101651,0
254.299504412263,0.673525568014616,0,-0.490953367101651,0
254.39950421738,0.491972902442305,0,-0.490953367101651,0
254.499504022497,0.475771834226042,0,-0.490953367101651,0
254.599503827614,0.836656740891308,0,1.27030043272696,0.326172644157291
254.699503632731,1.35084679786064,1,2.95021805064484,0.637282361255426
254.799503437848,1.50091932264413,0,2.17668582632966,0.494029270207272
254.899503242965,1.51282649411807,0,-0.490953367101651,0
254.999503048082,1.27079498003674,0,-0.490953367101651,0
255.099502853198,0.892570861789989,0,-0.490953367101651,0
255.199502658315,0.785016248361668,0,-0.490953367101651,0
255.299502463432,0.665467760186398,0,-0.490953367101651,0
255.399502268549,0.629825305194452,0,-0.490953367101651,0
255.499502073666,0.564729649068303,0,-0.490953367101651,0
255.599501878783,0.676552414094978,0,0.705707001753489,0.221613646315882
255.6995016839,1.37836094974607,1,3.81293251077543,0.797051417050171
255.799501489017,1.81129331504473,0,3.22593187294221,0.688342751562715
255.899501294134,1.22050260522376,0,-0.490953367101651,0
255.99950109925,1.37324901034938,0,-0.490953367101651,0
256.099500904367,1.35545571434591,0,-0.490953367101651,0
256.199500709484,0.735422768829023,0,-0.490953367101651,0
256.299500514601,1.05752292338636,0,-0.490953367101651,0
256.399500319718,0.973490180091451,0,-0.490953367101651,0
256.499500124835,0.627080054806616,0,-0.490953367101651,0
256.599499929952,0.423163836618304,0,-0.490953367101651,0
256.699499735069,0.474692830957762,0,-0.490953367101651,0
256.799499540186,0.503009104703755,0,-0.490953367101651,0
256.899499345303,0.417228216875582,0,-0.490953367101651,0
256.999499150419,0.0375534708684551,0,-0.490953367101651,0
257.099498955536,0.239307730684461,0,-0.490953367101651,0
257.199498760653,0.401571737783315,0,-0.490953367101651,0
257.29949856577,0.437638727209997,1,1.37132231028769,0.34488123284844
257.399498370887,0.453846630389433,0,-0.490953367101651,0
257.499498176004,0.443501156057209,0,-0.490953367101651,0
257.599497981121,0.611695898261384,0,-0.490953367101651,0
257.699497786238,0.509601936427797,0,-0.490953367101651,0
257.799497591355,0.40562665467501,0,-0.490953367101651,0
257.899497396471,-0.0441009271613857,0,-0.490953367101651,0
257.999497201588,0.330297743524457,0,-0.490953367101651,0
258.099497006705,0.361427726326704,0,-0.490953367101651,0
258.199496811822,0.142030077250242,0,-0.490953367101651,0
258.299496616939,0.169080900636536,0,-0.490953367101651,0
258.399496422056,-0.0314924328533225,0,-0.490953367101651,0
258.499496227173,0.395882561035215,0,-0.490953367101651,0
258.59949603229,0.0647753760386833,0,-0.490953367101651,0
258.699495837407,0.0443099012568447,0,-0.490953367101651,0
258.799495642524,0.295361342506855,0,-0.490953367101651,0
258.89949544764,0.0319648568321336,0,-0.490953367101651,0
258.999495252757,-0.222889602213899,0,-0.490953367101651,0
259.099495057874,0.194564332496323,0,-0.490953367101651,0
259.199494862991,0.12370363698481,0,-0.490953367101651,0
259.299494668108,0.476941631762908,0,0.628174103231232,0.207255062378323
259.399494473225,0.149632050398257,0,-0.490953367101651,0
259.499494278342,0.364328785603749,0,0.527992766429852,0.188702136319116
259.599494083459,0.502971929164316,0,-0.490953367101651,0
259.699493888576,0.537251162350452,0,-0.490953367101651,0
259.799493693692,0.5310380908042,0,-0.490953367101651,0
259.899493498809,0.391465825212101,0,-0.490953367101651,0
259.999493303926,0.0186198142312485,0,-0.490953367101651,0
260.099493109043,-0.0174255159375913,0,-0.490953367101651,0
260.19949291416,0.0896628799693158,0,-0.490953367101651,0
260.299492719277,0.318822374832382,0,-0.490953367101651,0
260.399492524394,0.0610897855791981,0,-0.490953367101651,0
260.499492329511,-0.0566556110759665,0,-0.490953367101651,0
260.599492134628,0.167620400423351,0,-0.490953367101651,0
260.699491939745,-0.0398055017967066,0,-0.490953367101651,0
260.799491744861,0.0501556867189281,0,-0.490953367101651,0
260.899491549978,0.46184695773739,1,0.802340466760857,0.239509529804452
260.999491355095,0.261097959899016,0,-0.490953367101651,0
261.099491160212,0.387550124959296,0,-0.0628562913384217,0.0792807687178785
261.199490965329,0.746497244386274,1,0.917729983153233,0.260878910908637
261.299490770446,0.595055515189517,0,-0.490953367101651,0
261.399490575563,0.238431713999292,0,-0.490953367101651,0
261.49949038068,0.316190043806061,0,-0.490953367101651,0
261.599490185797,0.51091216225847,0,-0.490953367101651,0
261.699489990913,0.299610758478881,0,-0.490953367101651,0
261.79948979603,0.251008301766459,0,-0.490953367101651,0
261.899489601147,-0.0293654587360401,0,-0.490953367101651,0
261.999489406264,0.599182087606563,1,1.2365508892748,0.319922450217064
262.099489211381,0.415310553218145,0,-0.490953367101651,0
262.199489016498,0.388739247990872,0,-0.490953367101651,0
262.299488821615,0.445423071609858,0,-0.490953367101651,0
262.399488626732,0.283105868236785,0,-0.490953367101651,0
262.499488431849,0.52970359129217,0,0.794618780922381,0.238079524266617
262.599488236965,1.06118672271696,1,2.88591589621148,0.625374024286284
262.699488042082,0.921142222967917,0,-0.490953367101651,0
262.799487847199,0.814306255279711,0,-0.490953367101651,0
262.899487652316,0.980048243915108,1,1.07238129975376,0.289519319725872
262.999487457433,0.786252138917427,0,-0.490953367101651,0
263.09948726255,0.890964282402464,1,0.758356029231738,0.231363900655467
263.199487067667,0.894835820449271,0,-0.490953367101651,0
263.299486872784,0.593246285663037,0,-0.490953367101651,0
263.399486677901,1.0043469798882,1,1.7848514668734,0.42146411854772
263.499486483018,1.00015999711749,0,-0.490953367101651,0
263.599486288134,0.703445813675262,0,-0.490953367101651,0
263.699486093251,0.510757928150237,0,-0.490953367101651,0
263.799485898368,0.4728443761987,0,-0.490953367101651,0
263.899485703485,0.393257436158783,0,-0.490953367101651,0
263.999485508602,0.544681736134911,0,0.475796967217716,0.179035816879758
264.099485313719,0.601737246248291,0,-0.490953367101651,0
264.199485118836,0.448823396772463,0,-0.490953367101651,0
264.299484923953,0.304612847766684,0,-0.490953367101651,0
264.39948472907,0.457677522171894,0,0.138183543866689,0.116512026720659
264.499484534187,0.484068309883877,0,-0.180307179394076,0.0575296351109771
264.599484339303,0.369268249467977,0,-0.490953367101651,0
264.69948414442,0.471980159106289,0,0.582206566672232,0.198742176304604
264.799483949537,0.767563891298969,0,-0.490953367101651,0
264.899483754654,0.485368012720131,0,-0.490953367101651,0
264.999483559771,0.441826648687315,0,-0.490953367101651,0
265.099483364888,-0.000168092525125228,0,-0.490953367101651,0
265.199483170005,0.0460109583505956,0,-0.490953367101651,0
265.299482975122,0.379426492457633,0,0.135083581441594,0.115937934025399
265.399482780239,0.731764175499587,1,1.00117923082724,0.276333163878549
265.499482585355,0.38876880589662,0,-0.490953367101651,0
265.599482390472,0.452143459402089,0,-0.490953367101651,0
265.699482195589,0.756998515395026,1,1.13426204219679,0.300979227086767
265.799482000706,0.528517740229457,0,-0.490953367101651,0
265.899481805823,0.557064206858873,0,-0.490953367101651,0
265.99948161094,0.375426189476771,0,-0.490953367101651,0
266.099481416057,0.448671563151271,0,-0.490953367101651,0
266.199481221174,0.519163216852648,0,0.444866019029112,0.17330760828316
266.299481026291,0.458759388753127,0,-0.490953367101651,0
266.399480831408,0.786948060606056,0,1.61064648587963,0.389202499420688
266.499480636524,1.25167783907709,1,2.63645488799375,0.579175482842434
266.599480441641,1.35401394829677,0,1.116120080335,0.297619454820421
266.699480246758,1.75096295088617,1,2.0322151818723,0.467274255052528
266.799480051875,1.17099103639715,0,-0.490953367101651,0
266.899479856992,1.14666553783112,0,-0.490953367101651,0
266.999479662109,1.31989351853472,0,0.618830354928902,0.205524661518204
267.099479467226,0.853846877310914,0,-0.490953367101651,0
267.199479272343,0.777691652120445,0,-0.490953367101651,0
267.29947907746,1.00687398988726,1,1.08598750433926,0.292039099514015
267.399478882576,1.21658662799641,0,0.835403396662269,0.245632567421506
267.499478687693,0.869097909685563,0,-0.490953367101651,0
267.59947849281,0.58762228652035,0,-0.490953367101651,0
267.699478297927,0.875637697434954,0,-0.490953367101651,0
267.799478103044,0.843004807926606,0,-0.490953367101651,0
267.899477908161,0.284549399928957,0,-0.490953367101651,0
267.999477713278,0.200315699782853,0,-0.490953367101651,0
268.099477518395,0.375147124316704,0,-0.490953367101651,0
268.199477323512,0.550951170099087,0,0.650929435124813,0.211469200495798
268.299477128628,0.759004931529059,0,0.66736017986636,0.214512066582642
268.399476933745,0.513056854744258,0,-0.490953367101651,0
268.499476738862,0.729237240772643,0,0.675481748808017,0.216016127846649
268.599476543979,0.787809477241978,0,0.306871956186118,0.147752013535892
268.699476349096,0.642158476077816,0,-0.490953367101651,0
268.799476154213,1.13619923072404,1,2.57631581151702,0.568038120587487
268.89947595933,1.28497941954876,0,1.25844207021838,0.323976553250248
268.999475764447,1.31456069139679,0,0.2697480475815,0.140876909316272
269.099475569564,0.925416838522668,0,-0.490953367101651,0
269.199475374681,1.25287014292361,0,1.54013531298758,0.376144292984415
269.299475179797,1.67061822829551,1,1.54457075136859,0.376965707061631
269.399474984914,1.11590906922101,0,-0.490953367101651,0
269.499474790031,0.783841369886132,0,-0.490953367101651,0
269.599474595148,1.0756481084362,0,0.647632812355422,0.210858687595508
269.699474400265,1.70082815462741,1,3.11327634000914,0.667479686251342
269.799474205382,1.17811022103655,0,-0.490953367101651,0
269.899474010499,1.37163409611589,1,1.20523515746585,0.314122982219412
269.999473815616,1.38124716237155,0,-0.490953367101651,0
270.099473620733,0.859376738533969,0,-0.490953367101651,0
270.19947342585,0.90531870757716,0,-0.490953367101651,0
270.299473230966,1.0205713613436,1,1.03172767631636,0.281990535485667
270.399473036083,0.896052254933521,0,-0.490953367101651,0
270.4994728412,0.691458077175679,0,-0.490953367101651,0
270.599472646317,0.915500804149166,1,1.05073816308433,0.285511152864281
270.699472451434,1.12047225780972,0,0.917560434021323,0.260847511522203
270.799472256551,0.672009619442044,0,-0.490953367101651,0
270.899472061668,0.856942973178289,0,-0.490953367101651,0
270.999471866785,0.686446057553818,0,-0.490953367101651,0
271.099471671902,0.481573634955994,0,-0.490953367101651,0
271.199471477018,0.614845614400807,0,-0.490953367101651,0
271.299471282135,0.394932561657351,0,-0.490953367101651,0
271.399471087252,0.261816297322799,0,-0.490953367101651,0
271.499470892369,0.373153127838113,0,-0.490953367101651,0
271.599470697486,1.03874599625862,1,3.54087384761859,0.746667938225939
271.699470502603,1.16035402035098,0,0.915911108711835,0.260542067299841
271.79947030772,0.744424682566036,0,-0.490953367101651,0
271.899470112837,0.866198868444866,0,-0.490953367101651,0
271.999469917954,0.863932273861936,0,-0.490953367101651,0
272.099469723071,0.574540623185616,0,-0.490953367101651,0
272.199469528187,0.487095394446573,0,-0.490953367101651,0
272.299469333304,0.633914585908815,0,-0.490953367101651,0
272.399469138421,0.492334728124094,0,-0.490953367101651,0
272.499468943538,0.213520937232213,0,-0.490953367101651,0
272.599468748655,0.366402539643382,0,-0.490953367101651,0
272.699468553772,0.259321004142124,0,-0.490953367101651,0
272.799468358889,0.653212655916828,1,1.67179590910426,0.400526971262175
272.899468164006,0.855774388141998,0,1.3469920770319,0.340375433335174
272.999467969123,0.892519087297119,0,-0.490953367101651,0
273.099467774239,0.73837227805046,0,-0.490953367101651,0
273.199467579356,0.359299600028469,0,-0.490953367101651,0
273.299467384473,0.581489299344527,0,-0.490953367101651,0
273.39946718959,0.497766525475351,0,-0.490953367101651,0
273.499466994707,0.164377039210804,0,-0.490953367101651,0
273.599466799824,0.577533819153449,1,1.30831453221814,0.333212605886545
273.699466604941,0.746176154369093,0,-0.490953367101651,0
273.799466410058,0.607405270166421,0,-0.490953367101651,0
273.899466215175,0.378492691474318,0,-0.490953367101651,0
273.999466020291,0.35316481921215,0,-0.490953367101651,0
274.099465825408,0.183731754589959,0,-0.490953367101651,0
274.199465630525,0.230258063422577,0,-0.490953367101651,0
274.299465435642,0.226249277464475,0,-0.490953367101651,0
274.399465240759,0.417244571736388,0,0.286658529728572,0.144008619621977
274.499465045876,0.310109769190263,0,-0.490953367101651,0
274.599464850993,0.430870136711573,0,0.180076159689594,0.124270264218828
274.69946465611,0.655409602944278,0,0.385544750311262,0.162321698657671
274.799464461227,0.563004655450876,0,-0.490953367101651,0
274.899464266344,0.329309896139302,0,-0.490953367101651,0
274.99946407146,0.117308614075552,0,-0.490953367101651,0
275.099463876577,0.442265319980428,0,0.165501935155057,0.121571213489493
275.199463681694,1.00196425779279,1,1.67084928576455,0.400351662832598
275.299463486811,0.577480881627663,0,-0.490953367101651,0
275.399463291928,0.381476782753139,0,-0.490953367101651,0
275.499463097045,1.70676246912243,1,6.02238587511121,1.20622767890281
275.599462902162,1.91732185151113,0,0.857945894896985,0.249807290142243
275.699462707279,1.32505177841795,0,-0.490953367101651,0
275.799462512396,0.871650302640292,0,-0.490953367101651,0
275.899462317513,1.09794260144656,0,-0.490953367101651,0
275.999462122629,1.20049846450333,1,1.63101544931608,0.392974697762265
276.099461927746,1.16009013171971,0,-0.490953367101651,0
276.199461732863,0.797904232245673,0,-0.490953367101651,0
276.29946153798,0.483568051715193,0,-0.490953367101651,0
276.399461343097,0.914913234843149,0,-0.490953367101651,0
276.499461148214,0.47334934167301,0,-0.490953367101651,0
276.599460953331,0.511907480595376,0,-0.490953367101651,0
276.699460758448,0.540124124716854,0,-0.490953367101651,0
276.799460563565,0.629527421521566,0,-0.490953367101651,0
276.899460368681,0.449415849779752,0,-0.490953367101651,0
276.999460173798,0.13014443815086,0,-0.490953367101651,0
277.099459978915,0.162054714627889,0,-0.490953367101651,0
277.199459784032,1.02940351620927,1,3.78256969203425,0.791428422298453
277.299459589149,1.15883541787874,0,-0.490953367101651,0
277.399459394266,0.630099833692736,0,-0.490953367101651,0
277.499459199383,0.370380630805552,0,-0.490953367101651,0
277.5994590045,0.819025574070879,1,1.01834313931602,0.279511807079433
277.699458809617,0.72026791195264,0,-0.490953367101651,0
277.799458614734,0.774429235212031,0,0.413157008478829,0.167435307643807
277.89945841985,0.947731044492772,1,1.78143441339411,0.420831302670374
277.999458224967,1.21181425454575,0,-0.490953367101651,0
278.099458030084,0.609416602124161,0,-0.490953367101651,0
278.199457835201,0.494362048773371,0,-0.490953367101651,0
278.299457640318,0.773345229841278,0,-0.490953367101651,0
278.399457445435,0.285681562603546,0,-0.490953367101651,0
278.499457250552,0.59847198799975,0,-0.490953367101651,0
278.599457055669,0.714691272206603,0,-0.490953367101651,0
278.699456860786,0.286568080044514,0,-0.490953367101651,0
278.799456665902,0.145461328277783,0,-0.490953367101651,0
278.899456471019,0.50834905890639,0,-0.490953367101651,0
278.999456276136,0.111261336273265,0,-0.490953367101651,0
279.099456081253,0.220358622143217,0,-0.490953367101651,0
279.19945588637,0.0834543626262925,0,-0.490953367101651,0
279.299455691487,-0.0654776682534617,0,-0.490953367101651,0
279.399455496604,0.527497405580177,1,1.36767315617958,0.344205433457975
279.499455301721,0.703335261046412,0,0.931707535637232,0.263467461890328
279.599455106838,0.63920400271898,0,-0.490953367101651,0
279.699454911954,0.535143952334342,0,-0.490953367101651,0
279.799454717071,0.619492555787224,0,0.353727979108101,0.156429441452666
279.899454522188,0.995117713158102,1,2.4513188176595,0.544889497713153
279.999454327305,1.09152664619912,0,-0.490953367101651,0
280.099454132422,0.791980713440533,0,-0.490953367101651,0
280.199453937539,0.530994666049739,0,-0.490953367101651,0
280.299453742656,0.448925443825783,0,-0.490953367101651,0
280.399453547773,0.536781806319809,0,-0.490953367101651,0
280.49945335289,0.726751329847599,0,-0.490953367101651,0
280.599453158007,0.182896096104969,0,-0.490953367101651,0
280.699452963123,0.557192049103299,0,0.708910386600598,0.222206892164911
280.79945276824,0.923059523237213,1,1.44082470018523,0.357752619295037
280.899452573357,0.616673977276568,0,-0.490953367101651,0
280.999452378474,0.79523493724319,0,0.485072169654083,0.180753523495385
281.099452183591,0.898217407036034,0,0.526454589682808,0.188417276081021
281.199451988708,0.660732707385726,0,-0.490953367101651,0
281.299451793825,0.683407107480828,0,-0.490953367101651,0
281.399451598942,1.05703751186947,1,1.34081779320757,0.339231996494354
281.499451404059,0.855307804328977,0,-0.490953367101651,0
281.599451209176,0.508086537051663,0,-0.490953367101651,0
281.699451014292,0.428952361010598,0,-0.490953367101651,0
281.799450819409,0.545006291904318,0,-0.490953367101651,0
281.899450624526,0.100790430586864,0,-0.490953367101651,0
281.999450429643,0.630345655939071,0,0.919727434620428,0.261248825810564
282.09945023476,1.24912821779949,1,2.09658823553813,0.479195722094192
282.199450039877,0.921681520128192,0,-0.490953367101651,0
282.299449844994,0.532046679286828,0,-0.490953367101651,0
282.399449650111,0.593639475328975,0,-0.490953367101651,0
282.499449455228,0.501998299891677,0,-0.490953367101651,0
282.599449260344,0.166449260502521,0,-0.490953367101651,0
282.699449065461,0.410748342955896,0,-0.490953367101651,0
282.799448870578,0.430139545150091,0,-0.490953367101651,0
282.899448675695,0.298501830177468,0,-0.490953367101651,0
282.999448480812,0.410286220353952,0,-0.490953367101651,0
283.099448285929,0.367228692115108,0,-0.490953367101651,0
283.199448091046,0.205046641393495,0,-0.490953367101651,0
283.299447896163,0.0817949905814774,0,-0.490953367101651,0
283.39944770128,0.184984416229458,0,-0.490953367101651,0
283.499447506397,0.17036198017343,0,-0.490953367101651,0
283.599447311513,0.47026825673556,0,1.07728679206547,0.290427784705968
283.69944711663,0.883198487073713,1,2.05930394595691,0.472290916370329
283.799446921747,0.870991213527203,0,0.372556074003879,0.159916281053635
283.899446726864,0.857851995243417,0,-0.490953367101651,0
283.999446531981,0.648055014527665,0,-0.490953367101651,0
284.099446337098,0.589123315441133,0,-0.490953367101651,0
284.199446142215,0.434826597101152,0,-0.490953367101651,0
284.299445947332,0.769918843432285,0,0.711638408912395,0.222712103992329
284.399445752449,0.419983589939583,0,-0.490953367101651,0
284.499445557565,1.13190054048692,1,2.99425407044759,0.645437543102938
284.599445362682,1.14756428666529,0,0.535607704638095,0.190112372896444
284.699445167799,1.6649959293245,1,3.10973633381203,0.666824100337627
284.799444972916,1.28214857434144,0,-0.490953367101651,0
284.899444778033,1.22940227049314,0,-0.490953367101651,0
284.99944458315,1.44159990105266,1,0.993379521945866,0.274888708985254
285.099444388267,0.831195657322652,0,-0.490953367101651,0
285.199444193384,1.10400710766986,0,0.628536301554051,0.207322139130506
285.299443998501,1.63682041949916,1,2.9035454599819,0.628638903789111
285.399443803617,1.25983527843283,0,-0.490953367101651,0
285.499443608734,1.06425602549669,0,-0.490953367101651,0
285.599443413851,1.21601315685655,1,0.886345846011016,0.255066774692228
285.699443218968,1.011976543061,0,-0.490953367101651,0
285.799443024085,0.81432592240755,0,-0.490953367101651,0
285.899442829202,0.853593462864346,0,0.184987847911541,0.125179876640834
285.999442634319,1.01165987319647,0,1.04314409197326,0.284104780736392
286.099442439436,1.57679493474355,1,2.20074786180235,0.49848540125136
286.199442244553,1.10874942176422,0,-0.490953367101651,0
286.29944204967,0.93652708097297,0,-0.490953367101651,0
286.399441854786,0.745403244482067,0,-0.490953367101651,0
286.499441659903,0.423575339435685,0,-0.490953367101651,0
286.59944146502,0.970876725236092,0,1.50531059809099,0.36969498434931
286.699441270137,1.42034874207136,1,2.41471183479855,0.538110124748542
286.799441075254,1.33429835404535,0,-0.490953367101651,0
286.899440880371,0.868624837848479,0,-0.490953367101651,0
286.999440685488,0.917880535479631,0,-0.490953367101651,0
287.099440490605,0.41549435819984,0,-0.490953367101651,0
287.199440295722,0.444491177152696,0,-0.490953367101651,0
287.299440100839,0.961638821045967,1,2.73382616407239,0.597208004098956
287.399439905955,1.0273903053148,0,-0.490953367101651,0
287.499439711072,0.876222199041954,0,-0.490953367101651,0
287.599439516189,0.550559949329715,0,-0.490953367101651,0
287.699439321306,0.510426476333964,0,-0.490953367101651,0
287.799439126423,0.743964332684793,0,-0.490953367101651,0
287.89943893154,0.404252833396002,0,-0.490953367101651,0
287.999438736657,0.411771734918999,0,-0.490953367101651,0
288.099438541774,0.221147656972723,0,-0.490953367101651,0
288.199438346891,0.411356698035164,0,-0.490953367101651,0
288.299438152007,0.452208449528525,0,-0.490953367101651,0
288.399437957124,0.359217740650962,0,-0.490953367101651,0
288.499437762241,0.298718901206861,0,-0.490953367101651,0
288.599437567358,0.187253757714975,0,-0.490953367101651,0
288.699437372475,0.418872716038229,0,-0.490953367101651,0
288.799437177592,0.386916951503943,0,-0.490953367101651,0
288.899436982709,0.322764020969926,0,-0.490953367101651,0
288.999436787826,0.0729664040109199,0,-0.490953367101651,0
289.099436592943,0.230882547185485,0,-0.490953367101651,0
289.19943639806,0.607696909671983,1,1.92340374322744,0.447123090773533
289.299436203176,0.739180527326487,0,-0.490953367101651,0
289.399436008293,0.42407213097225,0,-0.490953367101651,0
289.49943581341,0.178892001071652,0,-0.490953367101651,0
289.599435618527,0.712417569307569,0,-0.490953367101651,0
289.699435423644,0.17254802573045,0,-0.490953367101651,0
289.799435228761,0.0748608665988066,0,-0.490953367101651,0
289.899435033878,0.364510553192604,0,-0.490953367101651,0
289.999434838995,0.0904637356284576,0,-0.490953367101651,0
290.099434644112,0.0536939554443808,0,-0.490953367101651,0
290.199434449228,-0.00741383213323197,0,-0.490953367101651,0
290.299434254345,0.0900141503493732,0,-0.490953367101651,0
290.399434059462,0.0480915001937682,0,-0.490953367101651,0
290.499433864579,0.125225464578667,0,-0.490953367101651,0
290.599433669696,0.0591601485157002,0,-0.490953367101651,0
290.699433474813,0.412346808373485,0,0.893573130324179,0.256405220312462
290.79943327993,0.76202844292427,0,1.66337323251893,0.398967146838809
290.899433085047,1.40623146591056,0,3.58216113391054,0.75431407266791
290.999432890164,2.14921640601196,1,4.57940918344016,0.938997866240098
291.09943269528,1.84326506280181,0,-0.490953367101651,0
291.199432500397,1.26527609457583,0,-0.490953367101651,0
291.299432305514,1.37925237310594,0,-0.490953367101651,0
291.399432110631,1.48110911457343,0,1.79650763159131,0.423622763751009
291.499431915748,1.7725733578863,1,2.07880725864879,0.475902801875505
291.599431720865,1.38321072144447,0,-0.490953367101651,0
291.699431525982,1.62556642119796,1,1.092722625483,0.293286399745468
291.799431331099,1.22173946717084,0,-0.490953367101651,0
291.899431136216,0.997869976960001,0,-0.490953367101651,0
291.999430941333,0.857654487417167,0,-0.490953367101651,0
292.099430746449,0.941064942893301,0,0.423866790411825,0.169418688966688
292.199430551566,0.922714650144024,0,0.172695128254555,0.122903345640705
292.299430356683,1.15018791590765,1,1.48284743403538,0.365534953797854
292.3994301618,1.21473634401345,0,0.816749893129784,0.24217806099513
292.499429966917,1.42752320108228,0,1.67782973831163,0.401644396829775
292.599429772034,1.63619017625712,1,1.95221645979819,0.452459016777014
292.699429577151,1.4346915659077,0,-0.490953367101651,0
292.799429382268,1.14013593580653,0,-0.490953367101651,0
292.899429187385,1.45539543251361,1,2.01013858853951,0.463185814861773
292.999428992502,1.21736989495755,0,-0.490953367101651,0
293.099428797618,1.23959119355073,1,0.775440860961781,0.234527899359636
293.199428602735,1.10052511836683,0,-0.490953367101651,0
293.299428407852,1.04626691074275,0,0.271914924777809,0.141278200751245
293.399428212969,1.17338850085808,0,0.654913663983847,0.212207053530952
293.499428018086,0.930935974909073,0,-0.490953367101651,0
293.599427823203,0.688393928538402,0,-0.490953367101651,0
293.69942762832,0.666209650485733,0,-0.490953367101651,0
293.799427433437,0.812834700080754,1,1.47862729153844,0.364753411105323
293.899427238554,0.767743348257313,0,-0.490953367101651,0
293.99942704367,0.792058147582953,0,-0.490953367101651,0
294.099426848787,0.840669017614343,0,-0.490953367101651,0
294.199426653904,0.674828132287429,0,-0.490953367101651,0
294.299426459021,0.263882968878999,0,-0.490953367101651,0
294.399426264138,0.211026504220479,0,-0.490953367101651,0
294.499426069255,0.326642516556187,0,-0.490953367101651,0
294.599425874372,0.534625878913202,0,0.743567527775858,0.228625167246655
294.699425679489,1.10369582810477,1,2.59040637909032,0.570647601221969
294.799425484606,0.894701244754888,0,-0.490953367101651,0
294.899425289723,0.577050831381695,0,-0.490953367101651,0
294.999425094839,0.696916655481092,0,-0.490953367101651,0
295.099424899956,1.27948163919905,1,1.7592822489565,0.416728867206998
295.199424705073,0.92017767358257,0,-0.490953367101651,0
295.29942451019,0.209537845730892,0,-0.490953367101651,0
295.399424315307,0.496848349050944,0,-0.490953367101651,0
295.499424120424,0.600995438356786,0,-0.490953367101651,0
295.599423925541,0.354758296253999,0,-0.490953367101651,0
295.699423730658,0.531849169922348,0,0.245814296745233,0.136444535744884
295.799423535775,0.898991710700505,1,1.85774143984013,0.434962863145133
295.899423340891,0.768949012251921,0,-0.490953367101651,0
295.999423146008,0.361671283067047,0,-0.490953367101651,0
296.099422951125,0.651654690868488,0,-0.490953367101651,0
296.199422756242,0.664510017622738,0,-0.490953367101651,0
296.299422561359,0.585029835746005,0,-0.490953367101651,0
296.399422366476,0.304853424324664,0,-0.490953367101651,0
296.499422171593,0.586994775361841,0,-0.490953367101651,0
296.59942197671,0.296175891502267,0,-0.490953367101651,0
296.699421781827,0.22884496981434,0,-0.490953367101651,0
296.799421586943,0.230416409357274,0,-0.490953367101651,0
296.89942139206,0.0514753925506225,0,-0.490953367101651,0
296.999421197177,0.00407636746423107,0,-0.490953367101651,0
297.099421002294,0.514728943098739,0,1.24614896240613,0.321699950366312
297.199420807411,0.991782467923062,1,2.22324707772676,0.502652108372301
297.299420612528,0.816512725139901,0,-0.490953367101651,0
297.399420417645,0.61745556546364,0,-0.490953367101651,0
297.499420222762,0.893225128117392,1,1.21523202059389,0.315974335658689
297.599420027879,0.790156316076901,0,-0.490953367101651,0
297.699419832996,1.01051546263479,0,1.39900896207238,0.350008619044202
297.799419638112,1.23645664834997,1,1.80132512040214,0.42451493106033
297.899419443229,0.973654872851087,0,-0.490953367101651,0
297.999419248346,0.758588070475402,0,-0.490953367101651,0
298.099419053463,1.0590355030746,0,-0.490953367101651,0
298.19941885858,0.90371862669083,0,-0.490953367101651,0
298.299418663697,0.484964340046262,0,-0.490953367101651,0
298.399418468814,0.285399872117746,0,-0.490953367101651,0
298.499418273931,0.65473384659499,0,-0.490953367101651,0
298.599418079048,0.605161102588384,0,-0.490953367101651,0
298.699417884165,0.230264125058772,0,-0.490953367101651,0
298.799417689281,0.250119317294473,0,-0.490953367101651,0
298.899417494398,0.192968242351236,0,-0.490953367101651,0
298.999417299515,0.412404300278555,0,0.410984343629986,0.167032944373571
299.099417104632,0.473936043487274,0,0.107487149505041,0.110827255953375
299.199416909749,0.491252597899192,0,-0.0734696986289956,0.077315235346242
299.299416714866,0.64671127935421,1,0.887482780950428,0.255277327581005
299.399416519983,0.704105483897538,0,-0.490953367101651,0
299.4994163251,0.536844964855828,0,-0.490953367101651,0
299.599416130217,0.446155554602403,0,-0.490953367101651,0
299.699415935333,0.28284947478392,0,-0.490953367101651,0
299.79941574045,0.41197014878698,0,-0.490953367101651,0
299.899415545567,0.170743783294816,0,-0.490953367101651,0
299.999415350684,0.259234065480223,0,-0.490953367101651,0
300.099415155801,0.444127494893191,0,-0.490953367101651,0
300.199414960918,0.316127322579615,0,-0.490953367101651,0
300.299414766035,0.200699519236767,0,-0.490953367101651,0
300.399414571152,0.259025341675492,0,-0.490953367101651,0
300.499414376269,-0.106159302652612,0,-0.490953367101651,0
300.599414181385,-0.0989395078185149,0,-0.490953367101651,0
300.699413986502,0.0724909757893632,0,-0.490953367101651,0
300.799413791619,0.0941533364110357,0,-0.490953367101651,0
300.899413596736,0.264866131101246,0,-0.490953367101651,0
300.999413401853,-0.030457410011942,0,-0.490953367101651,0
301.09941320697,0.0763616869367999,0,-0.490953367101651,0
301.199413012087,0.0617735516656902,0,-0.490953367101651,0
301.299412817204,0.0475673122498515,0,-0.490953367101651,0
301.399412622321,-0.145398296366316,0,-0.490953367101651,0
301.499412427438,0.0896381601727247,0,-0.490953367101651,0
301.599412232554,0.0536189379325113,0,-0.490953367101651,0
301.699412037671,0.073187376403947,0,-0.490953367101651,0
301.799411842788,0.280202346091666,0,0.472648258453715,0.178452696682467
301.899411647905,0.444718882898893,0,-0.490953367101651,0
301.999411453022,0.174588546169437,0,-0.490953367101651,0
302.099411258139,0.0818267959932696,0,-0.490953367101651,0
302.199411063256,0.37842346457775,0,-0.490953367101651,0
302.299410868373,0.13480197458469,0,-0.490953367101651,0
302.39941067349,0.134900143893181,0,-0.490953367101651,0
302.499410478606,0.534722818622403,1,1.42390891018585,0.354619926009922
302.599410283723,0.552835300847557,0,-0.490953367101651,0
302.69941008884,0.369409796021324,0,-0.490953367101651,0
302.799409893957,0.331233978141413,0,-0.490953367101651,0
302.899409699074,0.527281967305164,0,-0.490953367101651,0
302.999409504191,0.165399282903747,0,-0.490953367101651,0
303.099409309308,0.0877240720332973,0,-0.490953367101651,0
303.199409114425,0.144912339765491,0,-0.490953367101651,0
303.299408919542,0.140803343022202,0,-0.490953367101651,0
303.399408724659,0.336609722358945,0,0.240629569480489,0.13548435828418
303.499408529775,0.395269792294363,0,-0.204758663056739,0.0530013808181572
303.599408334892,0.263869652313279,0,-0.490953367101651,0
303.699408140009,0.482309394823734,0,0.589624237960128,0.200115880342998
303.799407945126,0.621570534757487,0,0.0300736440069605,0.0964907828202862
303.899407750243,0.451301918251504,0,-0.490953367101651,0
303.99940755536,0.239356838595806,0,-0.490953367101651,0
304.099407360477,0.493141423395806,0,0.293301842897681,0.145238917619088
304.199407165594,0.508467399907702,0,-0.066179424091928,0.0786653463425216
304.299406970711,0.572331557364147,0,0.210310207956072,0.129869411523785
304.399406775828,0.951342688687062,1,1.97201332607775,0.456125266479958
304.499406580944,0.905692748265988,0,0.0349371128214128,0.0973914653245004
304.599406386061,1.20322166650551,0,0.748783532365496,0.229591137062649
304.699406191178,0.751759655315717,0,-0.490953367101651,0
304.799405996295,0.54303938210916,0,-0.490953367101651,0
304.899405801412,0.790657883097064,0,0.368592518434462,0.159182256576035
304.999405606529,0.873196908270319,0,-0.490953367101651,0
305.099405411646,0.462562054350743,0,-0.490953367101651,0
305.199405216763,0.304948470052001,0,-0.490953367101651,0
305.29940502188,0.673114394305339,0,0.812224248708559,0.241339941351311
305.399404826996,0.995255185743012,1,1.8577983123693,0.434973395564267
305.499404632113,0.855932619598074,0,-0.490953367101651,0
305.59940443723,0.763440486108248,0,-0.490953367101651,0
305.699404242347,0.807856720164576,0,0.482719886179807,0.180317896034603
305.799404047464,0.905406778643308,0,0.220579116049205,0.131771145905095
305.899403852581,0.59951465119945,0,-0.490953367101651,0
305.999403657698,0.91562994943902,1,1.2984184901437,0.331379923844681
306.099403462815,0.902891238474456,0,-0.490953367101651,0
306.199403267932,0.569924448651372,0,-0.490953367101651,0
306.299403073048,0.902898459489985,0,1.24091255912856,0.320730202847196
306.399402878165,1.17946399530701,1,1.41428630837302,0.352837883309847
306.499402683282,0.932116056515842,0,-0.490953367101651,0
306.599402488399,0.574170697101947,0,-0.490953367101651,0
306.699402293516,0.676053569305738,0,-0.490953367101651,0
306.799402098633,0.81567648997289,0,-0.490953367101651,0
306.89940190375,0.60950282508813,0,-0.490953367101651,0
306.999401708867,0.37255936823551,0,-0.490953367101651,0
307.099401513984,0.706204003225267,1,1.3158482411024,0.334607799326201
307.199401319101,0.72591728115361,0,-0.490953367101651,0
307.299401124217,0.433380378011516,0,-0.490953367101651,0
307.399400929334,0.806565957369668,1,1.41926204100301,0.353759356335882
307.499400734451,0.744165999456895,0,-0.490953367101651,0
307.599400539568,0.560547726764615,0,-0.490953367101651,0
307.699400344685,1.20092592257136,1,3.19961026897542,0.683468163263661
307.799400149802,1.23438485634109,0,0.473623030447488,0.178633218058029
307.899399954919,1.04071429440303,0,-0.490953367101651,0
307.999399760036,0.754818977647064,0,-0.490953367101651,0
308.099399565153,0.913266695898521,0,0.584099116910023,0.199092664187339
308.199399370269,0.918341717165959,0,-0.490953367101651,0
308.299399175386,0.538786385433714,0,-0.490953367101651,0
308.399398980503,0.853182453764082,1,0.863127315910084,0.250766855306843
308.49939878562,0.69168930088942,0,-0.490953367101651,0
308.599398590737,0.593336228627418,0,-0.490953367101651,0
308.699398395854,0.720501256056573,0,0.56909637168588,0.196314254238782
308.799398200971,0.732458463540197,0,0.185110507896841,0.125202592465061
308.899398006088,0.6737856478773,0,-0.490953367101651,0
308.999397811205,0.517226672359274,0,-0.490953367101651,0
309.099397616322,0.779952815954255,0,0.643238405228616,0.21004487223727
309.199397421438,0.596168101725129,0,-0.490953367101651,0
309.299397226555,0.359722972384325,0,-0.490953367101651,0
309.399397031672,0.625067835071023,0,0.495263585083173,0.182640906743918
309.499396836789,0.637203513717822,0,0.0405074250224858,0.0984230505847181
309.599396641906,0.64029901009504,0,0.00309121834286974,0.0914938146800383
309.699396447023,0.745475683360079,0,0.294727753687148,0.145502986938671
309.79939625214,0.579784959923037,0,-0.490953367101651,0
309.899396057257,0.467306429387707,0,-0.490953367101651,0
309.999395862374,0.731527156409,1,1.36077558491463,0.342928048530277
310.099395667491,0.625800126120075,0,-0.490953367101651,0
310.199395472607,0.58081517528262,0,-0.490953367101651,0
310.299395277724,0.635704609707619,0,-0.490953367101651,0
310.399395082841,0.69932083668151,0,-0.490953367101651,0
310.499394887958,0.255904637086532,0,-0.490953367101651,0
310.599394693075,0.198700863380081,0,-0.490953367101651,0
310.699394498192,1.18529463580223,1,4.273109239633,0.882273126973937
310.799394303309,1.40026494477575,0,1.96078561543716,0.454045968159733
310.899394108426,1.17723660158192,0,-0.490953367101651,0
310.999393913543,0.842379128102986,0,-0.490953367101651,0
311.099393718659,0.654791849970998,0,-0.490953367101651,0
311.199393523776,0.808518197161827,0,-0.490953367101651,0
311.299393328893,0.843968247068265,0,-0.490953367101651,0
311.39939313401,0.874522092879701,0,-0.490953367101651,0
311.499392939127,0.503999375611846,0,-0.490953367101651,0
311.599392744244,0.655908735808989,0,-0.490953367101651,0
311.699392549361,0.46588742161469,0,-0.490953367101651,0
311.799392354478,0.375960628919651,0,-0.490953367101651,0
311.899392159595,0.29223143641567,0,-0.490953367101651,0
311.999391964711,0.508886857262577,0,-0.490953367101651,0
312.099391769828,0.344019641173974,0,-0.490953367101651,0
312.199391574945,0.144149997660491,0,-0.490953367101651,0
312.299391380062,0.433064499625462,0,-0.490953367101651,0
312.399391185179,0.548101406796742,0,-0.490953367101651,0
312.499390990296,0.231068058030964,0,-0.490953367101651,0
312.599390795413,0.0324585693764524,0,-0.490953367101651,0
312.69939060053,0.149963946355274,0,-0.490953367101651,0
312.799390405647,0.329884605900639,0,0.436953390741056,0.171842241456868
312.899390210764,0.586614414112697,0,1.08400198124941,0.291671393669284
312.99939001588,1.37137196564289,1,4.17636173968662,0.864356124963103
313.099389820997,1.67930049143023,0,2.21256570070704,0.500673987452931
313.199389626114,1.36196044887194,0,-0.490953367101651,0
313.299389431231,1.40930731249478,1,0.7961933085941,0.238371116457381
313.399389236348,1.40237284624421,0,0.474842006942062,0.178858964504362
313.499389041465,1.10562471994698,0,-0.490953367101651,0
313.599388846582,1.27247726021179,0,1.12764418288357,0.299753642976707
313.699388651699,1.54303573653357,1,2.04401652894053,0.469459787074227
313.799388456816,1.68860186424644,0,1.75422496889564,0.415792292131983
313.899388261933,1.46662549121791,0,-0.490953367101651,0
313.999388067049,1.58630466366623,1,1.73048691256923,0.411396159899427
314.099387872166,1.26874667773542,0,-0.490953367101651,0
314.199387677283,1.32328857028634,0,-0.490953367101651,0
314.2993874824,0.954360144371699,0,-0.490953367101651,0
314.399387287517,1.22277950679157,1,0.868565208601195,0.25177391734292
314.499387092634,0.87355265072248,0,-0.490953367101651,0
314.599386897751,0.692316983812398,0,-0.490953367101651,0
314.699386702868,0.555791412003741,0,-0.490953367101651,0
314.799386507985,0.900672426043725,1,1.21901060552676,0.316674104788412
314.899386313101,0.884633646685886,0,-0.490953367101651,0
314.999386118218,0.431040391947201,0,-0.490953367101651,0
315.099385923335,0.59996361052006,0,-0.490953367101651,0
315.199385728452,1.17677510490716,1,2.88240637834745,0.624724084611753
315.299385533569,0.942470740292526,0,-0.490953367101651,0
315.399385338686,0.685269368306649,0,-0.490953367101651,0
315.499385143803,0.890152386096805,0,0.644156859311129,0.210214963905297
315.59938494892,1.07991026028948,1,0.943159030516073,0.265588203582723
315.699384754037,0.8954293928188,0,-0.490953367101651,0
315.799384559154,0.62272759331426,0,-0.490953367101651,0
315.89938436427,0.887620414664176,0,0.883292032504159,0.254501228473738
315.999384169387,1.10789558342192,1,1.41101670051918,0.352232373394612
316.099383974504,1.02059935976963,0,-0.0428983446798574,0.0829768494498023
316.199383779621,1.03523343550228,0,0.372980132472918,0.159994813898894
316.299383584738,0.868992434267406,0,-0.490953367101651,0
316.399383389855,0.727013036543375,0,-0.490953367101651,0
316.499383194972,0.991501890553714,1,1.22938108284104,0.318594649122853
316.599383000089,0.762869557477356,0,-0.490953367101651,0
316.699382805206,0.929067843085846,1,0.869055172452893,0.251864655432493
316.799382610322,0.862714405173882,0,-0.490953367101651,0
316.899382415439,0.630783569134418,0,-0.490953367101651,0
316.999382220556,0.787607151032135,0,0.344533110486115,0.15472661213221
317.099382025673,0.586872762916847,0,-0.490953367101651,0
317.19938183079,0.497979859742629,0,-0.490953367101651,0
317.299381635907,0.526840007688045,0,-0.490953367101651,0
317.399381441024,0.589168623789654,0,0.3667191414954,0.158835319462385
317.499381246141,0.51495555084732,0,-0.490953367101651,0
317.599381051258,0.362176349252686,0,-0.490953367101651,0
317.699380856374,0.409212595770469,0,-0.490953367101651,0
317.799380661491,1.11376207539511,1,3.49196292091681,0.737609955616017
317.899380466608,0.810498339215263,0,-0.490953367101651,0
317.999380271725,0.834149351044355,0,-0.490953367101651,0
318.099380076842,0.938208476949373,0,0.737932511447376,0.227581599206711
318.199379881959,0.69724983135101,0,-0.490953367101651,0
318.299379687076,0.927851339808626,1,1.14273442094346,0.302548256024204
318.399379492193,0.834299966151087,0,-0.490953367101651,0
318.49937929731,0.792233976643781,0,0.0646367105371476,0.102891635895199
318.599379102427,0.841496430316215,1,0.857622670302819,0.249747431068811
318.699378907543,0.895525868770119,0,-0.490953367101651,0
318.79937871266,0.620161866403124,0,-0.490953367101651,0
318.899378517777,0.500866114891487,0,-0.490953367101651,0
318.999378322894,0.581618384429582,0,-0.490953367101651,0
319.099378128011,0.554058892722223,0,-0.490953367101651,0
319.199377933128,0.35923596018444,0,-0.490953367101651,0
319.299377738245,0.551273024484575,0,0.680379739293519,0.216923203537767
319.399377543362,0.592164672781837,0,-0.490953367101651,0
319.499377348479,0.356954262813617,0,-0.490953367101651,0
319.599377153596,0.28965623177224,0,-0.490953367101651,0
319.699376958712,0.527778380852608,0,0.614601514586791,0.204741508041834
319.799376763829,0.467447889642366,0,-0.490953367101651,0
319.899376568946,0.56351000682101,0,0.369546231723799,0.15935887801775
319.999376374063,0.654106334227085,0,0.406357016608082,0.166175993779476
320.09937617918,1.02731996463758,1,1.80546170822829,0.425280999976222
320.199375984297,0.791024693707669,0,-0.490953367101651,0
320.299375789414,0.924203953626904,0,0.637680767248307,0.209015634159554
320.399375594531,1.6095637338569,1,3.95672329128172,0.823680525863302
320.499375399648,1.77613197118756,0,0.631208978313709,0.207817101324916
320.599375204764,1.19638840428973,0,-0.490953367101651,0
320.699375009881,0.881722899331538,0,-0.490953367101651,0
320.799374814998,0.989924514872188,0,-0.490953367101651,0
320.899374620115,1.02651332707573,1,0.757871311112515,0.231274134041119
320.999374425232,1.01217435081612,0,0.154601352004033,0.119552497033311
321.099374230349,0.813229002627322,0,-0.490953367101651,0
321.199374035466,1.35549696844926,1,2.22867419717238,0.503657175274021
321.299373840583,0.866414170841579,0,-0.490953367101651,0
321.3993736457,1.05276356805488,0,0.476698470683884,0.179202769404888
321.499373450817,1.14541164490442,1,1.56946494800776,0.381575948892058
321.599373255933,1.33469602379844,0,-0.490953367101651,0
321.69937306105,0.785060807518953,0,-0.490953367101651,0
321.799372866167,0.788566417516755,0,-0.490953367101651,0
321.899372671284,0.931542399415661,0,-0.490953367101651,0
321.999372476401,0.503715135311511,0,-0.490953367101651,0
322.099372281518,0.145940543794802,0,-0.490953367101651,0
322.199372086635,0.618360485345793,0,0.529220836634431,0.188929566860857
322.299371891752,0.859343825918916,1,0.926369503342173,0.26247889334419
322.399371696869,0.602680047222282,0,-0.490953367101651,0
322.499371501985,0.821675479246494,1,1.2183096281979,0.316544288387806
322.599371307102,0.8830488844061,0,-0.490953367101651,0
322.699371112219,0.752157341060929,0,-0.490953367101651,0
322.799370917336,0.755019251333558,0,-0.490953367101651,0
322.899370722453,0.284181673763471,0,-0.490953367101651,0
322.99937052757,0.346195326834194,0,-0.490953367101651,0
323.099370332687,0.41829176534845,0,-0.490953367101651,0
323.199370137804,0.253577221439953,0,-0.490953367101651,0
323.299369942921,0.190904613614501,0,-0.490953367101651,0
323.399369748037,0.076001412218105,0,-0.490953367101651,0
323.499369553154,0.225284332122445,0,-0.490953367101651,0
323.599369358271,0.595830382862159,1,2.18051189715326,0.494737833412296
323.699369163388,0.49883329726581,0,-0.490953367101651,0
323.799368968505,0.657341207177206,0,-0.490953367101651,0
323.899368773622,0.734248742135869,0,-0.490953367101651,0
323.999368578739,0.296868068026085,0,-0.490953367101651,0
324.099368383856,0.277897551921244,0,-0.490953367101651,0
324.199368188973,0.589616224543733,0,-0.490953367101651,0
324.29936799409,0.316502530045196,0,-0.490953367101651,0
324.399367799206,0.228326229257977,0,-0.490953367101651,0
324.499367604323,0.367815073716478,0,-0.490953367101651,0
324.59936740944,-0.00194936984267286,0,-0.490953367101651,0
324.699367214557,0.174202083385908,0,-0.490953367101651,0
324.799367019674,0.243154045352917,0,-0.490953367101651,0
324.899366824791,0.00915500206123067,0,-0.490953367101651,0
324.999366629908,-0.126394993732238,0,-0.490953367101651,0
325.099366435025,0.0553038629384635,0,-0.490953367101651,0
325.199366240142,0.450810289488143,0,-0.490953367101651,0
325.299366045259,0.502713130376832,0,-0.490953367101651,0
325.399365850375,0.218040718175938,0,-0.490953367101651,0
325.499365655492,0.0390666073425563,0,-0.490953367101651,0
325.599365460609,0.073712558052852,0,-0.490953367101651,0
325.699365265726,0.29680940165065,0,-0.490953367101651,0
325.799365070843,-0.139808562733021,0,-0.490953367101651,0
325.89936487596,-0.0219960609097364,0,-0.490953367101651,0
325.999364681077,0.160501090165332,0,-0.490953367101651,0
326.099364486194,-0.0227983577002672,0,-0.490953367101651,0
326.199364291311,0.214944528820506,0,-0.490953367101651,0
326.299364096427,-0.170986991258896,0,-0.490953367101651,0
326.399363901544,0.0103639956678155,0,-0.490953367101651,0
326.499363706661,-0.0654880758485565,0,-0.490953367101651,0
326.599363511778,-0.196553750336542,0,-0.490953367101651,0
326.699363316895,0.0703771273964797,0,-0.490953367101651,0
326.799363122012,-0.0111990486442969,0,-0.490953367101651,0
326.899362927129,-0.106613228367588,0,-0.490953367101651,0
326.999362732246,-0.278450547405483,0,-0.490953367101651,0
327.099362537363,-0.157572420150067,0,-0.490953367101651,0
327.19936234248,-0.192667604542348,0,-0.490953367101651,0
327.299362147596,-0.175894167432538,0,-0.490953367101651,0
327.399361952713,-0.119245024970214,0,-0.490953367101651,0
327.49936175783,0.117648628176,0,-0.490953367101651,0
327.599361562947,0.149198452052152,0,-0.490953367101651,0
327.699361368064,0.265135588812087,0,-0.490953367101651,0
327.799361173181,0.460261116295107,0,-0.490953367101651,0
327.899360978298,0.0457834351814419,0,-0.490953367101651,0
327.999360783415,-0.0190985996131142,0,-0.490953367101651,0
328.099360588532,0.163170719792457,0,-0.490953367101651,0
328.199360393648,0.0147571428505987,0,-0.490953367101651,0
328.299360198765,-0.0115278478285947,0,-0.490953367101651,0
328.399360003882,-0.199222254034929,0,-0.490953367101651,0
328.499359808999,-0.146366007657139,0,-0.490953367101651,0
328.599359614116,0.0206881634635311,0,-0.490953367101651,0
328.699359419233,-0.183440752294651,0,-0.490953367101651,0
328.79935922435,-0.302568305601885,0,-0.490953367101651,0
328.899359029467,-0.202542563436006,0,-0.490953367101651,0
328.999358834584,0.037933888381029,0,-0.490953367101651,0
329.0993586397,-0.236781611225196,0,-0.490953367101651,0
329.199358444817,-0.112482035905292,0,-0.490953367101651,0
329.299358249934,0.758125806277276,1,2.23584118012732,0.504984453478485
329.399358055051,0.568925199731831,0,-0.490953367101651,0
329.499357860168,0.485395063455704,0,-0.490953367101651,0
329.599357665285,0.341289427309308,0,-0.490953367101651,0
329.699357470402,0.0418599557825308,0,-0.490953367101651,0
329.799357275519,0.389043010317816,0,-0.490953367101651,0
329.899357080636,0.334713021206038,0,-0.490953367101651,0
329.999356885753,0.463914855006725,0,0.601776819222331,0.202366458632178
330.099356690869,1.87395851373846,1,7.43750902962311,1.46829919929372
330.199356495986,2.81142372336855,0,7.297806225406,1.44242715685888
330.299356301103,2.32805617370396,0,-0.490953367101651,0
330.39935610622,2.0695118357546,0,-0.490953367101651,0
330.499355911337,1.80348307627666,0,-0.490953367101651,0
330.599355716454,1.80398273528806,0,-0.490953367101651,0
330.699355521571,1.47303116102073,0,-0.490953367101651,0
330.799355326688,1.17422978600019,0,-0.490953367101651,0
330.899355131805,1.10169233479241,0,-0.490953367101651,0
330.999354936922,1.27915416593557,0,2.34344611559188,0.524912181287088
331.099354742038,1.69437076974685,1,2.81249582348288,0.611777108692155
331.199354547155,1.08624603169341,0,-0.490953367101651,0
331.299354352272,1.10750293095674,0,-0.490953367101651,0
331.399354157389,1.3205741952318,0,-0.490953367101651,0
331.499353962506,0.70824394016457,0,-0.490953367101651,0
331.599353767623,0.719981346830983,0,-0.490953367101651,0
331.69935357274,0.900045347743829,0,-0.490953367101651,0
331.799353377857,0.676645810252883,0,-0.490953367101651,0
331.899353182974,0.655291408580701,0,-0.490953367101651,0
331.99935298809,0.623069892944489,0,-0.490953367101651,0
332.099352793207,0.421430662481818,0,-0.490953367101651,0
332.199352598324,0.35376787538523,0,-0.490953367101651,0
332.299352403441,0.255542093370715,0,-0.490953367101651,0
332.399352208558,0.505541951206826,0,-0.490953367101651,0
332.499352013675,0.275134158362236,0,-0.490953367101651,0
332.599351818792,0.0720640426094042,0,-0.490953367101651,0
332.699351623909,1.32304072778223,1,6.19320417241508,1.23786210643816
332.799351429026,1.41875229264506,0,-0.490953367101651,0
332.899351234143,1.19309089531646,0,-0.490953367101651,0
332.999351039259,0.755950537767297,0,-0.490953367101651,0
333.099350844376,0.600726982529257,0,-0.490953367101651,0
333.199350649493,0.486375161434504,0,-0.490953367101651,0
333.29935045461,0.592837596038174,0,-0.490953367101651,0
333.399350259727,1.42744291520874,1,4.66192358854319,0.954278992501481
333.499350064844,1.45369370822496,0,0.870367435617633,0.252107677957875
333.599349869961,1.46529136906327,1,1.66134004127114,0.398590613164086
333.699349675078,1.49539630084032,0,-0.490953367101651,0
333.799349480195,1.08310670833722,0,-0.490953367101651,0
333.899349285311,0.65752380003523,0,-0.490953367101651,0
333.999349090428,0.864247270886616,0,-0.490953367101651,0
334.099348895545,0.906040776535331,0,-0.490953367101651,0
334.199348700662,0.732204516685013,0,-0.490953367101651,0
334.299348505779,0.710862119292463,0,-0.490953367101651,0
334.399348310896,0.834253499544166,0,-0.490953367101651,0
334.499348116013,0.405157707093987,0,-0.490953367101651,0
334.59934792113,0.29978204089893,0,-0.490953367101651,0
334.699347726247,0.313616463666459,0,-0.490953367101651,0
334.799347531363,0.24096372058031,0,-0.490953367101651,0
334.89934733648,0.318702283456583,0,-0.490953367101651,0
334.999347141597,0.75184528251166,1,2.31693644066502,0.520002763480588
335.099346946714,0.843349831465722,0,0.211941401565676,0.130171497874332
335.199346751831,0.577152728901786,0,-0.490953367101651,0
335.299346556948,0.957853934557225,1,1.7310082606706,0.411492710146055
335.399346362065,1.08062417411184,0,-0.490953367101651,0
335.499346167182,0.777674032879832,0,-0.490953367101651,0
335.599345972299,0.473113331744534,0,-0.490953367101651,0
335.699345777416,0.305468097012824,0,-0.490953367101651,0
335.799345582532,0.326238479577472,0,-0.490953367101651,0
335.899345387649,0.699062983363561,1,1.52997974709868,0.374263548835435
335.999345192766,0.779107966735214,0,-0.490953367101651,0
336.099344997883,0.838493055256127,0,-0.490953367101651,0
336.199344803,0.499972617298469,0,-0.490953367101651,0
336.299344608117,0.344147484647807,0,-0.490953367101651,0
336.399344413234,0.180916034010877,0,-0.490953367101651,0
336.499344218351,0.0327051823588758,0,-0.490953367101651,0
336.599344023468,0.543436505831423,1,0.833079898899765,0.245202270885616
336.699343828585,1.03320623861647,0,0.755950097468536,0.230918337883684
336.799343633701,0.500241526015259,0,-0.490953367101651,0
336.899343438818,0.357994625731448,0,-0.490953367101651,0
336.999343243935,0.474775160019968,0,-0.490953367101651,0
337.099343049052,0.23504661234013,0,-0.490953367101651,0
337.199342854169,0.238763225412955,0,-0.490953367101651,0
337.299342659286,0.212845721404635,0,-0.490953367101651,0
337.399342464403,0.499610625203715,0,0.697781382914499,0.220145873724817
337.49934226952,1.24765169095988,1,4.08465217828756,0.847372116105921
337.599342074637,1.40549453582682,0,-0.490953367101651,0
337.699341879753,0.824529269590779,0,-0.490953367101651,0
337.79934168487,0.664255089531843,0,-0.490953367101651,0
337.899341489987,0.727242323506125,0,-0.490953367101651,0
337.999341295104,0.516492300293358,0,-0.490953367101651,0
338.099341100221,0.287520585856956,0,-0.490953367101651,0
338.199340905338,0.25486436308517,0,-0.490953367101651,0
338.299340710455,0.694633569982349,0,1.21287920743306,0.315538610103435
338.399340515572,1.69999429028665,1,6.14573405865907,1.22907095292937
338.499340320689,1.55197429056432,0,-0.490953367101651,0
338.599340125805,1.30543530505917,0,-0.490953367101651,0
338.699339930922,1.19633061325618,0,-0.490953367101651,0
338.799339736039,0.907376425569824,0,-0.490953367101651,0
338.899339541156,0.876445894743501,0,-0.490953367101651,0
338.999339346273,0.730557776504502,0,-0.490953367101651,0
339.09933915139,0.393336905303445,0,-0.490953367101651,0
339.199338956507,0.623292746699078,0,-0.490953367101651,0
339.299338761624,1.5868445741429,1,6.93550256060815,1.37533089603237
339.399338566741,1.67841154850335,0,-0.490953367101651,0
339.499338371858,1.45336440670812,0,-0.490953367101651,0
339.599338176974,0.959393211427511,0,-0.490953367101651,0
339.699337982091,0.956248908645568,0,-0.490953367101651,0
339.799337787208,0.786175328265982,0,-0.490953367101651,0
339.899337592325,0.818995392364681,0,-0.490953367101651,0
339.999337397442,0.397623920361015,0,-0.490953367101651,0
340.099337202559,0.936286511359204,1,1.90240849537374,0.443234908668349
340.199337007676,1.05275812784104,0,1.18457330975832,0.310296543633108
340.299336812793,0.969385892619513,0,-0.490953367101651,0
340.39933661791,0.701809223835147,0,-0.490953367101651,0
340.499336423026,0.749131946630897,0,-0.490953367101651,0
340.599336228143,0.531185247461166,0,-0.490953367101651,0
340.69933603326,0.551731224655351,0,-0.490953367101651,0
340.799335838377,0.521479004134554,0,-0.490953367101651,0
340.899335643494,0.504012287312348,0,-0.490953367101651,0
340.999335448611,0.835493681067455,0,2.17995091122864,0.494633942500955
341.099335253728,1.39000692359856,1,3.45787135615155,0.731296421573379
341.199335058845,1.39710978358737,0,-0.490953367101651,0
341.299334863962,0.928498356258271,0,-0.490953367101651,0
341.399334669079,0.92361473774709,0,-0.490953367101651,0
341.499334474195,0.869776743404076,0,-0.490953367101651,0
341.599334279312,0.445181260955859,0,-0.490953367101651,0
341.699334084429,0.682690937998079,0,-0.490953367101651,0
341.799333889546,0.218949259301094,0,-0.490953367101651,0
341.899333694663,0.47573597669117,0,-0.490953367101651,0
341.99933349978,0.553011951751949,0,-0.490953367101651,0
342.099333304897,0.321215167646492,0,-0.490953367101651,0
342.199333110014,0.0370439403849735,0,-0.490953367101651,0
342.299332915131,0.00756629010422767,0,-0.490953367101651,0
342.399332720248,0.153725777067776,0,-0.490953367101651,0
342.499332525364,0.120582960614999,0,-0.490953367101651,0
342.599332330481,1.18499188227628,1,4.80709286618107,0.981163389935944
342.699332135598,1.17870294037714,0,0.840901786414668,0.246650833116275
342.799331940715,1.08744118458302,0,-0.490953367101651,0
342.899331745832,1.15414856567803,0,-0.490953367101651,0
342.999331550949,0.51548954351265,0,-0.490953367101651,0
343.099331356066,0.860703203420504,0,0.679438996449416,0.216748984137381
343.199331161183,0.768812891955396,0,-0.490953367101651,0
343.2993309663,0.604402717508798,0,-0.490953367101651,0
343.399330771416,1.31854967950978,1,3.85786943988854,0.805373441389058
343.499330576533,0.916556305174569,0,-0.490953367101651,0
343.59933038165,1.14955617182974,0,-0.490953367101651,0
343.699330186767,0.786458969946356,0,-0.490953367101651,0
343.799329991884,0.658747733559469,0,-0.490953367101651,0
343.899329797001,0.90904279075841,0,-0.490953367101651,0
343.999329602118,0.412670910118766,0,-0.490953367101651,0
344.099329407235,0.584844517274705,0,-0.490953367101651,0
344.199329212352,1.88985086084699,1,7.5874889404544,1.49607449442215
344.299329017468,2.21342871075156,0,2.91018500400307,0.629868503764762
344.399328822585,2.43715962748158,0,1.75302549294626,0.415570157058633
344.499328627702,1.72640626598951,0,-0.490953367101651,0
344.599328432819,1.54053419707913,0,-0.490953367101651,0
344.699328237936,1.79392179629361,1,1.07815032552412,0.290587705434913
344.799328043053,1.15895673573254,0,-0.490953367101651,0
344.89932784817,1.5685999079263,0,1.77257120929898,0.419189895443491
344.999327653287,1.68535978450695,1,2.62015663570965,0.576157153489126
345.099327458404,1.72874777728306,0,-0.490953367101651,0
345.199327263521,1.17727695235047,0,-0.490953367101651,0
345.299327068637,1.1681120471966,0,-0.490953367101651,0
345.399326873754,1.08183101351225,0,-0.490953367101651,0
345.499326678871,1.05928772910157,0,-0.490953367101651,0
345.599326483988,0.665766146142432,0,-0.490953367101651,0
345.699326289105,0.681223109806671,0,-0.490953367101651,0
345.799326094222,0.824175341846304,0,1.19610846354812,0.312432778406736
345.899325899339,1.48318090103638,1,3.72046359428009,0.779926780613004
345.999325704456,1.90270011143555,0,3.04627493429666,0.655071465661202
346.099325509573,2.23576157698316,1,3.86038684940817,0.805839649109675
346.199325314689,2.00099324357573,0,-0.490953367101651,0
346.299325119806,1.87672825271701,0,-0.490953367101651,0
346.399324924923,1.40060797493241,0,-0.490953367101651,0
346.49932473004,1.26495849193606,0,-0.490953367101651,0
346.599324535157,1.40251983944712,1,1.13499114847288,0.301114252783783
346.699324340274,0.97949790671301,0,-0.490953367101651,0
346.799324145391,1.03950979472281,0,0.0975466494265326,0.108986340580947
346.899323950508,1.20583347308812,1,1.45051087593708,0.359546435471366
346.999323755625,1.22858517550975,0,-0.490953367101651,0
347.099323560742,0.958852335108221,0,-0.490953367101651,0
347.199323365858,0.696942292163238,0,-0.490953367101651,0
347.299323170975,0.650228523322989,0,-0.490953367101651,0
347.399322976092,0.212076708650417,0,-0.490953367101651,0
347.499322781209,0.651078629724094,0,0.420873778887564,0.168864402876315
347.599322586326,1.04399100760058,1,1.41606961551148,0.353168140087577
347.699322391443,0.583821222163475,0,-0.490953367101651,0
347.79932219656,0.706638017207104,0,-0.490953367101651,0
347.899322001677,0.753976782957182,0,0.496174630749968,0.182809626421977
347.999321806794,0.949703710046919,0,0.624822303563247,0.206634331078553
348.099321611911,0.737895382037191,0,-0.490953367101651,0
348.199321417027,0.428213724576444,0,-0.490953367101651,0
348.299321222144,0.580440654828508,0,-0.490953367101651,0
348.399321027261,1.08870976364604,1,2.87366924728144,0.623106025282412
348.499320832378,1.44497718572124,0,1.2730548800024,0.326682749714542
348.599320637495,0.930639117922042,0,-0.490953367101651,0
348.699320442612,0.938225675936228,0,-0.490953367101651,0
348.799320247729,0.765694863886165,0,-0.490953367101651,0
348.899320052846,0.372570692022901,0,-0.490953367101651,0
348.999319857963,0.698281319814395,0,0.25798985728806,0.138699369646017
349.099319663079,0.705569159358805,0,0.0830970290891783,0.106310365731119
349.199319468196,0.860635595243493,1,1.8373304529373,0.431182882333393
349.299319273313,0.89796482051639,0,-0.490953367101651,0
349.39931907843,0.860445610786043,0,-0.490953367101651,0
349.499318883547,0.672307693000323,0,-0.490953367101651,0
349.599318688664,0.536263446976999,0,-0.490953367101651,0
349.699318493781,0.349978535960888,0,-0.490953367101651,0
349.799318298898,0.329436090326194,0,-0.490953367101651,0
349.899318104015,0.491711669191468,0,-0.490953367101651,0
349.999317909131,0.458666032352701,0,-0.490953367101651,0
350.099317714248,0.461852988351779,0,-0.490953367101651,0
350.199317519365,0.391195418511717,0,-0.490953367101651,0
350.299317324482,0.409428874751717,0,-0.490953367101651,0
350.399317129599,0.260972812733292,0,-0.490953367101651,0
350.499316934716,0.245803398500757,0,-0.490953367101651,0
350.599316739833,0.304937342963998,0,-0.490953367101651,0
350.69931654495,0.219077121702619,0,-0.490953367101651,0
350.799316350067,0.542810205377088,0,0.564039589782972,0.19537777141935
350.899316155184,0.176706067708724,0,-0.490953367101651,0
350.9993159603,0.345809654982756,0,-0.490953367101651,0
351.099315765417,0.304053239259801,0,-0.490953367101651,0
351.199315570534,-0.00274975066884124,0,-0.490953367101651,0
351.299315375651,0.714380266861139,1,2.17554453193402,0.493817909975815
351.399315180768,1.41455136918452,0,2.05853454834394,0.472148428982166
351.499314985885,1.17803516029295,0,-0.490953367101651,0
351.599314791002,0.673494534507296,0,-0.490953367101651,0
351.699314596119,0.147335585025026,0,-0.490953367101651,0
351.799314401236,0.193125803611708,0,-0.490953367101651,0
351.899314206352,0.495390117459758,0,-0.490953367101651,0
351.999314011469,1.36618707317458,1,4.54988069249653,0.933529383520574
352.099313816586,1.64106828338327,0,1.54238765675332,0.376561412267106
352.199313621703,1.28401125051735,0,-0.490953367101651,0
352.29931342682,0.800102640453851,0,-0.490953367101651,0
352.399313231937,0.970637084705033,0,-0.490953367101651,0
352.499313037054,1.04496177213664,0,-0.490953367101651,0
352.599312842171,0.470236162582242,0,-0.490953367101651,0
352.699312647288,0.329981023166567,0,-0.490953367101651,0
352.799312452405,0.610790094998874,0,-0.490953367101651,0
352.899312257521,0.654829653379285,0,-0.490953367101651,0
352.999312062638,0.335576223524833,0,-0.490953367101651,0
353.099311867755,0.363552574669242,0,-0.490953367101651,0
353.199311672872,0.363953593069822,0,-0.490953367101651,0
353.299311477989,0.231849497605222,0,-0.490953367101651,0
353.399311283106,0.249444093836812,0,-0.490953367101651,0
353.499311088223,0.399134936639754,0,0.447466655640135,0.173789229114861
353.59931089334,0.652035008632391,0,1.12836664921738,0.299887438999992
353.699310698457,1.14464293694063,0,2.66027125669237,0.583586118012339
353.799310503574,1.91212491813693,1,4.90305526294255,0.998934995989772
353.89931030869,1.59134862866427,0,-0.490953367101651,0
353.999310113807,1.18706194137771,0,-0.490953367101651,0
354.099309918924,1.28355519726141,0,-0.490953367101651,0
354.199309724041,1.20944252103327,0,-0.490953367101651,0
354.299309529158,0.974926029989649,0,-0.490953367101651,0
354.399309334275,0.741635221020415,0,-0.490953367101651,0
354.499309139392,1.4502675700177,1,3.52014606954916,0.742829289769327
354.599308944509,1.09182926464172,0,-0.490953367101651,0
354.699308749626,0.842129730783629,0,-0.490953367101651,0
354.799308554742,0.906192363619022,0,-0.490953367101651,0
354.899308359859,0.607036784072588,0,-0.490953367101651,0
354.999308164976,0.658365142893962,0,-0.490953367101651,0
355.099307970093,1.14867319849968,1,2.91298299490443,0.630386673315745
355.19930777521,1.28307759347241,0,0.976219803229166,0.271710841702659
355.299307580327,1.00067137198505,0,-0.490953367101651,0
355.399307385444,1.37252740649089,1,2.09576219083485,0.479042744036693
355.499307190561,1.16232472234412,0,-0.490953367101651,0
355.599306995678,0.956339855239121,0,-0.490953367101651,0
355.699306800794,0.97133841061531,0,0.285670368276763,0.143825618606665
355.799306605911,0.986089612173764,0,0.379870002548922,0.161270772616945
355.899306411028,1.06021332807677,0,0.714322562915802,0.223209191696953
355.999306216145,0.96893260076785,0,0.0124862945410357,0.0932337211295876
356.099306021262,0.868670405737765,0,-0.490953367101651,0
356.199305826379,1.07215136305385,1,1.6216507685954,0.391240420355653
356.299305631496,0.837856835634111,0,-0.490953367101651,0
356.399305436613,0.713416913964692,0,-0.490953367101651,0
356.49930524173,0.53311574644258,0,-0.490953367101651,0
356.599305046847,0.632200261506845,0,-0.490953367101651,0
356.699304851963,0.740920624899985,0,-0.490953367101651,0
356.79930465708,0.840851383680016,0,-0.490953367101651,0
356.899304462197,0.697814534799456,0,-0.490953367101651,0
356.999304267314,0.630177961447686,0,-0.490953367101651,0
357.099304072431,0.299386316845296,0,-0.490953367101651,0
357.199303877548,-0.148945767973153,0,-0.490953367101651,0
357.299303682665,0.0528565553148021,0,-0.490953367101651,0
357.399303487782,0.348106674051306,0,-0.490953367101651,0
357.499303292899,0.23672319569633,0,-0.490953367101651,0
357.599303098015,0.0265824815710649,0,-0.490953367101651,0
357.699302903132,-0.0764319633612724,0,-0.490953367101651,0
357.799302708249,0.215086395887361,0,-0.490953367101651,0
357.899302513366,0.0956929898523465,0,-0.490953367101651,0
357.999302318483,-0.0967809421575356,0,-0.490953367101651,0
358.0993021236,-0.167330920712532,0,-0.490953367101651,0
358.199301928717,-0.110579680483632,0,-0.490953367101651,0
358.299301733834,0.0553719839637154,0,-0.490953367101651,0
358.399301538951,0.213433971503181,0,-0.490953367101651,0
358.499301344068,0.11826188501657,0,-0.490953367101651,0
358.599301149184,0.870197502097835,1,2.41168929690392,0.537550370568167
358.699300954301,0.480167332546997,0,-0.490953367101651,0
358.799300759418,0.348839021663854,0,-0.490953367101651,0
358.899300564535,0.428260160798086,0,-0.490953367101651,0
358.999300369652,0.613126344036571,0,0.746527379690513,0.229173312394964
359.099300174769,1.20303243989839,1,1.70190552682393,0.406103074846534
359.199299979886,0.724729779836207,0,-0.490953367101651,0
359.299299785003,0.492755070667951,0,-0.490953367101651,0
359.39929959012,0.54215259043148,0,-0.490953367101651,0
359.499299395237,0.375362456267319,0,-0.490953367101651,0
359.599299200353,0.804469348996083,1,1.48236163047124,0.365444986166231
359.69929900547,0.758014330458901,0,-0.107362912246092,0.0710384346344127
359.799298810587,0.756545010354688,0,0.0919155227829076,0.107943492885109
359.899298615704,1.1730050968974,1,1.78869083154698,0.422175143686509
359.999298420821,0.780670526748234,0,-0.490953367101651,0
360.099298225938,0.870103793215333,0,0.0452051220856688,0.0992930332486007
360.199298031055,1.11614100455333,1,1.64617831660285,0.395782761265897
360.299297836172,0.855771127078109,0,-0.490953367101651,0
360.399297641289,0.874919119268492,0,-0.490953367101651,0
360.499297446405,0.746880211536416,0,-0.490953367101651,0
360.599297251522,0.684984290401624,0,-0.490953367101651,0
360.699297056639,0.695150869682743,0,0.472621184866921,0.178447682831884
360.799296861756,0.779116962847959,1,0.980277111206796,0.272462228510939
360.899296666873,0.91327182842179,0,-0.490953367101651,0
360.99929647199,0.56569731702566,0,-0.490953367101651,0
361.099296277107,0.564794631375907,0,-0.490953367101651,0
361.199296082224,0.465934308267003,0,-0.490953367101651,0
361.299295887341,0.379103848427826,0,-0.490953367101651,0
361.399295692457,0.532166726313144,0,0.416213716129139,0.168001389838669
361.499295497574,0.52648542352885,0,-0.142958627306105,0.0644463418293191
361.599295302691,0.535224451473147,0,-0.0704285524612603,0.0778784356566661
361.699295107808,0.59539559606595,0,0.215500754389338,0.130830666656308
361.799294912925,1.40673112365953,1,4.32812426112732,0.89246154787666
361.899294718042,1.65340600351515,0,2.04115063548187,0.468929042415294
361.999294523159,1.61650958457905,0,0.741626611700502,0.22826572232824
362.099294328276,1.74946553734788,1,1.53892294629621,0.375919770630254
362.199294133393,1.4672092693028,0,-0.490953367101651,0
362.29929393851,1.18523869385243,0,-0.490953367101651,0
362.399293743626,1.42335977309315,1,1.6140934722894,0.3898408586803
362.499293548743,1.50513891593752,0,1.16637201713192,0.306925783698559
362.59929335386,1.52086572314336,0,0.886517477732186,0.255098559760525
362.699293158977,1.41027502956017,0,0.219204985212633,0.131516665892943
362.799292964094,1.26455873620593,0,-0.0743386265713354,0.0771543155943228
362.899292769211,1.27931455869983,1,1.01111975075911,0.27817408292769
362.999292574328,1.31922546564538,0,-0.490953367101651,0
363.099292379445,0.830592238088289,0,-0.490953367101651,0
363.199292184562,0.987124510382365,0,0.44092975532173,0.172578638079285
363.299291989678,1.11245309308121,1,0.991788565813531,0.274594074351408
363.399291794795,1.0767704021401,0,0.24008301691006,0.135383140335304
363.499291599912,1.39129727861602,1,1.89320104317252,0.441529748951608
363.599291405029,1.29690809430732,0,-0.490953367101651,0
363.699291210146,0.780838517511161,0,-0.490953367101651,0
363.799291015263,0.744657701491865,0,-0.490953367101651,0
363.89929082038,1.44296415006106,1,3.37112130519815,0.715230881500164
363.999290625497,1.10467646460816,0,-0.490953367101651,0
364.099290430614,1.06816895969274,0,-0.490953367101651,0
364.199290235731,1.80748852990935,1,4.66021232908402,0.953962078481086
364.299290040847,2.00163084063354,0,1.8693675053374,0.437115934170309
364.399289845964,1.6682798861569,0,-0.490953367101651,0
364.499289651081,1.23712743927531,0,-0.490953367101651,0
364.599289456198,1.18616909571115,0,-0.490953367101651,0
364.699289261315,1.3587751694715,1,1.56441736755853,0.380641170121456
364.799289066432,1.32123838727379,0,0.461432755888374,0.176375659217653
364.899288871549,1.31451471363531,1,0.974254731775132,0.271346923366652
364.999288676666,1.16963555050406,0,-0.490953367101651,0
365.099288481783,1.05717956752959,0,-0.490953367101651,0
365.1992882869,0.871784943019709,0,-0.490953367101651,0
365.299288092016,0.902723623451778,0,0.528532763608186,0.1888021402524
365.399287897133,1.29628847202214,1,1.57774454292392,0.383109275529378
365.49928770225,0.829459294257177,0,-0.490953367101651,0
365.599287507367,0.795242492802381,0,-0.490953367101651,0
365.699287312484,0.771308212161223,0,-0.490953367101651,0
365.799287117601,0.460004391985165,0,-0.490953367101651,0
365.899286922718,0.454864854661466,0,-0.490953367101651,0
365.999286727835,0.712946412401448,0,-0.490953367101651,0
366.099286532952,0.364734422070242,0,-0.490953367101651,0
366.199286338068,0.273099934264121,0,-0.490953367101651,0
366.299286143185,0.278223592473792,0,-0.490953367101651,0
366.399285948302,0.551056231550367,1,0.971395820421305,0.270817471747708
366.499285753419,0.733391430249053,0,0.632830723918278,0.20811743796694
366.599285558536,0.788804288302368,0,-0.490953367101651,0
366.699285363653,0.311146196925542,0,-0.490953367101651,0
366.79928516877,0.304608654068306,0,-0.490953367101651,0
366.899284973887,1.27950799839689,1,4.32165292165743,0.891263098279935
366.999284779004,1.73283458751789,0,2.40981801259508,0.537203820995899
367.09928458412,1.34919055312826,0,-0.490953367101651,0
367.199284389237,1.04102003585233,0,-0.490953367101651,0
367.299284194354,0.898160192457854,0,-0.490953367101651,0
367.399283999471,1.16378299875348,1,0.83625449175755,0.245790184647192
367.499283804588,0.880983906076263,0,-0.490953367101651,0
367.599283609705,0.648669030504376,0,-0.490953367101651,0
367.699283414822,0.666890913828244,0,-0.490953367101651,0
367.799283219939,1.3073300886015,1,3.51222008386839,0.741361449241573
367.899283025056,1.33829051238539,0,0.782980690278227,0.235924226263163
367.999282830173,1.25610219841677,0,0.201084732812591,0.128160914076428
368.099282635289,1.24333493312095,0,0.388541443369541,0.162876666543981
368.199282440406,1.00797399706964,0,-0.490953367101651,0
368.299282245523,0.875207119186176,0,-0.490953367101651,0
368.39928205064,0.967364667281483,0,0.706422951405938,0.22174623549255
368.499281855757,1.03167942767013,0,0.643768902134934,0.21014311678253
368.599281660874,1.29706835999085,1,2.17835265956673,0.494337956782914
368.699281465991,1.19824344753406,0,-0.490953367101651,0
368.799281271108,0.820545457871295,0,-0.490953367101651,0
368.899281076225,0.977865821091544,0,-0.490953367101651,0
368.999280881341,0.807628168811628,0,-0.490953367101651,0
369.099280686458,0.627379265637018,0,-0.490953367101651,0
369.199280491575,0.883250152722224,1,1.79588459411552,0.423507381299651
369.299280296692,0.949602306317231,0,-0.490953367101651,0
369.399280101809,0.628519898418509,0,-0.490953367101651,0
369.499279906926,0.5027262682856,0,-0.490953367101651,0
369.599279712043,0.578065901334282,0,-0.490953367101651,0
369.69927951716,0.954962164346343,1,2.16982546703686,0.492758776692584
369.799279322277,0.795777397384647,0,-0.490953367101651,0
369.899279127394,0.65216557535725,0,-0.490953367101651,0
369.99927893251,0.888393858666788,1,1.05444363358499,0.286197381681027
370.099278737627,0.763251800618573,0,-0.490953367101651,0
370.199278542744,0.516160991101726,0,-0.490953367101651,0
370.299278347861,0.520360789618844,0,-0.490953367101651,0
370.399278152978,0.593261270718341,0,-0.490953367101651,0
370.499277958095,0.436057534108582,0,-0.490953367101651,0
370.599277763212,0.349600185783396,0,-0.490953367101651,0
370.699277568329,0.550337060637944,1,1.64191397921152,0.394993033968988
370.799277373446,0.58931036004637,0,-0.490953367101651,0
370.899277178562,0.61230221202863,0,-0.490953367101651,0
370.999276983679,0.471432683768688,0,-0.490953367101651,0
371.099276788796,0.558891399499945,0,-0.490953367101651,0
371.199276593913,0.937916767942892,0,-0.490953367101651,0
371.29927639903,0.247494149942076,0,-0.490953367101651,0
371.399276204147,0.0872672047868677,0,-0.490953367101651,0
371.499276009264,0.0502301222667196,0,-0.490953367101651,0
371.599275814381,0.195213525787116,0,-0.490953367101651,0
371.699275619498,0.148834286327248,0,-0.490953367101651,0
371.799275424615,0.00830422379541683,0,-0.490953367101651,0
371.899275229731,0.210786324481594,0,-0.490953367101651,0
371.999275034848,0.338639349443232,0,-0.490953367101651,0
372.099274839965,0.0742055609291128,0,-0.490953367101651,0
372.199274645082,0.144818682538992,0,-0.490953367101651,0
372.299274450199,0.136974459749074,0,-0.490953367101651,0
372.399274255316,0.181868024650729,0,-0.490953367101651,0
372.499274060433,0.260459321964707,0,-0.490953367101651,0
372.59927386555,0.172307281654957,0,-0.490953367101651,0
372.699273670667,0.0176566151091771,0,-0.490953367101651,0
372.799273475783,-0.175436372276176,0,-0.490953367101651,0
372.8992732809,-0.154102620516045,0,-0.490953367101651,0
372.999273086017,-0.163568157521507,0,-0.490953367101651,0
373.099272891134,-0.0341688394123637,0,-0.490953367101651,0
373.199272696251,0.152062525206671,0,-0.490953367101651,0
373.299272501368,0.0805092879578536,0,-0.490953367101651,0
373.399272306485,0.104189723818376,0,-0.490953367101651,0
373.499272111602,0.0313345088217661,0,-0.490953367101651,0
373.599271916719,-0.0695894286998836,0,-0.490953367101651,0
373.699271721836,-0.321837767861513,0,-0.490953367101651,0
373.799271526952,0.175338107555891,0,-0.490953367101651,0
373.899271332069,0.773461019918439,1,3.31238781225641,0.704353824090684
373.999271137186,0.916008558192021,0,-0.490953367101651,0
374.099270942303,0.42521520429405,0,-0.490953367101651,0
374.19927074742,0.612098172697961,0,-0.490953367101651,0
374.299270552537,0.498044853322986,0,-0.490953367101651,0
374.399270357654,0.27532551425275,0,-0.490953367101651,0
374.499270162771,0.889751244030543,1,2.40622366732235,0.536538171842022
374.599269967888,1.09030406678073,0,1.63320476190413,0.393380144084539
374.699269773004,0.961770854194149,0,-0.490953367101651,0
374.799269578121,0.65738676674804,0,-0.490953367101651,0
374.899269383238,0.710815265204491,0,-0.490953367101651,0
374.999269188355,0.862503482920358,0,-0.490953367101651,0
375.099268993472,0.598837588579855,0,-0.490953367101651,0
375.199268798589,0.33410930891875,0,-0.490953367101651,0
375.299268603706,0.473477995188397,0,-0.490953367101651,0
375.399268408823,0.619272180057952,0,-0.490953367101651,0
375.49926821394,0.279371235328337,0,-0.490953367101651,0
375.599268019057,0.408322460088279,0,-0.490953367101651,0
375.699267824173,0.205477750879633,0,-0.490953367101651,0
375.79926762929,0.161309270596824,0,-0.490953367101651,0
375.899267434407,0.279289868513211,0,-0.490953367101651,0
375.999267239524,0.0685418048983782,0,-0.490953367101651,0
376.099267044641,0.235237735863431,0,-0.490953367101651,0
376.199266849758,0.0102554878417731,0,-0.490953367101651,0
376.299266654875,0.439708142228293,0,0.972519818906171,0.271025628890009
376.399266459992,0.730189508125294,1,1.08253323601461,0.29139939169156
376.499266265109,0.353943115680025,0,-0.490953367101651,0
376.599266070225,0.635714294422027,0,-0.490953367101651,0
376.699265875342,0.58660993539421,0,-0.490953367101651,0
376.799265680459,0.521215684410312,0,-0.490953367101651,0
376.899265485576,0.39912773754479,0,-0.490953367101651,0
376.999265290693,-0.10955859964536,0,-0.490953367101651,0
377.09926509581,0.220610126043769,0,-0.490953367101651,0
377.199264900927,0.27431651430869,0,-0.490953367101651,0
377.299264706044,0.29904407246539,0,-0.490953367101651,0
377.399264511161,0.461077134107312,1,0.864330558071561,0.250989687857954
377.499264316278,0.554117488965206,0,0.32334269744479,0.1508022867152
377.599264121394,0.753648041921361,1,0.857797356001728,0.249779781713741
377.699263926511,0.752722338777808,0,-0.490953367101651,0
377.799263731628,0.471902577234634,0,-0.490953367101651,0
377.899263536745,0.31859172027816,0,-0.490953367101651,0
377.999263341862,0.402780588024169,0,-0.490953367101651,0
378.099263146979,0.344808078390388,0,-0.490953367101651,0
378.199262952096,0.339714508054787,0,-0.490953367101651,0
378.299262757213,0.299025020708157,0,-0.490953367101651,0
378.39926256233,0.511104467769565,0,0.691432102679178,0.218970028697229
378.499262367446,0.377736744039389,0,-0.490953367101651,0
378.599262172563,0.411220715224561,0,-0.253951667113444,0.0438911593334527
378.69926197768,0.426990054469337,0,-0.140730519738765,0.0648589727271357
378.799261782797,0.610041995638131,0,0.777366849673302,0.234884579828241
378.899261587914,0.904757664670455,1,2.24745353665628,0.507134985692705
378.999261393031,1.28276296791794,0,-0.490953367101651,0
379.099261198148,0.822514015846121,0,-0.490953367101651,0
379.199261003265,0.508095773105339,0,-0.490953367101651,0
379.299260808382,0.429384128772299,0,-0.490953367101651,0
379.399260613499,0.114946624351559,0,-0.490953367101651,0
379.499260418615,0.26345712362978,0,-0.490953367101651,0
379.599260223732,0.585666766410526,0,-0.490953367101651,0
379.699260028849,0.145254856482626,0,-0.490953367101651,0
379.799259833966,0.263937372155383,0,-0.490953367101651,0
379.899259639083,0.345227537097851,0,-0.490953367101651,0
379.9992594442,0.404242629090962,0,-0.490953367101651,0
380.099259249317,0.288063990072685,0,-0.490953367101651,0
380.199259054434,0.153133671092851,0,-0.490953367101651,0
380.299258859551,0.266032130538635,0,-0.490953367101651,0
380.399258664667,0.445261844965538,0,-0.490953367101651,0
380.499258469784,0.138655963590153,0,-0.490953367101651,0
380.599258274901,-0.0726123365849256,0,-0.490953367101651,0
380.699258080018,0.556299950203741,0,0.409558084503718,0.166768810544299
380.799257885135,0.249214262264388,0,-0.490953367101651,0
380.899257690252,-0.0264532047515169,0,-0.490953367101651,0
380.999257495369,0.314382860320297,0,-0.0950817607618017,0.0733128232848826
381.099257300486,0.349327069823991,0,-0.490953367101651,0
381.199257105603,0.168756800719038,0,-0.490953367101651,0
381.29925691072,0.526378414211955,0,1.09572181840679,0.293841830590464
381.399256715836,0.866496447165908,1,1.54481659910406,0.377011236448678
381.499256520953,0.753047741475767,0,-0.490953367101651,0
381.59925632607,0.517649116967295,0,-0.490953367101651,0
381.699256131187,0.78307671370119,0,-0.490953367101651,0
381.799255936304,0.303187599196523,0,-0.490953367101651,0
381.899255741421,0.201853928918278,0,-0.490953367101651,0
381.999255546538,0.584947052200704,1,1.09282988447686,0.293306263407161
382.099255351655,0.806845528966708,0,-0.490953367101651,0
382.199255156772,0.549857510941404,0,-0.490953367101651,0
382.299254961888,0.112426346447364,0,-0.490953367101651,0
382.399254767005,0.331011556995213,0,-0.490953367101651,0
382.499254572122,1.27717918611016,1,5.04575456613776,1.02536197036854
382.599254377239,1.31119800111134,0,-0.490953367101651,0
382.699254182356,0.986353510513728,0,-0.490953367101651,0
382.799253987473,0.68996935162011,0,-0.490953367101651,0
382.89925379259,0.776347532789479,0,-0.490953367101651,0
382.999253597707,0.472082325433226,0,-0.490953367101651,0
383.099253402824,0.563707959482963,0,-0.490953367101651,0
383.199253207941,0.416668969658927,0,-0.490953367101651,0
383.299253013057,0.711427262629788,0,1.220612484192,0.316970762203665
383.399252818174,1.04572134589632,1,2.52345102666634,0.5582479093986
383.499252623291,1.14130897992919,0,-0.490953367101651,0
383.599252428408,0.860185481486072,0,-0.490953367101651,0
383.699252233525,0.773961564088339,0,-0.490953367101651,0
383.799252038642,0.608236350454114,0,-0.490953367101651,0
383.899251843759,0.619860809571638,0,-0.490953367101651,0
383.999251648876,0.639848495157764,0,-0.490953367101651,0
384.099251453993,0.275550067089613,0,-0.490953367101651,0
384.199251259109,0.0682359092000542,0,-0.490953367101651,0
384.299251064226,-0.0334627647931576,0,-0.490953367101651,0
384.399250869343,0.378905010319201,0,-0.490953367101651,0
384.49925067446,0.519194801658373,1,0.872934412038116,0.252583065143208
384.599250479577,0.502834458768773,0,-0.490953367101651,0
384.699250284694,0.252094498328566,0,-0.490953367101651,0
384.799250089811,0.425349199794559,0,-0.490953367101651,0
384.899249894928,0.319756864552371,0,-0.490953367101651,0
384.999249700045,0.290247290750135,0,-0.490953367101651,0
385.099249505162,0.166035468371552,0,-0.490953367101651,0
385.199249310278,0.315313408758485,0,-0.022922871459713,0.0866761759858993
385.299249115395,0.415248645855184,0,0.193155470795931,0.12669246679277
385.399248920512,0.576516360861232,0,-0.490953367101651,0
385.499248725629,0.227152138431966,0,-0.490953367101651,0
385.599248530746,0.0738727954079794,0,-0.490953367101651,0
385.699248335863,0.396416550881449,0,0.532647378323116,0.189564139892308
385.79924814098,0.373755647618098,0,-0.490953367101651,0
385.899247946097,0.432119182392078,0,-0.490953367101651,0
385.999247751214,0.367215570629387,0,-0.490953367101651,0
386.099247556331,0.208400437760289,0,-0.490953367101651,0
386.199247361447,0.281337829879482,0,-0.490953367101651,0
386.299247166564,0.548924075952811,1,1.22712029775823,0.318175966563642
386.399246971681,0.604079975306531,0,0.13815036053445,0.11650588138532
386.499246776798,0.48069023814102,0,-0.490953367101651,0
386.599246581915,0.470587280621414,0,-0.490953367101651,0
386.699246387032,0.384126243497186,0,-0.490953367101651,0
386.799246192149,0.954565974791979,1,2.80180726190634,0.609797657240015
386.899245997266,1.38852370483004,0,1.69052896093914,0.403996209512058
386.999245802383,0.919943629371825,0,-0.490953367101651,0
387.099245607499,0.743928103579752,0,-0.490953367101651,0
387.199245412616,1.20719338198834,1,1.14728698506352,0.303391361019567
387.299245217733,0.921017033404471,0,-0.490953367101651,0
387.39924502285,0.462259488761706,0,-0.490953367101651,0
387.499244827967,0.656573723168068,0,-0.490953367101651,0
387.599244633084,0.790497427007827,1,0.779100972293855,0.235205727956065
387.699244438201,0.825277553491366,0,0.318164006132531,0.14984322707328
387.799244243318,1.29400081436988,1,2.69402023357505,0.589836207027619
387.899244048435,1.50489763898836,0,1.82899105209831,0.429638480031691
387.999243853551,1.23938120038422,0,-0.490953367101651,0
388.099243658668,1.23249816265726,0,-0.490953367101651,0
388.199243463785,0.836226617747281,0,-0.490953367101651,0
388.299243268902,0.550491370794757,0,-0.490953367101651,0
388.399243074019,0.958029703495979,0,-0.490953367101651,0
388.499242879136,0.711597179665512,0,-0.490953367101651,0
388.599242684253,0.208436707913269,0,-0.490953367101651,0
388.69924248937,0.439028412740536,0,-0.490953367101651,0
388.799242294487,0.435114939836664,0,-0.490953367101651,0
388.899242099604,0.364157054844264,0,-0.490953367101651,0
388.99924190472,0.246476763792739,0,-0.490953367101651,0
389.099241709837,0.935731280795486,1,3.45658793324599,0.731058740074711
389.199241514954,0.86484190056806,0,-0.490953367101651,0
389.299241320071,0.659377415341598,0,-0.490953367101651,0
389.399241125188,0.739181187249287,0,-0.490953367101651,0
389.499240930305,0.57772964168428,0,-0.490953367101651,0
389.599240735422,0.486067768424017,0,-0.490953367101651,0
389.699240540539,0.883987635182714,1,2.26968932619268,0.511252907975524
389.799240345656,0.800565737207892,0,-0.490953367101651,0
389.899240150772,0.690536517306002,0,-0.490953367101651,0
389.999239955889,0.809057893914617,0,0.782188617194218,0.235777539526588
390.099239761006,0.967505888645072,1,1.3504677981663,0.341019114077195
390.199239566123,0.98204084372576,0,-0.490953367101651,0
390.29923937124,0.858014514978036,0,-0.490953367101651,0
390.399239176357,0.413322441023258,0,-0.490953367101651,0
390.499238981474,0.777219329162786,0,-0.490953367101651,0
390.599238786591,0.446344058366548,0,-0.490953367101651,0
390.699238591708,0.223280377221324,0,-0.490953367101651,0
390.799238396825,0.332941153515048,0,-0.490953367101651,0
390.899238201941,0.653063611123759,1,1.38489181321916,0.347394215731139
390.999238007058,0.600699436609233,0,-0.490953367101651,0
391.099237812175,0.565449563825638,0,-0.135464434402763,0.0658342171686629
391.199237617292,1.56628164689312,1,5.69478289358158,1.14555775686787
391.299237422409,1.3971894542408,0,-0.490953367101651,0
391.399237227526,1.22811318816609,0,-0.490953367101651,0
391.499237032643,1.33814613584037,0,0.665063309895429,0.214086701338987
391.59923683776,0.951828871438399,0,-0.490953367101651,0
391.699236642877,0.706981656600554,0,-0.490953367101651,0
391.799236447994,1.21632528739736,1,2.3421207415559,0.524666730714402
391.89923625311,1.1587622568331,0,-0.490953367101651,0
391.999236058227,0.826503901034997,0,-0.490953367101651,0
392.099235863344,1.1780913034727,1,1.11822256478923,0.298008821142187
392.199235668461,0.856639711788455,0,-0.490953367101651,0
392.299235473578,0.642779001294077,0,-0.490953367101651,0
392.399235278695,0.835979604629082,0,0.491331172352048,0.181912649715571
392.499235083812,0.86151213716399,0,0.310948982407212,0.148507052033445
392.599234888929,1.31935871193827,1,2.66932257483819,0.585262362726768
392.699234694046,1.57752218064905,0,2.02112051609835,0.465219595768396
392.799234499162,1.69600812206409,0,1.49316000854364,0.367444774912651
392.899234304279,1.51323971172961,0,-0.490953367101651,0
392.999234109396,1.19691702677544,0,-0.490953367101651,0
393.099233914513,0.728446871642747,0,-0.490953367101651,0
393.19923371963,0.856639725186905,0,-0.490953367101651,0
393.299233524747,0.871541812914466,0,-0.490953367101651,0
393.399233329864,0.77684937780849,0,-0.490953367101651,0
393.499233134981,0.450981467256696,0,-0.490953367101651,0
393.599232940098,0.873537235554281,1,1.52625323804028,0.373573423815876
393.699232745214,0.744719338627786,0,-0.490953367101651,0
393.799232550331,0.578579387067793,0,-0.490953367101651,0
393.899232355448,0.478761876346531,0,-0.490953367101651,0
393.999232160565,0.790125287178552,1,1.71308562410466,0.408173555485011
394.099231965682,0.921498115317278,0,-0.490953367101651,0
394.199231770799,0.595569553525937,0,-0.490953367101651,0
394.299231575916,0.558322572947257,0,-0.490953367101651,0
394.399231381033,0.304994026451077,0,-0.490953367101651,0
394.49923118615,0.483221010733098,0,-0.490953367101651,0
394.599230991267,0.743254542606334,1,0.985562454922756,0.273441039478037
394.699230796383,0.390035469858006,0,-0.490953367101651,0
394.7992306015,0.513616040147325,0,-0.490953367101651,0
394.899230406617,0.658408257241492,0,0.525147282483893,0.188175171367982
394.999230211734,0.609542738548134,0,-0.490953367101651,0
395.099230016851,0.239538785042838,0,-0.490953367101651,0
395.199229821968,0.428721033074482,0,-0.490953367101651,0
395.299229627085,0.563239602728042,0,0.659935937263927,0.213137145579925
395.399229432202,1.01321068729798,1,2.86856544504905,0.622160834606568
395.499229237319,1.09653125472914,0,-0.490953367101651,0
395.599229042435,0.862395192659512,0,-0.490953367101651,0
395.699228847552,0.599841380498374,0,-0.490953367101651,0
395.799228652669,0.519110566358918,0,-0.490953367101651,0
395.899228457786,0.741366732794723,0,0.778477639826426,0.235090290874192
395.999228262903,0.897598903933914,0,0.927829147569516,0.262749209875066
396.09922806802,1.32497176291544,1,2.53866683186627,0.561065776656304
396.199227873137,1.34529176480045,0,0.742095156505673,0.228352493750976
396.299227678254,1.23990820584277,0,0.0824120130237307,0.106183505251739
396.399227483371,1.28750623001522,1,0.809492802014578,0.240834095350787
396.499227288488,1.18287229857551,0,0.0321839658606776,0.0968816005769984
396.599227093604,1.10354210627618,0,0.0705392150950108,0.103984740999629
396.699226898721,1.23906750694607,1,2.12598065339785,0.48463900497166
396.799226703838,1.11693238819947,0,-0.490953367101651,0
396.899226508955,1.04377668363955,0,-0.490953367101651,0
396.999226314072,0.901895395278536,0,-0.490953367101651,0
397.099226119189,0.951621843787331,0,-0.490953367101651,0
397.199225924306,0.73711285083181,0,-0.490953367101651,0
397.299225729423,0.50352727287537,0,-0.490953367101651,0
397.39922553454,0.553646358448992,0,-0.490953367101651,0
397.499225339657,0.571876458051324,0,-0.490953367101651,0
397.599225144773,0.784580946943056,1,1.85538177460707,0.434525868631074
397.69922494989,0.690708778919439,0,-0.490953367101651,0
397.799224755007,0.69208860955393,0,0.514482063072071,0.186200042731547
397.899224560124,0.69255109377103,0,-0.490953367101651,0
397.999224365241,0.735300823844435,0,-0.490953367101651,0
398.099224170358,0.423552198618973,0,-0.490953367101651,0
398.199223975475,0.382132816519816,0,-0.490953367101651,0
398.299223780592,0.352495886418681,0,-0.490953367101651,0
398.399223585709,0.685683557021519,1,1.22195850091853,0.317220035667158
398.499223390825,0.6757701684544,0,-0.490953367101651,0
398.599223195942,0.572582181572475,0,-0.490953367101651,0
398.699223001059,0.412661399936726,0,-0.490953367101651,0
398.799222806176,0.500980109411033,0,-0.490953367101651,0
398.899222611293,0.348744012154889,0,-0.490953367101651,0
398.99922241641,0.00217267298275052,0,-0.490953367101651,0
399.099222221527,0.108100111366653,0,-0.490953367101651,0
399.199222026644,0.298011662094519,0,-0.490953367101651,0
399.299221831761,0.0939452947964844,0,-0.490953367101651,0
399.399221636877,0.0445964281285453,0,-0.490953367101651,0
399.499221441994,0.0163510953707795,0,-0.490953367101651,0
399.599221247111,-0.0901313870447158,0,-0.490953367101651,0
399.699221052228,0.0380101231147772,0,-0.490953367101651,0
399.799220857345,0.144050954253933,0,-0.490953367101651,0
399.899220662462,-0.0928213423298904,0,-0.490953367101651,0
399.999220467579,-0.0788830320693992,0,-0.490953367101651,0
400.099220272696,0.164010154344745,0,-0.490953367101651,0
400.199220077813,0.535835676445305,1,1.58696918685372,0.384817619041416
400.29921988293,0.454228125411261,0,-0.490953367101651,0
400.399219688046,0.687549020110984,0,0.541462873078352,0.191196711662572
400.499219493163,0.48002437611152,0,-0.490953367101651,0
400.59921929828,0.392293290475545,0,-0.490953367101651,0
400.699219103397,0.339671213871891,0,-0.490953367101651,0
400.799218908514,0.671818185721879,1,1.57197319332371,0.382040459462301
400.899218713631,0.723979609091327,0,-0.490953367101651,0
400.999218518748,0.495011303580925,0,-0.490953367101651,0
401.099218323865,0.287503416322619,0,-0.490953367101651,0
401.199218128982,0.46501939611094,0,-0.490953367101651,0
401.299217934098,0.512503187561658,0,-0.490953367101651,0
401.399217739215,0.424831773062738,0,-0.490953367101651,0
401.499217544332,0.188275048332817,0,-0.490953367101651,0
401.599217349449,0.295038564001882,0,-0.490953367101651,0
401.699217154566,0.318714250186387,0,-0.490953367101651,0
401.799216959683,0.201209761520723,0,-0.490953367101651,0
401.8992167648,0.109654564063684,0,-0.490953367101651,0
401.999216569917,0.455309134451053,0,0.607791182561646,0.203480279248774
402.099216375034,0.40839001078568,0,-0.490953367101651,0
402.199216180151,0.143312762266629,0,-0.490953367101651,0
402.299215985267,0.459789593163521,0,0.491919538778228,0.182021611316096
402.399215790384,0.79568098413878,1,1.15904050113573,0.30556803505473
402.499215595501,0.500736757803089,0,-0.490953367101651,0
402.599215400618,0.678571243242748,0,0.422429909102966,0.169152587978916
402.699215205735,0.66177400182583,0,-0.490953367101651,0
402.799215010852,0.454317972713569,0,-0.490953367101651,0
402.899214815969,0.599368914797852,0,0.331893797433172,0.152385894309934
402.999214621086,0.587717056478054,0,-0.02409258649042,0.0864595524393592
403.099214426203,0.541080336532884,0,-0.490953367101651,0
403.19921423132,0.578092002684577,0,0.183789091775232,0.12495787487214
403.299214036436,0.996871333382176,1,2.19216261149551,0.496895469241785
403.399213841553,1.15707976397124,0,0.878230076109903,0.25356378737247
403.49921364667,0.838717438400171,0,-0.490953367101651,0
403.599213451787,0.751896534853603,0,-0.490953367101651,0
403.699213256904,0.755833471102983,0,-0.490953367101651,0
403.799213062021,0.94151842049553,1,1.3408192035479,0.339232257680126
403.899212867138,0.828647601379913,0,-0.490953367101651,0
403.999212672255,0.632761311388396,0,-0.490953367101651,0
404.099212477372,0.56352375331995,0,-0.490953367101651,0
404.199212282488,0.435724162856448,0,-0.490953367101651,0
404.299212087605,0.839639967119964,0,0.663629457659647,0.213821161315668
404.399211892722,0.320813372665796,0,-0.490953367101651,0
404.499211697839,0.433744384870355,0,-0.490953367101651,0
404.599211502956,0.490681118136623,0,-0.490953367101651,0
404.699211308073,0.362673227599168,0,-0.490953367101651,0
404.79921111319,0.46561716236851,0,0.250599598513309,0.137330742225141
404.899210918307,0.677733152427144,1,0.84575592848724,0.247549788369107
404.999210723424,0.51024694374654,0,-0.490953367101651,0
405.09921052854,0.517774677207426,0,-0.490953367101651,0
405.199210333657,0.839763271383112,1,0.986135114403698,0.273547092255393
405.299210138774,0.58691512922007,0,-0.490953367101651,0
405.399209943891,0.239685687442734,0,-0.490953367101651,0
405.499209749008,0.582284176933428,0,-0.490953367101651,0
405.599209554125,0.495825790849839,0,-0.490953367101651,0
405.699209359242,0.217547033472575,0,-0.490953367101651,0
405.799209164359,0.271460021930318,0,-0.490953367101651,0
405.899208969476,0.574069196688354,0,0.692919464191946,0.219245478287449
405.999208774593,0.352509678614981,0,-0.490953367101651,0
406.099208579709,0.367065397995333,0,-0.490953367101651,0
406.199208384826,0.463955401594715,0,0.195172337212384,0.127065977215873
406.299208189943,0.547143724698655,0,0.272847548596204,0.141450916561357
406.39920799506,0.729544707106466,1,1.27392272532879,0.326843468973093
406.499207800177,0.853934190851271,0,-0.490953367101651,0
406.599207605294,0.520438541374838,0,-0.490953367101651,0
406.699207410411,0.513088741651131,0,-0.490953367101651,0
406.799207215528,0.387089089963764,0,-0.490953367101651,0
406.899207020645,0.834939652013592,1,1.51360019336288,0.371230162986875
406.999206825761,0.573904019656079,0,-0.490953367101651,0
407.099206630878,0.53828130485171,0,-0.490953367101651,0
407.199206435995,1.13597068949434,1,3.04084802791208,0.654066438216989
407.299206241112,0.965028025316276,0,-0.490953367101651,0
407.399206046229,1.27699265165567,1,1.63069573395039,0.392915488574914
407.499205851346,1.03857781261611,0,-0.490953367101651,0
407.599205656463,0.815639860189516,0,-0.490953367101651,0
407.69920546158,0.658558334339101,0,-0.490953367101651,0
407.799205266697,0.826264602101928,0,0.554981002229023,0.193700180458247
407.899205071814,1.12252031454935,0,1.76366406745649,0.417540351234171
407.99920487693,1.44971664306562,1,2.90760412355749,0.629390541645236
408.099204682047,1.39838059048199,0,-0.490953367101651,0
408.199204487164,0.975665697298087,0,-0.490953367101651,0
408.299204292281,1.23719403273971,0,-0.490953367101651,0
408.399204097398,0.601190229105314,0,-0.490953367101651,0
408.499203902515,0.690772156082853,0,-0.490953367101651,0
408.599203707632,0.677085048853418,0,-0.490953367101651,0
408.699203512749,0.742297853821917,0,-0.490953367101651,0
408.799203317866,0.477205135131844,0,-0.490953367101651,0
408.899203122982,0.579333550723021,0,0.538378289026419,0.190625466941089
408.999202928099,0.736345998379321,0,0.207598817246362,0.129367279759916
409.099202733216,0.569668730288123,0,-0.490953367101651,0
409.199202538333,0.302264439082775,0,-0.490953367101651,0
409.29920234345,0.388976309792785,0,-0.490953367101651,0
409.399202148567,0.568409529524187,0,0.621160749981929,0.20595623538703
409.499201953684,0.693509712136116,0,0.597271476773612,0.20153209878042
409.599201758801,0.683667559379827,0,0.0635978979181338,0.102699254616158
409.699201563918,0.616372421065491,0,-0.490953367101651,0
409.799201369035,0.700835250662269,0,0.500200591686225,0.183555207963933
409.899201174151,0.844146300284442,1,0.893193317118526,0.256334881399589
409.999200979268,0.881710761407976,0,-0.490953367101651,0
410.099200784385,0.376729968382091,0,-0.490953367101651,0
410.199200589502,0.492938713654389,0,-0.490953367101651,0
410.299200394619,0.550498234847245,0,-0.490953367101651,0
410.399200199736,0.432748984301374,0,-0.490953367101651,0
410.499200004853,0.371487456718087,0,-0.490953367101651,0
410.59919980997,0.490432762406231,0,-0.490953367101651,0
410.699199615087,0.498534695994064,0,-0.490953367101651,0
410.799199420203,0.103047699311886,0,-0.490953367101651,0
410.89919922532,0.0477276392028062,0,-0.490953367101651,0
410.999199030437,0.360527576919312,0,0.278339515992494,0.142467992877926
411.099198835554,0.465411636981574,0,0.292853306455111,0.145155851613787
411.199198640671,0.663153271907002,1,0.892238890027486,0.256158127766484
411.299198445788,0.57000304172143,0,-0.490953367101651,0
411.399198250905,0.888178370281376,1,0.880406765257491,0.253966895916421
411.499198056022,0.522230572206269,0,-0.490953367101651,0
411.599197861139,0.283151014750471,0,-0.490953367101651,0
411.699197666256,0.564936037232743,0,-0.490953367101651,0
411.799197471372,0.379856619335403,0,-0.490953367101651,0
411.899197276489,0.262858157922815,0,-0.490953367101651,0
411.999197081606,0.304081449064083,0,-0.490953367101651,0
412.099196886723,0.438562918149266,0,-0.490953367101651,0
412.19919669184,0.424995940703511,0,-0.490953367101651,0
412.299196496957,0.367939557677409,0,-0.490953367101651,0
412.399196302074,0.290526589628971,0,-0.490953367101651,0
412.499196107191,0.382662375595268,0,-0.490953367101651,0
412.599195912308,0.388185896933828,0,-0.490953367101651,0
412.699195717424,0.0542712483868584,0,-0.490953367101651,0
412.799195522541,0.224470477247088,0,-0.490953367101651,0
412.899195327658,0.280105173494602,0,-0.490953367101651,0
412.999195132775,0.199018436953899,0,-0.490953367101651,0
413.099194937892,0.208898725892092,0,-0.490953367101651,0
413.199194743009,0.18635941589145,0,-0.490953367101651,0
413.299194548126,-0.0409228960349748,0,-0.490953367101651,0
413.399194353243,0.218600764041526,0,-0.490953367101651,0
413.49919415836,0.279385195952745,0,-0.490953367101651,0
413.599193963477,0.189476261083934,0,-0.490953367101651,0
413.699193768593,0.272804933704511,0,-0.490953367101651,0
413.79919357371,0.240073006491574,0,-0.490953367101651,0
413.899193378827,-0.119871445474556,0,-0.490953367101651,0
413.999193183944,-0.0366119611551785,0,-0.490953367101651,0
414.099192989061,0.129243241794072,0,-0.490953367101651,0
414.199192794178,0.215333997595486,0,-0.490953367101651,0
414.299192599295,0.115933472511553,0,-0.490953367101651,0
414.399192404412,0.17308860139193,0,-0.490953367101651,0
414.499192209529,0.267017084140543,0,0.33116967798889,0.152251792141439
414.599192014645,0.388320505816938,0,-0.490953367101651,0
414.699191819762,0.0972837196096329,0,-0.490953367101651,0
414.799191624879,0.365160250722346,0,0.315770684241889,0.149399999567133
414.899191429996,0.953594963243247,1,2.82801526617841,0.614651207621191
414.999191235113,0.940162033532413,0,-0.490953367101651,0
415.09919104023,0.487367993501195,0,-0.490953367101651,0
415.199190845347,0.707219706711849,0,0.210364922705597,0.12987954433629
415.299190650464,0.623074038082897,0,-0.490953367101651,0
415.399190455581,0.902410625490928,0,0.691833622428667,0.219044387519555
415.499190260698,0.539658610135686,0,-0.490953367101651,0
415.599190065814,0.582011065671382,0,-0.490953367101651,0
415.699189870931,0.314747997963593,0,-0.490953367101651,0
415.799189676048,0.575968569425918,0,0.0486373782706733,0.0999286645672653
415.899189481165,0.378528701555978,0,-0.490953367101651,0
415.999189286282,0.572283070765219,0,0.472247526962695,0.178378483840436
416.099189091399,0.837349794957459,1,1.46456889825073,0.362149888937364
416.199188896516,0.928638018302067,0,-0.490953367101651,0
416.299188701633,0.363048230365068,0,-0.490953367101651,0
416.39918850675,0.602858415942828,0,-0.490953367101651,0
416.499188311866,0.56720874096063,0,0.0440452340739774,0.0990782296014849
416.599188116983,0.539681970676146,0,-0.228005203241425,0.048696274149098
416.6991879221,0.831807598356551,1,1.47218593975333,0.363560515031004
416.799187727217,1.09306514875845,0,0.750953804472178,0.229993057212741
416.899187532334,0.585220864151277,0,-0.490953367101651,0
416.999187337451,0.538484396845815,0,-0.490953367101651,0
417.099187142568,0.750718400486562,0,-0.490953367101651,0
417.199186947685,0.585117271070641,0,-0.490953367101651,0
417.299186752802,0.515574321843254,0,-0.490953367101651,0
417.399186557919,0.514329714638444,0,-0.490953367101651,0
417.499186363035,0.28704353975645,0,-0.490953367101651,0
417.599186168152,0.00848092081814437,0,-0.490953367101651,0
417.699185973269,0.584782556224349,0,0.419838486061228,0.168672673439776
417.799185778386,0.290672717826352,0,-0.490953367101651,0
417.899185583503,0.253216422904058,0,-0.490953367101651,0
417.99918538862,0.485028987611509,0,-0.0931356524358803,0.0736732297740235
418.099185193737,0.208326173827149,0,-0.490953367101651,0
418.199184998854,0.356277072290048,0,-0.187020334807286,0.0562864027886517
418.299184803971,0.460412055088096,0,-0.104779456748564,0.0715168736366584
418.399184609087,0.25580467519694,0,-0.490953367101651,0
418.499184414204,0.595736427750265,0,0.489434896300117,0.181561471836511
418.599184219321,0.471492757058685,0,-0.490953367101651,0
418.699184024438,0.152143438042024,0,-0.490953367101651,0
418.799183829555,0.181319652600413,0,-0.490953367101651,0
418.899183634672,0.248500069598378,0,-0.490953367101651,0
418.999183439789,0.389562354361002,0,-0.490953367101651,0
419.099183244906,0.229203991429084,0,-0.490953367101651,0
419.199183050023,0.295535702493636,0,-0.490953367101651,0
419.29918285514,0.389272286859841,0,-0.490953367101651,0
419.399182660256,0.184325839480346,0,-0.490953367101651,0
419.499182465373,0.106263092302304,0,-0.490953367101651,0
419.59918227049,0.229627814977101,0,-0.490953367101651,0
419.699182075607,0.287613177227425,0,-0.490953367101651,0
419.799181880724,0.224069556294189,0,-0.490953367101651,0
419.899181685841,0.22142949367731,0,-0.490953367101651,0
419.999181490958,0.0233759462391365,0,-0.490953367101651,0
420.099181296075,0.345710429699797,0,0.549234483145732,0.192635962839934
420.199181101192,0.315021015443279,0,-0.490953367101651,0
420.299180906308,0.245640417261006,0,-0.490953367101651,0
420.399180711425,0.444127908077917,0,0.573009357148526,0.197038913464513
420.499180516542,0.653082615480362,1,1.0875170287323,0.292322357392936
420.599180321659,0.753111762546863,0,-0.490953367101651,0
420.699180126776,0.475938676454659,0,-0.490953367101651,0
420.799179931893,0.344394281210947,0,-0.490953367101651,0
420.89917973701,0.310538771045398,0,-0.490953367101651,0
420.999179542127,0.899581078299815,0,2.52219539848721,0.558015375300843
421.099179347244,1.75153587368278,1,5.5778460854071,1.12390182748093
421.199179152361,1.72261750215818,0,-0.490953367101651,0
421.299178957477,1.28466147197836,0,-0.490953367101651,0
421.399178762594,1.19290592688643,0,-0.490953367101651,0
421.499178567711,1.00465400340778,0,-0.490953367101651,0
421.599178372828,0.772041539940267,0,-0.490953367101651,0
421.699178177945,0.932635135688956,1,0.762792467943704,0.232185499987412
421.799177983062,0.768140433133641,0,-0.490953367101651,0
421.899177788179,1.06121713704429,1,1.60873451016278,0.388848414066726
421.999177593296,0.892375873831383,0,-0.490953367101651,0
422.099177398413,1.0146677471774,1,0.894054919798765,0.256494444561045
422.199177203529,0.826559967679413,0,-0.490953367101651,0
422.299177008646,0.789269937356987,0,-0.490953367101651,0
422.399176813763,0.934307443479328,0,1.14742116039773,0.303416209410835
422.49917661888,1.16176090161204,1,2.12941385855922,0.485274812034518
422.599176423997,1.12027471690793,0,-0.490953367101651,0
422.699176229114,0.864836446638331,0,-0.490953367101651,0
422.799176034231,0.865408175968934,0,-0.490953367101651,0
422.899175839348,0.695378783776044,0,-0.490953367101651,0
422.999175644465,0.619182992356462,0,-0.490953367101651,0
423.099175449582,0.60456008627924,0,-0.490953367101651,0
423.199175254698,0.824222168260589,1,1.63253702877689,0.393256484291882
423.299175059815,0.929994725315607,0,0.733182475477055,0.226701923720741
423.399174864932,1.29628082590106,1,1.94724952403245,0.451539172872501
423.499174670049,0.971309253401242,0,-0.490953367101651,0
423.599174475166,0.902687688570352,0,-0.490953367101651,0
423.699174280283,1.33072994418859,1,3.18020372653088,0.679874198973164
423.7991740854,1.24455300882088,0,-0.490953367101651,0
423.899173890517,1.06546250602798,0,-0.490953367101651,0
423.999173695634,0.89054814413628,0,-0.490953367101651,0
424.09917350075,0.805842881077531,0,-0.490953367101651,0
424.199173305867,0.807769871119092,0,0.45894282750975,0.175914540823985
424.299173110984,1.03892612489924,0,1.39477122436543,0.349223817834261
424.399172916101,1.19403032455062,1,1.42845654218717,0.355462117609263
424.499172721218,1.10558058339528,0,-0.490953367101651,0
424.599172526335,0.870808144550575,0,-0.490953367101651,0
424.699172331452,1.32270086691048,1,2.58501830001377,0.569649764340369
424.799172136569,1.57065092169003,0,1.45549141241445,0.360468798138408
424.899171941686,1.21283372571465,0,-0.490953367101651,0
424.999171746803,0.943272901693151,0,-0.490953367101651,0
425.099171551919,0.892425318140559,0,-0.490953367101651,0
425.199171357036,0.852521239371728,0,-0.490953367101651,0
425.299171162153,0.523182921761751,0,-0.490953367101651,0
425.39917096727,0.554890346196195,0,-0.490953367101651,0
425.499170772387,0.914647866709307,1,1.14207118593052,0.302425429252794
425.599170577504,0.749221551219539,0,-0.490953367101651,0
425.699170382621,0.348723456103874,0,-0.490953367101651,0
425.799170187738,0.482992468678297,0,-0.490953367101651,0
425.899169992855,0.407919733150369,0,-0.490953367101651,0
425.999169797971,0.333858432847257,0,-0.490953367101651,0
426.099169603088,0.670659470856853,1,1.11330578666424,0.297098266103544
426.199169408205,0.502725861367501,0,-0.490953367101651,0
426.299169213322,1.27081417476495,1,3.8120530730342,0.796888550952476
426.399169018439,1.40765138583155,0,1.46190427702586,0.361656418575127
426.499168823556,1.25717263137111,0,-0.490953367101651,0
426.599168628673,0.996674953711682,0,-0.490953367101651,0
426.69916843379,1.08394925204797,1,0.95373048122002,0.267545966869888
426.799168238907,0.956797035107609,0,-0.490953367101651,0
426.899168044024,0.877853274190465,0,-0.490953367101651,0
426.99916784914,0.848904435929105,0,-0.490953367101651,0
427.099167654257,0.460250288276642,0,-0.490953367101651,0
427.199167459374,0.464443357951401,0,-0.490953367101651,0
427.299167264491,0.630488817991225,0,0.496042364848839,0.182785131645184
427.399167069608,0.791612199209085,1,0.88244478864257,0.254344324471256
427.499166874725,0.892316380257106,0,-0.490953367101651,0
427.599166679842,0.609379351786455,0,-0.490953367101651,0
427.699166484959,0.47674235921252,0,-0.490953367101651,0
427.799166290076,0.165164302404325,0,-0.490953367101651,0
427.899166095192,0.405551168081258,0,-0.490953367101651,0
427.999165900309,0.26147205435633,0,-0.490953367101651,0
428.099165705426,0.290312337458115,0,-0.490953367101651,0
428.199165510543,0.263260198980904,0,-0.490953367101651,0
428.29916531566,0.313704378116579,0,-0.490953367101651,0
428.399165120777,0.101453397115917,0,-0.490953367101651,0
428.499164925894,0.177073228794832,0,-0.490953367101651,0
428.599164731011,0.17757008046629,0,-0.490953367101651,0
428.699164536128,0.0747119718044964,0,-0.490953367101651,0
428.799164341245,0.11924836739099,0,-0.490953367101651,0
428.899164146361,0.458745603919585,0,-0.490953367101651,0
428.999163951478,0.227983667076576,0,-0.490953367101651,0
429.099163756595,0.0581230126380752,0,-0.490953367101651,0
429.199163561712,-0.0669444511154111,0,-0.490953367101651,0
429.299163366829,0.164045053124567,0,-0.490953367101651,0
429.399163171946,0.453159450792949,1,1.70154209935275,0.406035770464141
429.499162977063,0.611848853308896,0,-0.490953367101651,0
429.59916278218,0.361344848186066,0,-0.490953367101651,0
429.699162587297,0.537656490911742,0,-0.490953367101651,0
429.799162392413,0.435201748142759,0,-0.490953367101651,0
429.89916219753,0.195393291331795,0,-0.490953367101651,0
429.999162002647,0.307744915454226,0,-0.490953367101651,0
430.099161807764,0.0509290990390879,0,-0.490953367101651,0
430.199161612881,0.0817589841986197,0,-0.490953367101651,0
430.299161417998,0.0684300404182247,0,-0.490953367101651,0
430.399161223115,0.503441198574954,1,1.28262910816983,0.328455833932979
430.499161028232,0.701111266218151,0,-0.490953367101651,0
430.599160833349,0.237730882391683,0,-0.490953367101651,0
430.699160638466,0.228657752550702,0,-0.490953367101651,0
430.799160443582,0.280513840408532,0,-0.490953367101651,0
430.899160248699,0.525402765904486,0,0.294758428110707,0.14550866764059
430.999160053816,0.39895488742339,0,-0.490953367101651,0
431.099159858933,0.142147403912389,0,-0.490953367101651,0
431.19915966405,0.308005652802525,0,-0.490953367101651,0
431.299159469167,0.589782611995449,1,1.25345311448127,0.323052631391561
431.399159274284,0.679598606564287,0,0.13825891438332,0.116525984845663
431.499159079401,0.486812175284126,0,-0.490953367101651,0
431.599158884518,0.48769219186598,0,-0.490953367101651,0
431.699158689634,0.424747057954501,0,-0.490953367101651,0
431.799158494751,0.291950090954569,0,-0.490953367101651,0
431.899158299868,0.566912150096782,1,1.0362514426624,0.282828307322288
431.999158104985,0.668256397148794,0,-0.490953367101651,0
432.099157910102,0.395030359321265,0,-0.490953367101651,0
432.199157715219,0.232590296233403,0,-0.490953367101651,0
432.299157520336,0.718986088146324,0,-0.490953367101651,0
432.399157325453,0.318084124132699,0,-0.490953367101651,0
432.49915713057,0.142298475875095,0,-0.490953367101651,0
432.599156935687,0.240822612968439,0,-0.490953367101651,0
432.699156740803,0.164988300057685,0,-0.490953367101651,0
432.79915654592,0.0634774546475973,0,-0.490953367101651,0
432.899156351037,0.0175318766994094,0,-0.490953367101651,0
432.999156156154,0.0729155860129989,0,-0.490953367101651,0
433.099155961271,0.358296048828378,0,0.488742152490669,0.18143318022966
433.199155766388,0.464784394658533,0,0.2994200702647,0.146371973171928
433.299155571505,0.681683940209231,0,0.995634621375896,0.275306338598886
433.399155376622,0.8834152500973,1,1.11745566873006,0.297866797025369
433.499155181739,0.992497528615632,0,0.806652088297306,0.240308013814698
433.599154986855,1.34046784061373,1,1.86187631793953,0.435728615430853
433.699154791972,1.00249250626791,0,-0.490953367101651,0
433.799154597089,1.10052487947364,0,0.521317705763282,0.187465958893842
433.899154402206,1.44301686723225,1,1.31198037301957,0.333891495543094
433.999154207323,1.03373384622249,0,-0.490953367101651,0
434.09915401244,0.685165330449553,0,-0.490953367101651,0
434.199153817557,0.889174973658073,0,0.154862134027728,0.119600792152519
434.299153622674,0.956058517787496,0,0.482203900373303,0.180222338849789
434.399153427791,0.773673415270268,0,-0.490953367101651,0
434.499153232908,1.35097591844037,1,3.12398854075454,0.669463515522405
434.599153038024,1.10680389948464,0,-0.490953367101651,0
434.699152843141,0.915291200640598,0,-0.490953367101651,0
434.799152648258,0.916679840394438,0,-0.490953367101651,0
434.899152453375,0.984199090774684,0,0.69769434734735,0.220129755309019
434.999152258492,0.760054504744257,0,-0.490953367101651,0
435.099152063609,0.594121627833901,0,-0.490953367101651,0
435.199151868726,0.762022314862595,0,0.526852059750318,0.188490884928823
435.299151673843,0.86833376263554,0,0.677670291050465,0.216421431505973
435.39915147896,0.817873152388517,0,-0.0690066180551501,0.078141768576149
435.499151284076,0.893242987828017,0,0.507498499793648,0.184906732647342
435.599151089193,0.809240443936185,0,-0.490953367101651,0
435.69915089431,0.581552181589055,0,-0.490953367101651,0
435.799150699427,0.526255630629258,0,-0.490953367101651,0
435.899150504544,0.793648287956629,1,1.20232988517515,0.313584944859239
435.999150309661,0.957727933609309,0,1.01930978891705,0.279690824241169
436.099150114778,0.929635198038369,0,0.135739223460636,0.116059354624175
436.199149919895,1.00910832261898,0,0.690182500597529,0.218738610593174
436.299149725012,0.988156209354063,0,0.222556600302314,0.132137363010022
436.399149530129,1.24832379318555,0,0.555150054037664,0.193731487743676
436.499149335245,0.613894154427083,0,-0.490953367101651,0
436.599149140362,1.04690606681878,1,1.13666833252016,0.30142485626154
436.699148945479,1.03349450782877,0,0.298775828286583,0.14625266378591
436.799148750596,1.36245377153023,0,2.13489890428115,0.486290606502426
436.899148555713,1.7712232699736,1,2.46262652619235,0.546983611117979
436.99914836083,1.32999036674145,0,-0.490953367101651,0
437.099148165947,1.49559524569688,0,1.11863858791195,0.298085865894046
437.199147971064,1.60391639869721,1,1.36592376433755,0.343881457570548
437.299147776181,1.39691478264432,0,-0.490953367101651,0
437.399147581297,1.06839569230959,0,-0.490953367101651,0
437.499147386414,1.69533964973131,1,3.48424353545598,0.736180376093024
437.599147191531,1.7143772187496,0,1.02184657161164,0.280160619746636
437.699146996648,1.41723241287519,0,-0.490953367101651,0
437.799146801765,1.15469778480533,0,-0.490953367101651,0
437.899146606882,0.965372303378351,0,-0.490953367101651,0
437.999146411999,0.990441539060747,0,-0.490953367101651,0
438.099146217116,1.17724929663911,1,1.90016424773129,0.442819288734553
438.199146022233,1.19820634524236,0,0.606784704780804,0.20329388616954
438.29914582735,1.1175107080066,0,0.0775688544285779,0.105286584066838
438.399145632466,1.26595433878026,0,1.23907128666435,0.320389211271577
438.499145437583,1.39064110730107,1,2.06381760005119,0.473126815484293
438.5991452427,1.41408495971123,0,-0.490953367101651,0
438.699145047817,0.949844879236876,0,-0.490953367101651,0
438.799144852934,1.0222285271083,0,-0.490953367101651,0
438.899144658051,1.0805768313038,0,-0.490953367101651,0
438.999144463168,0.563603474169741,0,-0.490953367101651,0
439.099144268285,0.759690065105117,0,0.491565747033788,0.181956091407054
439.199144073402,0.701391977348918,0,-0.213372192548551,0.0514062116891284
439.299143878518,0.798305285377972,0,0.569974722326556,0.196476919012589
439.399143683635,1.03145174449227,1,0.824100328751615,0.243539313429455
439.499143488752,0.658482195832764,0,-0.490953367101651,0
439.599143293869,0.938379659037048,1,0.944976839608758,0.26592484989593
439.699143098986,0.860730141205396,0,-0.150028609186267,0.0631370275872599
439.799142904103,0.814023573752748,0,-0.0558774958278288,0.0805731958427737
439.89914270922,0.95738587699294,1,0.793506007345774,0.237873445903654
439.999142514337,0.866412429207949,0,-0.490953367101651,0
440.099142319454,0.62578227925379,0,-0.490953367101651,0
440.199142124571,0.492900124570863,0,-0.490953367101651,0
440.299141929687,0.990947590560944,1,1.9505072672719,0.452142485539024
440.399141734804,1.00085454012905,0,-0.490953367101651,0
440.499141539921,0.54410253040328,0,-0.490953367101651,0
440.599141345038,0.358947404396229,0,-0.490953367101651,0
440.699141150155,0.478402151945738,0,-0.490953367101651,0
440.799140955272,0.526546231151598,0,-0.490953367101651,0
440.899140760389,0.4801247008359,0,-0.490953367101651,0
440.999140565506,0.718856407491477,1,1.52292947626511,0.372957884949835
441.099140370623,0.960964846161829,0,1.38621795788311,0.347639809019067
441.199140175739,0.939009949220611,0,-0.490953367101651,0
441.299139980856,0.550870256881822,0,-0.490953367101651,0
441.399139785973,0.607110506886203,0,-0.490953367101651,0
441.49913959109,0.763074007740766,0,0.579648626315563,0.198268462538983
441.599139396207,0.506275495236171,0,-0.490953367101651,0
441.699139201324,0.472653248859274,0,-0.490953367101651,0
441.799139006441,0.602189044380103,0,-0.490953367101651,0
441.899138811558,0.432010052580847,0,-0.490953367101651,0
441.999138616675,0.319605911697579,0,-0.490953367101651,0
442.099138421792,0.4263096802032,0,0.107303057298498,0.110793163284969
442.199138226908,0.521580551845992,0,0.100712253741103,0.109572589723313
442.299138032025,0.531366011765785,0,-0.490953367101651,0
442.399137837142,0.317923326228172,0,-0.490953367101651,0
442.499137642259,0.167679661812972,0,-0.490953367101651,0
442.599137447376,0.572308659526808,1,1.00980103923492,0.277929866208458
442.699137252493,0.615812795563681,0,0.815840390580107,0.242009627092234
442.79913705761,0.596090362881698,0,-0.490953367101651,0
442.899136862727,0.682011774850234,0,-0.490953367101651,0
442.999136667844,0.745229530462967,0,-0.490953367101651,0
443.09913647296,0.43171074786132,0,-0.490953367101651,0
443.199136278077,0.25697902901202,0,-0.490953367101651,0
443.299136083194,0.154529977568888,0,-0.490953367101651,0
443.399135888311,0.259957639851815,0,-0.490953367101651,0
443.499135693428,0.407322316484163,0,-0.490953367101651,0
443.599135498545,0.264945963025202,0,-0.490953367101651,0
443.699135303662,-0.0574568779219086,0,-0.490953367101651,0
443.799135108779,0.251467960395976,0,-0.490953367101651,0
443.899134913896,0.11218709924527,0,-0.490953367101651,0
443.999134719013,0.123230968449185,0,-0.490953367101651,0
444.099134524129,0.250829924878732,0,-0.490953367101651,0
444.199134329246,0.333939529423356,0,0.428752660879757,0.170323520110098
444.299134134363,0.476119906768259,0,0.059585621534984,0.101956207363622
444.39913393948,0.261202047505423,0,-0.490953367101651,0
444.499133744597,0.428897497999913,0,-0.127056024187644,0.0673913995538999
444.599133549714,0.280154419627788,0,-0.490953367101651,0
444.699133354831,1.12558899263067,1,3.96006466379993,0.82429932612337
444.799133159948,1.39407720632718,0,1.92783650046787,0.44794400832111
444.899132965065,1.18637304442705,0,-0.490953367101651,0
444.999132770181,1.53201954877552,1,2.94384952614287,0.636102952315958
445.099132575298,1.59947252877405,0,-0.490953367101651,0
445.199132380415,1.05378325452331,0,-0.490953367101651,0
445.299132185532,0.829468182620153,0,-0.490953367101651,0
445.399131990649,0.964912763904215,0,-0.490953367101651,0
445.499131795766,1.04690283524427,1,1.93243218771249,0.448795099436112
445.599131600883,0.953020599762643,0,-0.490953367101651,0
445.699131406,0.720908016654523,0,-0.490953367101651,0
445.799131211117,0.829722288893232,0,-0.490953367101651,0
445.899131016234,0.650450207631133,0,-0.490953367101651,0
445.99913082135,0.441175608746242,0,-0.490953367101651,0
446.099130626467,0.434155571949598,0,-0.490953367101651,0
446.199130431584,0.709117889387258,0,-0.490953367101651,0
446.299130236701,0.600889673806418,0,-0.490953367101651,0
446.399130041818,0.246715066897645,0,-0.490953367101651,0
446.499129846935,0.42823378623262,0,-0.490953367101651,0
446.599129652052,0.263709373333326,0,-0.490953367101651,0
446.699129457169,0.141819199283954,0,-0.490953367101651,0
446.799129262286,0.485494386615273,0,-0.490953367101651,0
446.899129067402,0.322720125108353,0,-0.490953367101651,0
446.999128872519,0.221096844474804,0,-0.490953367101651,0
447.099128677636,-0.0209211158721268,0,-0.490953367101651,0
447.199128482753,-0.219417553198082,0,-0.490953367101651,0
447.29912828787,-0.155094497767176,0,-0.490953367101651,0
447.399128092987,0.275003875101053,0,-0.490953367101651,0
447.499127898104,0.274094971476519,0,-0.490953367101651,0
447.599127703221,0.477208274584063,0,-0.490953367101651,0
447.699127508338,0.242729138052882,0,-0.490953367101651,0
447.799127313455,0.221344006724757,0,-0.490953367101651,0
447.899127118571,0.164436530210581,0,-0.490953367101651,0
447.999126923688,0.264159636291241,0,-0.490953367101651,0
448.099126728805,0.18587910356331,0,-0.490953367101651,0
448.199126533922,0.218855948030144,0,-0.490953367101651,0
448.299126339039,0.210277787952668,0,-0.490953367101651,0
448.399126144156,0.245073412689166,0,-0.490953367101651,0
448.499125949273,0.403556611630566,1,0.773727318280501,0.234210562501494
448.59912575439,0.280403563519206,0,-0.490953367101651,0
448.699125559507,0.433854395806135,0,0.279915353466809,0.142759827635535
448.799125364623,0.874423633256495,1,2.03013431689921,0.466888892516775
448.89912516974,0.676035351372844,0,-0.490953367101651,0
448.999124974857,0.764390991792652,0,-0.490953367101651,0
449.099124779974,0.439747313130596,0,-0.490953367101651,0
449.199124585091,0.458392164499185,0,-0.490953367101651,0
449.299124390208,0.3988470180992,0,-0.490953367101651,0
449.399124195325,0.352692853634812,0,-0.490953367101651,0
449.499124000442,0.225352788790666,0,-0.490953367101651,0
449.599123805559,0.268628102844898,0,-0.490953367101651,0
449.699123610676,0.688800413281847,0,0.680209694411165,0.216891712341604
449.799123415792,0.4407377854751,0,-0.490953367101651,0
449.899123220909,0.211567118696557,0,-0.490953367101651,0
449.999123026026,0.306109156701084,0,-0.490953367101651,0
450.099122831143,0.24122121296624,0,-0.490953367101651,0
450.19912263626,0.0256565256868128,0,-0.490953367101651,0
450.299122441377,0.214068313825833,0,-0.490953367101651,0
450.399122246494,0.849106562065253,1,2.05272178436394,0.471071943243766
450.499122051611,0.699861439611185,0,-0.490953367101651,0
450.599121856728,0.366840725457911,0,-0.490953367101651,0
450.699121661844,0.527065044567268,0,-0.490953367101651,0
450.799121466961,0.25896427011648,0,-0.490953367101651,0
450.899121272078,0.00181576777541833,0,-0.490953367101651,0
450.999121077195,0.550182902630181,0,0.641055475051225,0.209640607895561
451.099120882312,0.601358277919175,0,-0.490953367101651,0
451.199120687429,0.39000070181952,0,-0.490953367101651,0
451.299120492546,0.0983803329756025,0,-0.490953367101651,0
451.399120297663,0.276927329930508,0,-0.490953367101651,0
451.49912010278,0.75214246934571,1,1.26901931094909,0.325935388812367
451.599119907897,0.439663479844644,0,-0.490953367101651,0
451.699119713013,0.335581796017143,0,-0.490953367101651,0
451.79911951813,0.728641005816334,1,1.30048922398105,0.331763410160588
451.899119323247,0.761568749641601,0,0.250062094231799,0.137231199959987
451.999119128364,0.83455031823953,0,-0.0725382460486205,0.0774877342507597
452.099118933481,0.496869351089353,0,-0.490953367101651,0
452.199118738598,0.743858424433466,0,0.46029339908576,0.176164657815707
452.299118543715,0.577288849203213,0,-0.490953367101651,0
452.399118348832,0.814488220526883,1,1.05277996064658,0.285889280371956
452.499118153949,1.14080944562156,0,0.87380773863739,0.252744799497522
452.599117959065,0.775722002615952,0,-0.490953367101651,0
452.699117764182,0.577268027149285,0,-0.490953367101651,0
452.799117569299,0.522708347694583,0,-0.490953367101651,0
452.899117374416,0.522423939645666,0,-0.490953367101651,0
452.999117179533,0.287182178784948,0,-0.490953367101651,0
453.09911698465,0.626518467233577,1,0.790391909656863,0.237296735450309
453.199116789767,0.685814492285642,0,0.39272619563983,0.163651655198811
453.299116594884,0.596361307677395,0,-0.490953367101651,0
453.399116400001,0.504688529397443,0,-0.490953367101651,0
453.499116205118,0.427495845505886,0,-0.490953367101651,0
453.599116010234,0.5726109789372,0,-0.490953367101651,0
453.699115815351,0.349598399360272,0,-0.490953367101651,0
453.799115620468,0.20885093499921,0,-0.490953367101651,0
453.899115425585,1.17860122516462,1,4.01394794960428,0.834278157004187
453.999115230702,0.866213344670575,0,-0.490953367101651,0
454.099115035819,0.736253873536114,0,-0.490953367101651,0
454.199114840936,0.854730173654428,0,-0.490953367101651,0
454.299114646053,0.61749378580536,0,-0.490953367101651,0
454.39911445117,0.457876185444737,0,-0.490953367101651,0
454.499114256286,0.310854203063727,0,-0.490953367101651,0
454.599114061403,0.465360741688005,0,-0.490953367101651,0
454.69911386652,0.386088970639019,0,-0.490953367101651,0
454.799113671637,0.0875921229918561,0,-0.490953367101651,0
454.899113476754,0.324653097405941,0,-0.490953367101651,0
454.999113281871,0.314084304580159,0,-0.490953367101651,0
455.099113086988,0.0717842201165221,0,-0.490953367101651,0
455.199112892105,0.144122431100892,0,-0.490953367101651,0
455.299112697222,0.323813750453515,0,-0.490953367101651,0
455.399112502339,0.528859492535934,1,1.36546976374686,0.343797379640878
455.499112307455,0.673282878602658,0,0.741828571060228,0.22830312387615
455.599112112572,0.607750996239294,0,-0.490953367101651,0
455.699111917689,0.768984588216377,0,0.368871418438317,0.159233907026255
455.799111722806,0.607191885583919,0,-0.490953367101651,0
455.899111527923,0.31326624864853,0,-0.490953367101651,0
455.99911133304,0.539898785510772,0,0.0829319593753773,0.106279795903519
456.099111138157,0.819173747917607,0,0.475348242497318,0.178952716006638
456.199110943274,0.487462586362207,0,-0.490953367101651,0
456.299110748391,0.315299423169852,0,-0.490953367101651,0
456.399110553507,0.606851716266136,0,0.511527027882754,0.185652789609157
456.499110358624,1.71586229622671,1,5.94625823982252,1.19212934049299
456.599110163741,1.73554072699106,0,0.606613470465452,0.203262174698192
456.699109968858,1.26771986076073,0,-0.490953367101651,0
456.799109773975,1.99556781966436,1,4.00918421334377,0.833395944314393
456.899109579092,2.12289298434608,0,1.80199253911575,0.424638532625647
456.999109384209,1.64247495407784,0,-0.490953367101651,0
457.099109189326,1.64379028126029,0,-0.490953367101651,0
457.199108994443,1.14154850172054,0,-0.490953367101651,0
457.29910879956,1.57086749072083,0,2.35041220195862,0.526202254761955
457.399108604676,1.83505657706175,1,2.94262669670541,0.635876492329891
457.499108409793,1.53945522597406,0,-0.490953367101651,0
457.59910821491,1.46952946402618,0,-0.490953367101651,0
457.699108020027,1.15479645682138,0,-0.490953367101651,0
457.799107825144,1.08991149583512,0,-0.490953367101651,0
457.899107630261,1.08612628778072,0,-0.490953367101651,0
457.999107435378,0.680222294924368,0,-0.490953367101651,0
458.099107240495,0.877994177685025,0,0.964239842362368,0.269492231577756
458.199107045612,1.32813891361219,1,2.64321548057799,0.580427500217492
458.299106850728,1.32007355078177,0,0.295112844091905,0.145574303154182
458.399106655845,1.16133165248243,0,-0.490953367101651,0
458.499106460962,0.709940429323162,0,-0.490953367101651,0
458.599106266079,0.881303429222171,0,0.113257369958839,0.111895862909947
458.699106071196,0.909531664468642,0,0.368076151783818,0.159086628861386
458.799105876313,0.917701458269659,0,0.286279150904197,0.143938361153666
458.89910568143,1.35002803192398,1,2.58700127614785,0.570016998505607
458.999105486547,1.0906787966827,0,-0.490953367101651,0
459.099105291664,1.02038026836867,0,-0.490953367101651,0
459.19910509678,1.14360871049924,0,0.729666628377284,0.22605081191329
459.299104901897,0.918999030402998,0,-0.490953367101651,0
459.399104707014,0.509835905917509,0,-0.490953367101651,0
459.499104512131,0.672752694320736,0,-0.490953367101651,0
459.599104317248,0.600659088747526,0,-0.490953367101651,0
459.699104122365,1.68316512047754,1,7.59320355022277,1.49713280264477
459.799103927482,1.63955650681998,0,-0.490953367101651,0
459.899103732599,1.46821412820191,0,-0.490953367101651,0
459.999103537716,1.33697157312538,0,-0.490953367101651,0
460.099103342833,1.01000609450518,0,-0.490953367101651,0
460.199103147949,0.871729498210044,0,-0.490953367101651,0
460.299102953066,0.786466860536287,0,-0.490953367101651,0
460.399102758183,0.603175530299265,0,-0.490953367101651,0
460.4991025633,0.678814094216332,0,-0.490953367101651,0
460.599102368417,0.643581174824391,0,-0.490953367101651,0
460.699102173534,0.51651425369846,0,-0.490953367101651,0
460.799101978651,0.338878266763653,0,-0.490953367101651,0
460.899101783768,0.431712645693734,0,-0.490953367101651,0
460.999101588885,0.539855670723879,0,-0.490953367101651,0
461.099101394002,0.448511423831358,0,-0.490953367101651,0
461.199101199118,0.128495043479511,0,-0.490953367101651,0
461.299101004235,0.752682083966434,1,2.40745929679114,0.536767002309881
461.399100809352,1.04833786084005,0,1.00284263108531,0.276641214689009
461.499100614469,0.894517448744496,0,-0.490953367101651,0
461.599100419586,0.555280513654616,0,-0.490953367101651,0
461.699100224703,0.422226297172491,0,-0.490953367101651,0
461.79910002982,0.508653198588373,0,-0.490953367101651,0
461.899099834937,0.248800068404639,0,-0.490953367101651,0
461.999099640054,0.412871571247906,0,-0.490953367101651,0
462.09909944517,0.631464971580985,1,1.10000106963179,0.294634319831485
462.199099250287,0.699688072027536,0,0.790154525759073,0.237252773510451
462.299099055404,0.857094955133053,0,-0.490953367101651,0
462.399098860521,0.595174269698484,0,-0.490953367101651,0
462.499098665638,0.318705413287038,0,-0.490953367101651,0
462.599098470755,0.45160086475647,0,-0.490953367101651,0
462.699098275872,0.385793671590757,0,-0.490953367101651,0
462.799098080989,0.65275593441782,1,1.21802979278235,0.316492464705479
462.899097886106,0.912577740302411,0,0.329769833885371,0.151992550201012
462.999097691223,0.722988582058273,0,-0.490953367101651,0
463.099097496339,0.317716546530678,0,-0.490953367101651,0
463.199097301456,0.186592779297855,0,-0.490953367101651,0
463.299097106573,0.366074424397314,0,-0.490953367101651,0
463.39909691169,0.411757022444279,0,-0.490953367101651,0
463.499096716807,0.693778562856651,1,2.1002630293359,0.479876269786904
463.599096521924,0.619920172031657,0,-0.490953367101651,0
463.699096327041,0.769914149220465,0,-0.490953367101651,0
463.799096132158,0.694075156295141,0,-0.490953367101651,0
463.899095937275,0.375799953595931,0,-0.490953367101651,0
463.999095742391,0.132675783744656,0,-0.490953367101651,0
464.099095547508,0.390799147293742,0,-0.490953367101651,0
464.199095352625,0.400168519035499,0,-0.490953367101651,0
464.299095157742,0.497063607952265,1,0.863695305495175,0.250872043250137
464.399094962859,0.572057271197927,0,-0.490953367101651,0
464.499094767976,0.282163712148549,0,-0.490953367101651,0
464.599094573093,0.332862606629588,0,-0.490953367101651,0
464.69909437821,0.43886802954882,0,-0.490953367101651,0
464.799094183327,0.336015632759258,0,-0.490953367101651,0
464.899093988443,0.0459526537842009,0,-0.490953367101651,0
464.99909379356,0.260596803563168,0,-0.490953367101651,0
465.099093598677,0.343958538591051,0,0.207087557949884,0.129272597893737
465.199093403794,0.617349808144027,0,1.18718899780504,0.310780951891913
465.299093208911,1.38418795997728,1,3.68761820358034,0.77384402982833
465.399093014028,1.00704383494019,0,-0.490953367101651,0
465.499092819145,1.2357297282885,1,2.27677937558822,0.512565938589723
465.599092624262,1.1443328461399,0,-0.490953367101651,0
465.699092429379,1.06890114328024,0,-0.490953367101651,0
465.799092234496,1.07283007608151,0,-0.490953367101651,0
465.899092039612,0.906728095365012,0,-0.490953367101651,0
465.999091844729,0.539774434524425,0,-0.490953367101651,0
466.099091649846,0.44793808486372,0,-0.490953367101651,0
466.199091454963,0.614412657390705,0,-0.490953367101651,0
466.29909126008,0.65865410938301,0,-0.490953367101651,0
466.399091065197,0.566054592467194,0,-0.490953367101651,0
466.499090870314,0.233617953815773,0,-0.490953367101651,0
466.599090675431,0.233741220088005,0,-0.490953367101651,0
466.699090480548,0.290127702906473,0,-0.490953367101651,0
466.799090285665,0.334160446511562,0,-0.490953367101651,0
466.899090090781,1.09910199576407,1,4.25786790306725,0.879450531474852
466.999089895898,1.53301418414588,0,3.30139759417036,0.702318507832834
467.099089701015,1.51563734213464,0,-0.490953367101651,0
467.199089506132,1.16353581037045,0,-0.490953367101651,0
467.299089311249,0.980931307637984,0,-0.490953367101651,0
467.399089116366,0.822320058860162,0,-0.490953367101651,0
467.499088921483,0.49595341139004,0,-0.490953367101651,0
467.5990887266,0.641742271815609,0,-0.490953367101651,0
467.699088531717,0.694328513101743,0,-0.490953367101651,0
467.799088336833,0.876228556973375,1,1.78351876165444,0.421217310288063
467.89908814195,0.954910249288074,0,1.02208814772842,0.280205358057938
467.999087947067,1.04983342681817,0,-0.490953367101651,0
468.099087752184,0.90420805931516,0,-0.490953367101651,0
468.199087557301,0.709711491515269,0,-0.490953367101651,0
468.299087362418,0.304501756318131,0,-0.490953367101651,0
468.399087167535,0.0818496536054595,0,-0.490953367101651,0
468.499086972652,0.519353693407112,0,-0.490953367101651,0
468.599086777769,0.610769863011955,1,0.978098057529892,0.272058682071677
468.699086582886,0.696757928930602,0,-0.490953367101651,0
468.799086388002,0.355951131170187,0,-0.490953367101651,0
468.899086193119,0.387819918258916,0,-0.490953367101651,0
468.999085998236,0.857661863672416,1,2.12957914343682,0.485305421709042
469.099085803353,0.797778349865829,0,-0.490953367101651,0
469.19908560847,0.523111537755629,0,-0.490953367101651,0
469.299085413587,0.627732070255342,0,0.33684850157645,0.153303472998246
469.399085218704,0.661369321018729,0,-0.490953367101651,0
469.499085023821,0.475019356383359,0,-0.490953367101651,0
469.599084828938,0.452547357109797,0,-0.490953367101651,0
469.699084634054,0.441091502047161,0,-0.490953367101651,0
469.799084439171,0.755022532254413,1,1.94685345417566,0.451465823334535
469.899084244288,0.816986038708205,0,-0.490953367101651,0
469.999084049405,0.564505013355142,0,-0.490953367101651,0
470.099083854522,0.566831284022867,0,-0.490953367101651,0
470.199083659639,0.428550222358017,0,-0.490953367101651,0
470.299083464756,0.343437767573182,0,-0.490953367101651,0
470.399083269873,0.26819554946571,0,-0.490953367101651,0
470.49908307499,0.125483596196704,0,-0.490953367101651,0
470.599082880106,0.433849913856986,0,-0.490953367101651,0
470.699082685223,0.0869656566702154,0,-0.490953367101651,0
470.79908249034,0.0562461724867473,0,-0.490953367101651,0
470.899082295457,0.207729492659787,0,-0.490953367101651,0
470.999082100574,0.403760411554498,0,-0.490953367101651,0
471.099081905691,0.289558025533146,0,-0.490953367101651,0
471.199081710808,-0.0367486630665406,0,-0.490953367101651,0
471.299081515925,0.197679198920454,0,-0.490953367101651,0
471.399081321042,0.429365618680426,0,0.390548074794553,0.163248281513845
471.499081126159,0.295785716540757,0,-0.490953367101651,0
471.599080931275,0.0994603422354945,0,-0.490953367101651,0
471.699080736392,0.36979798898609,0,0.216967536122838,0.131102305006478
471.799080541509,0.464557235436119,0,0.246889110593668,0.136643584215329
471.899080346626,0.564882013853242,0,0.520543514829383,0.187322583814102
471.999080151743,0.62769327530757,0,-0.490953367101651,0
472.09907995686,0.21743566619471,0,-0.490953367101651,0
472.199079761977,0.482268429891805,0,-0.490953367101651,0
472.299079567094,0.508348094778842,0,-0.490953367101651,0
472.399079372211,0.29008265263286,0,-0.490953367101651,0
472.499079177328,0.203118410846774,0,-0.490953367101651,0
472.599078982444,0.534627716413595,0,-0.490953367101651,0
472.699078787561,0.164397112705026,0,-0.490953367101651,0
472.799078592678,0.0816467376677289,0,-0.490953367101651,0
472.899078397795,0.225608689890239,0,-0.490953367101651,0
472.999078202912,0.100643387558851,0,-0.490953367101651,0
473.099078008029,-0.110455230552111,0,-0.490953367101651,0
473.199077813146,-0.155983840879243,0,-0.490953367101651,0
473.299077618263,0.181903760926331,0,-0.490953367101651,0
473.39907742338,0.421302127032689,0,-0.490953367101651,0
473.499077228496,0.1166632148235,0,-0.490953367101651,0
473.599077033613,0.206138582983606,0,-0.490953367101651,0
473.69907683873,0.379921999310621,1,0.783473023033816,0.236015403058189
473.799076643847,0.462403186423523,0,0.190099659759171,0.126126550644852
473.899076448964,0.728785660851637,1,0.983415685568295,0.273043471883401
473.999076254081,0.519877083927976,0,-0.490953367101651,0
474.099076059198,0.811004381845338,1,1.17085177813463,0.307755406034414
474.199075864315,0.85518566057595,0,0.300035938965819,0.146486028013267
474.299075669432,0.695574133728803,0,-0.490953367101651,0
474.399075474549,1.02227177493264,1,1.39334966989261,0.348960555275929
474.499075279665,0.74479375493904,0,-0.490953367101651,0
474.599075084782,1.27481159803517,1,2.62557677590146,0.577160927878846
474.699074889899,1.51184950370303,0,1.72080591178321,0.409603302092804
474.799074695016,1.21675659856651,0,-0.490953367101651,0
474.899074500133,1.29641498966241,1,0.971155216700331,0.270772913517729
474.99907430525,1.15176657253659,0,-0.490953367101651,0
475.099074110367,1.23607225345282,1,1.0796544370639,0.290866257020201
475.199073915484,1.21542045037704,0,0.437357185245492,0.171917021548881
475.299073720601,1.22529045024239,1,0.861661751853614,0.250495442462466
475.399073525717,1.08868991737307,0,-0.490953367101651,0
475.499073330834,0.864506441833876,0,-0.490953367101651,0
475.599073135951,0.876208878717306,0,-0.490953367101651,0
475.699072941068,0.702312211153516,0,-0.490953367101651,0
475.799072746185,0.796867831226996,0,0.73117739925265,0.226330596763822
475.899072551302,0.943147364551426,0,0.333817139238394,0.152742084588864
475.999072356419,0.585210655606494,0,-0.490953367101651,0
476.099072161536,0.600940002000908,0,-0.490953367101651,0
476.199071966653,0.696895641062764,0,0.188874212389134,0.125899605834854
476.299071771769,0.525654682365918,0,-0.490953367101651,0
476.399071576886,0.462729784612826,0,-0.490953367101651,0
476.499071382003,0.973485929359601,1,2.54594680520296,0.562413979937882
476.59907118712,0.979465633358391,0,-0.490953367101651,0
476.699070992237,0.671981897383958,0,-0.490953367101651,0
476.799070797354,0.485792340231346,0,-0.490953367101651,0
476.899070602471,0.516850980439667,0,-0.490953367101651,0
476.999070407588,0.860386538794806,0,0.661632858462963,0.213451404248647
477.099070212705,0.374581170013253,0,-0.490953367101651,0
477.199070017822,0.469565435859253,0,-0.490953367101651,0
477.299069822938,0.652248864441092,0,0.681225959013228,0.217079917875894
477.399069628055,0.702650027532345,0,0.272661988477169,0.141416552045191
477.499069433172,0.659983556083746,0,0.00342501066845633,0.0915556308279703
477.599069238289,0.624194848994742,0,-0.490953367101651,0
477.699069043406,0.531146107300881,0,-0.490953367101651,0
477.799068848523,0.599900400798781,0,0.330803240211404,0.152183930270076
477.89906865364,0.727219925918978,0,0.204564048960441,0.128805260591344
477.999068458757,0.459335583390317,0,-0.490953367101651,0
478.099068263874,0.653517972129875,0,0.315794798684337,0.149404465403604
478.199068068991,0.537831638110239,0,-0.490953367101651,0
478.299067874107,0.560526357584174,0,-0.490953367101651,0
478.399067679224,0.275901174553608,0,-0.490953367101651,0
478.499067484341,0.576383030481593,0,0.660784479429736,0.213294290019828
478.599067289458,0.595902872791129,0,0.0346522622875432,0.0973387128751765
478.699067094575,0.773561999080462,1,0.985496324738043,0.273428792601858
478.799066899692,0.627063158278438,0,-0.490953367101651,0
478.899066704809,0.424013171538232,0,-0.490953367101651,0
478.999066509926,0.512210143697077,0,-0.490953367101651,0
479.099066315043,0.621097223307192,0,-0.490953367101651,0
479.199066120159,0.322550816295245,0,-0.490953367101651,0
479.299065925276,0.140103823051658,0,-0.490953367101651,0
479.399065730393,0.463926266243829,0,-0.490953367101651,0
479.49906553551,0.41670805017493,0,-0.490953367101651,0
479.599065340627,0.289180868541496,0,-0.490953367101651,0
479.699065145744,0.270856803946852,0,-0.490953367101651,0
479.799064950861,0.376849633230225,0,-0.490953367101651,0
479.899064755978,0.254555431462587,0,-0.490953367101651,0
479.999064561095,0.321901910038766,0,-0.490953367101651,0
480.099064366212,0.418978904840795,0,-0.490953367101651,0
480.199064171328,0.287183168319032,0,-0.490953367101651,0
480.299063976445,0.112310038553975,0,-0.490953367101651,0
480.399063781562,0.239893890203778,0,-0.490953367101651,0
480.499063586679,0.172096930601648,0,-0.490953367101651,0
480.599063391796,0.874233326381357,0,3.43878744730151,0.727762206907055
480.699063196913,1.77812329949654,1,4.84851048076437,0.988833660322096
480.79906300203,1.39210719920493,0,-0.490953367101651,0
480.899062807147,1.14271665347629,0,-0.490953367101651,0
480.999062612264,1.14291655872056,0,-0.490953367101651,0
481.09906241738,1.19785599295478,1,1.24662208897601,0.321787570301801
481.199062222497,1.15827446474011,0,0.0478488602149059,0.0997826361985882
481.299062027614,0.884353136024758,0,-0.490953367101651,0
481.399061832731,1.11356062560559,1,1.20449070332527,0.313985114198626
481.499061637848,1.11987184902005,0,0.467880315603836,0.17756970495993
481.599061442965,1.21885211192051,0,0.49577542179242,0.182735695543152
481.699061248082,0.894666036775235,0,-0.490953367101651,0
481.799061053199,0.704791707620105,0,-0.490953367101651,0
481.899060858316,0.755895272916574,0,-0.490953367101651,0
481.999060663432,1.34864725783454,1,3.57742476845168,0.753436928870939
482.099060468549,1.58252381561755,0,1.46244916117256,0.361757327542879
482.199060273666,1.29164442195542,0,-0.490953367101651,0
482.299060078783,0.897569683536123,0,-0.490953367101651,0
482.3990598839,0.90522103624944,0,-0.490953367101651,0
482.499059689017,1.21805237587737,1,1.94699157566441,0.451491402527723
482.599059494134,1.36768716331313,0,1.02177552041973,0.280147461532223
482.699059299251,1.03214428949827,0,-0.490953367101651,0
482.799059104368,1.20714022626143,1,0.852226854273254,0.248748161354293
482.899058909485,1.05941164953287,0,-0.490953367101651,0
482.999058714601,0.739623413783425,0,-0.490953367101651,0
483.099058519718,0.865103238937123,0,0.395249381483341,0.164118932656698
483.199058324835,0.781831294063742,0,-0.490953367101651,0
483.299058129952,0.821238161136896,0,0.082227221834516,0.106149283136329
483.399057935069,0.560711078217206,0,-0.490953367101651,0
483.499057740186,0.804744524290171,1,1.16108975993815,0.305947544335114
483.599057545303,0.755954566050019,0,-0.490953367101651,0
483.69905735042,0.523626593961375,0,-0.490953367101651,0
483.799057155537,0.535792618308178,0,-0.490953367101651,0
483.899056960654,0.491174370452957,0,-0.490953367101651,0
483.99905676577,0.582105659021738,0,-0.490953367101651,0
484.099056570887,0.490518095526994,0,-0.490953367101651,0
484.199056376004,0.394136451531411,0,-0.490953367101651,0
484.299056181121,0.182212915599099,0,-0.490953367101651,0
484.399055986238,0.244739126704036,0,-0.490953367101651,0
484.499055791355,0.488257550051208,0,0.67930023245935,0.216723285957165
484.599055596472,0.370714219228554,0,-0.490953367101651,0
484.699055401589,0.309867899048748,0,-0.490953367101651,0
484.799055206706,0.353771976273381,0,-0.490953367101651,0
484.899055011822,0.263243915855776,0,-0.490953367101651,0
484.999054816939,0.366644677253019,0,0.117392369428193,0.112661637672585
485.099054622056,0.499116945327343,0,0.447568562184555,0.173808101538048
485.199054427173,0.500344244273936,0,-0.136696299880428,0.065606083767256
485.29905423229,0.764273288825434,0,0.194790797270598,0.126995318522801
485.399054037407,0.425977186873379,0,-0.490953367101651,0
485.499053842524,0.194705176960322,0,-0.490953367101651,0
485.599053647641,0.384440622560344,0,-0.490953367101651,0
485.699053452758,0.563408175742805,1,1.11382653265357,0.297194704842975
485.799053257875,0.62974275888139,0,-0.490953367101651,0
485.899053062991,0.471331260765959,0,-0.490953367101651,0
485.999052868108,0.391344634273959,0,-0.490953367101651,0
486.099052673225,0.351836005139698,0,-0.490953367101651,0
486.199052478342,0.335485391995492,0,-0.490953367101651,0
486.299052283459,0.487104230257249,0,0.647815978777198,0.210892608814651
486.399052088576,0.48458100669348,0,-0.490953367101651,0
486.499051893693,0.336794135508866,0,-0.490953367101651,0
486.59905169881,0.566247172189412,0,0.74543015954937,0.228970114426168
486.699051503927,0.613712176806282,0,0.176029171219003,0.123520788515522
486.799051309043,0.772393604258546,1,0.760323102906056,0.23172818978953
486.89905111416,0.609636638162022,0,-0.490953367101651,0
486.999050919277,0.547984571202321,0,-0.490953367101651,0
487.099050724394,0.707420005863332,0,-0.490953367101651,0
487.199050529511,0.286506612035589,0,-0.490953367101651,0
487.299050334628,0.691432541443891,0,-0.490953367101651,0
487.399050139745,0.572671861192631,0,-0.490953367101651,0
487.499049944862,-0.108766946309002,0,-0.490953367101651,0
487.599049749979,0.015470525965971,0,-0.490953367101651,0
487.699049555095,0.0803345574806681,0,-0.490953367101651,0
487.799049360212,0.185108052650129,0,-0.490953367101651,0
487.899049165329,0.1254292572779,0,-0.490953367101651,0
487.999048970446,-0.105364663131924,0,-0.490953367101651,0
488.099048775563,-0.000633732403751361,0,-0.490953367101651,0
488.19904858068,0.289442263926884,0,-0.490953367101651,0
488.299048385797,0.336047062828709,0,-0.490953367101651,0
488.399048190914,0.268842965538934,0,-0.490953367101651,0
488.499047996031,0.101420202968452,0,-0.490953367101651,0
488.599047801148,0.110265292951924,0,-0.490953367101651,0
488.699047606264,0.436487537108878,1,1.07892676982998,0.290731497824351
488.799047411381,0.541576387599472,0,0.352429335723266,0.156188941221132
488.899047216498,0.329377198985402,0,-0.490953367101651,0
488.999047021615,0.494179580562744,0,-0.490953367101651,0
489.099046826732,0.284061481257683,0,-0.490953367101651,0
489.199046631849,0.40671236717621,0,-0.490953367101651,0
489.299046436966,0.42124489002368,0,-0.490953367101651,0
489.399046242083,0.279495149017782,0,-0.490953367101651,0
489.4990460472,0.22925783914778,0,-0.490953367101651,0
489.599045852317,0.536954002605143,1,1.62979771262678,0.392749180919732
489.699045657433,0.569331036254957,0,-0.490953367101651,0
489.79904546255,0.360328252241411,0,-0.490953367101651,0
489.899045267667,0.674869700278819,0,-0.490953367101651,0
489.999045072784,0.465953942093432,0,-0.490953367101651,0
490.099044877901,0.236634448076352,0,-0.490953367101651,0
490.199044683018,0.102755804146199,0,-0.490953367101651,0
490.299044488135,0.349552471198751,0,-0.490953367101651,0
490.399044293252,0.1385969632869,0,-0.490953367101651,0
490.499044098369,0.276360990118113,0,-0.490953367101651,0
490.599043903485,0.0276156602049251,0,-0.490953367101651,0
490.699043708602,0.153730884644612,0,-0.490953367101651,0
490.799043513719,0.181206572425405,0,-0.490953367101651,0
490.899043318836,0.15554835022022,0,-0.490953367101651,0
490.999043123953,0.294219165660124,0,0.221981998022115,0.132030950438995
491.09904292907,0.576134998741778,0,0.197646444458694,0.127524165639675
491.199042734187,0.277104613335496,0,-0.490953367101651,0
491.299042539304,0.125442133055997,0,-0.490953367101651,0
491.399042344421,0.516042771208576,0,-0.0415311785900093,0.0832300396365723
491.499042149538,0.285428666502584,0,-0.490953367101651,0
491.599041954654,0.102831565516875,0,-0.490953367101651,0
491.699041759771,0.938040143488275,1,3.17137384280667,0.678238962460285
491.799041564888,1.26284006414537,0,1.16659277976093,0.30696666748853
491.899041370005,0.893068541421641,0,-0.490953367101651,0
491.999041175122,0.612264449977064,0,-0.490953367101651,0
492.099040980239,0.842782115419517,0,0.506021871958168,0.184633270863707
492.199040785356,0.76051334148774,0,-0.490953367101651,0
492.299040590473,1.19711716932914,1,2.88101029871688,0.624465539827009
492.39904039559,1.2773607127146,0,-0.490953367101651,0
492.499040200706,0.716462524031442,0,-0.490953367101651,0
492.599040005823,0.895494959332546,0,0.221998703360488,0.13203404415802
492.69903981094,0.927431452700884,0,0.0867462161530281,0.106986171224772
492.799039616057,0.669810800432596,0,-0.490953367101651,0
492.899039421174,0.893411725088833,0,0.909490919484028,0.259353090392238
492.999039226291,1.04926386046885,1,1.0685873884302,0.288816712249185
493.099039031408,1.21301615088668,0,0.220286680789415,0.131716988814311
493.199038836525,0.779903310097011,0,-0.490953367101651,0
493.299038641642,0.559846064226267,0,-0.490953367101651,0
493.399038446758,0.748212461299526,0,0.137938461156807,0.116466639011331
493.499038251875,1.13560408049769,1,2.18246449338088,0.49509944141825
493.599038056992,1.02476795916239,0,-0.143982542787006,0.0642567194024822
493.699037862109,1.00412397111158,0,0.238928930533388,0.135169411112916
493.799037667226,1.03552573376914,0,0.500573313248068,0.183624233550917
493.899037472343,1.33940878475813,1,1.83501439197704,0.43075396304447
493.99903727746,1.06603020766192,0,-0.490953367101651,0
494.099037082577,1.11439450497517,0,0.354813217721993,0.156630420521253
494.199036887694,0.904332450168476,0,-0.490953367101651,0
494.299036692811,0.772954238705546,0,-0.490953367101651,0
494.399036497927,0.988105683412159,0,1.22133515651221,0.317104596374279
494.499036303044,1.05145029803136,1,1.40409587429719,0.350950681801498
494.599036108161,1.00595275068964,0,-0.490953367101651,0
494.699035913278,0.930222952367547,0,-0.490953367101651,0
494.799035718395,1.01490793679928,0,-0.490953367101651,0
494.899035523512,0.479655837474926,0,-0.490953367101651,0
494.999035328629,0.580995928627664,0,-0.490953367101651,0
495.099035133746,0.382429454847346,0,-0.490953367101651,0
495.199034938863,0.445114974059094,0,-0.490953367101651,0
495.29903474398,0.216869450088077,0,-0.490953367101651,0
495.399034549096,0.323963622171144,0,-0.490953367101651,0
495.499034354213,0.407617382793463,0,-0.490953367101651,0
495.59903415933,0.570853664846797,1,1.19502182013559,0.312231539178663
495.699033964447,0.604657614383879,0,0.460198106663542,0.176147010284541
495.799033769564,0.59432927812483,0,-0.490953367101651,0
495.899033574681,0.704684979436852,0,-0.490953367101651,0
495.999033379798,0.38300780833775,0,-0.490953367101651,0
496.099033184915,0.248056965789254,0,-0.490953367101651,0
496.199032990032,0.707573370396193,1,0.936084482173462,0.264278043661789
496.299032795148,0.684367494307248,0,-0.490953367101651,0
496.399032600265,0.341100312958508,0,-0.490953367101651,0
496.499032405382,0.280483238361356,0,-0.490953367101651,0
496.599032210499,0.25399049186998,0,-0.490953367101651,0
496.699032015616,0.11245529664737,0,-0.490953367101651,0
496.799031820733,0.244279599241725,0,-0.490953367101651,0
496.89903162585,0.302076056451961,0,-0.490953367101651,0
496.999031430967,0.304603588328947,0,-0.490953367101651,0
497.099031236084,0.426289605111402,0,0.286480382230093,0.143975627874488
497.1990310412,0.371765666009416,0,-0.490953367101651,0
497.299030846317,0.132562404212094,0,-0.490953367101651,0
497.399030651434,0.241364491874348,0,-0.490953367101651,0
497.499030456551,0.35798200930468,0,0.645264844627965,0.210420155513976
497.599030261668,0.451350267356408,0,-0.490953367101651,0
497.699030066785,0.449914538243913,0,-0.490953367101651,0
497.799029871902,0.0273077664194109,0,-0.490953367101651,0
497.899029677019,0.353960218293809,0,-0.490953367101651,0
497.999029482136,0.295492048012008,0,-0.490953367101651,0
498.099029287253,0.459735589550644,0,-0.490953367101651,0
498.199029092369,0.194109209257464,0,-0.490953367101651,0
498.299028897486,0.205541976604369,0,-0.490953367101651,0
498.399028702603,0.341627920317858,0,-0.490953367101651,0
498.49902850772,0.145404186744654,0,-0.490953367101651,0
498.599028312837,0.0548525273394552,0,-0.490953367101651,0
498.699028117954,0.0751614392934238,0,-0.490953367101651,0
498.799027923071,0.344823878026232,0,0.531726399032653,0.189393580572343
498.899027728188,0.67242301691311,1,1.33744158741331,0.338606745340183
498.999027533305,0.571198838319704,0,-0.490953367101651,0
499.099027338422,0.501675889492676,0,-0.490953367101651,0
499.199027143538,0.326628421866932,0,-0.490953367101651,0
499.299026948655,0.722862070087671,0,0.553765841799817,0.193475140722175
499.399026753772,0.447566567491255,0,-0.490953367101651,0
499.499026558889,0.310385888227944,0,-0.490953367101651,0
499.599026364006,0.259842989035911,0,-0.490953367101651,0
499.699026169123,0.352573082344935,0,-0.490953367101651,0
499.79902597424,0.386574352222986,0,-0.490953367101651,0
499.899025779357,0.309796903076906,0,-0.490953367101651,0
499.999025584474,0.12733620127843,0,-0.490953367101651,0
500.09902538959,0.166359795374643,0,-0.490953367101651,0
500.199025194707,0.518878768712647,1,1.27622206807175,0.327269292157899
500.299024999824,0.576713710146107,0,-0.490953367101651,0
500.399024804941,0.290549167300277,0,-0.490953367101651,0
500.499024610058,0.466952605980242,0,0.101104420137855,0.109645216366101
500.599024415175,0.563399889603506,0,0.347257910524914,0.155231227215818
500.699024220292,0.753668670826428,1,0.985498137915637,0.273429128390448
500.799024025409,0.447857417087856,0,-0.490953367101651,0
500.899023830526,0.588836370944189,0,-0.490953367101651,0
500.999023635643,0.482217768795824,0,-0.490953367101651,0
501.099023440759,0.403002363309247,0,-0.490953367101651,0
501.199023245876,0.512835585414615,0,-0.490953367101651,0
501.299023050993,0.572300336891288,0,-0.490953367101651,0
501.39902285611,0.429319598360132,0,-0.490953367101651,0
501.499022661227,0.305790956262401,0,-0.490953367101651,0
501.599022466344,0.334196574833416,0,-0.490953367101651,0
501.699022271461,0.1050042384147,0,-0.490953367101651,0
501.799022076578,0.150387062132658,0,-0.490953367101651,0
501.899021881695,0.809354628278232,1,2.83810755369801,0.61652023303149
501.999021686811,1.29240728405992,0,2.51005423353264,0.555766911236909
502.099021491928,0.970288138736401,0,-0.490953367101651,0
502.199021297045,0.92399296227196,0,-0.490953367101651,0
502.299021102162,1.06570606183168,1,1.01122950853665,0.27819440934772
502.399020907279,0.892468183776671,0,-0.490953367101651,0
502.499020712396,0.690927560118167,0,-0.490953367101651,0
502.599020517513,0.828319372528396,0,0.520728331695734,0.187356810684749
502.69902032263,0.995109569803357,1,1.0665114067967,0.288432254075872
502.799020127747,1.01807021464038,0,0.568167484178921,0.196142230369026
502.899019932863,0.823919668843548,0,-0.490953367101651,0
502.99901973798,0.853257549500377,0,-0.490953367101651,0
503.099019543097,0.64390056759145,0,-0.490953367101651,0
503.199019348214,0.737465170968587,0,0.502601318945667,0.183999806895779
503.299019153331,0.941334000525016,1,0.843487717764772,0.247129730630169
503.399018958448,0.704308238073996,0,-0.490953367101651,0
503.499018763565,0.587157573501197,0,-0.490953367101651,0
503.599018568682,0.569565680178828,0,-0.490953367101651,0
503.699018373799,1.32597045532214,1,3.73901545088413,0.783362462695367
503.799018178916,0.844154431255171,0,-0.490953367101651,0
503.899017984032,1.14268803988612,0,-0.490953367101651,0
503.999017789149,0.858389897013801,0,-0.490953367101651,0
504.099017594266,0.492698928900135,0,-0.490953367101651,0
504.199017399383,0.545422441678061,0,-0.490953367101651,0
504.2990172045,0.366832060462339,0,-0.490953367101651,0
504.399017009617,0.516213090499405,0,-0.490953367101651,0
504.499016814734,0.7564882103552,1,1.28914274380864,0.329662116502585
504.599016619851,0.637422059361349,0,-0.490953367101651,0
504.699016424968,0.404462061906064,0,-0.490953367101651,0
504.799016230085,0.79691766169018,1,1.36490995953674,0.343693707575306
504.899016035201,1.04168923503999,0,1.0964693565126,0.293980269741371
504.999015840318,0.746480661548097,0,-0.490953367101651,0
505.099015645435,0.902950203273917,0,0.572034414535207,0.196858360491331
505.199015450552,0.92450940012487,0,0.352396978208103,0.156182948821695
505.299015255669,1.32131690893721,1,1.60283842182679,0.387756497204476
505.399015060786,0.976532285403563,0,-0.490953367101651,0
505.499014865903,0.809689503092843,0,-0.490953367101651,0
505.59901467102,0.417362229150099,0,-0.490953367101651,0
505.699014476137,0.637753804535896,0,-0.490953367101651,0
505.799014281253,0.670681978993539,0,-0.490953367101651,0
505.89901408637,0.579638070850724,0,-0.490953367101651,0
505.999013891487,0.128155498535139,0,-0.490953367101651,0
506.099013696604,0.301294461768672,0,-0.490953367101651,0
506.199013501721,0.419164794552219,0,-0.490953367101651,0
506.299013306838,0.328925541756605,0,-0.490953367101651,0
506.399013111955,0.15681163749245,0,-0.490953367101651,0
506.499012917072,0.275048339928386,0,-0.490953367101651,0
506.599012722189,0.343075354862595,0,-0.490953367101651,0
506.699012527306,0.315183364123442,0,-0.490953367101651,0
506.799012332422,0.214391122059511,0,-0.490953367101651,0
506.899012137539,0.130905790070224,0,-0.490953367101651,0
506.999011942656,0.267479619069942,0,-0.490953367101651,0
507.099011747773,0.694239501505515,1,2.38019402472946,0.531717652873195
507.19901155289,0.845743521474118,0,0.651073328255997,0.211495848559285
507.299011358007,0.637042105687236,0,-0.490953367101651,0
507.399011163124,0.599027329372651,0,-0.490953367101651,0
507.499010968241,1.02812490093737,1,2.29919775564286,0.51671767543813
507.599010773358,1.07629854376858,0,0.600292825724432,0.202091632776206
507.699010578474,1.02744901555978,0,-0.490953367101651,0
507.799010383591,0.648165172411982,0,-0.490953367101651,0
507.899010188708,0.635921082506127,0,-0.490953367101651,0
507.999009993825,1.01438310944711,0,0.596702078169067,0.201426649895971
508.099009798942,0.507268993081578,0,-0.490953367101651,0
508.199009604059,0.392351149343772,0,-0.490953367101651,0
508.299009409176,0.816129230502444,1,1.19967681775533,0.313093614185867
508.399009214293,0.787744749347783,0,-0.490953367101651,0
508.49900901941,0.448023019614792,0,-0.490953367101651,0
508.599008824526,0.604504499619512,0,0.0233212695937215,0.0952402873965599
508.699008629643,0.780092042244365,0,0.155101831666431,0.119645182582008
508.79900843476,0.564007686102384,0,-0.490953367101651,0
508.899008239877,0.34723925287746,0,-0.490953367101651,0
508.999008044994,0.32328142182239,0,-0.490953367101651,0
509.099007850111,0.355859901113465,0,-0.490953367101651,0
509.199007655228,0.474385835032083,0,0.324672051857011,0.151048474427441
509.299007460345,0.419921485087995,0,-0.490953367101651,0
509.399007265462,1.14673548235582,1,4.25321193812334,0.878588277325561
509.499007070579,1.21196332947874,0,-0.490953367101651,0
509.599006875695,0.900544600038584,0,-0.490953367101651,0
509.699006680812,1.08230180996934,0,-0.490953367101651,0
509.799006485929,0.429786699884601,0,-0.490953367101651,0
509.899006291046,0.645030401431185,0,-0.490953367101651,0
509.999006096163,0.304155914986786,0,-0.490953367101651,0
510.09900590128,0.534063877389648,0,-0.490953367101651,0
510.199005706397,0.435215496728086,0,-0.490953367101651,0
510.299005511514,0.126178076715837,0,-0.490953367101651,0
510.399005316631,0.112005782173928,0,-0.490953367101651,0
510.499005121748,0.111288479847976,0,-0.490953367101651,0
510.599004926864,0.0183910898581423,0,-0.490953367101651,0
510.699004731981,-0.150920076010839,0,-0.490953367101651,0
510.799004537098,-0.0308648937393847,0,-0.490953367101651,0
510.899004342215,0.273529679796828,0,-0.490953367101651,0
510.999004147332,0.354769630549067,0,-0.490953367101651,0
511.099003952449,0.216771623721624,0,-0.490953367101651,0
511.199003757566,0.0152402691811263,0,-0.490953367101651,0
511.299003562683,0.38672481553956,0,0.740971188081369,0.228144342175694
511.3990033678,0.638645102968138,1,1.1114196720098,0.296748970048608
511.499003172916,0.811722836268767,0,1.0307342985798,0.281806568448654
511.599002978033,0.817067549017463,0,-0.490953367101651,0
511.69900278315,0.507711368501252,0,-0.490953367101651,0
511.799002588267,0.614979953618377,0,-0.00591118041336569,0.0898266295154894
511.899002393384,0.600427396006479,0,-0.113077810354622,0.0699800730130893
511.999002198501,0.589311279637461,0,-0.108190543620677,0.0708851627358015
512.099002003618,0.887258185129235,0,0.478073114291936,0.179457344378953
512.199001808735,0.715510793943121,0,-0.490953367101651,0
512.299001613852,0.218939276623761,0,-0.490953367101651,0
512.399001418969,0.310007858789429,0,-0.490953367101651,0
512.499001224085,0.333268633174718,0,-0.490953367101651,0
512.599001029202,0.62860787029578,1,0.794081967614496,0.237980109965243
512.699000834319,0.539664932401461,0,-0.490953367101651,0
512.799000639436,0.326413790801133,0,-0.490953367101651,0
512.899000444553,0.569129488895881,0,0.565531227948409,0.195654013017577
512.99900024967,0.5149847942405,0,-0.490953367101651,0
513.099000054787,0.592349212573181,0,0.21839019635076,0.131365772343397
513.198999859904,0.462575530578905,0,-0.490953367101651,0
513.298999665021,1.14120957834583,1,1.79312190026194,0.422995748530252
513.398999470137,0.69380644513262,0,-0.490953367101651,0
513.498999275254,0.587575898523569,0,-0.490953367101651,0
513.598999080371,0.58002131641515,0,-0.490953367101651,0
513.698998885488,0.221642003293285,0,-0.490953367101651,0
513.798998690605,0.216355401473131,0,-0.490953367101651,0
513.898998495722,0.446831855607797,0,-0.490953367101651,0
513.998998300839,-0.00534067797126891,0,-0.490953367101651,0
514.098998105956,0.106710281634672,0,-0.490953367101651,0
514.198997911073,0.351713116823713,0,-0.490953367101651,0
514.29899771619,0.31059419471674,0,-0.490953367101651,0
514.398997521306,0.192149183669413,0,-0.490953367101651,0
514.498997326423,0.139748671932626,0,-0.490953367101651,0
514.59899713154,0.637754358392969,1,1.64970111800859,0.396435160965169
514.698996936657,0.652352459039,0,-0.490953367101651,0
514.798996741774,0.187439189890926,0,-0.490953367101651,0
514.898996546891,0.542425691918813,0,0.224805937415853,0.13255392548046
514.998996352008,0.523774511487105,0,-0.490953367101651,0
515.098996157125,0.241109015318497,0,-0.490953367101651,0
515.198995962242,0.387130293031164,0,-0.490953367101651,0
515.298995767358,0.459225251533272,0,0.311623577808339,0.148631982674187
515.398995572475,0.440249470069207,0,-0.283256893186701,0.038464023802576
515.498995377592,0.570576576640205,0,0.0203618748782246,0.0946922269185341
515.598995182709,0.310908111493275,0,-0.490953367101651,0
515.698994987826,0.679088398601193,1,0.902108462492622,0.257985907810432
515.798994792943,0.477381423558273,0,-0.490953367101651,0
515.89899459806,0.658913195511855,0,0.438961354928647,0.172214103245614
515.998994403177,0.623257382852348,0,-0.490953367101651,0
516.098994208294,0.365901345592132,0,-0.490953367101651,0
516.19899401341,0.581082806023267,1,1.11604502751054,0.297605555529923
516.298993818527,0.731916432540923,0,-0.490953367101651,0
516.398993623644,0.693656600460989,0,-0.490953367101651,0
516.498993428761,0.33630581605183,0,-0.490953367101651,0
516.598993233878,0.240113512809069,0,-0.490953367101651,0
516.698993038995,0.246745755769695,0,-0.490953367101651,0
516.798992844112,0.52401004115517,0,-0.490953367101651,0
516.898992649229,0.455480633277974,0,-0.490953367101651,0
516.998992454346,0.0771719807842935,0,-0.490953367101651,0
517.098992259463,0.293253471286685,0,-0.490953367101651,0
517.198992064579,0.418091874917164,0,-0.490953367101651,0
517.298991869696,0.170976935623558,0,-0.490953367101651,0
517.398991674813,0.498955005748813,0,0.684969704816722,0.217773235027515
517.49899147993,0.245193171410458,0,-0.490953367101651,0
517.598991285047,0.528024566437243,0,0.643172966588392,0.210032753430592
517.698991090164,0.854287449958391,1,1.70409404866094,0.406508374726905
517.798990895281,0.792467564367272,0,-0.490953367101651,0
517.898990700398,0.625977190313116,0,-0.490953367101651,0
517.998990505515,0.488181966111288,0,-0.490953367101651,0
518.098990310632,0.739635738145201,1,0.9555019963353,0.267874039842319
518.198990115748,0.918589331331786,0,0.449338239844615,0.174135834225832
518.298989920865,0.555065590520398,0,-0.490953367101651,0
518.398989725982,0.751139490506079,0,0.368221889264061,0.159113618486213
518.498989531099,1.56117833265264,1,4.61736856177301,0.946027693969979
518.598989336216,1.31090808770417,0,-0.490953367101651,0
518.698989141333,1.18232990970047,0,-0.490953367101651,0
518.79898894645,0.966843002242888,0,-0.490953367101651,0
518.898988751567,1.14113678377044,1,1.61215539092384,0.389481938731536
518.998988556684,1.23551872788574,0,-0.490953367101651,0
519.0989883618,0.805649355043572,0,-0.490953367101651,0
519.198988166917,0.670288674484218,0,-0.490953367101651,0
519.298987972034,0.553033442748308,0,-0.490953367101651,0
519.398987777151,0.398328894227237,0,-0.490953367101651,0
519.498987582268,0.569731161911115,0,-0.490953367101651,0
519.598987387385,0.697179628092354,1,0.929210924740608,0.263005105938186
519.698987192502,0.623896432453308,0,-0.490953367101651,0
519.798986997619,0.408465501863355,0,-0.490953367101651,0
519.898986802736,1.04274343172306,1,2.59935838728056,0.572305454384421
519.998986607853,0.742843877660317,0,-0.490953367101651,0
520.098986412969,0.647890080776795,0,-0.490953367101651,0
520.198986218086,0.698933709460596,0,-0.490953367101651,0
520.298986023203,0.686297677035456,0,-0.490953367101651,0
520.39898582832,0.470490772937762,0,-0.490953367101651,0
520.498985633437,0.613850079736122,0,0.619471327624309,0.205643365454521
520.598985438554,0.835499398603421,1,1.16129424186109,0.305985413045174
520.698985243671,0.900753287456462,0,0.524983709296266,0.188144878687207
520.798985048788,1.0891641038335,1,1.41009453729611,0.352061594818097
520.898984853905,0.808160008917651,0,-0.490953367101651,0
520.998984659021,0.935073773022451,0,-0.490953367101651,0
521.098984464138,0.837254020727712,0,-0.490953367101651,0
521.198984269255,0.565875539832897,0,-0.490953367101651,0
521.298984074372,0.404630374010934,0,-0.490953367101651,0
521.398983879489,0.519838411099747,0,-0.490953367101651,0
521.498983684606,0.420379762100304,0,-0.490953367101651,0
521.598983489723,0.257976038282189,0,-0.490953367101651,0
521.69898329484,0.388770706712685,0,-0.490953367101651,0
521.798983099957,0.318852406377302,0,-0.490953367101651,0
521.898982905073,0.166421563679649,0,-0.490953367101651,0
521.99898271019,0.184551572742208,0,-0.490953367101651,0
522.098982515307,0.458488829414298,1,0.84257746303615,0.246961157428668
522.198982320424,0.462220307978257,0,-0.161334847071968,0.0610431865366349
522.298982125541,0.85251527307083,1,1.92951981362517,0.448255746869817
522.398981930658,1.08616778411648,0,0.752784926107358,0.230332168921444
522.498981735775,0.656545283470942,0,-0.490953367101651,0
522.598981540892,0.89829642717417,0,0.612201793790814,0.204297095500417
522.698981346009,0.943016825836219,0,0.0762334293506067,0.105039272107143
522.798981151126,0.68582917904649,0,-0.490953367101651,0
522.898980956242,0.592901496341991,0,-0.490953367101651,0
522.998980761359,0.82135988751796,1,0.993686267249886,0.274945516202309
523.098980566476,0.849668106227252,0,0.312205250272002,0.148739704596788
523.198980371593,0.947758942245226,0,0.715603476061106,0.223446408404494
523.29898017671,1.31645461612813,1,2.27302072653247,0.511869861453598
523.398979981827,1.20219782316251,0,-0.490953367101651,0
523.498979786944,0.840826330752421,0,-0.490953367101651,0
523.598979592061,0.785139696413102,0,-0.490953367101651,0
523.698979397178,1.17649900612924,1,2.1295397931987,0.485298134303209
523.798979202295,1.07439699511162,0,-0.490953367101651,0
523.898979007411,0.718474950531028,0,-0.490953367101651,0
523.998978812528,1.10395183653491,1,1.99313468918628,0.460036804302609
524.098978617645,1.04826877073532,0,-0.490953367101651,0
524.198978422762,0.940041624961284,0,-0.490953367101651,0
524.298978227879,0.643163336478001,0,-0.490953367101651,0
524.398978032996,0.842241901411066,0,0.731836522642322,0.22645266208959
524.498977838113,0.889092877565332,0,0.431945396703568,0.170914793829905
524.59897764323,1.09466055549447,1,1.33298281969129,0.337781010822127
524.698977448347,1.10788162827719,0,0.487439689807067,0.181191972689062
524.798977253463,1.27174860184299,1,1.50879413146281,0.370340111866428
524.89897705858,1.13813085178152,0,-0.490953367101651,0
524.998976863697,0.782133651731861,0,-0.490953367101651,0
525.098976668814,0.824281864300126,0,-0.490953367101651,0
525.198976473931,0.848807141889963,0,-0.490953367101651,0
525.298976279048,0.553547875100258,0,-0.490953367101651,0
525.398976084165,0.579575859640322,0,-0.490953367101651,0
525.498975889282,0.683395895245001,0,0.745588137801393,0.22899937096159
525.598975694399,0.627249523239436,0,-0.490953367101651,0
525.698975499516,0.408175963686924,0,-0.490953367101651,0
525.798975304632,0.759516745247876,1,1.27484836076638,0.327014890580947
525.898975109749,0.772166445531138,0,0.0543625918932804,0.100988936554092
525.998974914866,0.710668596242675,0,-0.490953367101651,0
526.098974719983,0.439614892696489,0,-0.490953367101651,0
526.1989745251,1.0808449172941,1,1.73431811321116,0.412105673113136
526.298974330217,0.655720755362868,0,-0.490953367101651,0
526.398974135334,0.496916640838574,0,-0.490953367101651,0
526.498973940451,0.736525435349482,0,0.325676087035085,0.151234415152674
526.598973745568,0.577000981945875,0,-0.490953367101651,0
526.698973550684,0.878276741750685,1,1.46972693546197,0.363105123575333
526.798973355801,0.6994465341653,0,-0.490953367101651,0
526.898973160918,0.642647202929942,0,-0.490953367101651,0
526.998972966035,0.62576278460918,0,-0.490953367101651,0
527.098972771152,0.529591426961515,0,-0.490953367101651,0
527.198972576269,0.692053491618104,0,0.681166094690683,0.217068831396264
527.298972381386,0.522693525583053,0,-0.490953367101651,0
527.398972186503,0.430213896937415,0,-0.490953367101651,0
527.49897199162,0.693508040085549,1,1.49679465458294,0.368117887503993
527.598971796736,0.773777077033696,0,-0.490953367101651,0
527.698971601853,0.54217334191478,0,-0.490953367101651,0
527.79897140697,0.442108182590686,0,-0.490953367101651,0
527.898971212087,0.58715761264372,0,-0.490953367101651,0
527.998971017204,0.230594738082102,0,-0.490953367101651,0
528.098970822321,0.279284579566863,0,-0.490953367101651,0
528.198970627438,0.385747110407133,0,-0.490953367101651,0
528.298970432555,0.406368904642988,0,-0.490953367101651,0
528.398970237672,0.26966626684493,0,-0.490953367101651,0
528.498970042789,0.358473982551406,0,-0.490953367101651,0
528.598969847905,0.342925671705988,0,-0.490953367101651,0
528.698969653022,0.164621083811727,0,-0.490953367101651,0
528.798969458139,0.0267320744530554,0,-0.490953367101651,0
528.898969263256,0.0822661196072713,0,-0.490953367101651,0
528.998969068373,0.0835170849826174,0,-0.490953367101651,0
529.09896887349,0.343265645021805,0,0.499697473659831,0.183462033807541
529.198968678607,0.473315559415479,0,0.412529358746599,0.167319071032828
529.298968483724,0.80646563607609,1,2.24854721827396,0.50733752835018
529.398968288841,0.986268966219151,0,-0.490953367101651,0
529.498968093958,0.704758323991813,0,-0.490953367101651,0
529.598967899074,0.396082186968613,0,-0.490953367101651,0
529.698967704191,0.27150068579144,0,-0.490953367101651,0
529.798967509308,0.290622904402324,0,-0.490953367101651,0
529.898967314425,0.394012575443037,0,-0.490953367101651,0
529.998967119542,0.543040426066359,0,-0.490953367101651,0
530.098966924659,0.30265553236411,0,-0.490953367101651,0
530.198966729776,0.560507451411795,0,-0.490953367101651,0
530.298966534893,0.369073720501764,0,-0.490953367101651,0
530.39896634001,0.285699185246925,0,-0.490953367101651,0
530.498966145126,0.345382258551627,0,-0.490953367101651,0
530.598965950243,0.496745635302096,0,-0.490953367101651,0
530.69896575536,0.312692490444526,0,-0.490953367101651,0
530.798965560477,0.0769283013178126,0,-0.490953367101651,0
530.898965365594,0.0654105792769438,0,-0.490953367101651,0
530.998965170711,0.313275365830453,0,-0.490953367101651,0
531.098964975828,0.318942457096086,0,-0.490953367101651,0
531.198964780945,0.0976283482549822,0,-0.490953367101651,0
531.298964586062,0.146057959645102,0,-0.490953367101651,0
531.398964391179,-0.0673116507399771,0,-0.490953367101651,0
531.498964196295,0.0522363714689051,0,-0.490953367101651,0
531.598964001412,0.318769991682211,0,-0.490953367101651,0
531.698963806529,0.101227192163525,0,-0.490953367101651,0
531.798963611646,0.167976634968701,0,-0.490953367101651,0
531.898963416763,0.134724301239269,0,-0.490953367101651,0
531.99896322188,0.140932432067881,0,-0.490953367101651,0
532.098963026997,0.586611067662484,0,-0.490953367101651,0
532.198962832114,0.109800547644539,0,-0.490953367101651,0
532.298962637231,0.106190589035585,0,-0.490953367101651,0
532.398962442347,0.191190670940925,0,-0.490953367101651,0
532.498962247464,0.3304774955579,0,-0.490953367101651,0
532.598962052581,0.154613751387635,0,-0.490953367101651,0
532.698961857698,0.104565921411503,0,-0.490953367101651,0
532.798961662815,0.209062522812654,0,-0.490953367101651,0
532.898961467932,0.0384563962697852,0,-0.490953367101651,0
532.998961273049,-0.104304294884421,0,-0.490953367101651,0
533.098961078166,0.58543409144802,1,1.970636785863,0.455870340266782
533.198960883283,0.885464531680696,0,0.510157460198405,0.185399154662848
533.298960688399,0.376008383590961,0,-0.490953367101651,0
533.398960493516,0.596867200240756,0,-0.490953367101651,0
533.498960298633,0.518804639498329,0,-0.490953367101651,0
533.59896010375,0.247108854508397,0,-0.490953367101651,0
533.698959908867,0.168780246018768,0,-0.490953367101651,0
533.798959713984,0.376872726724848,0,-0.490953367101651,0
533.898959519101,0.659533098136289,0,0.674892664088165,0.21590703322285
533.998959324218,0.51070849405012,0,-0.490953367101651,0
534.098959129335,0.0336983628600556,0,-0.490953367101651,0
534.198958934452,0.39250433618076,0,-0.174585581531657,0.0585892374827487
534.298958739568,0.465709554288775,0,0.151829791297202,0.119039222180887
534.398958544685,0.606442024682854,0,0.585219710535036,0.199300190771941
534.498958349802,0.632489593774633,0,0.0981337385201904,0.109095065627872
534.598958154919,0.642534477260539,0,0.0361886227730248,0.0976232367535506
534.698957960036,0.795219487887828,1,0.815845783935172,0.242010625906194
534.798957765153,0.820085613456406,0,0.269066046934522,0.140750607272601
534.89895757027,1.11456661877793,1,1.74827737622172,0.414690837004385
534.998957375387,1.29566473825847,0,1.41263239271148,0.352531588984412
535.098957180504,1.22615710031602,0,0.229520489865519,0.133427029651293
535.19895698562,1.45039328265709,1,1.75038044188059,0.415080310961436
535.298956790737,1.48215446885475,0,0.596947062628904,0.201472019410035
535.398956595854,1.10841962341195,0,-0.490953367101651,0
535.498956400971,1.03029253259256,0,-0.490953367101651,0
535.598956206088,1.17511187796766,1,1.01963345393128,0.279750764877506
535.698956011205,0.916663058665292,0,-0.490953367101651,0
535.798955816322,1.17435533622755,0,1.43743391177321,0.357124667535765
535.898955621439,1.7308506926202,1,3.49584452191926,0.738328802645706
535.998955426556,1.64279812784947,0,0.387468686165596,0.162677998950598
536.098955231673,1.32255459208701,0,-0.490953367101651,0
536.198955036789,1.56461984566455,1,1.78608576277654,0.421692702047974
536.298954841906,1.70153864373388,0,1.17728551979874,0.308946892764271
536.398954647023,1.35152913178078,0,-0.490953367101651,0
536.49895445214,1.04978554599562,0,-0.490953367101651,0
536.598954257257,1.24705493684981,1,1.37613200588283,0.345771956905366
536.698954062374,1.20775983124869,0,-0.490953367101651,0
536.798953867491,0.951972402557987,0,-0.490953367101651,0
536.898953672608,0.705486846130668,0,-0.490953367101651,0
536.998953477725,0.755775600517323,0,-0.490953367101651,0
537.098953282842,0.828449648113722,1,0.817721879333981,0.242358066460746
537.198953087958,0.87387849451905,0,0.0864920935933248,0.106939109394588
537.298952893075,0.621753702300699,0,-0.490953367101651,0
537.398952698192,0.716916661775891,0,0.160698655784048,0.120681677675165
537.498952503309,0.92636077263508,1,1.1921957547732,0.311708170421757
537.598952308426,1.01855816508563,0,1.02718590955375,0.281149430090039
537.698952113543,0.833241861223784,0,-0.490953367101651,0
537.79895191866,0.752144117204928,0,-0.490953367101651,0
537.898951723777,0.752997109772451,0,-0.490953367101651,0
537.998951528894,0.694150102666938,0,-0.490953367101651,0
538.09895133401,0.514851812194813,0,-0.490953367101651,0
538.198951139127,0.98899489545372,1,2.54039788674542,0.561386356658555
538.298950944244,1.31328736219815,0,2.06790245285339,0.4738833034133
538.398950749361,1.37947313247423,0,1.53862324891344,0.375864268641957
538.498950554478,1.33266160269344,0,-0.490953367101651,0
538.598950359595,0.961462096634458,0,-0.490953367101651,0
538.698950164712,0.97574042291976,0,-0.490953367101651,0
538.798949969829,0.863670929498553,0,-0.490953367101651,0
538.898949774946,1.17994653324217,1,2.37142566894295,0.530093810930554
538.998949580062,1.32520024588462,0,1.28049020069043,0.328059722306005
539.098949385179,1.48845386496382,1,1.51411690463611,0.371325854523366
539.198949190296,1.58089177762797,0,1.3493240453294,0.340807298558551
539.298948995413,1.48662976418917,0,-0.490953367101651,0
539.39894880053,0.855503817081084,0,-0.490953367101651,0
539.498948605647,1.08124926526394,0,-0.490953367101651,0
539.598948410764,0.915829740895855,0,-0.490953367101651,0
539.698948215881,0.572253942051922,0,-0.490953367101651,0
539.798948020998,1.21463077857349,1,2.85981964506578,0.620541169850647
539.898947826115,1.31965833367341,0,0.526472976662353,0.188420681228954
539.998947631231,1.0969162854608,0,-0.490953367101651,0
540.098947436348,0.731697295321402,0,-0.490953367101651,0
540.198947241465,0.615336780796437,0,-0.490953367101651,0
540.298947046582,0.950592878627366,1,1.21692748411766,0.316288324375519
540.398946851699,1.02800751893427,0,0.20789825181222,0.129422733076245
540.498946656816,0.686441323049451,0,-0.490953367101651,0
540.598946461933,1.01104599187427,1,1.3865899916185,0.347708707225106
540.69894626705,0.933940508792228,0,-0.490953367101651,0
540.798946072167,0.692108787781103,0,-0.490953367101651,0
540.898945877283,1.12592718757263,1,1.93552931229879,0.449368666582253
540.9989456824,0.989144212135378,0,-0.490953367101651,0
541.098945487517,0.737213259903839,0,-0.490953367101651,0
541.198945292634,0.491487576755975,0,-0.490953367101651,0
541.298945097751,0.741677761617466,0,-0.490953367101651,0
541.398944902868,0.373553716839927,0,-0.490953367101651,0
541.498944707985,0.733305351806492,1,1.25167554574959,0.322723437329104
541.598944513102,0.642386392853336,0,-0.490953367101651,0
541.698944318219,0.594029528304822,0,-0.490953367101651,0
541.798944123336,0.989113323852338,1,2.24645540485841,0.506950138234741
541.898943928452,1.13002081311751,0,1.53006828906132,0.374279946225792
541.998943733569,1.15932212005833,0,-0.490953367101651,0
542.098943538686,0.874801492632328,0,-0.490953367101651,0
542.198943343803,0.606721919833142,0,-0.490953367101651,0
542.29894314892,0.728936513087195,0,-0.490953367101651,0
542.398942954037,0.956048744901107,1,1.92160190419283,0.446789402010265
542.498942759154,0.927547735186496,0,-0.490953367101651,0
542.598942564271,0.680573110961385,0,-0.490953367101651,0
542.698942369388,0.603071938895678,0,-0.490953367101651,0
542.798942174505,0.761481182613676,1,1.64806582081311,0.396132314657452
542.898941979621,0.903007592116193,0,-0.490953367101651,0
542.998941784738,0.557196817514899,0,-0.490953367101651,0
543.098941589855,0.596160915050708,0,-0.490953367101651,0
543.198941394972,0.533207947670359,0,-0.490953367101651,0
543.298941200089,0.527104535806977,0,-0.490953367101651,0
543.398941005206,0.423221564087058,0,-0.490953367101651,0
543.498940810323,0.461944200669318,0,-0.490953367101651,0
543.59894061544,0.470950058983198,0,-0.490953367101651,0
543.698940420557,0.300796058019232,0,-0.490953367101651,0
543.798940225673,0.167023072360517,0,-0.490953367101651,0
543.89894003079,0.330978000709998,0,-0.490953367101651,0
543.998939835907,0.252162206678671,0,-0.490953367101651,0
544.098939641024,0.17944958515748,0,-0.490953367101651,0
544.198939446141,0.66611989133772,1,2.11233281034204,0.4821115140121
544.298939251258,0.833405642931576,0,0.716783063120155,0.22366486018589
544.398939056375,0.708531187217346,0,-0.490953367101651,0
544.498938861492,0.495754518560229,0,-0.490953367101651,0
544.598938666609,0.757953349981379,1,1.21454532502653,0.315847164146578
544.698938471725,0.850249857484547,0,-0.490953367101651,0
544.798938276842,0.458545013180565,0,-0.490953367101651,0
544.898938081959,0.58417933398726,0,-0.490953367101651,0
544.998937887076,0.803027307241779,1,1.40869302705153,0.351802044319282
545.098937692193,0.916601034695359,0,0.755399354981965,0.230816343989838
545.19893749731,0.838247971818712,0,-0.174283454503843,0.0586451894253609
545.298937302427,1.08512381771009,1,1.5082802132917,0.370244937594119
545.398937107544,1.18513664326795,0,0.633772949226501,0.208291931909951
545.498936912661,0.726928408723298,0,-0.490953367101651,0
545.598936717778,0.795639661095161,0,-0.490953367101651,0
545.698936522894,1.00758578033363,0,-0.490953367101651,0
545.798936328011,0.616661034959481,0,-0.490953367101651,0
545.898936133128,0.435007395583332,0,-0.490953367101651,0
545.998935938245,0.382447210921241,0,-0.490953367101651,0
546.098935743362,0.754430269902994,1,1.3007620150597,0.331813929277954
546.198935548479,0.58114311608063,0,-0.490953367101651,0
546.298935353596,0.84846381373861,1,1.23100227357059,0.318894883005665
546.398935158713,0.771342060738406,0,-0.490953367101651,0
546.49893496383,0.648604381733254,0,-0.490953367101651,0
546.598934768946,0.449363026619178,0,-0.490953367101651,0
546.698934574063,0.934529176852481,1,2.03818275278759,0.468379410019305
546.79893437918,0.93144961575852,0,0.249014597170777,0.137037210379284
546.898934184297,0.960829604797882,0,-0.0362462978847067,0.0842087648571351
546.998933989414,0.643479192039111,0,-0.490953367101651,0
547.098933794531,0.708460987412061,0,-0.114707507101558,0.0696782638716842
547.198933599648,1.0145620266782,1,2.3602527469012,0.528024659099241
547.298933404765,0.921126486841457,0,-0.490953367101651,0
547.398933209882,0.911137690783265,0,-0.490953367101651,0
547.498933014999,0.758681583772524,0,-0.490953367101651,0
547.598932820115,0.561900908720801,0,-0.490953367101651,0
547.698932625232,0.519546281340259,0,-0.490953367101651,0
547.798932430349,0.652286893980695,0,-0.490953367101651,0
547.898932235466,0.408558992202723,0,-0.490953367101651,0
547.998932040583,0.683441097205063,1,1.12508385321905,0.299279486726952
548.0989318457,0.571944705943006,0,-0.490953367101651,0
548.198931650817,0.409307616647572,0,-0.490953367101651,0
548.298931455934,0.860891237827752,1,1.88582696512024,0.440164118094337
548.398931261051,1.01312069226483,0,1.19201392579036,0.311674496887526
548.498931066168,0.827340965236114,0,-0.490953367101651,0
548.598930871284,0.932522173760208,0,-0.490953367101651,0
548.698930676401,0.591766117068774,0,-0.490953367101651,0
548.798930481518,0.519956231318046,0,-0.490953367101651,0
548.898930286635,0.551193138397052,0,-0.490953367101651,0
548.998930091752,0.589011699212784,0,-0.490953367101651,0
549.098929896869,0.0830880641905795,0,-0.490953367101651,0
549.198929701986,0.564343674298909,0,0.787104607436087,0.236687948654448
549.298929507103,1.01718446196149,1,1.60762005804819,0.388642024849545
549.39892931222,0.577668226055729,0,-0.490953367101651,0
549.498929117336,0.957294023589411,1,1.22456941205848,0.31770355927418
549.598928922453,0.987359361744936,0,0.449371272554499,0.1741419516669
549.69892872757,1.5185733277816,1,3.18369256533013,0.680520309020621
549.798928532687,1.77096309798143,0,2.08031320330857,0.476181692942586
549.898928337804,1.49076306006154,0,-0.490953367101651,0
549.998928142921,1.16201501123242,0,-0.490953367101651,0
550.098927948038,0.810649076133116,0,-0.490953367101651,0
550.198927753155,0.623295407096147,0,-0.490953367101651,0
550.298927558272,0.870490972495373,0,-0.490953367101651,0
550.398927363388,0.927802650611186,0,-0.490953367101651,0
550.498927168505,0.811620399005823,0,-0.490953367101651,0
550.598926973622,0.59767548204697,0,-0.490953367101651,0
550.698926778739,0.63909269986906,0,-0.490953367101651,0
550.798926583856,0.25584306116454,0,-0.490953367101651,0
550.898926388973,0.447973178438565,0,-0.490953367101651,0
550.99892619409,0.347866930560574,0,-0.490953367101651,0
551.098925999207,0.257986297724028,0,-0.490953367101651,0
551.198925804324,0.595682626234489,1,1.27834532881762,0.327662506112517
551.298925609441,0.459201307077189,0,-0.490953367101651,0
551.398925414557,0.543054202225453,0,0.143637006982517,0.117521972297201
551.498925219674,0.505409177948753,0,-0.490953367101651,0
551.598925024791,0.470855104224064,0,-0.490953367101651,0
551.698924829908,0.400841904392891,0,-0.490953367101651,0
551.798924635025,0.146671335481996,0,-0.490953367101651,0
551.898924440142,0.665300100146167,1,1.63845931735106,0.394353253266284
551.998924245259,0.60990578751279,0,-0.490953367101651,0
552.098924050376,0.596899655971515,0,-0.00909839724204742,0.0892363778773582
552.198923855493,0.905025058665533,0,1.61232337018983,0.389513047389106
552.298923660609,1.39475042029195,0,2.88233046144718,0.624710025300084
552.398923465726,1.77560524290563,1,3.53614945402782,0.745793011540363
552.498923270843,1.84563871645096,0,-0.490953367101651,0
552.59892307596,1.33606267988469,0,-0.490953367101651,0
552.698922881077,1.02493267133074,0,-0.490953367101651,0
552.798922686194,0.882855390423831,0,-0.490953367101651,0
552.898922491311,0.929356515458549,0,-0.490953367101651,0
552.998922296428,0.753446517132183,0,-0.490953367101651,0
553.098922101545,0.936951210866494,0,1.33299796137032,0.337783814961704
553.198921906662,1.36255693377267,1,2.07168856483529,0.474584466503101
553.298921711778,1.29288127688098,0,-0.490953367101651,0
553.398921516895,0.69602850326178,0,-0.490953367101651,0
553.498921322012,0.729359401794478,0,-0.490953367101651,0
553.598921127129,0.682461770964749,0,-0.490953367101651,0
553.698920932246,0.541282744128999,0,-0.490953367101651,0
553.798920737363,0.34683597835019,0,-0.490953367101651,0
553.89892054248,0.282237322155635,0,-0.490953367101651,0
553.998920347597,0.587248371910395,0,-0.490953367101651,0
554.098920152714,0.198057896991893,0,-0.490953367101651,0
554.198919957831,0.110366852599041,0,-0.490953367101651,0
554.298919762947,0.336777959557021,0,-0.490953367101651,0
554.398919568064,0.332624375507501,0,-0.490953367101651,0
554.498919373181,0.202205813681026,0,-0.490953367101651,0
554.598919178298,0.0237302341369409,0,-0.490953367101651,0
554.698918983415,0.0470109290000503,0,-0.490953367101651,0
554.798918788532,0.149514443298074,0,-0.490953367101651,0
554.898918593649,0.122693334069071,0,-0.490953367101651,0
554.998918398766,-0.086959590402472,0,-0.490953367101651,0
555.098918203883,0.103370542603113,0,-0.490953367101651,0
555.198918008999,0.209163313957778,0,-0.490953367101651,0
555.298917814116,0.106935740030365,0,-0.490953367101651,0
555.398917619233,0.279832288388139,0,-0.490953367101651,0
555.49891742435,0.277909351006694,0,-0.490953367101651,0
555.598917229467,0.331503260445932,0,-0.490953367101651,0
555.698917034584,0.283393632136136,0,-0.490953367101651,0
555.798916839701,0.152714961027451,0,-0.490953367101651,0
555.898916644818,0.0106385488905869,0,-0.490953367101651,0
555.998916449935,0.109101481331316,0,-0.490953367101651,0
556.098916255051,0.0340804916158576,0,-0.490953367101651,0
556.198916060168,0.18071703480499,0,-0.490953367101651,0
556.298915865285,0.0354079200188704,0,-0.490953367101651,0
556.398915670402,0.0673696144238326,0,-0.490953367101651,0
556.498915475519,0.00353655272406942,0,-0.490953367101651,0
556.598915280636,0.0599953635153778,0,-0.490953367101651,0
556.698915085753,0.331018349570371,0,-0.490953367101651,0
556.79891489087,-0.0178009051261486,0,-0.490953367101651,0
556.898914695987,-0.101429048746558,0,-0.490953367101651,0
556.998914501104,-0.119849979298006,0,-0.490953367101651,0
557.09891430622,0.0434297319921572,0,-0.490953367101651,0
557.198914111337,-0.233095024773541,0,-0.490953367101651,0
557.298913916454,-0.192909578431112,0,-0.490953367101651,0
557.398913721571,-0.108898776558905,0,-0.490953367101651,0
557.498913526688,-0.126361302259554,0,-0.490953367101651,0
557.598913331805,0.00177422178570377,0,-0.490953367101651,0
557.698913136922,0.244925439866094,0,-0.490953367101651,0
557.798912942039,0.204125961213305,0,-0.490953367101651,0
557.898912747156,-0.0671037735264806,0,-0.490953367101651,0
557.998912552272,0.0797263919036606,0,-0.490953367101651,0
558.098912357389,0.190976275293208,0,-0.490953367101651,0
558.198912162506,0.470796582427703,1,1.22693731579792,0.318142079505552
558.298911967623,0.479498587792269,0,-0.490953367101651,0
558.39891177274,0.345263405252319,0,-0.490953367101651,0
558.498911577857,0.139125477090957,0,-0.490953367101651,0
558.598911382974,0.369275822694662,0,0.00634165910417556,0.0920957749755363
558.698911188091,0.487220014117523,0,-0.140370843888429,0.0649255823339709
558.798910993208,0.231796030730487,0,-0.490953367101651,0
558.898910798325,0.383207268053547,0,-0.0888649805037346,0.0744641301863161
558.998910603441,0.767629823247312,1,2.00538585336266,0.462305639500468
559.098910408558,0.851895380824037,0,-0.490953367101651,0
559.198910213675,0.440761617685071,0,-0.490953367101651,0
559.298910018792,0.752614339277726,0,-0.490953367101651,0
559.398909823909,0.313262224592416,0,-0.490953367101651,0
559.498909629026,0.172842359411066,0,-0.490953367101651,0
559.598909434143,0.736477611919337,0,1.63583080925907,0.393866470819236
559.69890923926,1.24976777110865,1,2.85088627697045,0.618886768711432
559.798909044377,1.01792427965131,0,-0.490953367101651,0
559.898908849494,0.938003139898941,0,-0.490953367101651,0
559.99890865461,0.913408439180301,0,0.333587032566378,0.152699470343457
560.098908459727,0.940406663039264,0,0.139970728163097,0.116843001522595
560.198908264844,0.704313437117986,0,-0.490953367101651,0
560.298908069961,1.1963126619405,1,2.05211595557121,0.470959747727566
560.398907875078,0.837922487366037,0,-0.490953367101651,0
560.498907680195,0.831798365554803,0,-0.490953367101651,0
560.598907485312,1.22192220755556,1,2.22219496772588,0.502457264505412
560.698907290429,0.989404472361949,0,-0.490953367101651,0
560.798907095546,0.828881434552429,0,-0.490953367101651,0
560.898906900662,1.14242822801581,1,1.74860032110851,0.414750644277847
560.998906705779,1.2253190014119,0,1.56261063027315,0.380306574234295
561.098906510896,1.02487217739926,0,-0.490953367101651,0
561.198906316013,1.02571554048629,0,-0.490953367101651,0
561.29890612113,0.868842145818175,0,-0.490953367101651,0
561.398905926247,0.725458478018077,0,-0.490953367101651,0
561.498905731364,0.879433328313035,0,-0.490953367101651,0
561.598905536481,0.519965969479686,0,-0.490953367101651,0
561.698905341598,0.551095398793377,0,-0.490953367101651,0
561.798905146714,0.458935510408749,0,-0.490953367101651,0
561.898904951831,0.190582756773172,0,-0.490953367101651,0
561.998904756948,0.241245031901401,0,-0.490953367101651,0
562.098904562065,0.353333213779353,0,-0.490953367101651,0
562.198904367182,0.684684827189791,1,1.24574401852001,0.321624957416355
562.298904172299,0.407601939731072,0,-0.490953367101651,0
562.398903977416,0.376628732892729,0,-0.490953367101651,0
562.498903782533,0.484887002447498,0,0.0777089298083655,0.105312525107823
562.59890358765,0.592931424774373,0,0.426724796841416,0.169947972999601
562.698903392767,0.73003569341327,0,0.685123179224829,0.217801657480604
562.798903197883,0.9014088532883,1,1.15898266513326,0.305557324206664
562.898903003,1.04421828854492,0,-0.490953367101651,0
562.998902808117,0.662328827415964,0,-0.490953367101651,0
563.098902613234,0.373265200477418,0,-0.490953367101651,0
563.198902418351,0.38940760731007,0,-0.490953367101651,0
563.298902223468,0.782405751128747,1,1.0169872071317,0.279260697338237
563.398902028585,0.620986373712745,0,-0.490953367101651,0
563.498901833702,0.436702960249865,0,-0.490953367101651,0
563.598901638819,0.447173811635175,0,-0.490953367101651,0
563.698901443935,0.675713708342361,0,0.63486634660408,0.208494421928025
563.798901249052,0.449137534688816,0,-0.490953367101651,0
563.898901054169,0.823104812883133,1,1.48041412158441,0.365084320302402
563.998900859286,0.873178020867607,0,1.00332778955503,0.27673106285338
564.098900664403,1.04653598876491,0,-0.490953367101651,0
564.19890046952,0.631712689838896,0,-0.490953367101651,0
564.298900274637,0.445806497835764,0,-0.490953367101651,0
564.398900079754,0.609509783884685,0,-0.490953367101651,0
564.498899884871,0.54093118718374,0,-0.490953367101651,0
564.598899689988,0.580799631070629,0,0.490157795798555,0.181695348079042
564.698899495104,0.991940551961036,1,2.33804071762308,0.523911137060311
564.798899300221,0.838047799504837,0,-0.490953367101651,0
564.898899105338,0.890142834921388,0,-0.490953367101651,0
564.998898910455,0.522136195806992,0,-0.490953367101651,0
565.098898715572,0.543704352199416,0,-0.490953367101651,0
565.198898520689,0.535242847611452,0,-0.490953367101651,0
565.298898325806,0.864956325464922,1,1.94386131055995,0.450911697975129
565.398898130923,0.830601500228689,0,0.0147884417336842,0.0936600636800698
565.49889793604,0.922484752084259,0,0.66417544419858,0.213922274439226
565.598897741157,0.979409149196673,0,0.409604049137406,0.16677732289278
565.698897546273,0.749995662601586,0,-0.490953367101651,0
565.79889735139,0.57627943746943,0,-0.490953367101651,0
565.898897156507,0.798526191915811,0,-0.490953367101651,0
565.998896961624,0.619523192812982,0,-0.490953367101651,0
566.098896766741,0.265924114797555,0,-0.490953367101651,0
566.198896571858,0.725461701000095,1,1.0014266811433,0.276378990053
566.298896376975,0.501859712291194,0,-0.490953367101651,0
566.398896182092,0.791395683179774,0,1.1048472962715,0.295531809198102
566.498895987209,1.06677250194197,1,1.31494209888449,0.334439987734694
566.598895792325,0.789224540782088,0,-0.490953367101651,0
566.698895597442,0.851890953544419,0,0.164055558120142,0.121303353955579
566.798895402559,0.850125634297879,0,0.178492103280439,0.12397690736843
566.898895207676,1.30741270540402,1,2.65560646080032,0.582722228429412
566.998895012793,1.4387503383412,0,1.3250710674571,0.336315806235262
567.09889481791,1.32603359839705,0,0.130596845977266,0.115107020065028
567.198894623027,1.35434559102925,1,0.786247327157937,0.23652918597349
567.298894428144,1.35352939315041,0,0.505419978373999,0.184521804122304
567.398894233261,1.08382334048464,0,-0.490953367101651,0
567.498894038377,1.04735472440029,0,0.0584577795616757,0.101747338432488
567.598893843494,1.23476464889584,1,1.38358492832834,0.347152189226787
567.698893648611,1.1485435374421,0,0.0820705107795938,0.106120261277494
567.798893453728,1.03859123565331,0,-0.127056567639297,0.0673912989102206
567.898893258845,1.09026421714438,0,0.642406868135817,0.20989087702528
567.998893063962,1.01172735173864,0,-0.0121604200729881,0.0886693113459275
568.098892869079,1.24795663346866,0,0.655024499865076,0.21222757960871
568.198892674196,0.691661052147548,0,-0.490953367101651,0
568.298892479313,0.861140247711538,0,-0.00631660190435498,0.0897515481162459
568.39889228443,0.962393201425441,1,0.814938052131811,0.241842519933893
568.498892089546,0.805590174939254,0,-0.490953367101651,0
568.598891894663,0.753525434565161,0,-0.490953367101651,0
568.69889169978,1.24268588337209,1,3.12329265596696,0.66933464222702
568.798891504897,1.11584321200381,0,-0.490953367101651,0
568.898891310014,1.32314940709818,1,1.52047728268224,0.372503754792678
568.998891115131,1.21933826014795,0,-0.490953367101651,0
569.098890920248,0.705855872221111,0,-0.490953367101651,0
569.198890725365,0.765746548808413,0,-0.490953367101651,0
569.298890530482,0.950053112701805,0,0.397890830201018,0.164608111622691
569.398890335598,0.565438444832074,0,-0.490953367101651,0
569.498890140715,0.747878882918471,0,0.262936235506353,0.139615406427666
569.598889945832,0.909984359986098,0,0.965660212680272,0.269755274838368
569.698889750949,1.17396913751171,1,1.91910021187651,0.446326105012545
569.798889556066,1.08303142106166,0,-0.490953367101651,0
569.898889361183,0.804092946037298,0,-0.490953367101651,0
569.9988891663,0.833850696395502,0,-0.490953367101651,0
570.098888971417,1.40364818426609,1,3.16716563725162,0.677459630411047
570.198888776534,0.978878435463682,0,-0.490953367101651,0
570.298888581651,0.785702688107053,0,-0.490953367101651,0
570.398888386767,0.846395809346691,0,-0.490953367101651,0
570.498888191884,0.817802482768308,0,-0.490953367101651,0
570.598887997001,0.663828389439617,0,-0.490953367101651,0
570.698887802118,0.672294039362375,0,0.408480920579586,0.166569326855259
570.798887607235,0.733296242855697,0,0.476892484143507,0.17923869942425
570.898887412352,0.818062846738248,0,-0.490953367101651,0
570.998887217469,0.480423748445517,0,-0.490953367101651,0
571.098887022586,0.466037372757412,0,-0.490953367101651,0
571.198886827703,0.342517204728763,0,-0.490953367101651,0
571.29888663282,0.184768853264503,0,-0.490953367101651,0
571.398886437936,0.418377317289135,0,-0.490953367101651,0
571.498886243053,0.326544299164534,0,-0.490953367101651,0
571.59888604817,0.339272791570921,0,-0.490953367101651,0
571.698885853287,0.766365853520507,1,2.49148511766216,0.552328032851676
571.798885658404,0.954251194645084,0,-0.490953367101651,0
571.898885463521,0.495748331190946,0,-0.490953367101651,0
571.998885268638,0.38122204606776,0,-0.490953367101651,0
572.098885073755,0.31429422114656,0,-0.490953367101651,0
572.198884878872,0.346694310483327,0,-0.490953367101651,0
572.298884683988,0.960198908785838,1,2.80296537142848,0.610012131522539
572.398884489105,0.866538911658237,0,-0.490953367101651,0
572.498884294222,0.603049102825938,0,-0.490953367101651,0
572.598884099339,0.737453430512997,0,0.350628578250168,0.155855452755958
572.698883904456,0.652589545407718,0,-0.490953367101651,0
572.798883709573,1.07313592723867,0,2.32720718731106,0.521904838349828
572.89888351469,1.70588547394375,1,4.53113193011225,0.930057235780054
572.998883319807,1.72546779739636,0,-0.490953367101651,0
573.098883124924,1.18222942415969,0,-0.490953367101651,0
573.19888293004,1.07343016006731,0,-0.490953367101651,0
573.298882735157,1.07367119711812,0,-0.490953367101651,0
573.398882540274,0.994023799152734,0,0.628491823593708,0.207313902104171
573.498882345391,1.4391200412963,0,2.72493724078289,0.595561833846078
573.598882150508,1.76974775603865,1,2.95749974098415,0.638630882514621
573.698881955625,1.64251004404785,0,-0.490953367101651,0
573.798881760742,1.34964734514549,0,-0.490953367101651,0
573.898881565859,1.04955025596509,0,-0.490953367101651,0
573.998881370976,1.19208084732567,1,0.898762741613241,0.257366302262415
574.098881176093,1.03292746652849,0,-0.490953367101651,0
574.198880981209,0.809057903395986,0,-0.490953367101651,0
574.298880786326,1.13049244680894,1,0.937453419958781,0.264531561954932
574.398880591443,0.760932015346869,0,-0.490953367101651,0
574.49888039656,0.607294231151618,0,-0.490953367101651,0
574.598880201677,0.852843800275934,1,0.79006167237928,0.237235577673934
574.698880006794,0.828485571106307,0,-0.490953367101651,0
574.798879811911,0.680044510790206,0,-0.490953367101651,0
574.898879617028,0.462551660953943,0,-0.490953367101651,0
574.998879422145,0.285353980207864,0,-0.490953367101651,0
575.098879227261,0.523271470246414,0,0.136989706825344,0.116290935936068
575.198879032378,0.584753193641306,0,0.211350563177577,0.130062078482684
575.298878837495,1.18430200525851,1,3.07014011810061,0.65949114106823
575.398878642612,0.960131140811114,0,-0.490953367101651,0
575.498878447729,0.775520630910264,0,-0.490953367101651,0
575.598878252846,0.782600185723243,0,-0.490953367101651,0
575.698878057963,0.723756763478315,0,-0.490953367101651,0
575.79887786308,0.398237506932217,0,-0.490953367101651,0
575.898877668197,0.786049639800405,1,1.27957438278482,0.327890118840639
575.998877473314,0.902304260288202,0,0.753929025538253,0.230544048627021
576.09887727843,0.903812823965629,0,0.243521672543695,0.136019956789854
576.198877083547,1.05527861097647,1,1.39786885097647,0.349797477952088
576.298876888664,0.960915991814554,0,-0.490953367101651,0
576.398876693781,0.656153961424569,0,-0.490953367101651,0
576.498876498898,0.662915375428553,0,-0.490953367101651,0
576.598876304015,0.66288396163952,0,-0.490953367101651,0
576.698876109132,0.735391982292666,0,-0.490953367101651,0
576.798875914249,0.675830185000266,0,-0.490953367101651,0
576.898875719366,0.27514299914239,0,-0.490953367101651,0
576.998875524483,0.378924394358909,0,-0.490953367101651,0
577.098875329599,0.398422959658148,0,-0.490953367101651,0
577.198875134716,0.11566010819441,0,-0.490953367101651,0
577.298874939833,0.417686985679985,0,-0.490953367101651,0
577.39887474495,0.283941267282457,0,-0.490953367101651,0
577.498874550067,0.0178580482887032,0,-0.490953367101651,0
577.598874355184,0.165664202137807,0,-0.490953367101651,0
577.698874160301,0.0616363928968944,0,-0.490953367101651,0
577.798873965418,0.391661996831988,0,0.676083953899748,0.216127652277207
577.898873770535,0.826458863066762,1,1.48282384295763,0.365530584885088
577.998873575651,0.803975634875971,0,-0.490953367101651,0
578.098873380768,0.428827361344249,0,-0.490953367101651,0
578.198873185885,0.135378472348146,0,-0.490953367101651,0
578.298872991002,0.342078209784194,0,-0.490953367101651,0
578.398872796119,0.612064126620244,1,1.60596732851878,0.388335950187997
578.498872601236,0.712131167336932,0,-0.490953367101651,0
578.598872406353,0.573713951701825,0,-0.490953367101651,0
578.69887221147,0.670676410760994,0,-0.490953367101651,0
578.798872016587,0.438085442414876,0,-0.490953367101651,0
578.898871821703,0.418592705632814,0,-0.490953367101651,0
578.99887162682,0.137112966484625,0,-0.490953367101651,0
579.098871431937,0.341310978413537,0,-0.490953367101651,0
579.198871237054,0.332062073151178,0,-0.490953367101651,0
579.298871042171,0.16775969353449,0,-0.490953367101651,0
579.398870847288,-0.00121123793352998,0,-0.490953367101651,0
579.498870652405,0.0404308766217532,0,-0.490953367101651,0
579.598870457522,0.843555358146463,1,3.0336191127984,0.652727690583203
579.698870262639,0.910985838578582,0,0.389089876495242,0.16297823275935
579.798870067756,0.716372155372612,0,-0.490953367101651,0
579.898869872872,0.721798497004421,0,-0.0654001850426837,0.0788096563000913
579.998869677989,0.808997334118308,0,0.536686019952467,0.190312069815399
580.098869483106,0.761202101172226,0,-0.110346775518342,0.0704858427402699
580.198869288223,0.795782960045667,0,0.216810922150054,0.131073301126617
580.29886909334,0.65231359588507,0,-0.490953367101651,0
580.398868898457,0.653153503295127,0,-0.0678514555575306,0.0783556970890734
580.498868703574,0.928689827307606,1,0.837714827920866,0.246060629320069
580.598868508691,0.647136488726949,0,-0.490953367101651,0
580.698868313808,0.46721931553804,0,-0.490953367101651,0
580.798868118924,0.667360738886756,0,0.349254235253791,0.155600933453203
580.898867924041,0.652693777286824,0,-0.0644961940138753,0.0789770695054962
580.998867729158,0.776532562184366,0,0.669625367292625,0.214931564426967
581.098867534275,0.778882860125347,0,0.129934044117487,0.114984273510739
581.198867339392,0.74152408342989,0,0.251752009281929,0.137544161135915
581.298867144509,0.80875778515635,0,-0.490953367101651,0
581.398866949626,0.727576839210926,0,-0.490953367101651,0
581.498866754743,0.271307866437782,0,-0.490953367101651,0
581.59886655986,0.615668498083224,0,0.441342796143962,0.172655130528667
581.698866364977,0.973888525320918,1,1.21539680916459,0.316004853420432
581.798866170093,0.585746404708893,0,-0.490953367101651,0
581.89886597521,0.665089805336872,0,-0.490953367101651,0
581.998865780327,0.56320365238291,0,-0.490953367101651,0
582.098865585444,0.451920339209108,0,-0.490953367101651,0
582.198865390561,0.19786172092892,0,-0.490953367101651,0
582.298865195678,0.427868671444613,0,-0.490953367101651,0
582.398865000795,0.460042171052126,0,0.278973750398289,0.142585448927233
582.498864805912,0.752537365197127,1,2.148605166649,0.488828916335155
582.598864611029,0.901188126698117,0,-0.490953367101651,0
582.698864416146,0.739735244545015,0,-0.490953367101651,0
582.798864221262,0.512625613378088,0,-0.490953367101651,0
582.898864026379,0.450627724730431,0,-0.490953367101651,0
582.998863831496,0.415201543063329,0,-0.490953367101651,0
583.098863636613,0.360006214167921,0,-0.490953367101651,0
583.19886344173,0.207743261030284,0,-0.490953367101651,0
583.298863246847,0.382301485954128,0,-0.490953367101651,0
583.398863051964,0.231062478890598,0,-0.490953367101651,0
583.498862857081,0.356735236101349,0,-0.490953367101651,0
583.598862662198,0.391132170044198,0,-0.490953367101651,0
583.698862467314,0.302835148907042,0,-0.490953367101651,0
583.798862272431,0.0212161960082764,0,-0.490953367101651,0
583.898862077548,0.27830841997857,0,-0.490953367101651,0
583.998861882665,0.189136979686557,0,-0.490953367101651,0
584.098861687782,-0.0265645682927549,0,-0.490953367101651,0
584.198861492899,0.0546288054747647,0,-0.490953367101651,0
584.298861298016,0.185617306958358,0,-0.490953367101651,0
584.398861103133,0.0821509819821211,0,-0.490953367101651,0
584.49886090825,0.143917204365774,0,-0.490953367101651,0
584.598860713366,0.036000166461217,0,-0.490953367101651,0
584.698860518483,0.17157452356188,0,-0.490953367101651,0
584.7988603236,0.605494604805311,1,0.842814756464597,0.247005102614198
584.898860128717,0.24168242250176,0,-0.490953367101651,0
584.998859933834,0.321879226521119,0,-0.490953367101651,0
585.098859738951,0.214110479162732,0,-0.490953367101651,0
585.198859544068,-0.00283434451086377,0,-0.490953367101651,0
585.298859349185,0.29170471123962,0,-0.144969132593067,0.0640740094456476
585.398859154302,0.336263026397853,0,-0.0975340210643939,0.0728586807716706
585.498858959418,0.468502822818133,0,0.417776889293559,0.168290879249204
585.598858764535,0.684566361679087,1,0.997370298012979,0.275627774520373
585.698858569652,0.612328749413594,0,-0.490953367101651,0
585.798858374769,0.496199097450777,0,-0.490953367101651,0
585.898858179886,0.422842447572306,0,-0.490953367101651,0
585.998857985003,0.894261860016058,1,2.243134407411,0.506335111304058
586.09885779012,0.850913734836556,0,-0.00624758922307738,0.0897643288118701
586.198857595237,1.12691380305601,0,0.615756159966289,0.204955340787876
586.298857400354,0.791693233723059,0,-0.490953367101651,0
586.398857205471,0.31992152394129,0,-0.490953367101651,0
586.498857010587,0.66875643891922,0,-0.490953367101651,0
586.598856815704,0.597728851799405,0,-0.490953367101651,0
586.698856620821,0.538385281427699,0,-0.490953367101651,0
586.798856425938,0.281452422911462,0,-0.490953367101651,0
586.898856231055,0.0470413074444638,0,-0.490953367101651,0
586.998856036172,0.400863553788304,0,-0.490953367101651,0
587.098855841289,1.48854962617843,1,6.93906791231549,1.37599117576823
587.198855646406,1.56055505410562,0,-0.490953367101651,0
587.298855451523,1.00713290023947,0,-0.490953367101651,0
587.39885525664,0.811596686334807,0,-0.490953367101651,0
587.498855061756,1.05056935265853,0,-0.490953367101651,0
587.598854866873,0.981974517576075,0,-0.490953367101651,0
587.69885467199,0.673040563185857,0,-0.490953367101651,0
587.798854477107,0.540646200865526,0,-0.490953367101651,0
587.898854282224,0.479585423883554,0,-0.490953367101651,0
587.998854087341,0.52114627551695,0,-0.490953367101651,0
588.098853892458,0.414534458331087,0,-0.490953367101651,0
588.198853697575,0.0522644956059971,0,-0.490953367101651,0
588.298853502692,0.193785577991249,0,-0.490953367101651,0
588.398853307809,0.502509256541114,1,0.861413772178334,0.25044951825416
588.498853112925,0.551992908714646,0,-0.490953367101651,0
588.598852918042,0.256764763594102,0,-0.490953367101651,0
588.698852723159,0.552458931679928,0,0.669099822652188,0.214834237008846
588.798852528276,0.486874138449486,0,-0.490953367101651,0
588.898852333393,0.6477836781628,0,0.426266058419664,0.169863017654714
588.99885213851,0.425924083442016,0,-0.490953367101651,0
589.098851943627,0.462037304912466,0,-0.490953367101651,0
589.198851748744,0.727220854660579,0,1.33451033076281,0.338063895847116
589.298851553861,1.13958258984816,1,3.12989564064439,0.670557471652159
589.398851358977,1.17220857160536,0,-0.490953367101651,0
589.498851164094,0.776004308875858,0,-0.490953367101651,0
589.598850969211,0.862331618589016,0,-0.490953367101651,0
589.698850774328,0.742644441668882,0,-0.490953367101651,0
589.798850579445,0.45795886278802,0,-0.490953367101651,0
589.898850384562,0.767767657055476,0,-0.490953367101651,0
589.998850189679,0.802890006263274,0,-0.490953367101651,0
590.098849994796,0.155082953229632,0,-0.490953367101651,0
590.198849799913,0.371693058093166,0,-0.490953367101651,0
590.298849605029,0.431151223115724,0,-0.490953367101651,0
590.398849410146,0.242485063401526,0,-0.490953367101651,0
590.498849215263,0.211997700116462,0,-0.490953367101651,0
590.59884902038,0.238971840784253,0,-0.490953367101651,0
590.698848825497,0.104248941178625,0,-0.490953367101651,0
590.798848630614,0.240211258497135,0,-0.490953367101651,0
590.898848435731,0.134749006549047,0,-0.490953367101651,0
590.998848240848,0.287499914596698,0,-0.490953367101651,0
591.098848045965,0.359984484563158,0,-0.490953367101651,0
591.198847851081,0.361828475113411,0,-0.490953367101651,0
591.298847656198,-0.0566973418495484,0,-0.490953367101651,0
591.398847461315,0.3118841521092,0,0.382829885029084,0.161818923425785
591.498847266432,0.350405942023861,0,-0.111175988603718,0.0703322779192014
591.598847071549,0.762574588080345,1,1.94260925248101,0.450679825036495
591.698846876666,1.00720735011239,0,0.15496401168914,0.119619659226763
591.798846681783,0.726828095176987,0,-0.490953367101651,0
591.8988464869,0.274768801455524,0,-0.490953367101651,0
591.998846292017,0.330861733600731,0,-0.490953367101651,0
592.098846097134,0.93451891164873,1,1.83006839635478,0.429837997117096
592.19884590225,0.638988507266621,0,-0.490953367101651,0
592.298845707367,1.0457290382439,1,1.85218985594963,0.433934746245115
592.398845512484,0.916373665415693,0,-0.490953367101651,0
592.498845317601,0.922536051425378,0,0.361569400984289,0.157881621318826
592.598845122718,0.911278335673506,0,0.193589822317104,0.126772905843728
592.698844927835,1.00382995324452,0,0.556534265387714,0.193987834600763
592.798844732952,0.781061575211011,0,-0.490953367101651,0
592.898844538069,1.13769574169139,1,1.85995868314558,0.435373482052954
592.998844343186,1.09488087519587,0,0.450708470753984,0.174389591997062
593.098844148303,0.985633222749721,0,-0.490953367101651,0
593.198843953419,0.848175259730833,0,-0.490953367101651,0
593.298843758536,1.11797660499171,0,1.78235338032485,0.421001489314527
593.398843563653,1.61634827947212,1,3.02826930941342,0.651736942108469
593.49884336877,1.36915669558655,0,-0.490953367101651,0
593.598843173887,1.1884983159434,0,-0.490953367101651,0
593.698842979004,0.814351437370269,0,-0.490953367101651,0
593.798842784121,1.02211936297093,1,0.887068391970015,0.255200585461576
593.898842589238,1.02187977783884,0,-0.490953367101651,0
593.998842394355,0.627337994061865,0,-0.490953367101651,0
594.098842199472,0.740222760761219,0,-0.490953367101651,0
594.198842004588,1.2701133860042,1,3.8290363378007,0.800033740121608
594.298841809705,1.32133413567833,0,-0.490953367101651,0
594.398841614822,0.887984023407021,0,-0.490953367101651,0
594.498841419939,0.850329261490604,0,-0.490953367101651,0
594.598841225056,0.935284131377621,1,1.12216795661097,0.298739481812931
594.698841030173,0.955272168034647,0,-0.490953367101651,0
594.79884083529,1.14107097320444,0,-0.490953367101651,0
594.898840640407,0.527264563177584,0,-0.490953367101651,0
594.998840445524,0.271129579596238,0,-0.490953367101651,0
595.09884025064,0.144208836954088,0,-0.490953367101651,0
595.198840055757,0.770887443420317,1,1.47411996272208,0.363918683391315
595.298839860874,0.706011280011629,0,-0.238374927334126,0.0467758693063508
595.398839665991,0.775058130662453,0,-0.014937658664006,0.0881549849866168
595.498839471108,0.497148609223802,0,-0.490953367101651,0
595.598839276225,0.734946047490187,0,0.331864195145786,0.152380412160598
595.698839081342,0.480834265278571,0,-0.490953367101651,0
595.798838886459,0.60254318402711,0,-0.490953367101651,0
595.898838691576,0.317411603852381,0,-0.490953367101651,0
595.998838496692,0.593195744294395,0,0.406673497435078,0.166234603951489
596.098838301809,0.822836048965709,0,-0.490953367101651,0
596.198838106926,0.373621263598818,0,-0.490953367101651,0
596.298837912043,-0.00600864282912287,0,-0.490953367101651,0
596.39883771716,0.106196308983778,0,-0.490953367101651,0
596.498837522277,0.495735523421538,0,0.623972967317687,0.206477039580292
596.598837327394,0.556625818440255,0,0.182293476859524,0.124680896805865
596.698837132511,0.676278467720133,1,0.875446817363198,0.253048346119838
596.798836937628,0.864002737856337,0,-0.490953367101651,0
596.898836742744,0.634706316805793,0,-0.490953367101651,0
596.998836547861,0.237150982551977,0,-0.490953367101651,0
597.098836352978,0.270230079857839,0,-0.490953367101651,0
597.198836158095,0.942782906834071,1,2.10919910897516,0.481531173086258
597.298835963212,0.83102312782996,0,-0.490953367101651,0
597.398835768329,0.555925630095999,0,-0.490953367101651,0
597.498835573446,0.334124634328872,0,-0.490953367101651,0
597.598835378563,0.379123610002142,0,-0.490953367101651,0
597.69883518368,1.1129138719701,1,3.3374783811408,0.709000432772083
597.798834988797,1.43687807393094,0,2.47075285780483,0.548488554397363
597.898834793913,1.17460212896786,0,-0.490953367101651,0
597.99883459903,1.0637220858718,0,-0.490953367101651,0
598.098834404147,0.981596371823184,0,-0.490953367101651,0
598.198834209264,0.864274265877134,0,-0.490953367101651,0
598.298834014381,0.620461382556067,0,-0.490953367101651,0
598.398833819498,0.371995742509256,0,-0.490953367101651,0
598.498833624615,0.4435851615807,0,-0.490953367101651,0
598.598833429732,0.568072105057862,0,-0.490953367101651,0
598.698833234849,0.654223371570756,0,-0.490953367101651,0
598.798833039966,0.497965035034865,0,-0.490953367101651,0
598.898832845082,0.35763278706685,0,-0.490953367101651,0
598.998832650199,0.103662644366572,0,-0.490953367101651,0
599.098832455316,0.284206739219524,0,-0.490953367101651,0
599.198832260433,0.491803434119898,0,-0.490953367101651,0
599.29883206555,0.191185120925715,0,-0.490953367101651,0
599.398831870667,-0.032322305091047,0,-0.490953367101651,0
599.498831675784,0.0311662500501047,0,-0.490953367101651,0
599.598831480901,0.576075394886152,0,1.68734405594267,0.403406386010079
599.698831286018,1.04080724283242,0,2.43840102174504,0.54249720669268
599.798831091135,1.61364108542503,1,2.86149342807812,0.620851143479054
599.898830896251,1.24315000362334,0,-0.490953367101651,0
599.998830701368,0.920421292818277,0,-0.490953367101651,0
600.098830506485,1.0291682380591,0,-0.490953367101651,0
600.198830311602,0.703108595154036,0,-0.490953367101651,0
600.298830116719,0.5720047438539,0,-0.490953367101651,0
600.398829921836,0.601770584908906,0,-0.490953367101651,0
600.498829726953,0.637975986810049,0,-0.490953367101651,0
600.59882953207,0.308339138751753,0,-0.490953367101651,0
600.698829337187,0.228214228052055,0,-0.490953367101651,0
600.798829142303,0.817806822124686,1,2.13074661083153,0.485521629008148
600.89882894742,1.13584724226833,0,0.89682590484669,0.257007612805218
600.998828752537,0.708639873765397,0,-0.490953367101651,0
601.098828557654,0.551757489320164,0,-0.490953367101651,0
601.198828362771,0.777006315554652,0,0.494014352477066,0.182409557064309
601.298828167888,0.852760399762743,0,0.526741808020259,0.188470467032027
601.398827973005,0.95070597204287,0,0.717723565905508,0.223839035128971
601.498827778122,1.82588070749808,1,4.57331328395182,0.937868945663846
601.598827583239,1.42594263140064,0,-0.490953367101651,0
601.698827388356,1.05663975558864,0,-0.490953367101651,0
601.798827193472,0.979006164294032,0,-0.490953367101651,0
601.898826998589,0.99023407963735,0,-0.490953367101651,0
601.998826803706,0.893269807018442,0,-0.490953367101651,0
602.098826608823,0.979258914792812,1,1.7043298816714,0.406552049452607
602.19882641394,0.924663382973046,0,-0.490953367101651,0
602.298826219057,1.05389484160301,0,-0.490953367101651,0
602.398826024174,0.625649094300929,0,-0.490953367101651,0
602.498825829291,0.414696173280495,0,-0.490953367101651,0
602.598825634407,0.26600741832972,0,-0.490953367101651,0
602.698825439524,0.819911457958029,1,1.66102736922304,0.398532708352927
602.798825244641,1.22999387619352,0,1.62839693944366,0.39248976691986
602.898825049758,0.734282822558098,0,-0.490953367101651,0
602.998824854875,0.64092739045196,0,-0.490953367101651,0
603.098824659992,0.818966247630842,0,-0.490953367101651,0
603.198824465109,0.496872317320026,0,-0.490953367101651,0
603.298824270226,0.535913594958345,0,-0.490953367101651,0
603.398824075343,0.69195434867911,0,-0.490953367101651,0
603.49882388046,0.514649040927871,0,-0.490953367101651,0
603.598823685576,0.210883720512205,0,-0.490953367101651,0
603.698823490693,0.133525680659173,0,-0.490953367101651,0
603.79882329581,0.70865659801466,1,1.41432632684014,0.352845294467307
603.898823100927,0.436098329371753,0,-0.490953367101651,0
603.998822906044,0.662299699026443,1,0.839067935444506,0.246311215952647
604.098822711161,0.737101668374334,0,-0.490953367101651,0
604.198822516278,0.59390375857429,0,-0.490953367101651,0
604.298822321395,0.305470077879575,0,-0.490953367101651,0
604.398822126512,0.37593263372881,0,-0.490953367101651,0
604.498821931629,0.906958803417213,1,1.79717772534337,0.423746860715889
604.598821736745,0.984529170620523,0,-0.490953367101651,0
604.698821541862,0.449453912682686,0,-0.490953367101651,0
604.798821346979,0.202235144207545,0,-0.490953367101651,0
604.898821152096,0.378459748974733,0,-0.490953367101651,0
604.998820957213,0.333882151737147,0,-0.490953367101651,0
605.09882076233,0.214909418511961,0,-0.490953367101651,0
605.198820567447,0.213445487387265,0,-0.490953367101651,0
605.298820372564,0.109968006794769,0,-0.490953367101651,0
605.398820177681,0.175199582029432,0,-0.490953367101651,0
605.498819982797,0.128414344789401,0,-0.490953367101651,0
605.598819787914,0.193199836148528,0,-0.490953367101651,0
605.698819593031,0.166354869972576,0,-0.490953367101651,0
605.798819398148,0.298371375103987,0,-0.490953367101651,0
605.898819203265,0.226719011919408,0,-0.490953367101651,0
605.998819008382,0.215448949163598,0,-0.490953367101651,0
606.098818813499,0.206249365144259,0,-0.490953367101651,0
606.198818618616,0.260577807136016,0,-0.490953367101651,0
606.298818423733,0.545892519674177,1,0.842669235960849,0.246978153171993
606.39881822885,0.280957659565369,0,-0.490953367101651,0
606.498818033966,0.425465349946218,0,-0.490953367101651,0
606.598817839083,0.0817746844937275,0,-0.490953367101651,0
606.6988176442,0.129382123600131,0,-0.490953367101651,0
606.798817449317,0.386510715115074,0,0.343348226622724,0.154507179417414
606.898817254434,0.995760508284485,1,3.59924979294703,0.757478780164114
606.998817059551,0.888683384535762,0,-0.490953367101651,0
607.098816864668,0.999737489657105,0,-0.490953367101651,0
607.198816669785,0.763277381248372,0,-0.490953367101651,0
607.298816474902,0.373472295353218,0,-0.490953367101651,0
607.398816280019,0.332663142695601,0,-0.490953367101651,0
607.498816085135,0.406544446087483,0,-0.490953367101651,0
607.598815890252,0.501005710904151,0,-0.490953367101651,0
607.698815695369,0.541310440734974,0,-0.490953367101651,0
607.798815500486,0.464804494075795,0,-0.490953367101651,0
607.898815305603,0.172773667606199,0,-0.490953367101651,0
607.99881511072,0.421795829785985,0,-0.490953367101651,0
608.098814915837,0.298499775561075,0,-0.490953367101651,0
608.198814720954,0.208080602722226,0,-0.490953367101651,0
608.29881452607,0.839144375723337,1,1.78291302875627,0.421105132530906
608.398814331187,0.403385614459586,0,-0.490953367101651,0
608.498814136304,0.292015910871306,0,-0.490953367101651,0
608.598813941421,0.752498429898852,0,1.39061800528224,0.34845466891872
608.698813746538,0.953965034503826,1,1.66529403909831,0.399322867610552
608.798813551655,0.884132665357233,0,-0.490953367101651,0
608.898813356772,0.708983960251366,0,-0.490953367101651,0
608.998813161889,0.742884994665368,0,-0.490953367101651,0
609.098812967006,0.679877195335162,0,-0.490953367101651,0
609.198812772123,0.494923587695403,0,-0.490953367101651,0
609.298812577239,0.839701314846728,0,1.77790528118443,0.420177730547762
609.398812382356,1.29684242939328,1,2.93834863269905,0.63508422295397
609.498812187473,1.39105372670815,0,-0.490953367101651,0
609.59881199259,0.756594263512794,0,-0.490953367101651,0
609.698811797707,0.663329334718639,0,-0.490953367101651,0
609.798811602824,0.778876964534527,0,-0.490953367101651,0
609.898811407941,0.687008783850363,0,-0.490953367101651,0
609.998811213058,0.553198785588741,0,-0.490953367101651,0
610.098811018175,0.532872403421553,0,-0.490953367101651,0
610.198810823292,0.465736163822175,0,-0.490953367101651,0
610.298810628408,0.212679164054778,0,-0.490953367101651,0
610.398810433525,0.308951548349255,0,-0.490953367101651,0
610.498810238642,0.192519748354591,0,-0.490953367101651,0
610.598810043759,0.130520875864279,0,-0.490953367101651,0
610.698809848876,1.11338613965177,1,4.13967048432849,0.857561145285118
610.798809653993,0.891378632315117,0,-0.490953367101651,0
610.89880945911,1.12189730227002,1,1.19737706140794,0.312667714404235
610.998809264227,0.858798521547717,0,-0.490953367101651,0
611.098809069344,0.623244913369894,0,-0.490953367101651,0
611.19880887446,0.513966135663184,0,-0.490953367101651,0
611.298808679577,0.795462744181772,0,-0.490953367101651,0
611.398808484694,0.823718033390916,0,-0.490953367101651,0
611.498808289811,0.441083415645834,0,-0.490953367101651,0
611.598808094928,0.198593395280087,0,-0.490953367101651,0
611.698807900045,0.202458926039378,0,-0.490953367101651,0
611.798807705162,0.555395041535638,0,-0.490953367101651,0
611.898807510279,0.5923075990042,0,-0.490953367101651,0
611.998807315396,0.143251842241252,0,-0.490953367101651,0
612.098807120513,0.172940852272172,0,-0.490953367101651,0
612.198806925629,0.116071357265107,0,-0.490953367101651,0
612.298806730746,0.112164960455593,0,-0.490953367101651,0
612.398806535863,0.166064024758368,0,-0.490953367101651,0
612.49880634098,0.237164927244454,0,-0.490953367101651,0
612.598806146097,0.477096418522481,0,-0.490953367101651,0
612.698805951214,0.375537523935694,0,-0.490953367101651,0
612.798805756331,0.460928054175395,0,-0.490953367101651,0
612.898805561448,0.0668524894023588,0,-0.490953367101651,0
612.998805366565,0.00472579428547726,0,-0.490953367101651,0
613.098805171682,0.256061274924767,0,-0.490953367101651,0
613.198804976798,0.185547527467084,0,-0.490953367101651,0
613.298804781915,0.0167056226041393,0,-0.490953367101651,0
613.398804587032,0.116164902915969,0,-0.490953367101651,0
613.498804392149,0.198359546075484,0,-0.490953367101651,0
613.598804197266,0.19277525212457,0,-0.490953367101651,0
613.698804002383,-0.0107881808543205,0,-0.490953367101651,0
613.7988038075,0.536148087594009,0,1.68703037311218,0.403348294008655
613.898803612617,1.20916845939201,1,3.06064946101634,0.657733533665896
613.998803417733,0.845845130007363,0,-0.490953367101651,0
614.09880322285,0.955899945482895,0,0.311362398611858,0.148583614001186
614.198803027967,1.3692533229535,1,1.57884168647075,0.383312459313409
614.298802833084,1.02701747235394,0,-0.490953367101651,0
614.398802638201,0.714583180321287,0,-0.490953367101651,0
614.498802443318,0.568124823748703,0,-0.490953367101651,0
614.598802248435,0.860611834799339,0,0.778404964820335,0.235076831940049
614.698802053552,1.20463392874482,1,1.75360709125614,0.415677865248441
614.798801858669,0.904222144714121,0,-0.490953367101651,0
614.898801663786,1.11263930874237,0,0.378265239944276,0.160973581115042
614.998801468902,0.657164967230385,0,-0.490953367101651,0
615.098801274019,0.745689633100316,0,-0.490953367101651,0
615.198801079136,1.08619869726052,1,2.06919596525304,0.474122853420053
615.298800884253,1.01848782215652,0,0.0424787275122,0.0987881228676375
615.39880068937,1.16977749687993,1,1.14465454757658,0.302903850874364
615.498800494487,0.962927303486397,0,-0.490953367101651,0
615.598800299604,0.860464457061218,0,-0.490953367101651,0
615.698800104721,1.01667599829759,1,0.819792902818695,0.242741606417445
615.798799909838,0.698102803302259,0,-0.490953367101651,0
615.898799714955,0.744349817726671,0,-0.490953367101651,0
615.998799520071,0.77880749993693,0,0.49871954841112,0.18328092846986
616.098799325188,0.819013311788247,0,0.33648147748271,0.153235502544961
616.198799130305,0.830900575221604,0,0.513896213268252,0.186091547192966
616.298798935422,0.883132208464969,0,-0.490953367101651,0
616.398798740539,0.723684077567044,0,-0.490953367101651,0
616.498798545656,0.365809491743368,0,-0.490953367101651,0
616.598798350773,0.762437024035069,0,1.02844963388736,0.281383463542469
616.69879815589,1.03010453296201,1,1.57878202891351,0.383301411125357
616.798797961007,0.884405656507913,0,-0.490953367101651,0
616.898797766123,1.09081989889571,1,1.36232016572165,0.343214094758247
616.99879757124,1.10486565019925,0,0.75646502665402,0.23101369938922
617.098797376357,0.894030363255488,0,-0.490953367101651,0
617.198797181474,0.869022440123182,0,-0.490953367101651,0
617.298796986591,0.700566494791856,0,-0.490953367101651,0
617.398796791708,0.689440098030179,0,-0.490953367101651,0
617.498796596825,0.547455161313594,0,-0.490953367101651,0
617.598796401942,0.523240847398639,0,-0.490953367101651,0
617.698796207059,0.488453846749631,0,-0.490953367101651,0
617.798796012176,0.679570700922987,1,0.874590498071825,0.252889761407324
617.898795817292,0.418025219462608,0,-0.490953367101651,0
617.998795622409,0.468147121634916,0,-0.490953367101651,0
618.098795427526,0.536634844406499,0,0.263685243597188,0.139754117810152
618.198795232643,1.43365161256599,1,4.73559050367827,0.967921621689198
618.29879503776,1.598820633119,0,1.59178171909064,0.385708868425783
618.398794842877,1.48277090173321,0,-0.490953367101651,0
618.498794647994,1.00350022220361,0,-0.490953367101651,0
618.598794453111,0.879878638273305,0,-0.490953367101651,0
618.698794258228,1.15762697767147,1,1.38394216980304,0.347218348003233
618.798794063345,1.18237688983312,0,0.28789074050997,0.144236816971369
618.898793868461,0.878031337054085,0,-0.490953367101651,0
618.998793673578,1.03913592986546,0,0.681224364196954,0.217079622526388
619.098793478695,0.903382838924216,0,-0.490953367101651,0
619.198793283812,0.675907701566263,0,-0.490953367101651,0
619.298793088929,0.752435066884513,0,0.150370551822383,0.118768980607522
619.398792894046,1.06502770329478,1,1.92122940511439,0.446720417625746
619.498792699163,0.954458895844124,0,-0.490953367101651,0
619.59879250428,1.46463885194031,1,3.70672250361502,0.777382020808217
619.698792309396,1.62409891238405,0,-0.490953367101651,0
619.798792114513,0.91856128658175,0,-0.490953367101651,0
619.89879191963,0.909542900648921,0,-0.490953367101651,0
619.998791724747,0.764547643197691,0,-0.490953367101651,0
620.098791529864,1.14006952904091,1,2.13343589326644,0.486019666464627
620.198791334981,1.12600625096863,0,-0.490953367101651,0
620.298791140098,0.634283793745809,0,-0.490953367101651,0
620.398790945215,0.762000822800681,0,-0.490953367101651,0
620.498790750332,0.962971567504199,0,-0.490953367101651,0
620.598790555449,0.568465344846906,0,-0.490953367101651,0
620.698790360565,0.404608519859676,0,-0.490953367101651,0
620.798790165682,0.213114584280847,0,-0.490953367101651,0
620.898789970799,0.374786330336992,0,-0.490953367101651,0
620.998789775916,0.334892212408763,0,-0.490953367101651,0
621.098789581033,-0.0289117369677566,0,-0.490953367101651,0
621.19878938615,0.208638304895771,0,-0.490953367101651,0
621.298789191267,0.202105513150466,0,-0.490953367101651,0
621.398788996384,0.0485832903908797,0,-0.490953367101651,0
621.498788801501,-0.0213061597308588,0,-0.490953367101651,0
621.598788606618,-0.136668460280434,0,-0.490953367101651,0
621.698788411734,0.250566678733299,0,-0.490953367101651,0
621.798788216851,0.687781961509993,1,1.44237295205468,0.358039345379676
621.898788021968,0.628826936177105,0,-0.490953367101651,0
621.998787827085,0.447128290596229,0,-0.490953367101651,0
622.098787632202,0.110906006730593,0,-0.490953367101651,0
622.198787437319,0.304483898921048,0,-0.490953367101651,0
622.298787242436,0.18492144512574,0,-0.490953367101651,0
622.398787047553,0.112819156813818,0,-0.490953367101651,0
622.49878685267,0.301702240914437,0,-0.490953367101651,0
622.598786657786,-0.026204074712646,0,-0.490953367101651,0
622.698786462903,0.0334885807245372,0,-0.490953367101651,0
622.79878626802,0.0401752527777052,0,-0.490953367101651,0
622.898786073137,-0.00988170590953469,0,-0.490953367101651,0
622.998785878254,0.439981135272188,1,0.971100811556044,0.270762838042083
623.098785683371,0.544719891672183,0,0.212593632133734,0.130292286694776
623.198785488488,0.578592345937543,0,-0.490953367101651,0
623.298785293605,0.270190809035884,0,-0.490953367101651,0
623.398785098722,0.255228246232563,0,-0.490953367101651,0
623.498784903839,0.556261579748551,0,0.842661671990713,0.246976752374368
623.598784708955,1.42729359827911,1,4.24613087684473,0.877276911251627
623.698784514072,0.927880651465266,0,-0.490953367101651,0
623.798784319189,0.830808278279641,0,-0.490953367101651,0
623.898784124306,0.93382223458351,0,-0.490953367101651,0
623.998783929423,0.834031066372555,0,-0.490953367101651,0
624.09878373454,0.603412055069258,0,-0.490953367101651,0
624.198783539657,0.732318877032946,0,-0.490953367101651,0
624.298783344774,0.499767264515005,0,-0.490953367101651,0
624.398783149891,0.577783471395617,0,0.492122565871148,0.182059210601185
624.498782955008,0.551302160889774,0,-0.212427511509962,0.0515811604172854
624.598782760124,0.633572922589532,0,0.349934578384917,0.155726928535817
624.698782565241,0.943283962507255,1,1.65533129790001,0.397477833328713
624.798782370358,1.17118655783157,0,0.93012357267115,0.263174122344975
624.898782175475,0.948789468831104,0,-0.490953367101651,0
624.998781980592,0.652104873193078,0,-0.490953367101651,0
625.098781785709,0.538717881616678,0,-0.490953367101651,0
625.198781590826,0.872243000934729,1,1.12731241664547,0.299692202046879
625.298781395943,0.937360334736692,0,-0.490953367101651,0
625.398781201059,0.835524020754285,0,-0.490953367101651,0
625.498781006176,0.450744373945164,0,-0.490953367101651,0
625.598780811293,0.12380974180723,0,-0.490953367101651,0
625.69878061641,0.271254819081442,0,-0.490953367101651,0
625.798780421527,0.219745813594695,0,-0.490953367101651,0
625.898780226644,1.14337701499116,1,3.23740087891649,0.690466736195056
625.998780031761,1.04578058920023,0,-0.490953367101651,0
626.098779836878,0.396784372508198,0,-0.490953367101651,0
626.198779641995,0.556968821089419,0,-0.490953367101651,0
626.298779447112,0.502916105980988,0,-0.490953367101651,0
626.398779252228,0.830655946405259,1,0.831572919291848,0.244923188152933
626.498779057345,0.632633474887981,0,-0.490953367101651,0
626.598778862462,0.407060582534668,0,-0.490953367101651,0
626.698778667579,0.40816207157212,0,-0.490953367101651,0
626.798778472696,0.424693934620649,0,-0.490953367101651,0
626.898778277813,0.265372244521426,0,-0.490953367101651,0
626.99877808293,1.30831871664767,1,5.33927888200074,1.07972074718924
627.098777888047,1.4404918163574,0,-0.490953367101651,0
627.198777693164,1.04381624579447,0,-0.490953367101651,0
627.298777498281,0.596845762657867,0,-0.490953367101651,0
627.398777303397,0.607406660054851,0,-0.490953367101651,0
627.498777108514,0.670254440433554,0,-0.490953367101651,0
627.598776913631,0.773658858384499,0,0.818848874597466,0.242566778586778
627.698776718748,1.35397799232349,1,2.96527506579176,0.640070821637492
627.798776523865,1.0992824741172,0,-0.490953367101651,0
627.898776328982,1.02554555885699,0,-0.490953367101651,0
627.998776134099,0.833079839652252,0,-0.490953367101651,0
628.098775939216,0.496412482952088,0,-0.490953367101651,0
628.198775744333,0.421221843995518,0,-0.490953367101651,0
628.298775549449,1.1005181877185,1,2.74322745465341,0.598949061411422
628.398775354566,1.50596077452438,0,1.92357604170277,0.447154999320324
628.498775159683,1.09154236632679,0,-0.490953367101651,0
628.5987749648,0.963845161100378,0,-0.490953367101651,0
628.698774769917,0.731063177183583,0,-0.490953367101651,0
628.798774575034,1.1790274861364,0,2.03689717641872,0.468141329713367
628.898774380151,1.63514598644125,1,2.63259343390275,0.578460366888517
628.998774185268,1.14196609201533,0,-0.490953367101651,0
629.098773990385,0.991519400574149,0,-0.490953367101651,0
629.198773795502,0.88530747989517,0,-0.490953367101651,0
629.298773600618,1.11150257301938,0,-0.490953367101651,0
629.398773405735,0.78702754690361,0,-0.490953367101651,0
629.498773210852,0.625194793367406,0,-0.490953367101651,0
629.598773015969,0.82490111841279,0,-0.490953367101651,0
629.698772821086,0.3288044756096,0,-0.490953367101651,0
629.798772626203,0.127014177041084,0,-0.490953367101651,0
629.89877243132,0.580702672825383,0,0.793094948149881,0.237797320438464
629.998772236437,0.83786674903571,1,1.32193123033347,0.335734329007541
630.098772041554,0.799904667719669,0,-0.0301341290512877,0.085340698409316
630.198771846671,0.799028020963359,0,0.134461889567377,0.115822800770621
630.298771651787,0.900831020703808,0,0.688083872981443,0.218349958532518
630.398771456904,1.06960540761439,1,1.18994358722082,0.311291083772623
630.498771262021,0.92275519982899,0,-0.490953367101651,0
630.598771067138,0.972176603703965,1,0.966952071742563,0.269994518657894
630.698770872255,0.976581241899068,0,-0.490953367101651,0
630.798770677372,0.759262597451916,0,-0.490953367101651,0
630.898770482489,0.697130733034786,0,-0.490953367101651,0
630.998770287606,0.498839625650661,0,-0.490953367101651,0
631.098770092722,0.572919221020308,0,-0.490953367101651,0
631.198769897839,0.475029875281684,0,-0.490953367101651,0
631.298769702956,0.168415489643889,0,-0.490953367101651,0
631.398769508073,0.236655787248407,0,-0.490953367101651,0
631.49876931319,0.378040217398713,0,-0.490953367101651,0
631.598769118307,1.15043656921908,1,4.30428139384047,0.888046005342131
631.698768923424,0.882095911020859,0,-0.490953367101651,0
631.798768728541,0.720379423175268,0,-0.490953367101651,0
631.898768533658,0.845928779396254,0,-0.490953367101651,0
631.998768338775,0.490573246531963,0,-0.490953367101651,0
632.098768143891,0.735987202299426,0,-0.490953367101651,0
632.198767949008,0.645579353214142,0,-0.490953367101651,0
632.298767754125,0.667996747548885,0,-0.490953367101651,0
632.398767559242,0.113733181542249,0,-0.490953367101651,0
632.498767364359,0.312085806452028,0,-0.490953367101651,0
632.598767169476,0.335305756625076,0,-0.490953367101651,0
632.698766974593,0.0708935626064534,0,-0.490953367101651,0
632.79876677971,0.220313110004978,0,-0.490953367101651,0
632.898766584827,0.257960598728848,0,-0.490953367101651,0
632.998766389944,0.0095935456470009,0,-0.490953367101651,0
633.09876619506,-0.0477207672536242,0,-0.490953367101651,0
633.198766000177,0.0657233383314585,0,-0.490953367101651,0
633.298765805294,0.297468514216746,0,-0.490953367101651,0
633.398765610411,0.0571982953928839,0,-0.490953367101651,0
633.498765415528,0.309553191084455,0,-0.490953367101651,0
633.598765220645,0.254749671854096,0,-0.490953367101651,0
633.698765025762,0.236825397671328,0,-0.490953367101651,0
633.798764830879,0.00759060296398516,0,-0.490953367101651,0
633.898764635996,0.53446903819894,1,1.38973453377088,0.348291055793271
633.998764441112,0.573851115959366,0,-0.490953367101651,0
634.098764246229,0.404360616990383,0,-0.490953367101651,0
634.198764051346,0.0624442842729233,0,-0.490953367101651,0
634.298763856463,0.157583651389729,0,-0.490953367101651,0
634.39876366158,0.390005695126147,0,-0.490953367101651,0
634.498763466697,0.368456694019615,0,-0.490953367101651,0
634.598763271814,0.155835058012777,0,-0.490953367101651,0
634.698763076931,0.0150640851743765,0,-0.490953367101651,0
634.798762882048,0.16742575247361,0,-0.490953367101651,0
634.898762687165,0.242866412248741,0,-0.490953367101651,0
634.998762492281,0.539623645815388,1,1.48810506944749,0.366508633368935
635.098762297398,0.66370283341552,0,0.180434699811535,0.124336663496219
635.198762102515,0.427357803562373,0,-0.490953367101651,0
635.298761907632,0.443273223799235,0,-0.490953367101651,0
635.398761712749,0.532161583134438,0,0.100306681067826,0.109497480326102
635.498761517866,0.388532842801654,0,-0.490953367101651,0
635.598761322983,0.512975762625755,0,-0.490953367101651,0
635.6987611281,0.190402466906953,0,-0.490953367101651,0
635.798760933217,0.565140202704323,1,0.802164541182799,0.239476949542041
635.898760738334,0.437091176061542,0,-0.490953367101651,0
635.99876054345,0.414113788931153,0,-0.490953367101651,0
636.098760348567,0.587809517287989,0,0.625544296288752,0.206768039392689
636.198760153684,0.620601058036654,0,-0.490953367101651,0
636.298759958801,0.342131509498871,0,-0.490953367101651,0
636.398759763918,0.257117666256571,0,-0.490953367101651,0
636.498759569035,0.529915532932216,0,0.569923659311353,0.196467462477314
636.598759374152,0.641294771618126,0,0.487025667102944,0.181115298401598
636.698759179269,1.0278106045448,1,2.07731155308053,0.475625807020971
636.798758984385,1.35641105042858,0,1.80168663610933,0.424581881396579
636.898758789502,1.01289413812828,0,-0.490953367101651,0
636.998758594619,0.93370863093779,0,-0.490953367101651,0
637.098758399736,1.1880233496797,1,2.38393641769445,0.532410719488003
637.198758204853,1.06378865503357,0,-0.490953367101651,0
637.29875800997,1.05594891617577,0,-0.490953367101651,0
637.398757815087,1.05483849675389,0,-0.490953367101651,0
637.498757620204,0.640939640777617,0,-0.490953367101651,0
637.598757425321,0.504911941698562,0,-0.490953367101651,0
637.698757230438,0.726011503313814,0,0.690697895873576,0.218834058415623
637.798757035554,0.747909809093415,0,0.170677643276293,0.122529720664015
637.898756840671,0.71581834275869,0,-0.490953367101651,0
637.998756645788,0.449613338152052,0,-0.490953367101651,0
638.098756450905,0.77682987301923,1,1.13316756246235,0.300776536623307
638.198756256022,0.913624586431946,0,0.85618079300316,0.249480404856334
638.298756061139,1.33364348319627,1,3.28365929902741,0.699033491993446
638.398755866256,1.15513003004825,0,-0.490953367101651,0
638.498755671373,1.27892770803904,0,-0.490953367101651,0
638.59875547649,0.905512597927453,0,-0.490953367101651,0
638.698755281607,0.537640541280549,0,-0.490953367101651,0
638.798755086723,0.708060769414953,0,-0.490953367101651,0
638.89875489184,0.7354315210012,0,-0.490953367101651,0
638.998754696957,0.418635138292273,0,-0.490953367101651,0
639.098754502074,0.442704441788825,0,-0.490953367101651,0
639.198754307191,0.460458270983591,0,-0.490953367101651,0
639.298754112308,0.186636806498086,0,-0.490953367101651,0
639.398753917425,0.566120235265855,0,-0.490953367101651,0
639.498753722542,0.563494402445696,0,-0.490953367101651,0
639.598753527659,0.0852810360486811,0,-0.490953367101651,0
639.698753332775,0.36877409726602,0,-0.490953367101651,0
639.798753137892,0.415243372577576,0,-0.490953367101651,0
639.898752943009,0.439564413146814,0,-0.490953367101651,0
639.998752748126,0.206832379912227,0,-0.490953367101651,0
640.098752553243,0.169359187904165,0,-0.490953367101651,0
640.19875235836,0.390772765426268,0,0.729777917442369,0.226071421917725
640.298752163477,0.568720230491387,0,0.592315422974984,0.200614270144796
640.398751968594,0.474675537359358,0,-0.490953367101651,0
640.498751773711,0.378250402116875,0,-0.490953367101651,0
640.598751578828,0.491017649469964,0,0.195060657715566,0.127045294906044
640.698751383944,0.606965614930566,0,0.475160322360742,0.178917914430714
640.798751189061,0.881955647279621,0,0.468348074910719,0.177656330913538
640.898750994178,0.486988769380566,0,-0.490953367101651,0
640.998750799295,0.392176451605267,0,-0.490953367101651,0
641.098750604412,0.454030715100446,0,-0.490953367101651,0
641.198750409529,0.598105117546929,0,0.602709455282809,0.202539176709443
641.298750214646,0.559002441076268,0,-0.261492466341859,0.0424946528085949
641.398750019763,0.624928471972769,0,0.268909558347834,0.140721626613423
641.49874982488,0.738312749611827,0,0.629849086109417,0.207565258214011
641.598749629997,0.648411493235763,0,-0.490953367101651,0
641.698749435113,0.748988326652568,0,0.582565113016511,0.19880857673433
641.79874924023,0.768393712299579,0,0.347827752729735,0.155336758252127
641.898749045347,0.655947129129114,0,-0.490953367101651,0
641.998748850464,0.72604798246518,0,-0.490953367101651,0
642.098748655581,0.42638392650474,0,-0.490953367101651,0
642.198748460698,0.431054659006836,0,-0.490953367101651,0
642.298748265815,0.612537472593629,0,0.733704577663757,0.226798613619024
642.398748070932,1.2511918275063,1,3.4117882189534,0.722762127020008
642.498747876048,1.56206634670851,0,2.35281697528,0.526647602997916
642.598747681165,1.3545975401874,0,-0.490953367101651,0
642.698747486282,1.59302918745126,0,2.05833571714472,0.472111606749052
642.798747291399,1.77250820899857,1,2.16141103339118,0.491200478807542
642.898747096516,1.36310346126934,0,-0.490953367101651,0
642.998746901633,1.27976861684106,0,-0.490953367101651,0
643.09874670675,1.2758225566823,0,-0.490953367101651,0
643.198746511867,0.886330312589741,0,-0.490953367101651,0
643.298746316984,0.76944454417189,0,-0.490953367101651,0
643.398746122101,0.866087989463993,0,-0.490953367101651,0
643.498745927217,0.721944241329305,0,-0.490953367101651,0
643.598745732334,0.561999116858777,0,-0.490953367101651,0
643.698745537451,0.456275088957196,0,-0.490953367101651,0
643.798745342568,0.75949120749864,1,1.55502220458042,0.378901247600831
643.898745147685,1.03466130956688,0,1.40927332456012,0.351909511609226
643.998744952802,0.834090146830952,0,-0.490953367101651,0
644.098744757919,0.670314829192502,0,-0.490953367101651,0
644.198744563036,0.648887461288481,0,-0.490953367101651,0
644.298744368153,0.537825468781136,0,-0.490953367101651,0
644.39874417327,0.620213520720767,0,0.348869998334453,0.155529775297589
644.498743978386,0.578716235239024,0,-0.25365715821002,0.0439457004494277
644.598743783503,0.705020239317462,0,0.613452537625813,0.204528725049698
644.69874358862,0.805252371390082,0,0.591303468410578,0.200426862801192
644.798743393737,0.931572649990804,1,0.862424648951434,0.250636725997889
644.898743198854,0.904756598407683,0,-0.490953367101651,0
644.998743003971,0.601737799093162,0,-0.490953367101651,0
645.098742809088,0.535744473443081,0,-0.490953367101651,0
645.198742614205,1.14898154077949,1,2.98199425577937,0.643167105890766
645.298742419322,1.2379635962319,0,0.947552497589276,0.266401844849203
645.398742224438,1.1475316704404,0,0.616329338386013,0.205061489669289
645.498742029555,1.11560115403451,0,-0.490953367101651,0
645.598741834672,0.903331424781656,0,-0.490953367101651,0
645.698741639789,0.776857681596701,0,-0.490953367101651,0
645.798741444906,0.730490974686829,0,-0.490953367101651,0
645.898741250023,0.752869416496429,0,0.549282873213248,0.192644924362842
645.99874105514,0.775693600893207,0,0.214687173331156,0.130679996784078
646.098740860257,0.661814092952395,0,-0.490953367101651,0
646.198740665374,0.761875579048547,0,0.546032885713518,0.192043048008413
646.298740470491,0.98405044211721,1,1.48743581685066,0.366384692180482
646.398740275607,0.858123420680329,0,-0.490953367101651,0
646.498740080724,0.799770176609306,0,-0.490953367101651,0
646.598739885841,0.477162970814674,0,-0.490953367101651,0
646.698739690958,0.556773483592253,0,-0.490953367101651,0
646.798739496075,0.564506986125489,0,-0.490953367101651,0
646.898739301192,0.483773364208543,0,-0.490953367101651,0
646.998739106309,0.464507796618082,0,-0.490953367101651,0
647.098738911426,0.256669068458778,0,-0.490953367101651,0
647.198738716543,0.303433958536556,0,-0.490953367101651,0
647.29873852166,0.532597199084066,1,0.978025751417398,0.272045291454208
647.398738326776,0.678706985528861,0,0.677081060353918,0.216312309848248
647.498738131893,0.77928028735073,0,0.568430618771651,0.196190961168578
647.59873793701,0.955088000217134,1,1.24949084765338,0.322318845580433
647.698737742127,1.03717037052544,0,-0.490953367101651,0
647.798737547244,0.698307673616679,0,-0.490953367101651,0
647.898737352361,0.3835953595609,0,-0.490953367101651,0
647.998737157478,0.552281598260397,0,-0.490953367101651,0
648.098736962595,0.840632770100421,1,1.67343526544971,0.400830569297826
648.198736767712,0.773362477591243,0,-0.490953367101651,0
648.298736572828,0.608331458080601,0,-0.490953367101651,0
648.398736377945,1.03925748625544,1,2.19798182840014,0.497973150019473
648.498736183062,0.952875546119142,0,-0.102430707002484,0.0719518466741713
648.598735988179,1.09722728905189,1,1.10337416056429,0.295258994133702
648.698735793296,0.865880335350024,0,-0.490953367101651,0
648.798735598413,0.852985365598277,0,-0.490953367101651,0
648.89873540353,0.723245274422356,0,-0.490953367101651,0
648.998735208647,0.850157159462722,0,0.289900289366106,0.144608972230329
649.098735013764,0.475849017422744,0,-0.490953367101651,0
649.19873481888,1.12865001211226,1,2.69988979624853,0.590923211511267
649.298734623997,1.29857688052889,0,1.40532157833599,0.351177674144866
649.398734429114,1.16819640945961,0,-0.490953367101651,0
649.498734234231,0.828796698499852,0,-0.490953367101651,0
649.598734039348,0.831968767764946,0,-0.490953367101651,0
649.698733844465,0.94711590445594,1,0.96751456634113,0.270098688965749
649.798733649582,1.06904667406231,0,0.93586256127932,0.264236945368719
649.898733454699,0.987829541617154,0,-0.0465620852904076,0.0822983487348197
649.998733259816,1.29742114516315,1,1.92621186644486,0.447643136762949
650.098733064933,1.10367088924881,0,-0.490953367101651,0
650.198732870049,1.02791990665472,0,-0.490953367101651,0
650.298732675166,0.600659624827019,0,-0.490953367101651,0
650.398732480283,1.07617055235496,0,1.71431152238583,0.408400583800792
650.4987322854,1.37252220750599,1,1.84765765328698,0.433095412058028
650.598732090517,1.08562625923421,0,-0.490953367101651,0
650.698731895634,0.932211682088568,0,-0.490953367101651,0
650.798731700751,0.865289767940696,0,-0.490953367101651,0
650.898731505868,1.13441334007321,1,1.88190878872645,0.439438497542226
650.998731310985,1.21604945150316,0,0.775563385676659,0.23455059013267
651.098731116101,1.04110608183424,0,-0.490953367101651,0
651.198730921218,0.856616178233793,0,-0.490953367101651,0
651.298730726335,0.697970771298367,0,-0.490953367101651,0
651.398730531452,0.55658482875603,0,-0.490953367101651,0
651.498730336569,0.724115599217106,0,0.510428108759034,0.185449276999939
651.598730141686,1.71011594628889,1,5.3921742880015,1.08951662921415
651.698729946803,1.76709571863309,0,1.00809744705086,0.277614372117094
651.79872975192,1.39198135974111,0,-0.490953367101651,0
651.898729557037,1.09976044197993,0,-0.490953367101651,0
651.998729362154,1.12397274005291,0,-0.490953367101651,0
652.09872916727,1.52649429423701,1,3.07332207589346,0.660080418767441
652.198728972387,1.96946344750614,0,2.40957225542505,0.537158308380979
652.298728777504,1.56902106253709,0,-0.490953367101651,0
652.398728582621,1.01305569040428,0,-0.490953367101651,0
652.498728387738,1.44785817990816,1,1.05115676524463,0.285588675236973
652.598728192855,1.02711944823858,0,-0.490953367101651,0
652.698727997972,1.00919967194801,0,-0.490953367101651,0
652.798727803089,1.2418228940585,1,1.94497808736164,0.451118517709102
652.898727608206,1.1189485257251,0,-0.490953367101651,0
652.998727413323,0.828960694324343,0,-0.490953367101651,0
653.098727218439,0.783759851410291,0,-0.490953367101651,0
653.198727023556,0.748927945138115,0,-0.490953367101651,0
653.298726828673,0.637186903630851,0,-0.490953367101651,0
653.39872663379,0.467836295859733,0,-0.490953367101651,0
653.498726438907,0.431843668077961,0,-0.490953367101651,0
653.598726244024,1.0318587819953,1,3.03845243813237,0.653622790712673
653.698726049141,0.989106670791875,0,0.126210537337306,0.114294704493402
653.798725854258,0.955223563558072,1,0.977831786947112,0.27200937050735
653.898725659375,1.16281643641347,0,-0.490953367101651,0
653.998725464491,0.834277000619165,0,-0.490953367101651,0
654.098725269608,0.531036757955654,0,-0.490953367101651,0
654.198725074725,0.723196949065022,0,-0.490953367101651,0
654.298724879842,0.726631803876327,0,-0.490953367101651,0
654.398724684959,0.489270719394614,0,-0.490953367101651,0
654.498724490076,0.10596759894353,0,-0.490953367101651,0
654.598724295193,0.218051110479924,0,-0.490953367101651,0
654.69872410031,0.233090465482595,0,-0.490953367101651,0
654.798723905427,0.0802782945019354,0,-0.490953367101651,0
654.898723710543,0.353266375380622,0,-0.490953367101651,0
654.99872351566,0.748825409167661,1,1.85366325552533,0.434207610176227
655.098723320777,0.468837646547051,0,-0.490953367101651,0
655.198723125894,0.431823174813836,0,-0.490953367101651,0
655.298722931011,0.626279327755363,0,-0.490953367101651,0
655.398722736128,0.318320341275164,0,-0.490953367101651,0
655.498722541245,0.205131489410377,0,-0.490953367101651,0
655.598722346362,0.232290244225416,0,-0.490953367101651,0
655.698722151479,0.285113626201201,0,-0.490953367101651,0
655.798721956596,0.343390073372474,0,-0.490953367101651,0
655.898721761712,0.623344063415956,1,1.1412427004787,0.302271999184685
655.998721566829,0.588563578378979,0,-0.490953367101651,0
656.098721371946,0.326668265075516,0,-0.490953367101651,0
656.198721177063,0.244337590197293,0,-0.490953367101651,0
656.29872098218,0.114303585538262,0,-0.490953367101651,0
656.398720787297,0.588065867679123,0,0.422373987157809,0.169142231601704
656.498720592414,0.445057791286659,0,-0.490953367101651,0
656.598720397531,0.19862569291971,0,-0.490953367101651,0
656.698720202648,0.293933855615605,0,-0.490953367101651,0
656.798720007764,0.10905154957429,0,-0.490953367101651,0
656.898719812881,0.311094403187814,0,-0.490953367101651,0
656.998719617998,0.317548959268616,0,-0.490953367101651,0
657.098719423115,0.082515518462234,0,-0.490953367101651,0
657.198719228232,0.186601998490444,0,-0.490953367101651,0
657.298719033349,0.291714108846718,0,0.125677980145885,0.114196078396864
657.398718838466,0.282105596469669,0,-0.490953367101651,0
657.498718643583,0.454508481770347,0,0.360908667703609,0.15775925785181
657.5987184487,0.309280290359135,0,-0.490953367101651,0
657.698718253817,0.278256339917562,0,-0.490953367101651,0
657.798718058933,0.415857590086865,0,-0.490953367101651,0
657.89871786405,0.128596790049563,0,-0.490953367101651,0
657.998717669167,0.662169571691329,1,1.816733589569,0.427368478420206
658.098717474284,0.878655043122242,0,0.097228699949621,0.108927458424608
658.198717279401,0.400500667222407,0,-0.490953367101651,0
658.298717084518,0.521561081338927,0,-0.490953367101651,0
658.398716889635,0.328844406933777,0,-0.490953367101651,0
658.498716694752,0.469472870195799,0,-0.0337255715587688,0.0846755868285103
658.598716499869,0.626932182873156,0,0.329933582286019,0.152022875330088
658.698716304986,0.408605737561965,0,-0.490953367101651,0
658.798716110102,0.628701959690664,0,0.589343095611113,0.200063814625172
658.898715915219,0.541939129094059,0,-0.490953367101651,0
658.998715720336,0.470737088074031,0,-0.490953367101651,0
659.098715525453,0.391915662459142,0,-0.490953367101651,0
659.19871533057,0.473557759090924,0,0.123192844556878,0.113735847596376
659.298715135687,0.445303197547876,0,-0.319898068971173,0.0316783185329458
659.398714940804,0.62255141614376,0,0.763229014767612,0.232266345594028
659.498714745921,1.14066430879825,1,1.70303159500052,0.406311615282156
659.598714551038,0.680050149928804,0,-0.490953367101651,0
659.698714356154,0.449050830732683,0,-0.490953367101651,0
659.798714161271,0.629338286547614,0,-0.490953367101651,0
659.898713966388,0.593127305404841,0,-0.490953367101651,0
659.998713771505,1.06785804557842,1,1.49327498863682,0.367466068471262
660.098713576622,0.677722386248705,0,-0.490953367101651,0
660.198713381739,0.346061417311211,0,-0.490953367101651,0
660.298713186856,0.351243749515884,0,-0.490953367101651,0
660.398712991973,0.472470162769891,0,-0.490953367101651,0
660.49871279709,0.599001923241095,1,1.18651771007779,0.310656633810665
660.598712602206,0.630482306375839,0,-0.490953367101651,0
660.698712407323,0.534676699748166,0,-0.490953367101651,0
660.79871221244,0.483112235341745,0,-0.490953367101651,0
660.898712017557,0.485175722692534,0,-0.490953367101651,0
660.998711822674,0.525696644421554,0,-0.490953367101651,0
661.098711627791,0.225299002923504,0,-0.490953367101651,0
661.198711432908,0.168238363505122,0,-0.490953367101651,0
661.298711238025,0.339362245111128,0,-0.490953367101651,0
661.398711043142,0.0603792360750905,0,-0.490953367101651,0
661.498710848258,0.255217279263982,0,-0.490953367101651,0
661.598710653375,0.223370398523304,0,-0.490953367101651,0
661.698710458492,0.43671807227539,0,0.368760372607759,0.159213342067258
661.798710263609,0.198433708457481,0,-0.490953367101651,0
661.898710068726,0.405290333116518,0,0.201348247344173,0.128209715238161
661.998709873843,0.635114000345697,0,0.354169287286925,0.156511168830963
662.09870967896,0.408517737514163,0,-0.490953367101651,0
662.198709484077,0.55436189500072,0,-0.490953367101651,0
662.298709289194,0.122262363690819,0,-0.490953367101651,0
662.398709094311,0.127713202136755,0,-0.490953367101651,0
662.498708899427,0.461030132872738,0,-0.490953367101651,0
662.598708704544,0.305396197211119,0,-0.490953367101651,0
662.698708509661,0.167377838763496,0,-0.490953367101651,0
662.798708314778,0.0715565449538628,0,-0.490953367101651,0
662.898708119895,0.0145994019826213,0,-0.490953367101651,0
662.998707925012,0.191613034170115,0,-0.490953367101651,0
663.098707730129,0.447672789545102,0,0.472092048936404,0.17834969033041
663.198707535246,0.202214495427325,0,-0.490953367101651,0
663.298707340363,0.821359058440706,1,2.78842545377506,0.607319434202421
663.39870714548,0.976455153117712,0,-0.490953367101651,0
663.498706950596,0.59861180904963,0,-0.490953367101651,0
663.598706755713,0.419377803639659,0,-0.490953367101651,0
663.69870656083,0.85984102295536,1,2.43603830835314,0.542059647679608
663.798706365947,0.940935434547905,0,-0.490953367101651,0
663.898706171064,0.824722000108237,0,-0.490953367101651,0
663.998705976181,0.498421226781861,0,-0.490953367101651,0
664.098705781298,0.48881008160549,0,-0.490953367101651,0
664.198705586415,0.663664248420162,0,-0.490953367101651,0
664.298705391532,0.342319329142633,0,-0.490953367101651,0
664.398705196649,0.43699624261556,0,-0.490953367101651,0
664.498705001765,0.235196145742582,0,-0.490953367101651,0
664.598704806882,0.332414666499482,0,-0.490953367101651,0
664.698704611999,0.429391995355964,0,-0.490953367101651,0
664.798704417116,0.564632337921622,0,-0.490953367101651,0
664.898704222233,0.344986720967085,0,-0.490953367101651,0
664.99870402735,0.25964279028926,0,-0.490953367101651,0
665.098703832467,0.199470223818574,0,-0.490953367101651,0
665.198703637584,0.442922674251143,0,-0.490953367101651,0
665.298703442701,0.0977672485523517,0,-0.490953367101651,0
665.398703247817,0.276483431462221,0,-0.490953367101651,0
665.498703052934,0.176298191859815,0,-0.490953367101651,0
665.598702858051,-0.0293023470412599,0,-0.490953367101651,0
665.698702663168,0.260182231722695,0,-0.490953367101651,0
665.798702468285,0.126204172596409,0,-0.490953367101651,0
665.898702273402,-0.0234844716689854,0,-0.490953367101651,0
665.998702078519,0.173183895243729,0,-0.490953367101651,0
666.098701883636,0.440688822786521,1,1.14271871604802,0.302545347580645
666.198701688753,0.44589346637143,0,-0.17009901055201,0.0594201209816363
666.298701493869,0.783429276422164,1,0.790715005316701,0.237356570645949
666.398701298986,0.518925641252392,0,-0.490953367101651,0
666.498701104103,0.283238547091263,0,-0.490953367101651,0
666.59870090922,0.418905518448802,0,-0.490953367101651,0
666.698700714337,0.330031585377195,0,-0.490953367101651,0
666.798700519454,0.530443609358322,0,0.342257164253863,0.15430512182763
666.898700324571,0.348265758177554,0,-0.490953367101651,0
666.998700129688,0.799367565545432,1,1.31560187239343,0.334562173458282
667.098699934805,0.717252808445831,0,-0.490953367101651,0
667.198699739921,0.256643334948777,0,-0.490953367101651,0
667.298699545038,0.420077850707616,0,-0.490953367101651,0
667.398699350155,0.758995631733059,1,1.47555748160914,0.364184902454385
667.498699155272,0.955945808122885,0,1.16425476388673,0.30653368229364
667.598698960389,0.924054570542674,0,-0.0243488042469138,0.0864121025924809
667.698698765506,0.733695533310215,0,-0.490953367101651,0
667.798698570623,0.838631127159185,0,0.505502642498005,0.184537112975524
667.89869837574,1.05097603228762,0,1.32218132537714,0.335780644968188
667.998698180857,1.95151409285363,1,5.28666578684862,1.06997714728062
668.098697985974,1.80490507286113,0,-0.490953367101651,0
668.19869779109,1.1945249151251,0,-0.490953367101651,0
668.298697596207,1.35898904273793,0,0.575906241305824,0.197575397397434
668.398697401324,1.34353918374494,0,0.493815325922848,0.182372698652731
668.498697206441,1.09935217065195,0,-0.490953367101651,0
668.598697011558,1.35484867833527,0,1.71263653556859,0.408090387235617
668.698696816675,1.69260414241468,1,2.48423257815919,0.550984910136046
668.798696621792,1.79590444044755,0,1.86694788722636,0.436667836776733
668.898696426909,1.65248474705574,0,-0.490953367101651,0
668.998696232026,1.28196453276621,0,-0.490953367101651,0
669.098696037143,1.3981769218306,1,1.02051803068161,0.279914582685957
669.198695842259,1.14663498933227,0,-0.490953367101651,0
669.298695647376,1.31604606981091,0,1.29789812944809,0.331283556459118
669.398695452493,1.4985950019147,1,1.52852009186991,0.373993230267168
669.49869525761,1.24252645697883,0,-0.490953367101651,0
669.598695062727,1.03756986049718,0,-0.490953367101651,0
669.698694867844,1.21111201426396,1,1.51154045107993,0.370848712234703
669.798694672961,1.2141396270176,0,-0.490953367101651,0
669.898694478078,0.687819259174914,0,-0.490953367101651,0
669.998694283195,0.828179934427268,0,-0.490953367101651,0
670.098694088312,0.749164208901085,0,-0.490953367101651,0
670.198693893428,0.791432757638543,0,0.729993328507222,0.226111314633136
670.298693698545,1.10061227562489,0,1.80073322061882,0.424405315105254
670.398693503662,1.48751201578681,1,3.64994216402685,0.76686667458076
670.498693308779,1.4888659193738,0,-0.490953367101651,0
670.598693113896,1.04993852236566,0,-0.490953367101651,0
670.698692919013,1.10381895267714,0,-0.490953367101651,0
670.79869272413,0.924488962927857,0,-0.490953367101651,0
670.898692529247,0.797830806932702,0,-0.490953367101651,0
670.998692334364,1.05407489815254,0,-0.490953367101651,0
671.09869213948,0.615121270560883,0,-0.490953367101651,0
671.198691944597,0.389657570517233,0,-0.490953367101651,0
671.298691749714,0.504436988977551,0,-0.490953367101651,0
671.398691554831,0.358432499764045,0,-0.490953367101651,0
671.498691359948,0.624626066637247,1,1.14959410816834,0.303818625076324
671.598691165065,1.04408841991497,0,0.842562760098748,0.246958434541161
671.698690970182,0.625989025877709,0,-0.490953367101651,0
671.798690775299,0.296470337424952,0,-0.490953367101651,0
671.898690580416,0.44548848348158,0,-0.490953367101651,0
671.998690385532,0.684802024830867,1,0.859929560308732,0.250174651957182
672.098690190649,0.732126314722378,0,0.60112722245516,0.202246157574372
672.198689995766,0.748220949702217,0,-0.490953367101651,0
672.298689800883,0.586545023306685,0,-0.490953367101651,0
672.398689606,0.490502770604864,0,-0.490953367101651,0
672.498689411117,0.683613903928331,0,0.66124154480483,0.213378935527455
672.598689216234,0.561882240984017,0,-0.490953367101651,0
672.698689021351,0.349196802357289,0,-0.490953367101651,0
672.798688826468,0.530280487926781,0,-0.490953367101651,0
672.898688631584,0.281593523713682,0,-0.490953367101651,0
672.998688436701,0.391105581285515,0,-0.490953367101651,0
673.098688241818,0.341576903092135,0,-0.490953367101651,0
673.198688046935,0.421914710554085,0,0.35184393623995,0.156080529078952
673.298687852052,0.450189162390434,0,-0.0631614388755203,0.0792242573967712
673.398687657169,0.781675495835873,1,1.60066693399564,0.387354351910192
673.498687462286,0.97847630289284,0,0.638013896474179,0.209077327505771
673.598687267403,0.659853394565052,0,-0.490953367101651,0
673.69868707252,0.608708467207835,0,-0.490953367101651,0
673.798686877637,0.53602915582556,0,-0.490953367101651,0
673.898686682753,0.717075526235361,0,0.401225682872342,0.165225704449907
673.99868648787,0.508289279277665,0,-0.490953367101651,0
674.098686292987,0.40712096098802,0,-0.490953367101651,0
674.198686098104,0.439768481059599,0,-0.490953367101651,0
674.298685903221,0.603349134611797,0,0.37674279369124,0.160691634061194
674.398685708338,0.634894733111939,0,-0.490953367101651,0
674.498685513455,0.0991836023752423,0,-0.490953367101651,0
674.598685318572,0.331134531807669,0,-0.490953367101651,0
674.698685123689,0.873820681504005,1,2.3913567151493,0.533784909875281
674.798684928806,0.836317645805463,0,-0.490953367101651,0
674.898684733922,0.471822731413155,0,-0.490953367101651,0
674.998684539039,0.505209997512066,0,-0.490953367101651,0
675.098684344156,0.754202219802996,1,0.892595922796652,0.256224247892034
675.198684149273,0.576698327721498,0,-0.490953367101651,0
675.29868395439,0.842662895120634,1,0.865248259830354,0.251159640200565
675.398683759507,0.655480325702825,0,-0.490953367101651,0
675.498683564624,0.707127245641294,0,-0.490953367101651,0
675.598683369741,0.255408571625474,0,-0.490953367101651,0
675.698683174858,0.647630523671316,0,0.625662827893659,0.206789990667964
675.798682979975,0.481355406160571,0,-0.490953367101651,0
675.898682785091,0.499717429960209,0,-0.490953367101651,0
675.998682590208,0.603206113402069,0,-0.490953367101651,0
676.098682395325,0.220184468574618,0,-0.490953367101651,0
676.198682200442,0.824873457302136,1,2.17540979157046,0.49379295694482
676.298682005559,0.849633601873895,0,-0.490953367101651,0
676.398681810676,0.353752618101457,0,-0.490953367101651,0
676.498681615793,0.482831373839133,0,-0.490953367101651,0
676.59868142091,0.595919051918043,0,-0.490953367101651,0
676.698681226027,0.638212818789428,0,-0.490953367101651,0
676.798681031143,0.357711287098934,0,-0.490953367101651,0
676.89868083626,0.0128139465405266,0,-0.490953367101651,0
676.998680641377,0.150943184107103,0,-0.490953367101651,0
677.098680446494,0.473698842701213,0,0.702452029685613,0.221010846852147
677.198680251611,0.596107993476089,0,0.493782241885878,0.182366571706223
677.298680056728,0.647810891884463,0,0.226959963620251,0.132952836996075
677.398679861845,0.625615331382228,0,-0.123511278364426,0.0680478632152626
677.498679666962,0.776323375507438,0,0.340792455196038,0.154033867323391
677.598679472079,0.593445295766285,0,-0.490953367101651,0
677.698679277195,0.394235323261612,0,-0.490953367101651,0
677.798679082312,0.858568367070787,1,1.31871772128144,0.335139208222208
677.898678887429,0.612247816909529,0,-0.490953367101651,0
677.998678692546,0.530888573611429,0,-0.490953367101651,0
678.098678497663,0.93658829041314,1,1.49558057500572,0.367893047934615
678.19867830278,0.623549909780811,0,-0.490953367101651,0
678.298678107897,0.663763908300055,0,-0.490953367101651,0
678.398677913014,1.01167377901476,0,2.03482681426753,0.467757912231296
678.498677718131,1.47614051771179,1,3.29895974913749,0.701867034932963
678.598677523247,1.51700489892824,0,-0.490953367101651,0
678.698677328364,1.07460083014397,0,-0.490953367101651,0
678.798677133481,0.714980002616253,0,-0.490953367101651,0
678.898676938598,0.921606125094555,0,-0.490953367101651,0
678.998676743715,1.46216878023443,1,3.76035788351668,0.787314941142929
679.098676548832,1.13874323990827,0,-0.490953367101651,0
679.198676353949,1.16210575232314,0,-0.490953367101651,0
679.298676159066,0.884680206003067,0,-0.490953367101651,0
679.398675964183,1.00572551735679,0,0.87974200559318,0.253843786789583
679.4986757693,1.14127653242157,1,1.06785486921319,0.288681054497911
679.598675574416,0.966410456672531,0,-0.490953367101651,0
679.698675379533,1.09551448502289,1,1.65863588743912,0.398089821622467
679.79867518465,1.06375324515694,0,-0.490953367101651,0
679.898674989767,0.968031335695285,0,-0.490953367101651,0
679.998674794884,0.832033052385139,0,-0.490953367101651,0
680.098674600001,0.524227975724396,0,-0.490953367101651,0
680.198674405118,0.525967515192981,0,-0.490953367101651,0
680.298674210235,0.594243721927565,0,-0.490953367101651,0
680.398674015352,0.554011836813526,0,-0.490953367101651,0
680.498673820469,0.342207707354338,0,-0.490953367101651,0
680.598673625585,0.151128930781636,0,-0.490953367101651,0
680.698673430702,0.808129141467823,1,2.30599227781305,0.517975976349817
680.798673235819,0.945415453591317,0,0.29846420251038,0.146194952737439
680.898673040936,0.690751666094195,0,-0.490953367101651,0
680.998672846053,0.398627128616192,0,-0.490953367101651,0
681.09867265117,0.522814506645356,0,-0.490953367101651,0
681.198672456287,0.556361591689132,0,-0.490953367101651,0
681.298672261404,0.430709162265541,0,-0.490953367101651,0
681.398672066521,0.588160485369813,1,0.869823437043645,0.252006932992378
681.498671871637,0.679052965840024,0,-0.490953367101651,0
681.598671676754,0.512120357578383,0,-0.490953367101651,0
681.698671481871,0.121019870894103,0,-0.490953367101651,0
681.798671286988,0.361342166473304,0,-0.490953367101651,0
681.898671092105,0.71051516036277,1,1.65898591328234,0.398154644111319
681.998670897222,1.1025078882218,0,1.56616430654732,0.380964691756563
682.098670702339,0.877571993144151,0,-0.490953367101651,0
682.198670507456,0.507312817797043,0,-0.490953367101651,0
682.298670312573,0.786139280876634,0,0.435801691334391,0.17162895428566
682.39867011769,0.992290637757737,0,0.705586132421391,0.221591262108874
682.498669922806,0.640724043880659,0,-0.490953367101651,0
682.598669727923,0.776881963229419,0,0.190827765039289,0.126261390963984
682.69866953304,0.713623263112373,0,0.375670420933148,0.16049303766466
682.798669338157,0.97025476286441,0,-0.490953367101651,0
682.898669143274,0.576330135883643,0,-0.490953367101651,0
682.998668948391,0.276430074672196,0,-0.490953367101651,0
683.098668753508,0.542819103691522,0,-0.490953367101651,0
683.198668558625,0.510119595623103,0,-0.490953367101651,0
683.298668363742,0.229406528724325,0,-0.490953367101651,0
683.398668168858,1.0555128242732,1,3.50546080000038,0.740109674232172
683.498667973975,0.886530528083475,0,-0.490953367101651,0
683.598667779092,0.872394680758668,0,0.123382688068831,0.113771005368797
683.698667584209,1.05772685284455,1,0.949448880227442,0.266753042467334
683.798667389326,0.798591832173874,0,-0.490953367101651,0
683.898667194443,0.883830241009983,0,0.33938428385489,0.153773083233208
683.99866699956,1.1694596692928,1,2.10660829154375,0.481051370702177
684.098666804677,1.12324605223189,0,-0.490953367101651,0
684.198666609794,0.952625178344059,0,-0.490953367101651,0
684.29866641491,0.66049695778219,0,-0.490953367101651,0
684.398666220027,0.972952858791817,0,1.28896134359099,0.329628522372853
684.498666025144,1.34173519181814,1,1.59082554278722,0.385531790850025
684.598665830261,0.865849141972968,0,-0.490953367101651,0
684.698665635378,0.958949774044778,0,0.00128999029147303,0.0911602390668521
684.798665440495,0.92979538356767,0,0.131154172778517,0.115210233330737
684.898665245612,0.940955747516549,0,0.321460486000334,0.150453713509134
684.998665050729,1.01284482778984,0,0.626103911117698,0.206871676386111
685.098664855846,0.846313778492748,0,-0.490953367101651,0
685.198664660963,0.981709953010952,1,0.903565004218936,0.25825564977848
685.298664466079,0.842265390506704,0,-0.490953367101651,0
685.398664271196,1.0923648790356,1,2.30318014527203,0.517455187859983
685.498664076313,1.11566499075533,0,-0.490953367101651,0
685.59866388143,1.04516146034776,0,-0.490953367101651,0
685.698663686547,0.505283354056767,0,-0.490953367101651,0
685.798663491664,0.706625514128271,0,-0.490953367101651,0
685.898663296781,0.628035551844984,0,-0.490953367101651,0
685.998663101898,0.502157851680513,0,-0.490953367101651,0
686.098662907015,0.55452096612654,0,-0.490953367101651,0
686.198662712132,0.719688434194296,1,1.40811605645137,0.351695193150941
686.298662517248,0.847704161005036,0,0.916872067633088,0.260720030585031
686.398662322365,0.840399141591245,0,-0.490953367101651,0
686.498662127482,0.714627417958573,0,-0.490953367101651,0
686.598661932599,0.377135088863002,0,-0.490953367101651,0
686.698661737716,0.862356404853342,1,1.58664421230179,0.384757435887293
686.798661542833,1.12318842383113,0,1.39756494012885,0.349741195657756
686.89866134795,0.876315254003939,0,-0.490953367101651,0
686.998661153067,0.775054850815792,0,-0.490953367101651,0
687.098660958184,1.23065968137658,1,1.83484070703564,0.430721797733263
687.1986607633,0.840226519301652,0,-0.490953367101651,0
687.298660568417,0.693723297764902,0,-0.490953367101651,0
687.398660373534,0.7732628771728,0,-0.490953367101651,0
687.498660178651,0.803223333454302,0,-0.490953367101651,0
687.598659983768,0.409004962485542,0,-0.490953367101651,0
687.698659788885,0.278710841743686,0,-0.490953367101651,0
687.798659594002,0.293600824188222,0,-0.490953367101651,0
687.898659399119,0.186225761295808,0,-0.490953367101651,0
687.998659204236,0.263825249886458,0,-0.490953367101651,0
688.098659009353,-0.153470561525136,0,-0.490953367101651,0
688.198658814469,0.147599720906428,0,-0.490953367101651,0
688.298658619586,0.476060548812469,0,-0.490953367101651,0
688.398658424703,0.26977222685024,0,-0.490953367101651,0
688.49865822982,0.235550627738714,0,-0.490953367101651,0
688.598658034937,0.341783554076797,0,-0.490953367101651,0
688.698657840054,0.493313287557093,0,-0.490953367101651,0
688.798657645171,0.296041782434544,0,-0.490953367101651,0
688.898657450288,0.167267915758176,0,-0.490953367101651,0
688.998657255405,0.541181094982586,0,-0.490953367101651,0
689.098657060521,0.438240277942089,0,-0.490953367101651,0
689.198656865638,-0.0631090195078635,0,-0.490953367101651,0
689.298656670755,0.193993512190385,0,-0.490953367101651,0
689.398656475872,0.0867891608482709,0,-0.490953367101651,0
689.498656280989,0.00829017063201325,0,-0.490953367101651,0
689.598656086106,0.248859987375329,0,-0.490953367101651,0
689.698655891223,0.213763284681463,0,-0.490953367101651,0
689.79865569634,0.0564850471861044,0,-0.490953367101651,0
689.898655501457,0.142168797407973,0,-0.490953367101651,0
689.998655306573,0.0813221388168619,0,-0.490953367101651,0
690.09865511169,-0.14972877025833,0,-0.490953367101651,0
690.198654916807,-0.0778578011784266,0,-0.490953367101651,0
690.298654721924,0.800568592749777,1,3.88412985136875,0.810236697241221
690.398654527041,0.843144679251492,0,-0.490953367101651,0
690.498654332158,0.768372846486652,0,-0.490953367101651,0
690.598654137275,0.574615326847213,0,-0.490953367101651,0
690.698653942392,0.51567154437344,0,-0.490953367101651,0
690.798653747509,0.454378084556986,0,-0.490953367101651,0
690.898653552626,0.418988012728798,0,-0.490953367101651,0
690.998653357742,0.255349291934003,0,-0.490953367101651,0
691.098653162859,0.7034125300093,0,-0.490953367101651,0
691.198652967976,0.277314357876574,0,-0.490953367101651,0
691.298652773093,0.0511736630836714,0,-0.490953367101651,0
691.39865257821,0.789139638709765,1,2.51108237244517,0.555957315815564
691.498652383327,0.766862219617753,0,-0.490953367101651,0
691.598652188444,0.479960522896368,0,-0.490953367101651,0
691.698651993561,0.464267608883481,0,-0.490953367101651,0
691.798651798678,0.866259738894943,1,1.84259976534962,0.432158724408276
691.898651603795,1.14400319609548,0,1.70126832355201,0.405985068982707
691.998651408911,1.18176871705683,0,0.666319555804666,0.214319349836306
692.098651214028,1.34800304953979,1,1.05163543511568,0.285677321755454
692.198651019145,1.00619486603483,0,-0.490953367101651,0
692.298650824262,1.11255562558445,0,0.543456053384292,0.191565835573467
692.398650629379,1.12556104193721,0,-0.490953367101651,0
692.498650434496,0.523605824461671,0,-0.490953367101651,0
692.598650239613,0.732142746305839,0,-0.490953367101651,0
692.69865004473,0.707103835871992,0,0.166872744400192,0.121825078364711
692.798649849847,0.789743626559081,0,0.0316454789260055,0.0967818763309282
692.898649654963,0.603008954391088,0,-0.490953367101651,0
692.99864946008,0.394662239596639,0,-0.490953367101651,0
693.098649265197,0.888981066666985,1,2.07506654549229,0.475210046350203
693.198649070314,0.849362549421839,0,-0.490953367101651,0
693.298648875431,0.557719196367577,0,-0.490953367101651,0
693.398648680548,0.644789951549785,0,-0.490953367101651,0
693.498648485665,0.672335360128531,0,-0.490953367101651,0
693.598648290782,0.310515638300538,0,-0.490953367101651,0
693.698648095899,0.802559453865189,1,1.56426188995949,0.380612376690556
693.798647901016,0.605731996521979,0,-0.490953367101651,0
693.898647706132,0.701934520898824,0,0.264989287434676,0.139995618170073
693.998647511249,0.871198229082197,1,1.32758193245553,0.336780801953504
694.098647316366,0.96595414303971,0,-0.490953367101651,0
694.198647121483,0.627586127034898,0,-0.490953367101651,0
694.2986469266,0.528837251761216,0,-0.490953367101651,0
694.398646731717,0.776319256891526,0,-0.490953367101651,0
694.498646536834,0.35109949221463,0,-0.490953367101651,0
694.598646341951,0.146743200906092,0,-0.490953367101651,0
694.698646147068,0.406817337896596,0,-0.490953367101651,0
694.798645952184,0.453839859625671,0,-0.490953367101651,0
694.898645757301,0.0440527514285948,0,-0.490953367101651,0
694.998645562418,0.0456315485012995,0,-0.490953367101651,0
695.098645367535,0.26377830933249,0,-0.490953367101651,0
695.198645172652,0.782864086102153,1,2.59996365496341,0.572417545986754
695.298644977769,0.752108206299382,0,-0.490953367101651,0
695.398644782886,0.450751422504898,0,-0.490953367101651,0
695.498644588003,0.626652251593167,0,-0.490953367101651,0
695.59864439312,0.313868767468326,0,-0.490953367101651,0
695.698644198236,0.771449475420138,1,1.89265731517579,0.441429054095243
695.798644003353,0.854493442366348,0,-0.490953367101651,0
695.89864380847,0.518015479240218,0,-0.490953367101651,0
695.998643613587,0.54367394074859,0,-0.490953367101651,0
696.098643418704,0.271851292928789,0,-0.490953367101651,0
696.198643223821,0.506648956714665,0,-0.490953367101651,0
696.298643028938,0.37662178414749,0,-0.490953367101651,0
696.398642834055,0.478913810368383,0,0.41625248595677,0.16800856975629
696.498642639172,0.656648954895998,0,-0.0907315478633188,0.0741184541620926
696.598642444289,0.336720363794413,0,-0.490953367101651,0
696.698642249405,0.247409650841678,0,-0.490953367101651,0
696.798642054522,0.742359535440025,1,1.03655617777788,0.282884742265619
696.898641859639,0.540632336432988,0,-0.490953367101651,0
696.998641664756,0.266608213188862,0,-0.490953367101651,0
697.098641469873,0.493362555987412,0,-0.00759209063642459,0.0895153359744339
697.19864127499,0.757057747391636,1,1.27516227938151,0.327073026248137
697.298641080107,0.913496866037834,0,0.143349960677724,0.117468813205513
697.398640885224,0.475133750122143,0,-0.490953367101651,0
697.498640690341,0.777636228972562,0,0.449015363983533,0.174076039735479
697.598640495458,0.75789748040269,0,-0.490953367101651,0
697.698640300574,0.331689159004639,0,-0.490953367101651,0
697.798640105691,0.991589719687243,1,1.39573990568198,0.349403211256375
697.898639910808,0.632940303335812,0,-0.490953367101651,0
697.998639715925,0.665117734109639,0,-0.490953367101651,0
698.098639521042,0.801342716151527,0,-0.490953367101651,0
698.198639326159,0.344022386653975,0,-0.490953367101651,0
698.298639131276,0.24171380347072,0,-0.490953367101651,0
698.398638936393,0.301932060887922,0,-0.490953367101651,0
698.49863874151,0.00921134966068786,0,-0.490953367101651,0
698.598638546626,0.0287980665537482,0,-0.490953367101651,0
698.698638351743,-0.0380229159808562,0,-0.490953367101651,0
698.79863815686,0.303820815694993,0,-0.490953367101651,0
698.898637961977,0.173015338982573,0,-0.490953367101651,0
698.998637767094,0.261566840357062,0,-0.490953367101651,0
699.098637572211,-0.0496791364179593,0,-0.490953367101651,0
699.198637377328,0.602456406137951,0,1.8080632876053,0.425762795401996
699.298637182445,1.27189272816907,0,3.56853465530001,0.751790538263395
699.398636987562,2.16420376987484,1,5.40078175578963,1.09111067575544
699.498636792679,2.30670890312493,0,2.60877039898892,0.574048497179307
699.598636597795,2.04482742794787,0,-0.490953367101651,0
699.698636402912,1.6096541560964,0,-0.490953367101651,0
699.798636208029,1.51513243263147,0,-0.490953367101651,0
699.898636013146,1.19670447547541,0,-0.490953367101651,0
699.998635818263,1.74910517118172,1,3.77280102541256,0.789619329354439
700.09863562338,1.63996399135074,0,-0.490953367101651,0
700.198635428497,1.14148558225747,0,-0.490953367101651,0
700.298635233614,1.28582574198481,1,1.54328647605733,0.376727867703022
700.398635038731,1.26908535335132,0,-0.490953367101651,0
700.498634843847,0.851135998291837,0,-0.490953367101651,0
700.598634648964,0.964762309078261,0,-0.490953367101651,0
700.698634454081,0.902834139075194,0,-0.490953367101651,0
700.798634259198,0.824158530527517,0,-0.490953367101651,0
700.898634064315,0.663525593032737,0,-0.490953367101651,0
700.998633869432,0.403950674304933,0,-0.490953367101651,0
701.098633674549,0.710688890187343,1,1.17944799032829,0.309347368113483
701.198633479666,0.720017596546693,0,-0.490953367101651,0
701.298633284783,0.548830752276609,0,-0.490953367101651,0
701.398633089899,0.453868712959999,0,-0.490953367101651,0
701.498632895016,0.308234881147631,0,-0.490953367101651,0
701.598632700133,0.245543849867978,0,-0.490953367101651,0
701.69863250525,0.355277941554132,0,-0.490953367101651,0
701.798632310367,0.582012067891369,0,0.348223455920622,0.155410039885975
701.898632115484,0.47435153666421,0,-0.490953367101651,0
701.998631920601,0.0397649453211813,0,-0.490953367101651,0
702.098631725718,0.288412978968695,0,-0.490953367101651,0
702.198631530835,0.452055246430888,0,0.471022566534684,0.178151629208905
702.298631335952,0.6419737423411,0,0.399390833309031,0.164885902353381
702.398631141068,0.517966690595579,0,-0.490953367101651,0
702.498630946185,0.309785062393305,0,-0.490953367101651,0
702.598630751302,0.316546415973941,0,-0.490953367101651,0
702.698630556419,0.302161900987709,0,-0.490953367101651,0
702.798630361536,0.343648322995642,0,-0.490953367101651,0
702.898630166653,0.251526779954252,0,-0.490953367101651,0
702.99862997177,0.64974149203704,0,0.533923200062468,0.189800413704884
703.098629776887,0.38125926852366,0,-0.490953367101651,0
703.198629582004,0.270140191325931,0,-0.490953367101651,0
703.298629387121,0.00456564858453463,0,-0.490953367101651,0
703.398629192237,0.253058048229413,0,-0.490953367101651,0
703.498628997354,0.6757266812272,1,1.83165427849553,0.430131692081002
703.598628802471,0.717074451366035,0,0.274282802900496,0.141716716238561
703.698628607588,0.618320344925004,0,-0.490953367101651,0
703.798628412705,0.411666468791644,0,-0.490953367101651,0
703.898628217822,0.626403406667966,0,-0.490953367101651,0
703.998628022939,0.535211531325605,0,-0.490953367101651,0
704.098627828056,0.192881248804311,0,-0.490953367101651,0
704.198627633173,0.701082850483845,1,0.803289756492362,0.239685332032289
704.298627438289,0.516108663671324,0,-0.490953367101651,0
704.398627243406,0.199033330857973,0,-0.490953367101651,0
704.498627048523,0.272608598634499,0,-0.490953367101651,0
704.59862685364,0.388373510565475,0,-0.490953367101651,0
704.698626658757,0.31239043406554,0,-0.490953367101651,0
704.798626463874,0.513007811962471,1,1.03096305582753,0.281848932789541
704.898626268991,0.448737878894626,0,-0.490953367101651,0
704.998626074108,0.466319614073752,0,-0.490953367101651,0
705.098625879225,0.43689090484464,0,-0.490953367101651,0
705.198625684342,0.277369745542931,0,-0.490953367101651,0
705.298625489458,0.514643975719903,1,1.27527197556313,0.327093341261009
705.398625294575,0.646183346191822,0,-0.490953367101651,0
705.498625099692,0.547860023453108,0,-0.490953367101651,0
705.598624904809,0.347530188032908,0,-0.490953367101651,0
705.698624709926,0.373194551921025,0,-0.490953367101651,0
705.798624515043,0.277105415415319,0,-0.490953367101651,0
705.89862432016,0.441086719826353,0,-0.490953367101651,0
705.998624125277,0.294525345356357,0,-0.490953367101651,0
706.098623930394,-0.0962689893047614,0,-0.490953367101651,0
706.19862373551,0.216812129675178,0,-0.490953367101651,0
706.298623540627,0.489223851479772,1,1.21047561332835,0.315093480250661
706.398623345744,0.425251027494503,0,-0.490953367101651,0
706.498623150861,0.647885667953499,0,-0.490953367101651,0
706.598622955978,0.147832268046022,0,-0.490953367101651,0
706.698622761095,0.277476435513463,0,-0.490953367101651,0
706.798622566212,0.368578100930511,0,-0.00164391866736628,0.0906168983836896
706.898622371329,0.846828756930495,1,2.31650465581455,0.519922799760199
706.998622176446,0.940528053213325,0,0.844237572223308,0.247268598754398
707.098621981562,0.889017755576829,0,-0.490953367101651,0
707.198621786679,0.631362740119147,0,-0.490953367101651,0
707.298621591796,0.651589277813523,0,-0.490953367101651,0
707.398621396913,0.509167791088259,0,-0.490953367101651,0
707.49862120203,0.769744764084177,0,1.22379266836512,0.317559711440142
707.598621007147,0.978899183325976,1,1.30682640006274,0.332937013578366
707.698620812264,0.856117202731905,0,-0.490953367101651,0
707.798620617381,0.959640549431858,0,0.152702027919946,0.119200754678701
707.898620422498,0.564436733789048,0,-0.490953367101651,0
707.998620227615,0.790084883415865,0,0.745918386678174,0.22906053088606
708.098620032731,1.02419772307822,0,-0.490953367101651,0
708.198619837848,0.519479533090204,0,-0.490953367101651,0
708.298619642965,0.422968702612375,0,-0.490953367101651,0
708.398619448082,0.29375900880252,0,-0.490953367101651,0
708.498619253199,0.60344149893547,0,0.653320904027916,0.211912084840815
708.598619058316,0.616370105018922,0,-0.490953367101651,0
708.698618863433,0.380179996934322,0,-0.490953367101651,0
708.79861866855,0.393577873975289,0,-0.490953367101651,0
708.898618473667,0.486050872897249,0,0.215772237203866,0.130880943491745
708.998618278784,0.53074411455818,0,0.0857368450960719,0.106799242329791
709.0986180839,0.797761859221674,1,1.70341777963334,0.406383134141524
709.198617889017,0.856919485499878,0,-0.490953367101651,0
709.298617694134,0.447791730518646,0,-0.490953367101651,0
709.398617499251,0.637297319382777,0,-0.490953367101651,0
709.498617304368,0.524311234782008,0,-0.490953367101651,0
709.598617109485,0.470015099523169,0,-0.490953367101651,0
709.698616914602,0.510205197571445,0,0.300865943657059,0.146639739434547
709.798616719719,0.61388631938184,0,0.426944485593936,0.169988657914693
709.898616524836,0.668504899415571,0,0.259402479098644,0.138960977933929
709.998616329952,0.65267856059919,0,-0.0696818835758727,0.078016713833656
710.098616135069,0.772013814700355,0,0.00194631876816174,0.0912817867930788
710.198615940186,0.443011777134411,0,-0.490953367101651,0
710.298615745303,0.45550758841571,0,-0.490953367101651,0
710.39861555042,0.616887902020065,1,0.809316828911029,0.240801506286968
710.498615355537,0.592662309245193,0,-0.490953367101651,0
710.598615160654,0.507043786137068,0,-0.490953367101651,0
710.698614965771,0.471203912551271,0,-0.490953367101651,0
710.798614770888,0.700957535423153,1,1.13859301469754,0.301781294768597
710.898614576005,0.645758360137871,0,-0.490953367101651,0
710.998614381121,0.415852022089593,0,-0.490953367101651,0
711.098614186238,0.421600007946204,0,-0.490953367101651,0
711.198613991355,1.18021153565813,1,2.89281001776473,0.626650770350017
711.298613796472,0.640784275632623,0,-0.490953367101651,0
711.398613601589,0.654607858953856,0,-0.490953367101651,0
711.498613406706,0.795545143430002,0,-0.490953367101651,0
711.598613211823,0.475121900171494,0,-0.490953367101651,0
711.69861301694,0.889822556204379,1,1.39004922382785,0.348349334326429
711.798612822057,0.609403734119914,0,-0.490953367101651,0
711.898612627173,1.16508453431705,1,2.38938265085255,0.533419326123825
711.99861243229,0.984542624085548,0,-0.490953367101651,0
712.098612237407,0.802751268673705,0,-0.490953367101651,0
712.198612042524,0.608559677254207,0,-0.490953367101651,0
712.298611847641,0.899509976950277,1,1.6756529395697,0.40124126798967
712.398611652758,1.00412588714392,0,-0.490953367101651,0
712.498611457875,0.894669552543713,0,-0.490953367101651,0
712.598611262992,0.304208155950588,0,-0.490953367101651,0
712.698611068109,0.361294630410683,0,-0.490953367101651,0
712.798610873225,0.64317132221992,0,-0.490953367101651,0
712.898610678342,0.349448683892759,0,-0.490953367101651,0
712.998610483459,0.467782110676515,0,-0.490953367101651,0
713.098610288576,0.50384912335217,0,-0.490953367101651,0
713.198610093693,0.198777317738635,0,-0.490953367101651,0
713.29860989881,0.488980471965525,1,0.759215848346998,0.231523133512395
713.398609703927,0.515679574656017,0,-0.121766351900536,0.0683710121439647
713.498609509044,0.405740908799815,0,-0.490953367101651,0
713.598609314161,1.05388311045319,0,3.15558416694947,0.67531481812332
713.698609119278,1.98777930080027,1,5.42056303199824,1.09477403827957
713.798608924394,2.33100579915663,0,2.62501712581305,0.577057284355604
713.898608729511,1.74926880956586,0,-0.490953367101651,0
713.998608534628,1.50588865821304,0,-0.490953367101651,0
714.098608339745,1.42131466497792,0,-0.490953367101651,0
714.198608144862,1.45925520921312,1,1.34071099196962,0.33921221760605
714.298607949979,1.21269789627015,0,-0.490953367101651,0
714.398607755096,1.17188694587006,0,0.266176202768246,0.140215427099813
714.498607560213,1.13588397394452,0,0.294177637323767,0.145401108998731
714.59860736533,1.34403047147322,1,0.988773744581252,0.274035749246253
714.698607170447,0.976004427064987,0,-0.490953367101651,0
714.798606975563,0.803647417456742,0,-0.490953367101651,0
714.89860678068,1.25752051784274,1,2.23712007179215,0.505221295821111
714.998606585797,1.48231133721289,0,1.22743893186294,0.318234975508555
715.098606390914,1.08001425302752,0,-0.490953367101651,0
715.198606196031,0.746152459657687,0,-0.490953367101651,0
715.298606001148,0.735304483807683,0,-0.490953367101651,0
715.398605806265,0.691143947561523,0,-0.490953367101651,0
715.498605611382,0.674115795210475,0,-0.490953367101651,0
715.598605416499,0.669702103589662,0,-0.490953367101651,0
715.698605221615,0.595401083730064,0,-0.490953367101651,0
715.798605026732,0.463458234590273,0,-0.490953367101651,0
715.898604831849,0.490740492065759,0,-0.490953367101651,0
715.998604636966,0.531346051734995,0,-0.490953367101651,0
716.098604442083,0.344931487969017,0,-0.490953367101651,0
716.1986042472,0.308921642827318,0,-0.490953367101651,0
716.298604052317,0.78213955439144,1,2.68598113896353,0.588347419468252
716.398603857434,0.770241799036275,0,-0.490953367101651,0
716.498603662551,0.575731630617331,0,-0.490953367101651,0
716.598603467668,0.772651166439307,1,0.876437501163809,0.253231814257593
716.698603272784,0.706305892665285,0,-0.244651168817987,0.0456135505761599
716.798603077901,0.760374167542705,0,0.343237314314937,0.154486639185959
716.898602883018,1.13143448613479,1,2.10570244873694,0.480883614559638
716.998602688135,1.18275772063277,0,0.903465128348194,0.25823715342273
717.098602493252,1.16416054785168,0,-0.490953367101651,0
717.198602298369,0.721478626067736,0,-0.490953367101651,0
717.298602103486,0.540641459167814,0,-0.490953367101651,0
717.398601908603,0.737604334708217,0,-0.490953367101651,0
717.49860171372,0.730369558327271,0,-0.490953367101651,0
717.598601518836,0.519696724549021,0,-0.490953367101651,0
717.698601323953,0.569588347291851,0,0.348560758176011,0.15547250604987
717.79860112907,0.838814941803387,0,0.527099027911462,0.18853662181135
717.898600934187,0.510921279428415,0,-0.490953367101651,0
717.998600739304,0.251560661381274,0,-0.490953367101651,0
718.098600544421,0.515951227191114,0,-0.490953367101651,0
718.198600349538,0.551980748670001,0,-0.490953367101651,0
718.298600154655,0.232010819631745,0,-0.490953367101651,0
718.398599959772,0.403495865045929,0,0.0433572882564807,0.0989508265512535
718.498599764888,0.430502476787188,0,0.0151669435680471,0.093730159735587
718.598599570005,0.59834851869903,0,-0.490953367101651,0
718.698599375122,0.190971782124274,0,-0.490953367101651,0
718.798599180239,0.233056455272492,0,-0.490953367101651,0
718.898598985356,0.858002220325197,1,2.52836741820405,0.559158392843816
718.998598790473,0.63169666972805,0,-0.490953367101651,0
719.09859859559,0.586751100128603,0,-0.490953367101651,0
719.198598400707,0.619897920478653,0,-0.490953367101651,0
719.298598205824,0.301579806250572,0,-0.490953367101651,0
719.398598010941,0.565533133977225,0,-0.490953367101651,0
719.498597816057,0.405333218316744,0,-0.490953367101651,0
719.598597621174,0.25408759507236,0,-0.490953367101651,0
719.698597426291,0.387982055566518,0,-0.490953367101651,0
